

================================================================
== Vitis HLS Report for 'matrix_mult'
================================================================
* Date:           Tue Oct  6 19:32:12 2026

* Version:        2026.1 (Build 6493734 on Jun 16 2026)
* Project:        matrix_mult
* Solution:       hls
* Product family: zynq
* Target device:  xc7z020-clg484-1


================================================================
== Performance Estimates
================================================================
+ Timing: 
    * Summary: 
    +--------+---------+----------+------------+
    |  Clock |  Target | Estimated| Uncertainty|
    +--------+---------+----------+------------+
    |ap_clk  |  5.00 ns|  5.415 ns|     1.35 ns|
    +--------+---------+----------+------------+

+ Latency: 
    * Summary: 
    +---------+---------+----------+----------+-----+-----+---------+
    |  Latency (cycles) |  Latency (absolute) |  Interval | Pipeline|
    |   min   |   max   |    min   |    max   | min | max |   Type  |
    +---------+---------+----------+----------+-----+-----+---------+
    |       27|       27|  0.146 us|  0.146 us|   13|   13|      yes|
    +---------+---------+----------+----------+-----+-----+---------+

    + Detail: 
        * Instance: 
        N/A

        * Loop: 
        N/A

============================================================
+ Verbose Summary: Synthesis Manager
============================================================
InlineROM: 1
ExposeGlobal: 0
============================================================
+ Verbose Summary: CDFG Model
============================================================
IsTopModel: 1
ResetActiveHigh: 1
IsCombinational: 0
IsDatapathOnly: 0
HasWiredReturn: 1
HasMFsm: 2
HasVarLatency: 0
IsPipeline: 1
IsRtlPipelined: 1
IsInstanceOverlapped: 0
IsDontTouch: 0
HasImplIP: 0
IsGatedGlobalClock: 0

+ Individual pipeline summary: 
  * Pipeline-0: initiation interval (II) = 13, depth = 28


============================================================
+ Verbose Summary: Schedule
============================================================
* Number of FSM states : 28
* Pipeline : 1
  Pipeline-0 : II = 13, D = 28, States = { 1 2 3 4 5 6 7 8 9 10 11 12 13 14 15 16 17 18 19 20 21 22 23 24 25 26 27 28 }
* Dataflow Pipeline: 0

* FSM state transitions: 
1 --> 2 
2 --> 3 
3 --> 4 
4 --> 5 
5 --> 6 
6 --> 7 
7 --> 8 
8 --> 9 
9 --> 10 
10 --> 11 
11 --> 12 
12 --> 13 
13 --> 14 
14 --> 15 
15 --> 16 
16 --> 17 
17 --> 18 
18 --> 19 
19 --> 20 
20 --> 21 
21 --> 22 
22 --> 23 
23 --> 24 
24 --> 25 
25 --> 26 
26 --> 27 
27 --> 28 
28 --> 

* FSM state operations: 

State 1 <SV = 0> <Delay = 0.00>
ST_1 : Operation 29 [1/1] (0.00ns)   --->   "%a_addr_3 = getelementptr i8 %a, i64 0, i64 3" [../source/tut3B_Function/matrix_mult.cpp:21]   --->   Operation 29 'getelementptr' 'a_addr_3' <Predicate = true> <Delay = 0.00>
ST_1 : Operation 30 [1/1] (0.00ns)   --->   "%a_addr_8 = getelementptr i8 %a, i64 0, i64 8" [../source/tut3B_Function/matrix_mult.cpp:21]   --->   Operation 30 'getelementptr' 'a_addr_8' <Predicate = true> <Delay = 0.00>
ST_1 : Operation 31 [1/1] (0.00ns)   --->   "%b_addr_3 = getelementptr i8 %b, i64 0, i64 15" [../source/tut3B_Function/matrix_mult.cpp:21]   --->   Operation 31 'getelementptr' 'b_addr_3' <Predicate = true> <Delay = 0.00>
ST_1 : Operation 32 [1/1] (0.00ns)   --->   "%b_addr_8 = getelementptr i8 %b, i64 0, i64 16" [../source/tut3B_Function/matrix_mult.cpp:21]   --->   Operation 32 'getelementptr' 'b_addr_8' <Predicate = true> <Delay = 0.00>
ST_1 : Operation 33 [2/2] (0.00ns)   --->   "%a_load_3 = load i5 %a_addr_3" [../source/tut3B_Function/matrix_mult.cpp:21]   --->   Operation 33 'load' 'a_load_3' <Predicate = true> <Delay = 0.00> <CoreInst = "RAM">   --->   Core 81 'RAM' <Latency = 1> <II = 1> <Delay = 2.32> <Storage> <Opcode : 'load' 'store'> <Ports = 2> <Width = 8> <Depth = 25> <RAM>
ST_1 : Operation 34 [2/2] (0.00ns)   --->   "%b_load_3 = load i5 %b_addr_3" [../source/tut3B_Function/matrix_mult.cpp:21]   --->   Operation 34 'load' 'b_load_3' <Predicate = true> <Delay = 0.00> <CoreInst = "RAM">   --->   Core 81 'RAM' <Latency = 1> <II = 1> <Delay = 2.32> <Storage> <Opcode : 'load' 'store'> <Ports = 2> <Width = 8> <Depth = 25> <RAM>
ST_1 : Operation 35 [2/2] (0.00ns)   --->   "%b_load_8 = load i5 %b_addr_8" [../source/tut3B_Function/matrix_mult.cpp:21]   --->   Operation 35 'load' 'b_load_8' <Predicate = true> <Delay = 0.00> <CoreInst = "RAM">   --->   Core 81 'RAM' <Latency = 1> <II = 1> <Delay = 2.32> <Storage> <Opcode : 'load' 'store'> <Ports = 2> <Width = 8> <Depth = 25> <RAM>
ST_1 : Operation 36 [2/2] (0.00ns)   --->   "%a_load_8 = load i5 %a_addr_8" [../source/tut3B_Function/matrix_mult.cpp:21]   --->   Operation 36 'load' 'a_load_8' <Predicate = true> <Delay = 0.00> <CoreInst = "RAM">   --->   Core 81 'RAM' <Latency = 1> <II = 1> <Delay = 2.32> <Storage> <Opcode : 'load' 'store'> <Ports = 2> <Width = 8> <Depth = 25> <RAM>

State 2 <SV = 1> <Delay = 5.41>
ST_2 : Operation 37 [1/1] (0.00ns)   --->   "%a_addr_13 = getelementptr i8 %a, i64 0, i64 13" [../source/tut3B_Function/matrix_mult.cpp:21]   --->   Operation 37 'getelementptr' 'a_addr_13' <Predicate = true> <Delay = 0.00>
ST_2 : Operation 38 [1/1] (0.00ns)   --->   "%a_addr_18 = getelementptr i8 %a, i64 0, i64 18" [../source/tut3B_Function/matrix_mult.cpp:21]   --->   Operation 38 'getelementptr' 'a_addr_18' <Predicate = true> <Delay = 0.00>
ST_2 : Operation 39 [1/1] (0.00ns)   --->   "%b_addr_13 = getelementptr i8 %b, i64 0, i64 17" [../source/tut3B_Function/matrix_mult.cpp:21]   --->   Operation 39 'getelementptr' 'b_addr_13' <Predicate = true> <Delay = 0.00>
ST_2 : Operation 40 [1/1] (0.00ns)   --->   "%b_addr_18 = getelementptr i8 %b, i64 0, i64 18" [../source/tut3B_Function/matrix_mult.cpp:21]   --->   Operation 40 'getelementptr' 'b_addr_18' <Predicate = true> <Delay = 0.00>
ST_2 : Operation 41 [1/2] ( I:0.00ns O:0.00ns )   --->   "%a_load_3 = load i5 %a_addr_3" [../source/tut3B_Function/matrix_mult.cpp:21]   --->   Operation 41 'load' 'a_load_3' <Predicate = true> <Delay = 0.00> <CoreInst = "RAM">   --->   Core 81 'RAM' <Latency = 1> <II = 1> <Delay = 2.32> <Storage> <Opcode : 'load' 'store'> <Ports = 2> <Width = 8> <Depth = 25> <RAM>
ST_2 : Operation 42 [1/1] (0.00ns)   --->   "%sext_ln21_6 = sext i8 %a_load_3" [../source/tut3B_Function/matrix_mult.cpp:21]   --->   Operation 42 'sext' 'sext_ln21_6' <Predicate = true> <Delay = 0.00>
ST_2 : Operation 43 [1/2] ( I:0.00ns O:0.00ns )   --->   "%b_load_3 = load i5 %b_addr_3" [../source/tut3B_Function/matrix_mult.cpp:21]   --->   Operation 43 'load' 'b_load_3' <Predicate = true> <Delay = 0.00> <CoreInst = "RAM">   --->   Core 81 'RAM' <Latency = 1> <II = 1> <Delay = 2.32> <Storage> <Opcode : 'load' 'store'> <Ports = 2> <Width = 8> <Depth = 25> <RAM>
ST_2 : Operation 44 [1/1] (0.00ns)   --->   "%sext_ln21_7 = sext i8 %b_load_3" [../source/tut3B_Function/matrix_mult.cpp:21]   --->   Operation 44 'sext' 'sext_ln21_7' <Predicate = true> <Delay = 0.00>
ST_2 : Operation 45 [5/5] (5.41ns)   --->   "%mul_ln21_3 = mul i16 %sext_ln21_7, i16 %sext_ln21_6" [../source/tut3B_Function/matrix_mult.cpp:21]   --->   Operation 45 'mul' 'mul_ln21_3' <Predicate = true> <Delay = 5.41> <CoreInst = "Multiplier">   --->   Core 3 'Multiplier' <Latency = 4> <II = 1> <Delay = 5.41> <FuncUnit> <Opcode : 'mul'> <InPorts = 2> <OutPorts = 1>
ST_2 : Operation 46 [1/2] ( I:0.00ns O:0.00ns )   --->   "%b_load_8 = load i5 %b_addr_8" [../source/tut3B_Function/matrix_mult.cpp:21]   --->   Operation 46 'load' 'b_load_8' <Predicate = true> <Delay = 0.00> <CoreInst = "RAM">   --->   Core 81 'RAM' <Latency = 1> <II = 1> <Delay = 2.32> <Storage> <Opcode : 'load' 'store'> <Ports = 2> <Width = 8> <Depth = 25> <RAM>
ST_2 : Operation 47 [1/1] (0.00ns)   --->   "%sext_ln21_13 = sext i8 %b_load_8" [../source/tut3B_Function/matrix_mult.cpp:21]   --->   Operation 47 'sext' 'sext_ln21_13' <Predicate = true> <Delay = 0.00>
ST_2 : Operation 48 [5/5] (5.41ns)   --->   "%mul_ln21_8 = mul i16 %sext_ln21_13, i16 %sext_ln21_6" [../source/tut3B_Function/matrix_mult.cpp:21]   --->   Operation 48 'mul' 'mul_ln21_8' <Predicate = true> <Delay = 5.41> <CoreInst = "Multiplier">   --->   Core 3 'Multiplier' <Latency = 4> <II = 1> <Delay = 5.41> <FuncUnit> <Opcode : 'mul'> <InPorts = 2> <OutPorts = 1>
ST_2 : Operation 49 [2/2] (0.00ns)   --->   "%b_load_13 = load i5 %b_addr_13" [../source/tut3B_Function/matrix_mult.cpp:21]   --->   Operation 49 'load' 'b_load_13' <Predicate = true> <Delay = 0.00> <CoreInst = "RAM">   --->   Core 81 'RAM' <Latency = 1> <II = 1> <Delay = 2.32> <Storage> <Opcode : 'load' 'store'> <Ports = 2> <Width = 8> <Depth = 25> <RAM>
ST_2 : Operation 50 [2/2] (0.00ns)   --->   "%b_load_18 = load i5 %b_addr_18" [../source/tut3B_Function/matrix_mult.cpp:21]   --->   Operation 50 'load' 'b_load_18' <Predicate = true> <Delay = 0.00> <CoreInst = "RAM">   --->   Core 81 'RAM' <Latency = 1> <II = 1> <Delay = 2.32> <Storage> <Opcode : 'load' 'store'> <Ports = 2> <Width = 8> <Depth = 25> <RAM>
ST_2 : Operation 51 [1/2] ( I:0.00ns O:0.00ns )   --->   "%a_load_8 = load i5 %a_addr_8" [../source/tut3B_Function/matrix_mult.cpp:21]   --->   Operation 51 'load' 'a_load_8' <Predicate = true> <Delay = 0.00> <CoreInst = "RAM">   --->   Core 81 'RAM' <Latency = 1> <II = 1> <Delay = 2.32> <Storage> <Opcode : 'load' 'store'> <Ports = 2> <Width = 8> <Depth = 25> <RAM>
ST_2 : Operation 52 [1/1] (0.00ns)   --->   "%sext_ln21_33 = sext i8 %a_load_8" [../source/tut3B_Function/matrix_mult.cpp:21]   --->   Operation 52 'sext' 'sext_ln21_33' <Predicate = true> <Delay = 0.00>
ST_2 : Operation 53 [5/5] (5.41ns)   --->   "%mul_ln21_28 = mul i16 %sext_ln21_33, i16 %sext_ln21_7" [../source/tut3B_Function/matrix_mult.cpp:21]   --->   Operation 53 'mul' 'mul_ln21_28' <Predicate = true> <Delay = 5.41> <CoreInst = "Multiplier">   --->   Core 3 'Multiplier' <Latency = 4> <II = 1> <Delay = 5.41> <FuncUnit> <Opcode : 'mul'> <InPorts = 2> <OutPorts = 1>
ST_2 : Operation 54 [5/5] (5.41ns)   --->   "%mul_ln21_33 = mul i16 %sext_ln21_33, i16 %sext_ln21_13" [../source/tut3B_Function/matrix_mult.cpp:21]   --->   Operation 54 'mul' 'mul_ln21_33' <Predicate = true> <Delay = 5.41> <CoreInst = "Multiplier">   --->   Core 3 'Multiplier' <Latency = 4> <II = 1> <Delay = 5.41> <FuncUnit> <Opcode : 'mul'> <InPorts = 2> <OutPorts = 1>
ST_2 : Operation 55 [2/2] (0.00ns)   --->   "%a_load_13 = load i5 %a_addr_13" [../source/tut3B_Function/matrix_mult.cpp:21]   --->   Operation 55 'load' 'a_load_13' <Predicate = true> <Delay = 0.00> <CoreInst = "RAM">   --->   Core 81 'RAM' <Latency = 1> <II = 1> <Delay = 2.32> <Storage> <Opcode : 'load' 'store'> <Ports = 2> <Width = 8> <Depth = 25> <RAM>
ST_2 : Operation 56 [2/2] (0.00ns)   --->   "%a_load_18 = load i5 %a_addr_18" [../source/tut3B_Function/matrix_mult.cpp:21]   --->   Operation 56 'load' 'a_load_18' <Predicate = true> <Delay = 0.00> <CoreInst = "RAM">   --->   Core 81 'RAM' <Latency = 1> <II = 1> <Delay = 2.32> <Storage> <Opcode : 'load' 'store'> <Ports = 2> <Width = 8> <Depth = 25> <RAM>

State 3 <SV = 2> <Delay = 5.41>
ST_3 : Operation 57 [1/1] (0.00ns)   --->   "%a_addr_1 = getelementptr i8 %a, i64 0, i64 1" [../source/tut3B_Function/matrix_mult.cpp:21]   --->   Operation 57 'getelementptr' 'a_addr_1' <Predicate = true> <Delay = 0.00>
ST_3 : Operation 58 [1/1] (0.00ns)   --->   "%a_addr_23 = getelementptr i8 %a, i64 0, i64 23" [../source/tut3B_Function/matrix_mult.cpp:21]   --->   Operation 58 'getelementptr' 'a_addr_23' <Predicate = true> <Delay = 0.00>
ST_3 : Operation 59 [1/1] (0.00ns)   --->   "%b_addr_1 = getelementptr i8 %b, i64 0, i64 5" [../source/tut3B_Function/matrix_mult.cpp:21]   --->   Operation 59 'getelementptr' 'b_addr_1' <Predicate = true> <Delay = 0.00>
ST_3 : Operation 60 [1/1] (0.00ns)   --->   "%b_addr_23 = getelementptr i8 %b, i64 0, i64 19" [../source/tut3B_Function/matrix_mult.cpp:21]   --->   Operation 60 'getelementptr' 'b_addr_23' <Predicate = true> <Delay = 0.00>
ST_3 : Operation 61 [2/2] (0.00ns)   --->   "%a_load_1 = load i5 %a_addr_1" [../source/tut3B_Function/matrix_mult.cpp:21]   --->   Operation 61 'load' 'a_load_1' <Predicate = true> <Delay = 0.00> <CoreInst = "RAM">   --->   Core 81 'RAM' <Latency = 1> <II = 1> <Delay = 2.32> <Storage> <Opcode : 'load' 'store'> <Ports = 2> <Width = 8> <Depth = 25> <RAM>
ST_3 : Operation 62 [2/2] (0.00ns)   --->   "%b_load_1 = load i5 %b_addr_1" [../source/tut3B_Function/matrix_mult.cpp:21]   --->   Operation 62 'load' 'b_load_1' <Predicate = true> <Delay = 0.00> <CoreInst = "RAM">   --->   Core 81 'RAM' <Latency = 1> <II = 1> <Delay = 2.32> <Storage> <Opcode : 'load' 'store'> <Ports = 2> <Width = 8> <Depth = 25> <RAM>
ST_3 : Operation 63 [4/5] (5.41ns)   --->   "%mul_ln21_3 = mul i16 %sext_ln21_7, i16 %sext_ln21_6" [../source/tut3B_Function/matrix_mult.cpp:21]   --->   Operation 63 'mul' 'mul_ln21_3' <Predicate = true> <Delay = 5.41> <CoreInst = "Multiplier">   --->   Core 3 'Multiplier' <Latency = 4> <II = 1> <Delay = 5.41> <FuncUnit> <Opcode : 'mul'> <InPorts = 2> <OutPorts = 1>
ST_3 : Operation 64 [4/5] (5.41ns)   --->   "%mul_ln21_8 = mul i16 %sext_ln21_13, i16 %sext_ln21_6" [../source/tut3B_Function/matrix_mult.cpp:21]   --->   Operation 64 'mul' 'mul_ln21_8' <Predicate = true> <Delay = 5.41> <CoreInst = "Multiplier">   --->   Core 3 'Multiplier' <Latency = 4> <II = 1> <Delay = 5.41> <FuncUnit> <Opcode : 'mul'> <InPorts = 2> <OutPorts = 1>
ST_3 : Operation 65 [1/2] ( I:0.00ns O:0.00ns )   --->   "%b_load_13 = load i5 %b_addr_13" [../source/tut3B_Function/matrix_mult.cpp:21]   --->   Operation 65 'load' 'b_load_13' <Predicate = true> <Delay = 0.00> <CoreInst = "RAM">   --->   Core 81 'RAM' <Latency = 1> <II = 1> <Delay = 2.32> <Storage> <Opcode : 'load' 'store'> <Ports = 2> <Width = 8> <Depth = 25> <RAM>
ST_3 : Operation 66 [1/1] (0.00ns)   --->   "%sext_ln21_18 = sext i8 %b_load_13" [../source/tut3B_Function/matrix_mult.cpp:21]   --->   Operation 66 'sext' 'sext_ln21_18' <Predicate = true> <Delay = 0.00>
ST_3 : Operation 67 [5/5] (5.41ns)   --->   "%mul_ln21_13 = mul i16 %sext_ln21_18, i16 %sext_ln21_6" [../source/tut3B_Function/matrix_mult.cpp:21]   --->   Operation 67 'mul' 'mul_ln21_13' <Predicate = true> <Delay = 5.41> <CoreInst = "Multiplier">   --->   Core 3 'Multiplier' <Latency = 4> <II = 1> <Delay = 5.41> <FuncUnit> <Opcode : 'mul'> <InPorts = 2> <OutPorts = 1>
ST_3 : Operation 68 [1/2] ( I:0.00ns O:0.00ns )   --->   "%b_load_18 = load i5 %b_addr_18" [../source/tut3B_Function/matrix_mult.cpp:21]   --->   Operation 68 'load' 'b_load_18' <Predicate = true> <Delay = 0.00> <CoreInst = "RAM">   --->   Core 81 'RAM' <Latency = 1> <II = 1> <Delay = 2.32> <Storage> <Opcode : 'load' 'store'> <Ports = 2> <Width = 8> <Depth = 25> <RAM>
ST_3 : Operation 69 [1/1] (0.00ns)   --->   "%sext_ln21_23 = sext i8 %b_load_18" [../source/tut3B_Function/matrix_mult.cpp:21]   --->   Operation 69 'sext' 'sext_ln21_23' <Predicate = true> <Delay = 0.00>
ST_3 : Operation 70 [5/5] (5.41ns)   --->   "%mul_ln21_18 = mul i16 %sext_ln21_23, i16 %sext_ln21_6" [../source/tut3B_Function/matrix_mult.cpp:21]   --->   Operation 70 'mul' 'mul_ln21_18' <Predicate = true> <Delay = 5.41> <CoreInst = "Multiplier">   --->   Core 3 'Multiplier' <Latency = 4> <II = 1> <Delay = 5.41> <FuncUnit> <Opcode : 'mul'> <InPorts = 2> <OutPorts = 1>
ST_3 : Operation 71 [2/2] (0.00ns)   --->   "%b_load_23 = load i5 %b_addr_23" [../source/tut3B_Function/matrix_mult.cpp:21]   --->   Operation 71 'load' 'b_load_23' <Predicate = true> <Delay = 0.00> <CoreInst = "RAM">   --->   Core 81 'RAM' <Latency = 1> <II = 1> <Delay = 2.32> <Storage> <Opcode : 'load' 'store'> <Ports = 2> <Width = 8> <Depth = 25> <RAM>
ST_3 : Operation 72 [4/5] (5.41ns)   --->   "%mul_ln21_28 = mul i16 %sext_ln21_33, i16 %sext_ln21_7" [../source/tut3B_Function/matrix_mult.cpp:21]   --->   Operation 72 'mul' 'mul_ln21_28' <Predicate = true> <Delay = 5.41> <CoreInst = "Multiplier">   --->   Core 3 'Multiplier' <Latency = 4> <II = 1> <Delay = 5.41> <FuncUnit> <Opcode : 'mul'> <InPorts = 2> <OutPorts = 1>
ST_3 : Operation 73 [4/5] (5.41ns)   --->   "%mul_ln21_33 = mul i16 %sext_ln21_33, i16 %sext_ln21_13" [../source/tut3B_Function/matrix_mult.cpp:21]   --->   Operation 73 'mul' 'mul_ln21_33' <Predicate = true> <Delay = 5.41> <CoreInst = "Multiplier">   --->   Core 3 'Multiplier' <Latency = 4> <II = 1> <Delay = 5.41> <FuncUnit> <Opcode : 'mul'> <InPorts = 2> <OutPorts = 1>
ST_3 : Operation 74 [5/5] (5.41ns)   --->   "%mul_ln21_38 = mul i16 %sext_ln21_33, i16 %sext_ln21_18" [../source/tut3B_Function/matrix_mult.cpp:21]   --->   Operation 74 'mul' 'mul_ln21_38' <Predicate = true> <Delay = 5.41> <CoreInst = "Multiplier">   --->   Core 3 'Multiplier' <Latency = 4> <II = 1> <Delay = 5.41> <FuncUnit> <Opcode : 'mul'> <InPorts = 2> <OutPorts = 1>
ST_3 : Operation 75 [5/5] (5.41ns)   --->   "%mul_ln21_43 = mul i16 %sext_ln21_33, i16 %sext_ln21_23" [../source/tut3B_Function/matrix_mult.cpp:21]   --->   Operation 75 'mul' 'mul_ln21_43' <Predicate = true> <Delay = 5.41> <CoreInst = "Multiplier">   --->   Core 3 'Multiplier' <Latency = 4> <II = 1> <Delay = 5.41> <FuncUnit> <Opcode : 'mul'> <InPorts = 2> <OutPorts = 1>
ST_3 : Operation 76 [1/2] ( I:0.00ns O:0.00ns )   --->   "%a_load_13 = load i5 %a_addr_13" [../source/tut3B_Function/matrix_mult.cpp:21]   --->   Operation 76 'load' 'a_load_13' <Predicate = true> <Delay = 0.00> <CoreInst = "RAM">   --->   Core 81 'RAM' <Latency = 1> <II = 1> <Delay = 2.32> <Storage> <Opcode : 'load' 'store'> <Ports = 2> <Width = 8> <Depth = 25> <RAM>
ST_3 : Operation 77 [1/2] ( I:0.00ns O:0.00ns )   --->   "%a_load_18 = load i5 %a_addr_18" [../source/tut3B_Function/matrix_mult.cpp:21]   --->   Operation 77 'load' 'a_load_18' <Predicate = true> <Delay = 0.00> <CoreInst = "RAM">   --->   Core 81 'RAM' <Latency = 1> <II = 1> <Delay = 2.32> <Storage> <Opcode : 'load' 'store'> <Ports = 2> <Width = 8> <Depth = 25> <RAM>
ST_3 : Operation 78 [2/2] (0.00ns)   --->   "%a_load_23 = load i5 %a_addr_23" [../source/tut3B_Function/matrix_mult.cpp:21]   --->   Operation 78 'load' 'a_load_23' <Predicate = true> <Delay = 0.00> <CoreInst = "RAM">   --->   Core 81 'RAM' <Latency = 1> <II = 1> <Delay = 2.32> <Storage> <Opcode : 'load' 'store'> <Ports = 2> <Width = 8> <Depth = 25> <RAM>

State 4 <SV = 3> <Delay = 5.41>
ST_4 : Operation 79 [1/1] (0.00ns)   --->   "%a_addr_6 = getelementptr i8 %a, i64 0, i64 6" [../source/tut3B_Function/matrix_mult.cpp:21]   --->   Operation 79 'getelementptr' 'a_addr_6' <Predicate = true> <Delay = 0.00>
ST_4 : Operation 80 [1/1] (0.00ns)   --->   "%a_addr_11 = getelementptr i8 %a, i64 0, i64 11" [../source/tut3B_Function/matrix_mult.cpp:21]   --->   Operation 80 'getelementptr' 'a_addr_11' <Predicate = true> <Delay = 0.00>
ST_4 : Operation 81 [1/1] (0.00ns)   --->   "%b_addr_6 = getelementptr i8 %b, i64 0, i64 6" [../source/tut3B_Function/matrix_mult.cpp:21]   --->   Operation 81 'getelementptr' 'b_addr_6' <Predicate = true> <Delay = 0.00>
ST_4 : Operation 82 [1/1] (0.00ns)   --->   "%b_addr_11 = getelementptr i8 %b, i64 0, i64 7" [../source/tut3B_Function/matrix_mult.cpp:21]   --->   Operation 82 'getelementptr' 'b_addr_11' <Predicate = true> <Delay = 0.00>
ST_4 : Operation 83 [1/2] ( I:0.00ns O:0.00ns )   --->   "%a_load_1 = load i5 %a_addr_1" [../source/tut3B_Function/matrix_mult.cpp:21]   --->   Operation 83 'load' 'a_load_1' <Predicate = true> <Delay = 0.00> <CoreInst = "RAM">   --->   Core 81 'RAM' <Latency = 1> <II = 1> <Delay = 2.32> <Storage> <Opcode : 'load' 'store'> <Ports = 2> <Width = 8> <Depth = 25> <RAM>
ST_4 : Operation 84 [1/2] ( I:0.00ns O:0.00ns )   --->   "%b_load_1 = load i5 %b_addr_1" [../source/tut3B_Function/matrix_mult.cpp:21]   --->   Operation 84 'load' 'b_load_1' <Predicate = true> <Delay = 0.00> <CoreInst = "RAM">   --->   Core 81 'RAM' <Latency = 1> <II = 1> <Delay = 2.32> <Storage> <Opcode : 'load' 'store'> <Ports = 2> <Width = 8> <Depth = 25> <RAM>
ST_4 : Operation 85 [3/5] (5.41ns)   --->   "%mul_ln21_3 = mul i16 %sext_ln21_7, i16 %sext_ln21_6" [../source/tut3B_Function/matrix_mult.cpp:21]   --->   Operation 85 'mul' 'mul_ln21_3' <Predicate = true> <Delay = 5.41> <CoreInst = "Multiplier">   --->   Core 3 'Multiplier' <Latency = 4> <II = 1> <Delay = 5.41> <FuncUnit> <Opcode : 'mul'> <InPorts = 2> <OutPorts = 1>
ST_4 : Operation 86 [2/2] (0.00ns)   --->   "%b_load_6 = load i5 %b_addr_6" [../source/tut3B_Function/matrix_mult.cpp:21]   --->   Operation 86 'load' 'b_load_6' <Predicate = true> <Delay = 0.00> <CoreInst = "RAM">   --->   Core 81 'RAM' <Latency = 1> <II = 1> <Delay = 2.32> <Storage> <Opcode : 'load' 'store'> <Ports = 2> <Width = 8> <Depth = 25> <RAM>
ST_4 : Operation 87 [3/5] (5.41ns)   --->   "%mul_ln21_8 = mul i16 %sext_ln21_13, i16 %sext_ln21_6" [../source/tut3B_Function/matrix_mult.cpp:21]   --->   Operation 87 'mul' 'mul_ln21_8' <Predicate = true> <Delay = 5.41> <CoreInst = "Multiplier">   --->   Core 3 'Multiplier' <Latency = 4> <II = 1> <Delay = 5.41> <FuncUnit> <Opcode : 'mul'> <InPorts = 2> <OutPorts = 1>
ST_4 : Operation 88 [2/2] (0.00ns)   --->   "%b_load_11 = load i5 %b_addr_11" [../source/tut3B_Function/matrix_mult.cpp:21]   --->   Operation 88 'load' 'b_load_11' <Predicate = true> <Delay = 0.00> <CoreInst = "RAM">   --->   Core 81 'RAM' <Latency = 1> <II = 1> <Delay = 2.32> <Storage> <Opcode : 'load' 'store'> <Ports = 2> <Width = 8> <Depth = 25> <RAM>
ST_4 : Operation 89 [4/5] (5.41ns)   --->   "%mul_ln21_13 = mul i16 %sext_ln21_18, i16 %sext_ln21_6" [../source/tut3B_Function/matrix_mult.cpp:21]   --->   Operation 89 'mul' 'mul_ln21_13' <Predicate = true> <Delay = 5.41> <CoreInst = "Multiplier">   --->   Core 3 'Multiplier' <Latency = 4> <II = 1> <Delay = 5.41> <FuncUnit> <Opcode : 'mul'> <InPorts = 2> <OutPorts = 1>
ST_4 : Operation 90 [4/5] (5.41ns)   --->   "%mul_ln21_18 = mul i16 %sext_ln21_23, i16 %sext_ln21_6" [../source/tut3B_Function/matrix_mult.cpp:21]   --->   Operation 90 'mul' 'mul_ln21_18' <Predicate = true> <Delay = 5.41> <CoreInst = "Multiplier">   --->   Core 3 'Multiplier' <Latency = 4> <II = 1> <Delay = 5.41> <FuncUnit> <Opcode : 'mul'> <InPorts = 2> <OutPorts = 1>
ST_4 : Operation 91 [1/2] ( I:0.00ns O:0.00ns )   --->   "%b_load_23 = load i5 %b_addr_23" [../source/tut3B_Function/matrix_mult.cpp:21]   --->   Operation 91 'load' 'b_load_23' <Predicate = true> <Delay = 0.00> <CoreInst = "RAM">   --->   Core 81 'RAM' <Latency = 1> <II = 1> <Delay = 2.32> <Storage> <Opcode : 'load' 'store'> <Ports = 2> <Width = 8> <Depth = 25> <RAM>
ST_4 : Operation 92 [1/1] (0.00ns)   --->   "%sext_ln21_28 = sext i8 %b_load_23" [../source/tut3B_Function/matrix_mult.cpp:21]   --->   Operation 92 'sext' 'sext_ln21_28' <Predicate = true> <Delay = 0.00>
ST_4 : Operation 93 [5/5] (5.41ns)   --->   "%mul_ln21_23 = mul i16 %sext_ln21_28, i16 %sext_ln21_6" [../source/tut3B_Function/matrix_mult.cpp:21]   --->   Operation 93 'mul' 'mul_ln21_23' <Predicate = true> <Delay = 5.41> <CoreInst = "Multiplier">   --->   Core 3 'Multiplier' <Latency = 4> <II = 1> <Delay = 5.41> <FuncUnit> <Opcode : 'mul'> <InPorts = 2> <OutPorts = 1>
ST_4 : Operation 94 [2/2] (0.00ns)   --->   "%a_load_6 = load i5 %a_addr_6" [../source/tut3B_Function/matrix_mult.cpp:21]   --->   Operation 94 'load' 'a_load_6' <Predicate = true> <Delay = 0.00> <CoreInst = "RAM">   --->   Core 81 'RAM' <Latency = 1> <II = 1> <Delay = 2.32> <Storage> <Opcode : 'load' 'store'> <Ports = 2> <Width = 8> <Depth = 25> <RAM>
ST_4 : Operation 95 [3/5] (5.41ns)   --->   "%mul_ln21_28 = mul i16 %sext_ln21_33, i16 %sext_ln21_7" [../source/tut3B_Function/matrix_mult.cpp:21]   --->   Operation 95 'mul' 'mul_ln21_28' <Predicate = true> <Delay = 5.41> <CoreInst = "Multiplier">   --->   Core 3 'Multiplier' <Latency = 4> <II = 1> <Delay = 5.41> <FuncUnit> <Opcode : 'mul'> <InPorts = 2> <OutPorts = 1>
ST_4 : Operation 96 [3/5] (5.41ns)   --->   "%mul_ln21_33 = mul i16 %sext_ln21_33, i16 %sext_ln21_13" [../source/tut3B_Function/matrix_mult.cpp:21]   --->   Operation 96 'mul' 'mul_ln21_33' <Predicate = true> <Delay = 5.41> <CoreInst = "Multiplier">   --->   Core 3 'Multiplier' <Latency = 4> <II = 1> <Delay = 5.41> <FuncUnit> <Opcode : 'mul'> <InPorts = 2> <OutPorts = 1>
ST_4 : Operation 97 [4/5] (5.41ns)   --->   "%mul_ln21_38 = mul i16 %sext_ln21_33, i16 %sext_ln21_18" [../source/tut3B_Function/matrix_mult.cpp:21]   --->   Operation 97 'mul' 'mul_ln21_38' <Predicate = true> <Delay = 5.41> <CoreInst = "Multiplier">   --->   Core 3 'Multiplier' <Latency = 4> <II = 1> <Delay = 5.41> <FuncUnit> <Opcode : 'mul'> <InPorts = 2> <OutPorts = 1>
ST_4 : Operation 98 [4/5] (5.41ns)   --->   "%mul_ln21_43 = mul i16 %sext_ln21_33, i16 %sext_ln21_23" [../source/tut3B_Function/matrix_mult.cpp:21]   --->   Operation 98 'mul' 'mul_ln21_43' <Predicate = true> <Delay = 5.41> <CoreInst = "Multiplier">   --->   Core 3 'Multiplier' <Latency = 4> <II = 1> <Delay = 5.41> <FuncUnit> <Opcode : 'mul'> <InPorts = 2> <OutPorts = 1>
ST_4 : Operation 99 [5/5] (5.41ns)   --->   "%mul_ln21_48 = mul i16 %sext_ln21_33, i16 %sext_ln21_28" [../source/tut3B_Function/matrix_mult.cpp:21]   --->   Operation 99 'mul' 'mul_ln21_48' <Predicate = true> <Delay = 5.41> <CoreInst = "Multiplier">   --->   Core 3 'Multiplier' <Latency = 4> <II = 1> <Delay = 5.41> <FuncUnit> <Opcode : 'mul'> <InPorts = 2> <OutPorts = 1>
ST_4 : Operation 100 [2/2] (0.00ns)   --->   "%a_load_11 = load i5 %a_addr_11" [../source/tut3B_Function/matrix_mult.cpp:21]   --->   Operation 100 'load' 'a_load_11' <Predicate = true> <Delay = 0.00> <CoreInst = "RAM">   --->   Core 81 'RAM' <Latency = 1> <II = 1> <Delay = 2.32> <Storage> <Opcode : 'load' 'store'> <Ports = 2> <Width = 8> <Depth = 25> <RAM>
ST_4 : Operation 101 [1/1] (0.00ns)   --->   "%sext_ln21_38 = sext i8 %a_load_13" [../source/tut3B_Function/matrix_mult.cpp:21]   --->   Operation 101 'sext' 'sext_ln21_38' <Predicate = true> <Delay = 0.00>
ST_4 : Operation 102 [5/5] (5.41ns)   --->   "%mul_ln21_53 = mul i16 %sext_ln21_38, i16 %sext_ln21_7" [../source/tut3B_Function/matrix_mult.cpp:21]   --->   Operation 102 'mul' 'mul_ln21_53' <Predicate = true> <Delay = 5.41> <CoreInst = "Multiplier">   --->   Core 3 'Multiplier' <Latency = 4> <II = 1> <Delay = 5.41> <FuncUnit> <Opcode : 'mul'> <InPorts = 2> <OutPorts = 1>
ST_4 : Operation 103 [5/5] (5.41ns)   --->   "%mul_ln21_58 = mul i16 %sext_ln21_38, i16 %sext_ln21_13" [../source/tut3B_Function/matrix_mult.cpp:21]   --->   Operation 103 'mul' 'mul_ln21_58' <Predicate = true> <Delay = 5.41> <CoreInst = "Multiplier">   --->   Core 3 'Multiplier' <Latency = 4> <II = 1> <Delay = 5.41> <FuncUnit> <Opcode : 'mul'> <InPorts = 2> <OutPorts = 1>
ST_4 : Operation 104 [1/2] ( I:0.00ns O:0.00ns )   --->   "%a_load_23 = load i5 %a_addr_23" [../source/tut3B_Function/matrix_mult.cpp:21]   --->   Operation 104 'load' 'a_load_23' <Predicate = true> <Delay = 0.00> <CoreInst = "RAM">   --->   Core 81 'RAM' <Latency = 1> <II = 1> <Delay = 2.32> <Storage> <Opcode : 'load' 'store'> <Ports = 2> <Width = 8> <Depth = 25> <RAM>

State 5 <SV = 4> <Delay = 5.41>
ST_5 : Operation 105 [1/1] (0.00ns)   --->   "%a_addr_16 = getelementptr i8 %a, i64 0, i64 16" [../source/tut3B_Function/matrix_mult.cpp:21]   --->   Operation 105 'getelementptr' 'a_addr_16' <Predicate = true> <Delay = 0.00>
ST_5 : Operation 106 [1/1] (0.00ns)   --->   "%a_addr_21 = getelementptr i8 %a, i64 0, i64 21" [../source/tut3B_Function/matrix_mult.cpp:21]   --->   Operation 106 'getelementptr' 'a_addr_21' <Predicate = true> <Delay = 0.00>
ST_5 : Operation 107 [1/1] (0.00ns)   --->   "%b_addr_16 = getelementptr i8 %b, i64 0, i64 8" [../source/tut3B_Function/matrix_mult.cpp:21]   --->   Operation 107 'getelementptr' 'b_addr_16' <Predicate = true> <Delay = 0.00>
ST_5 : Operation 108 [1/1] (0.00ns)   --->   "%b_addr_21 = getelementptr i8 %b, i64 0, i64 9" [../source/tut3B_Function/matrix_mult.cpp:21]   --->   Operation 108 'getelementptr' 'b_addr_21' <Predicate = true> <Delay = 0.00>
ST_5 : Operation 109 [2/5] (5.41ns)   --->   "%mul_ln21_3 = mul i16 %sext_ln21_7, i16 %sext_ln21_6" [../source/tut3B_Function/matrix_mult.cpp:21]   --->   Operation 109 'mul' 'mul_ln21_3' <Predicate = true> <Delay = 5.41> <CoreInst = "Multiplier">   --->   Core 3 'Multiplier' <Latency = 4> <II = 1> <Delay = 5.41> <FuncUnit> <Opcode : 'mul'> <InPorts = 2> <OutPorts = 1>
ST_5 : Operation 110 [1/2] ( I:0.00ns O:0.00ns )   --->   "%b_load_6 = load i5 %b_addr_6" [../source/tut3B_Function/matrix_mult.cpp:21]   --->   Operation 110 'load' 'b_load_6' <Predicate = true> <Delay = 0.00> <CoreInst = "RAM">   --->   Core 81 'RAM' <Latency = 1> <II = 1> <Delay = 2.32> <Storage> <Opcode : 'load' 'store'> <Ports = 2> <Width = 8> <Depth = 25> <RAM>
ST_5 : Operation 111 [2/5] (5.41ns)   --->   "%mul_ln21_8 = mul i16 %sext_ln21_13, i16 %sext_ln21_6" [../source/tut3B_Function/matrix_mult.cpp:21]   --->   Operation 111 'mul' 'mul_ln21_8' <Predicate = true> <Delay = 5.41> <CoreInst = "Multiplier">   --->   Core 3 'Multiplier' <Latency = 4> <II = 1> <Delay = 5.41> <FuncUnit> <Opcode : 'mul'> <InPorts = 2> <OutPorts = 1>
ST_5 : Operation 112 [1/2] ( I:0.00ns O:0.00ns )   --->   "%b_load_11 = load i5 %b_addr_11" [../source/tut3B_Function/matrix_mult.cpp:21]   --->   Operation 112 'load' 'b_load_11' <Predicate = true> <Delay = 0.00> <CoreInst = "RAM">   --->   Core 81 'RAM' <Latency = 1> <II = 1> <Delay = 2.32> <Storage> <Opcode : 'load' 'store'> <Ports = 2> <Width = 8> <Depth = 25> <RAM>
ST_5 : Operation 113 [3/5] (5.41ns)   --->   "%mul_ln21_13 = mul i16 %sext_ln21_18, i16 %sext_ln21_6" [../source/tut3B_Function/matrix_mult.cpp:21]   --->   Operation 113 'mul' 'mul_ln21_13' <Predicate = true> <Delay = 5.41> <CoreInst = "Multiplier">   --->   Core 3 'Multiplier' <Latency = 4> <II = 1> <Delay = 5.41> <FuncUnit> <Opcode : 'mul'> <InPorts = 2> <OutPorts = 1>
ST_5 : Operation 114 [2/2] (0.00ns)   --->   "%b_load_16 = load i5 %b_addr_16" [../source/tut3B_Function/matrix_mult.cpp:21]   --->   Operation 114 'load' 'b_load_16' <Predicate = true> <Delay = 0.00> <CoreInst = "RAM">   --->   Core 81 'RAM' <Latency = 1> <II = 1> <Delay = 2.32> <Storage> <Opcode : 'load' 'store'> <Ports = 2> <Width = 8> <Depth = 25> <RAM>
ST_5 : Operation 115 [3/5] (5.41ns)   --->   "%mul_ln21_18 = mul i16 %sext_ln21_23, i16 %sext_ln21_6" [../source/tut3B_Function/matrix_mult.cpp:21]   --->   Operation 115 'mul' 'mul_ln21_18' <Predicate = true> <Delay = 5.41> <CoreInst = "Multiplier">   --->   Core 3 'Multiplier' <Latency = 4> <II = 1> <Delay = 5.41> <FuncUnit> <Opcode : 'mul'> <InPorts = 2> <OutPorts = 1>
ST_5 : Operation 116 [2/2] (0.00ns)   --->   "%b_load_21 = load i5 %b_addr_21" [../source/tut3B_Function/matrix_mult.cpp:21]   --->   Operation 116 'load' 'b_load_21' <Predicate = true> <Delay = 0.00> <CoreInst = "RAM">   --->   Core 81 'RAM' <Latency = 1> <II = 1> <Delay = 2.32> <Storage> <Opcode : 'load' 'store'> <Ports = 2> <Width = 8> <Depth = 25> <RAM>
ST_5 : Operation 117 [4/5] (5.41ns)   --->   "%mul_ln21_23 = mul i16 %sext_ln21_28, i16 %sext_ln21_6" [../source/tut3B_Function/matrix_mult.cpp:21]   --->   Operation 117 'mul' 'mul_ln21_23' <Predicate = true> <Delay = 5.41> <CoreInst = "Multiplier">   --->   Core 3 'Multiplier' <Latency = 4> <II = 1> <Delay = 5.41> <FuncUnit> <Opcode : 'mul'> <InPorts = 2> <OutPorts = 1>
ST_5 : Operation 118 [1/2] ( I:0.00ns O:0.00ns )   --->   "%a_load_6 = load i5 %a_addr_6" [../source/tut3B_Function/matrix_mult.cpp:21]   --->   Operation 118 'load' 'a_load_6' <Predicate = true> <Delay = 0.00> <CoreInst = "RAM">   --->   Core 81 'RAM' <Latency = 1> <II = 1> <Delay = 2.32> <Storage> <Opcode : 'load' 'store'> <Ports = 2> <Width = 8> <Depth = 25> <RAM>
ST_5 : Operation 119 [2/5] (5.41ns)   --->   "%mul_ln21_28 = mul i16 %sext_ln21_33, i16 %sext_ln21_7" [../source/tut3B_Function/matrix_mult.cpp:21]   --->   Operation 119 'mul' 'mul_ln21_28' <Predicate = true> <Delay = 5.41> <CoreInst = "Multiplier">   --->   Core 3 'Multiplier' <Latency = 4> <II = 1> <Delay = 5.41> <FuncUnit> <Opcode : 'mul'> <InPorts = 2> <OutPorts = 1>
ST_5 : Operation 120 [2/5] (5.41ns)   --->   "%mul_ln21_33 = mul i16 %sext_ln21_33, i16 %sext_ln21_13" [../source/tut3B_Function/matrix_mult.cpp:21]   --->   Operation 120 'mul' 'mul_ln21_33' <Predicate = true> <Delay = 5.41> <CoreInst = "Multiplier">   --->   Core 3 'Multiplier' <Latency = 4> <II = 1> <Delay = 5.41> <FuncUnit> <Opcode : 'mul'> <InPorts = 2> <OutPorts = 1>
ST_5 : Operation 121 [3/5] (5.41ns)   --->   "%mul_ln21_38 = mul i16 %sext_ln21_33, i16 %sext_ln21_18" [../source/tut3B_Function/matrix_mult.cpp:21]   --->   Operation 121 'mul' 'mul_ln21_38' <Predicate = true> <Delay = 5.41> <CoreInst = "Multiplier">   --->   Core 3 'Multiplier' <Latency = 4> <II = 1> <Delay = 5.41> <FuncUnit> <Opcode : 'mul'> <InPorts = 2> <OutPorts = 1>
ST_5 : Operation 122 [3/5] (5.41ns)   --->   "%mul_ln21_43 = mul i16 %sext_ln21_33, i16 %sext_ln21_23" [../source/tut3B_Function/matrix_mult.cpp:21]   --->   Operation 122 'mul' 'mul_ln21_43' <Predicate = true> <Delay = 5.41> <CoreInst = "Multiplier">   --->   Core 3 'Multiplier' <Latency = 4> <II = 1> <Delay = 5.41> <FuncUnit> <Opcode : 'mul'> <InPorts = 2> <OutPorts = 1>
ST_5 : Operation 123 [4/5] (5.41ns)   --->   "%mul_ln21_48 = mul i16 %sext_ln21_33, i16 %sext_ln21_28" [../source/tut3B_Function/matrix_mult.cpp:21]   --->   Operation 123 'mul' 'mul_ln21_48' <Predicate = true> <Delay = 5.41> <CoreInst = "Multiplier">   --->   Core 3 'Multiplier' <Latency = 4> <II = 1> <Delay = 5.41> <FuncUnit> <Opcode : 'mul'> <InPorts = 2> <OutPorts = 1>
ST_5 : Operation 124 [1/2] ( I:0.00ns O:0.00ns )   --->   "%a_load_11 = load i5 %a_addr_11" [../source/tut3B_Function/matrix_mult.cpp:21]   --->   Operation 124 'load' 'a_load_11' <Predicate = true> <Delay = 0.00> <CoreInst = "RAM">   --->   Core 81 'RAM' <Latency = 1> <II = 1> <Delay = 2.32> <Storage> <Opcode : 'load' 'store'> <Ports = 2> <Width = 8> <Depth = 25> <RAM>
ST_5 : Operation 125 [4/5] (5.41ns)   --->   "%mul_ln21_53 = mul i16 %sext_ln21_38, i16 %sext_ln21_7" [../source/tut3B_Function/matrix_mult.cpp:21]   --->   Operation 125 'mul' 'mul_ln21_53' <Predicate = true> <Delay = 5.41> <CoreInst = "Multiplier">   --->   Core 3 'Multiplier' <Latency = 4> <II = 1> <Delay = 5.41> <FuncUnit> <Opcode : 'mul'> <InPorts = 2> <OutPorts = 1>
ST_5 : Operation 126 [4/5] (5.41ns)   --->   "%mul_ln21_58 = mul i16 %sext_ln21_38, i16 %sext_ln21_13" [../source/tut3B_Function/matrix_mult.cpp:21]   --->   Operation 126 'mul' 'mul_ln21_58' <Predicate = true> <Delay = 5.41> <CoreInst = "Multiplier">   --->   Core 3 'Multiplier' <Latency = 4> <II = 1> <Delay = 5.41> <FuncUnit> <Opcode : 'mul'> <InPorts = 2> <OutPorts = 1>
ST_5 : Operation 127 [5/5] (5.41ns)   --->   "%mul_ln21_63 = mul i16 %sext_ln21_38, i16 %sext_ln21_18" [../source/tut3B_Function/matrix_mult.cpp:21]   --->   Operation 127 'mul' 'mul_ln21_63' <Predicate = true> <Delay = 5.41> <CoreInst = "Multiplier">   --->   Core 3 'Multiplier' <Latency = 4> <II = 1> <Delay = 5.41> <FuncUnit> <Opcode : 'mul'> <InPorts = 2> <OutPorts = 1>
ST_5 : Operation 128 [5/5] (5.41ns)   --->   "%mul_ln21_68 = mul i16 %sext_ln21_38, i16 %sext_ln21_23" [../source/tut3B_Function/matrix_mult.cpp:21]   --->   Operation 128 'mul' 'mul_ln21_68' <Predicate = true> <Delay = 5.41> <CoreInst = "Multiplier">   --->   Core 3 'Multiplier' <Latency = 4> <II = 1> <Delay = 5.41> <FuncUnit> <Opcode : 'mul'> <InPorts = 2> <OutPorts = 1>
ST_5 : Operation 129 [5/5] (5.41ns)   --->   "%mul_ln21_73 = mul i16 %sext_ln21_38, i16 %sext_ln21_28" [../source/tut3B_Function/matrix_mult.cpp:21]   --->   Operation 129 'mul' 'mul_ln21_73' <Predicate = true> <Delay = 5.41> <CoreInst = "Multiplier">   --->   Core 3 'Multiplier' <Latency = 4> <II = 1> <Delay = 5.41> <FuncUnit> <Opcode : 'mul'> <InPorts = 2> <OutPorts = 1>
ST_5 : Operation 130 [2/2] (0.00ns)   --->   "%a_load_16 = load i5 %a_addr_16" [../source/tut3B_Function/matrix_mult.cpp:21]   --->   Operation 130 'load' 'a_load_16' <Predicate = true> <Delay = 0.00> <CoreInst = "RAM">   --->   Core 81 'RAM' <Latency = 1> <II = 1> <Delay = 2.32> <Storage> <Opcode : 'load' 'store'> <Ports = 2> <Width = 8> <Depth = 25> <RAM>
ST_5 : Operation 131 [1/1] (0.00ns)   --->   "%sext_ln21_43 = sext i8 %a_load_18" [../source/tut3B_Function/matrix_mult.cpp:21]   --->   Operation 131 'sext' 'sext_ln21_43' <Predicate = true> <Delay = 0.00>
ST_5 : Operation 132 [5/5] (5.41ns)   --->   "%mul_ln21_78 = mul i16 %sext_ln21_43, i16 %sext_ln21_7" [../source/tut3B_Function/matrix_mult.cpp:21]   --->   Operation 132 'mul' 'mul_ln21_78' <Predicate = true> <Delay = 5.41> <CoreInst = "Multiplier">   --->   Core 3 'Multiplier' <Latency = 4> <II = 1> <Delay = 5.41> <FuncUnit> <Opcode : 'mul'> <InPorts = 2> <OutPorts = 1>
ST_5 : Operation 133 [2/2] (0.00ns)   --->   "%a_load_21 = load i5 %a_addr_21" [../source/tut3B_Function/matrix_mult.cpp:21]   --->   Operation 133 'load' 'a_load_21' <Predicate = true> <Delay = 0.00> <CoreInst = "RAM">   --->   Core 81 'RAM' <Latency = 1> <II = 1> <Delay = 2.32> <Storage> <Opcode : 'load' 'store'> <Ports = 2> <Width = 8> <Depth = 25> <RAM>

State 6 <SV = 5> <Delay = 5.41>
ST_6 : Operation 134 [1/1] (0.00ns)   --->   "%a_addr_4 = getelementptr i8 %a, i64 0, i64 4" [../source/tut3B_Function/matrix_mult.cpp:21]   --->   Operation 134 'getelementptr' 'a_addr_4' <Predicate = true> <Delay = 0.00>
ST_6 : Operation 135 [1/1] (0.00ns)   --->   "%a_addr_9 = getelementptr i8 %a, i64 0, i64 9" [../source/tut3B_Function/matrix_mult.cpp:21]   --->   Operation 135 'getelementptr' 'a_addr_9' <Predicate = true> <Delay = 0.00>
ST_6 : Operation 136 [1/1] (0.00ns)   --->   "%b_addr_4 = getelementptr i8 %b, i64 0, i64 20" [../source/tut3B_Function/matrix_mult.cpp:21]   --->   Operation 136 'getelementptr' 'b_addr_4' <Predicate = true> <Delay = 0.00>
ST_6 : Operation 137 [1/1] (0.00ns)   --->   "%b_addr_9 = getelementptr i8 %b, i64 0, i64 21" [../source/tut3B_Function/matrix_mult.cpp:21]   --->   Operation 137 'getelementptr' 'b_addr_9' <Predicate = true> <Delay = 0.00>
ST_6 : Operation 138 [2/2] (0.00ns)   --->   "%a_load_4 = load i5 %a_addr_4" [../source/tut3B_Function/matrix_mult.cpp:21]   --->   Operation 138 'load' 'a_load_4' <Predicate = true> <Delay = 0.00> <CoreInst = "RAM">   --->   Core 81 'RAM' <Latency = 1> <II = 1> <Delay = 2.32> <Storage> <Opcode : 'load' 'store'> <Ports = 2> <Width = 8> <Depth = 25> <RAM>
ST_6 : Operation 139 [2/2] (0.00ns)   --->   "%b_load_4 = load i5 %b_addr_4" [../source/tut3B_Function/matrix_mult.cpp:21]   --->   Operation 139 'load' 'b_load_4' <Predicate = true> <Delay = 0.00> <CoreInst = "RAM">   --->   Core 81 'RAM' <Latency = 1> <II = 1> <Delay = 2.32> <Storage> <Opcode : 'load' 'store'> <Ports = 2> <Width = 8> <Depth = 25> <RAM>
ST_6 : Operation 140 [1/5] (5.41ns)   --->   "%mul_ln21_3 = mul i16 %sext_ln21_7, i16 %sext_ln21_6" [../source/tut3B_Function/matrix_mult.cpp:21]   --->   Operation 140 'mul' 'mul_ln21_3' <Predicate = true> <Delay = 5.41> <CoreInst = "Multiplier">   --->   Core 3 'Multiplier' <Latency = 4> <II = 1> <Delay = 5.41> <FuncUnit> <Opcode : 'mul'> <InPorts = 2> <OutPorts = 1>
ST_6 : Operation 141 [2/2] (0.00ns)   --->   "%b_load_9 = load i5 %b_addr_9" [../source/tut3B_Function/matrix_mult.cpp:21]   --->   Operation 141 'load' 'b_load_9' <Predicate = true> <Delay = 0.00> <CoreInst = "RAM">   --->   Core 81 'RAM' <Latency = 1> <II = 1> <Delay = 2.32> <Storage> <Opcode : 'load' 'store'> <Ports = 2> <Width = 8> <Depth = 25> <RAM>
ST_6 : Operation 142 [1/5] (5.41ns)   --->   "%mul_ln21_8 = mul i16 %sext_ln21_13, i16 %sext_ln21_6" [../source/tut3B_Function/matrix_mult.cpp:21]   --->   Operation 142 'mul' 'mul_ln21_8' <Predicate = true> <Delay = 5.41> <CoreInst = "Multiplier">   --->   Core 3 'Multiplier' <Latency = 4> <II = 1> <Delay = 5.41> <FuncUnit> <Opcode : 'mul'> <InPorts = 2> <OutPorts = 1>
ST_6 : Operation 143 [2/5] (5.41ns)   --->   "%mul_ln21_13 = mul i16 %sext_ln21_18, i16 %sext_ln21_6" [../source/tut3B_Function/matrix_mult.cpp:21]   --->   Operation 143 'mul' 'mul_ln21_13' <Predicate = true> <Delay = 5.41> <CoreInst = "Multiplier">   --->   Core 3 'Multiplier' <Latency = 4> <II = 1> <Delay = 5.41> <FuncUnit> <Opcode : 'mul'> <InPorts = 2> <OutPorts = 1>
ST_6 : Operation 144 [1/2] ( I:0.00ns O:0.00ns )   --->   "%b_load_16 = load i5 %b_addr_16" [../source/tut3B_Function/matrix_mult.cpp:21]   --->   Operation 144 'load' 'b_load_16' <Predicate = true> <Delay = 0.00> <CoreInst = "RAM">   --->   Core 81 'RAM' <Latency = 1> <II = 1> <Delay = 2.32> <Storage> <Opcode : 'load' 'store'> <Ports = 2> <Width = 8> <Depth = 25> <RAM>
ST_6 : Operation 145 [2/5] (5.41ns)   --->   "%mul_ln21_18 = mul i16 %sext_ln21_23, i16 %sext_ln21_6" [../source/tut3B_Function/matrix_mult.cpp:21]   --->   Operation 145 'mul' 'mul_ln21_18' <Predicate = true> <Delay = 5.41> <CoreInst = "Multiplier">   --->   Core 3 'Multiplier' <Latency = 4> <II = 1> <Delay = 5.41> <FuncUnit> <Opcode : 'mul'> <InPorts = 2> <OutPorts = 1>
ST_6 : Operation 146 [1/2] ( I:0.00ns O:0.00ns )   --->   "%b_load_21 = load i5 %b_addr_21" [../source/tut3B_Function/matrix_mult.cpp:21]   --->   Operation 146 'load' 'b_load_21' <Predicate = true> <Delay = 0.00> <CoreInst = "RAM">   --->   Core 81 'RAM' <Latency = 1> <II = 1> <Delay = 2.32> <Storage> <Opcode : 'load' 'store'> <Ports = 2> <Width = 8> <Depth = 25> <RAM>
ST_6 : Operation 147 [3/5] (5.41ns)   --->   "%mul_ln21_23 = mul i16 %sext_ln21_28, i16 %sext_ln21_6" [../source/tut3B_Function/matrix_mult.cpp:21]   --->   Operation 147 'mul' 'mul_ln21_23' <Predicate = true> <Delay = 5.41> <CoreInst = "Multiplier">   --->   Core 3 'Multiplier' <Latency = 4> <II = 1> <Delay = 5.41> <FuncUnit> <Opcode : 'mul'> <InPorts = 2> <OutPorts = 1>
ST_6 : Operation 148 [2/2] (0.00ns)   --->   "%a_load_9 = load i5 %a_addr_9" [../source/tut3B_Function/matrix_mult.cpp:21]   --->   Operation 148 'load' 'a_load_9' <Predicate = true> <Delay = 0.00> <CoreInst = "RAM">   --->   Core 81 'RAM' <Latency = 1> <II = 1> <Delay = 2.32> <Storage> <Opcode : 'load' 'store'> <Ports = 2> <Width = 8> <Depth = 25> <RAM>
ST_6 : Operation 149 [1/5] (5.41ns)   --->   "%mul_ln21_28 = mul i16 %sext_ln21_33, i16 %sext_ln21_7" [../source/tut3B_Function/matrix_mult.cpp:21]   --->   Operation 149 'mul' 'mul_ln21_28' <Predicate = true> <Delay = 5.41> <CoreInst = "Multiplier">   --->   Core 3 'Multiplier' <Latency = 4> <II = 1> <Delay = 5.41> <FuncUnit> <Opcode : 'mul'> <InPorts = 2> <OutPorts = 1>
ST_6 : Operation 150 [1/5] (5.41ns)   --->   "%mul_ln21_33 = mul i16 %sext_ln21_33, i16 %sext_ln21_13" [../source/tut3B_Function/matrix_mult.cpp:21]   --->   Operation 150 'mul' 'mul_ln21_33' <Predicate = true> <Delay = 5.41> <CoreInst = "Multiplier">   --->   Core 3 'Multiplier' <Latency = 4> <II = 1> <Delay = 5.41> <FuncUnit> <Opcode : 'mul'> <InPorts = 2> <OutPorts = 1>
ST_6 : Operation 151 [2/5] (5.41ns)   --->   "%mul_ln21_38 = mul i16 %sext_ln21_33, i16 %sext_ln21_18" [../source/tut3B_Function/matrix_mult.cpp:21]   --->   Operation 151 'mul' 'mul_ln21_38' <Predicate = true> <Delay = 5.41> <CoreInst = "Multiplier">   --->   Core 3 'Multiplier' <Latency = 4> <II = 1> <Delay = 5.41> <FuncUnit> <Opcode : 'mul'> <InPorts = 2> <OutPorts = 1>
ST_6 : Operation 152 [2/5] (5.41ns)   --->   "%mul_ln21_43 = mul i16 %sext_ln21_33, i16 %sext_ln21_23" [../source/tut3B_Function/matrix_mult.cpp:21]   --->   Operation 152 'mul' 'mul_ln21_43' <Predicate = true> <Delay = 5.41> <CoreInst = "Multiplier">   --->   Core 3 'Multiplier' <Latency = 4> <II = 1> <Delay = 5.41> <FuncUnit> <Opcode : 'mul'> <InPorts = 2> <OutPorts = 1>
ST_6 : Operation 153 [3/5] (5.41ns)   --->   "%mul_ln21_48 = mul i16 %sext_ln21_33, i16 %sext_ln21_28" [../source/tut3B_Function/matrix_mult.cpp:21]   --->   Operation 153 'mul' 'mul_ln21_48' <Predicate = true> <Delay = 5.41> <CoreInst = "Multiplier">   --->   Core 3 'Multiplier' <Latency = 4> <II = 1> <Delay = 5.41> <FuncUnit> <Opcode : 'mul'> <InPorts = 2> <OutPorts = 1>
ST_6 : Operation 154 [3/5] (5.41ns)   --->   "%mul_ln21_53 = mul i16 %sext_ln21_38, i16 %sext_ln21_7" [../source/tut3B_Function/matrix_mult.cpp:21]   --->   Operation 154 'mul' 'mul_ln21_53' <Predicate = true> <Delay = 5.41> <CoreInst = "Multiplier">   --->   Core 3 'Multiplier' <Latency = 4> <II = 1> <Delay = 5.41> <FuncUnit> <Opcode : 'mul'> <InPorts = 2> <OutPorts = 1>
ST_6 : Operation 155 [3/5] (5.41ns)   --->   "%mul_ln21_58 = mul i16 %sext_ln21_38, i16 %sext_ln21_13" [../source/tut3B_Function/matrix_mult.cpp:21]   --->   Operation 155 'mul' 'mul_ln21_58' <Predicate = true> <Delay = 5.41> <CoreInst = "Multiplier">   --->   Core 3 'Multiplier' <Latency = 4> <II = 1> <Delay = 5.41> <FuncUnit> <Opcode : 'mul'> <InPorts = 2> <OutPorts = 1>
ST_6 : Operation 156 [4/5] (5.41ns)   --->   "%mul_ln21_63 = mul i16 %sext_ln21_38, i16 %sext_ln21_18" [../source/tut3B_Function/matrix_mult.cpp:21]   --->   Operation 156 'mul' 'mul_ln21_63' <Predicate = true> <Delay = 5.41> <CoreInst = "Multiplier">   --->   Core 3 'Multiplier' <Latency = 4> <II = 1> <Delay = 5.41> <FuncUnit> <Opcode : 'mul'> <InPorts = 2> <OutPorts = 1>
ST_6 : Operation 157 [4/5] (5.41ns)   --->   "%mul_ln21_68 = mul i16 %sext_ln21_38, i16 %sext_ln21_23" [../source/tut3B_Function/matrix_mult.cpp:21]   --->   Operation 157 'mul' 'mul_ln21_68' <Predicate = true> <Delay = 5.41> <CoreInst = "Multiplier">   --->   Core 3 'Multiplier' <Latency = 4> <II = 1> <Delay = 5.41> <FuncUnit> <Opcode : 'mul'> <InPorts = 2> <OutPorts = 1>
ST_6 : Operation 158 [4/5] (5.41ns)   --->   "%mul_ln21_73 = mul i16 %sext_ln21_38, i16 %sext_ln21_28" [../source/tut3B_Function/matrix_mult.cpp:21]   --->   Operation 158 'mul' 'mul_ln21_73' <Predicate = true> <Delay = 5.41> <CoreInst = "Multiplier">   --->   Core 3 'Multiplier' <Latency = 4> <II = 1> <Delay = 5.41> <FuncUnit> <Opcode : 'mul'> <InPorts = 2> <OutPorts = 1>
ST_6 : Operation 159 [1/2] ( I:0.00ns O:0.00ns )   --->   "%a_load_16 = load i5 %a_addr_16" [../source/tut3B_Function/matrix_mult.cpp:21]   --->   Operation 159 'load' 'a_load_16' <Predicate = true> <Delay = 0.00> <CoreInst = "RAM">   --->   Core 81 'RAM' <Latency = 1> <II = 1> <Delay = 2.32> <Storage> <Opcode : 'load' 'store'> <Ports = 2> <Width = 8> <Depth = 25> <RAM>
ST_6 : Operation 160 [4/5] (5.41ns)   --->   "%mul_ln21_78 = mul i16 %sext_ln21_43, i16 %sext_ln21_7" [../source/tut3B_Function/matrix_mult.cpp:21]   --->   Operation 160 'mul' 'mul_ln21_78' <Predicate = true> <Delay = 5.41> <CoreInst = "Multiplier">   --->   Core 3 'Multiplier' <Latency = 4> <II = 1> <Delay = 5.41> <FuncUnit> <Opcode : 'mul'> <InPorts = 2> <OutPorts = 1>
ST_6 : Operation 161 [5/5] (5.41ns)   --->   "%mul_ln21_83 = mul i16 %sext_ln21_43, i16 %sext_ln21_13" [../source/tut3B_Function/matrix_mult.cpp:21]   --->   Operation 161 'mul' 'mul_ln21_83' <Predicate = true> <Delay = 5.41> <CoreInst = "Multiplier">   --->   Core 3 'Multiplier' <Latency = 4> <II = 1> <Delay = 5.41> <FuncUnit> <Opcode : 'mul'> <InPorts = 2> <OutPorts = 1>
ST_6 : Operation 162 [5/5] (5.41ns)   --->   "%mul_ln21_88 = mul i16 %sext_ln21_43, i16 %sext_ln21_18" [../source/tut3B_Function/matrix_mult.cpp:21]   --->   Operation 162 'mul' 'mul_ln21_88' <Predicate = true> <Delay = 5.41> <CoreInst = "Multiplier">   --->   Core 3 'Multiplier' <Latency = 4> <II = 1> <Delay = 5.41> <FuncUnit> <Opcode : 'mul'> <InPorts = 2> <OutPorts = 1>
ST_6 : Operation 163 [5/5] (5.41ns)   --->   "%mul_ln21_93 = mul i16 %sext_ln21_43, i16 %sext_ln21_23" [../source/tut3B_Function/matrix_mult.cpp:21]   --->   Operation 163 'mul' 'mul_ln21_93' <Predicate = true> <Delay = 5.41> <CoreInst = "Multiplier">   --->   Core 3 'Multiplier' <Latency = 4> <II = 1> <Delay = 5.41> <FuncUnit> <Opcode : 'mul'> <InPorts = 2> <OutPorts = 1>
ST_6 : Operation 164 [5/5] (5.41ns)   --->   "%mul_ln21_98 = mul i16 %sext_ln21_43, i16 %sext_ln21_28" [../source/tut3B_Function/matrix_mult.cpp:21]   --->   Operation 164 'mul' 'mul_ln21_98' <Predicate = true> <Delay = 5.41> <CoreInst = "Multiplier">   --->   Core 3 'Multiplier' <Latency = 4> <II = 1> <Delay = 5.41> <FuncUnit> <Opcode : 'mul'> <InPorts = 2> <OutPorts = 1>
ST_6 : Operation 165 [1/2] ( I:0.00ns O:0.00ns )   --->   "%a_load_21 = load i5 %a_addr_21" [../source/tut3B_Function/matrix_mult.cpp:21]   --->   Operation 165 'load' 'a_load_21' <Predicate = true> <Delay = 0.00> <CoreInst = "RAM">   --->   Core 81 'RAM' <Latency = 1> <II = 1> <Delay = 2.32> <Storage> <Opcode : 'load' 'store'> <Ports = 2> <Width = 8> <Depth = 25> <RAM>

State 7 <SV = 6> <Delay = 5.41>
ST_7 : Operation 166 [1/1] (0.00ns)   --->   "%a_addr_14 = getelementptr i8 %a, i64 0, i64 14" [../source/tut3B_Function/matrix_mult.cpp:21]   --->   Operation 166 'getelementptr' 'a_addr_14' <Predicate = true> <Delay = 0.00>
ST_7 : Operation 167 [1/1] (0.00ns)   --->   "%a_addr_19 = getelementptr i8 %a, i64 0, i64 19" [../source/tut3B_Function/matrix_mult.cpp:21]   --->   Operation 167 'getelementptr' 'a_addr_19' <Predicate = true> <Delay = 0.00>
ST_7 : Operation 168 [1/1] (0.00ns)   --->   "%b_addr_14 = getelementptr i8 %b, i64 0, i64 22" [../source/tut3B_Function/matrix_mult.cpp:21]   --->   Operation 168 'getelementptr' 'b_addr_14' <Predicate = true> <Delay = 0.00>
ST_7 : Operation 169 [1/1] (0.00ns)   --->   "%b_addr_19 = getelementptr i8 %b, i64 0, i64 23" [../source/tut3B_Function/matrix_mult.cpp:21]   --->   Operation 169 'getelementptr' 'b_addr_19' <Predicate = true> <Delay = 0.00>
ST_7 : Operation 170 [1/2] ( I:0.00ns O:0.00ns )   --->   "%a_load_4 = load i5 %a_addr_4" [../source/tut3B_Function/matrix_mult.cpp:21]   --->   Operation 170 'load' 'a_load_4' <Predicate = true> <Delay = 0.00> <CoreInst = "RAM">   --->   Core 81 'RAM' <Latency = 1> <II = 1> <Delay = 2.32> <Storage> <Opcode : 'load' 'store'> <Ports = 2> <Width = 8> <Depth = 25> <RAM>
ST_7 : Operation 171 [1/1] (0.00ns)   --->   "%sext_ln21_8 = sext i8 %a_load_4" [../source/tut3B_Function/matrix_mult.cpp:21]   --->   Operation 171 'sext' 'sext_ln21_8' <Predicate = true> <Delay = 0.00>
ST_7 : Operation 172 [1/2] ( I:0.00ns O:0.00ns )   --->   "%b_load_4 = load i5 %b_addr_4" [../source/tut3B_Function/matrix_mult.cpp:21]   --->   Operation 172 'load' 'b_load_4' <Predicate = true> <Delay = 0.00> <CoreInst = "RAM">   --->   Core 81 'RAM' <Latency = 1> <II = 1> <Delay = 2.32> <Storage> <Opcode : 'load' 'store'> <Ports = 2> <Width = 8> <Depth = 25> <RAM>
ST_7 : Operation 173 [1/1] (0.00ns)   --->   "%sext_ln21_9 = sext i8 %b_load_4" [../source/tut3B_Function/matrix_mult.cpp:21]   --->   Operation 173 'sext' 'sext_ln21_9' <Predicate = true> <Delay = 0.00>
ST_7 : Operation 174 [3/3] (1.05ns) (grouped into DSP with root node add_ln21_1)   --->   "%mul_ln21_2 = mul i16 %sext_ln21_9, i16 %sext_ln21_8" [../source/tut3B_Function/matrix_mult.cpp:21]   --->   Operation 174 'mul' 'mul_ln21_2' <Predicate = true> <Delay = 1.05> <CoreInst = "DSP48">   --->   Core 116 'DSP48' <Latency = 3> <II = 1> <Delay = 2.15> <IPBlock> <Opcode : 'add' 'sub' 'mul' 'select'> <InPorts = 0> <OutPorts = 1> <Sync> <CReg>
ST_7 : Operation 175 [1/2] ( I:0.00ns O:0.00ns )   --->   "%b_load_9 = load i5 %b_addr_9" [../source/tut3B_Function/matrix_mult.cpp:21]   --->   Operation 175 'load' 'b_load_9' <Predicate = true> <Delay = 0.00> <CoreInst = "RAM">   --->   Core 81 'RAM' <Latency = 1> <II = 1> <Delay = 2.32> <Storage> <Opcode : 'load' 'store'> <Ports = 2> <Width = 8> <Depth = 25> <RAM>
ST_7 : Operation 176 [1/1] (0.00ns)   --->   "%sext_ln21_14 = sext i8 %b_load_9" [../source/tut3B_Function/matrix_mult.cpp:21]   --->   Operation 176 'sext' 'sext_ln21_14' <Predicate = true> <Delay = 0.00>
ST_7 : Operation 177 [3/3] (1.05ns) (grouped into DSP with root node add_ln21_5)   --->   "%mul_ln21_7 = mul i16 %sext_ln21_14, i16 %sext_ln21_8" [../source/tut3B_Function/matrix_mult.cpp:21]   --->   Operation 177 'mul' 'mul_ln21_7' <Predicate = true> <Delay = 1.05> <CoreInst = "DSP48">   --->   Core 116 'DSP48' <Latency = 3> <II = 1> <Delay = 2.15> <IPBlock> <Opcode : 'add' 'sub' 'mul' 'select'> <InPorts = 0> <OutPorts = 1> <Sync> <CReg>
ST_7 : Operation 178 [2/2] (0.00ns)   --->   "%b_load_14 = load i5 %b_addr_14" [../source/tut3B_Function/matrix_mult.cpp:21]   --->   Operation 178 'load' 'b_load_14' <Predicate = true> <Delay = 0.00> <CoreInst = "RAM">   --->   Core 81 'RAM' <Latency = 1> <II = 1> <Delay = 2.32> <Storage> <Opcode : 'load' 'store'> <Ports = 2> <Width = 8> <Depth = 25> <RAM>
ST_7 : Operation 179 [1/5] (5.41ns)   --->   "%mul_ln21_13 = mul i16 %sext_ln21_18, i16 %sext_ln21_6" [../source/tut3B_Function/matrix_mult.cpp:21]   --->   Operation 179 'mul' 'mul_ln21_13' <Predicate = true> <Delay = 5.41> <CoreInst = "Multiplier">   --->   Core 3 'Multiplier' <Latency = 4> <II = 1> <Delay = 5.41> <FuncUnit> <Opcode : 'mul'> <InPorts = 2> <OutPorts = 1>
ST_7 : Operation 180 [2/2] (0.00ns)   --->   "%b_load_19 = load i5 %b_addr_19" [../source/tut3B_Function/matrix_mult.cpp:21]   --->   Operation 180 'load' 'b_load_19' <Predicate = true> <Delay = 0.00> <CoreInst = "RAM">   --->   Core 81 'RAM' <Latency = 1> <II = 1> <Delay = 2.32> <Storage> <Opcode : 'load' 'store'> <Ports = 2> <Width = 8> <Depth = 25> <RAM>
ST_7 : Operation 181 [1/5] (5.41ns)   --->   "%mul_ln21_18 = mul i16 %sext_ln21_23, i16 %sext_ln21_6" [../source/tut3B_Function/matrix_mult.cpp:21]   --->   Operation 181 'mul' 'mul_ln21_18' <Predicate = true> <Delay = 5.41> <CoreInst = "Multiplier">   --->   Core 3 'Multiplier' <Latency = 4> <II = 1> <Delay = 5.41> <FuncUnit> <Opcode : 'mul'> <InPorts = 2> <OutPorts = 1>
ST_7 : Operation 182 [2/5] (5.41ns)   --->   "%mul_ln21_23 = mul i16 %sext_ln21_28, i16 %sext_ln21_6" [../source/tut3B_Function/matrix_mult.cpp:21]   --->   Operation 182 'mul' 'mul_ln21_23' <Predicate = true> <Delay = 5.41> <CoreInst = "Multiplier">   --->   Core 3 'Multiplier' <Latency = 4> <II = 1> <Delay = 5.41> <FuncUnit> <Opcode : 'mul'> <InPorts = 2> <OutPorts = 1>
ST_7 : Operation 183 [1/2] ( I:0.00ns O:0.00ns )   --->   "%a_load_9 = load i5 %a_addr_9" [../source/tut3B_Function/matrix_mult.cpp:21]   --->   Operation 183 'load' 'a_load_9' <Predicate = true> <Delay = 0.00> <CoreInst = "RAM">   --->   Core 81 'RAM' <Latency = 1> <II = 1> <Delay = 2.32> <Storage> <Opcode : 'load' 'store'> <Ports = 2> <Width = 8> <Depth = 25> <RAM>
ST_7 : Operation 184 [1/1] (0.00ns)   --->   "%sext_ln21_34 = sext i8 %a_load_9" [../source/tut3B_Function/matrix_mult.cpp:21]   --->   Operation 184 'sext' 'sext_ln21_34' <Predicate = true> <Delay = 0.00>
ST_7 : Operation 185 [3/3] (1.05ns) (grouped into DSP with root node add_ln21_21)   --->   "%mul_ln21_27 = mul i16 %sext_ln21_34, i16 %sext_ln21_9" [../source/tut3B_Function/matrix_mult.cpp:21]   --->   Operation 185 'mul' 'mul_ln21_27' <Predicate = true> <Delay = 1.05> <CoreInst = "DSP48">   --->   Core 116 'DSP48' <Latency = 3> <II = 1> <Delay = 2.15> <IPBlock> <Opcode : 'add' 'sub' 'mul' 'select'> <InPorts = 0> <OutPorts = 1> <Sync> <CReg>
ST_7 : Operation 186 [3/3] (1.05ns) (grouped into DSP with root node add_ln21_25)   --->   "%mul_ln21_32 = mul i16 %sext_ln21_34, i16 %sext_ln21_14" [../source/tut3B_Function/matrix_mult.cpp:21]   --->   Operation 186 'mul' 'mul_ln21_32' <Predicate = true> <Delay = 1.05> <CoreInst = "DSP48">   --->   Core 116 'DSP48' <Latency = 3> <II = 1> <Delay = 2.15> <IPBlock> <Opcode : 'add' 'sub' 'mul' 'select'> <InPorts = 0> <OutPorts = 1> <Sync> <CReg>
ST_7 : Operation 187 [1/5] (5.41ns)   --->   "%mul_ln21_38 = mul i16 %sext_ln21_33, i16 %sext_ln21_18" [../source/tut3B_Function/matrix_mult.cpp:21]   --->   Operation 187 'mul' 'mul_ln21_38' <Predicate = true> <Delay = 5.41> <CoreInst = "Multiplier">   --->   Core 3 'Multiplier' <Latency = 4> <II = 1> <Delay = 5.41> <FuncUnit> <Opcode : 'mul'> <InPorts = 2> <OutPorts = 1>
ST_7 : Operation 188 [1/5] (5.41ns)   --->   "%mul_ln21_43 = mul i16 %sext_ln21_33, i16 %sext_ln21_23" [../source/tut3B_Function/matrix_mult.cpp:21]   --->   Operation 188 'mul' 'mul_ln21_43' <Predicate = true> <Delay = 5.41> <CoreInst = "Multiplier">   --->   Core 3 'Multiplier' <Latency = 4> <II = 1> <Delay = 5.41> <FuncUnit> <Opcode : 'mul'> <InPorts = 2> <OutPorts = 1>
ST_7 : Operation 189 [2/5] (5.41ns)   --->   "%mul_ln21_48 = mul i16 %sext_ln21_33, i16 %sext_ln21_28" [../source/tut3B_Function/matrix_mult.cpp:21]   --->   Operation 189 'mul' 'mul_ln21_48' <Predicate = true> <Delay = 5.41> <CoreInst = "Multiplier">   --->   Core 3 'Multiplier' <Latency = 4> <II = 1> <Delay = 5.41> <FuncUnit> <Opcode : 'mul'> <InPorts = 2> <OutPorts = 1>
ST_7 : Operation 190 [2/2] (0.00ns)   --->   "%a_load_14 = load i5 %a_addr_14" [../source/tut3B_Function/matrix_mult.cpp:21]   --->   Operation 190 'load' 'a_load_14' <Predicate = true> <Delay = 0.00> <CoreInst = "RAM">   --->   Core 81 'RAM' <Latency = 1> <II = 1> <Delay = 2.32> <Storage> <Opcode : 'load' 'store'> <Ports = 2> <Width = 8> <Depth = 25> <RAM>
ST_7 : Operation 191 [2/5] (5.41ns)   --->   "%mul_ln21_53 = mul i16 %sext_ln21_38, i16 %sext_ln21_7" [../source/tut3B_Function/matrix_mult.cpp:21]   --->   Operation 191 'mul' 'mul_ln21_53' <Predicate = true> <Delay = 5.41> <CoreInst = "Multiplier">   --->   Core 3 'Multiplier' <Latency = 4> <II = 1> <Delay = 5.41> <FuncUnit> <Opcode : 'mul'> <InPorts = 2> <OutPorts = 1>
ST_7 : Operation 192 [2/5] (5.41ns)   --->   "%mul_ln21_58 = mul i16 %sext_ln21_38, i16 %sext_ln21_13" [../source/tut3B_Function/matrix_mult.cpp:21]   --->   Operation 192 'mul' 'mul_ln21_58' <Predicate = true> <Delay = 5.41> <CoreInst = "Multiplier">   --->   Core 3 'Multiplier' <Latency = 4> <II = 1> <Delay = 5.41> <FuncUnit> <Opcode : 'mul'> <InPorts = 2> <OutPorts = 1>
ST_7 : Operation 193 [3/5] (5.41ns)   --->   "%mul_ln21_63 = mul i16 %sext_ln21_38, i16 %sext_ln21_18" [../source/tut3B_Function/matrix_mult.cpp:21]   --->   Operation 193 'mul' 'mul_ln21_63' <Predicate = true> <Delay = 5.41> <CoreInst = "Multiplier">   --->   Core 3 'Multiplier' <Latency = 4> <II = 1> <Delay = 5.41> <FuncUnit> <Opcode : 'mul'> <InPorts = 2> <OutPorts = 1>
ST_7 : Operation 194 [3/5] (5.41ns)   --->   "%mul_ln21_68 = mul i16 %sext_ln21_38, i16 %sext_ln21_23" [../source/tut3B_Function/matrix_mult.cpp:21]   --->   Operation 194 'mul' 'mul_ln21_68' <Predicate = true> <Delay = 5.41> <CoreInst = "Multiplier">   --->   Core 3 'Multiplier' <Latency = 4> <II = 1> <Delay = 5.41> <FuncUnit> <Opcode : 'mul'> <InPorts = 2> <OutPorts = 1>
ST_7 : Operation 195 [3/5] (5.41ns)   --->   "%mul_ln21_73 = mul i16 %sext_ln21_38, i16 %sext_ln21_28" [../source/tut3B_Function/matrix_mult.cpp:21]   --->   Operation 195 'mul' 'mul_ln21_73' <Predicate = true> <Delay = 5.41> <CoreInst = "Multiplier">   --->   Core 3 'Multiplier' <Latency = 4> <II = 1> <Delay = 5.41> <FuncUnit> <Opcode : 'mul'> <InPorts = 2> <OutPorts = 1>
ST_7 : Operation 196 [2/2] (0.00ns)   --->   "%a_load_19 = load i5 %a_addr_19" [../source/tut3B_Function/matrix_mult.cpp:21]   --->   Operation 196 'load' 'a_load_19' <Predicate = true> <Delay = 0.00> <CoreInst = "RAM">   --->   Core 81 'RAM' <Latency = 1> <II = 1> <Delay = 2.32> <Storage> <Opcode : 'load' 'store'> <Ports = 2> <Width = 8> <Depth = 25> <RAM>
ST_7 : Operation 197 [3/5] (5.41ns)   --->   "%mul_ln21_78 = mul i16 %sext_ln21_43, i16 %sext_ln21_7" [../source/tut3B_Function/matrix_mult.cpp:21]   --->   Operation 197 'mul' 'mul_ln21_78' <Predicate = true> <Delay = 5.41> <CoreInst = "Multiplier">   --->   Core 3 'Multiplier' <Latency = 4> <II = 1> <Delay = 5.41> <FuncUnit> <Opcode : 'mul'> <InPorts = 2> <OutPorts = 1>
ST_7 : Operation 198 [4/5] (5.41ns)   --->   "%mul_ln21_83 = mul i16 %sext_ln21_43, i16 %sext_ln21_13" [../source/tut3B_Function/matrix_mult.cpp:21]   --->   Operation 198 'mul' 'mul_ln21_83' <Predicate = true> <Delay = 5.41> <CoreInst = "Multiplier">   --->   Core 3 'Multiplier' <Latency = 4> <II = 1> <Delay = 5.41> <FuncUnit> <Opcode : 'mul'> <InPorts = 2> <OutPorts = 1>
ST_7 : Operation 199 [4/5] (5.41ns)   --->   "%mul_ln21_88 = mul i16 %sext_ln21_43, i16 %sext_ln21_18" [../source/tut3B_Function/matrix_mult.cpp:21]   --->   Operation 199 'mul' 'mul_ln21_88' <Predicate = true> <Delay = 5.41> <CoreInst = "Multiplier">   --->   Core 3 'Multiplier' <Latency = 4> <II = 1> <Delay = 5.41> <FuncUnit> <Opcode : 'mul'> <InPorts = 2> <OutPorts = 1>
ST_7 : Operation 200 [4/5] (5.41ns)   --->   "%mul_ln21_93 = mul i16 %sext_ln21_43, i16 %sext_ln21_23" [../source/tut3B_Function/matrix_mult.cpp:21]   --->   Operation 200 'mul' 'mul_ln21_93' <Predicate = true> <Delay = 5.41> <CoreInst = "Multiplier">   --->   Core 3 'Multiplier' <Latency = 4> <II = 1> <Delay = 5.41> <FuncUnit> <Opcode : 'mul'> <InPorts = 2> <OutPorts = 1>
ST_7 : Operation 201 [4/5] (5.41ns)   --->   "%mul_ln21_98 = mul i16 %sext_ln21_43, i16 %sext_ln21_28" [../source/tut3B_Function/matrix_mult.cpp:21]   --->   Operation 201 'mul' 'mul_ln21_98' <Predicate = true> <Delay = 5.41> <CoreInst = "Multiplier">   --->   Core 3 'Multiplier' <Latency = 4> <II = 1> <Delay = 5.41> <FuncUnit> <Opcode : 'mul'> <InPorts = 2> <OutPorts = 1>
ST_7 : Operation 202 [1/1] (0.00ns)   --->   "%sext_ln21_48 = sext i8 %a_load_23" [../source/tut3B_Function/matrix_mult.cpp:21]   --->   Operation 202 'sext' 'sext_ln21_48' <Predicate = true> <Delay = 0.00>
ST_7 : Operation 203 [5/5] (5.41ns)   --->   "%mul_ln21_103 = mul i16 %sext_ln21_48, i16 %sext_ln21_7" [../source/tut3B_Function/matrix_mult.cpp:21]   --->   Operation 203 'mul' 'mul_ln21_103' <Predicate = true> <Delay = 5.41> <CoreInst = "Multiplier">   --->   Core 3 'Multiplier' <Latency = 4> <II = 1> <Delay = 5.41> <FuncUnit> <Opcode : 'mul'> <InPorts = 2> <OutPorts = 1>
ST_7 : Operation 204 [5/5] (5.41ns)   --->   "%mul_ln21_108 = mul i16 %sext_ln21_48, i16 %sext_ln21_13" [../source/tut3B_Function/matrix_mult.cpp:21]   --->   Operation 204 'mul' 'mul_ln21_108' <Predicate = true> <Delay = 5.41> <CoreInst = "Multiplier">   --->   Core 3 'Multiplier' <Latency = 4> <II = 1> <Delay = 5.41> <FuncUnit> <Opcode : 'mul'> <InPorts = 2> <OutPorts = 1>
ST_7 : Operation 205 [5/5] (5.41ns)   --->   "%mul_ln21_113 = mul i16 %sext_ln21_48, i16 %sext_ln21_18" [../source/tut3B_Function/matrix_mult.cpp:21]   --->   Operation 205 'mul' 'mul_ln21_113' <Predicate = true> <Delay = 5.41> <CoreInst = "Multiplier">   --->   Core 3 'Multiplier' <Latency = 4> <II = 1> <Delay = 5.41> <FuncUnit> <Opcode : 'mul'> <InPorts = 2> <OutPorts = 1>
ST_7 : Operation 206 [5/5] (5.41ns)   --->   "%mul_ln21_118 = mul i16 %sext_ln21_48, i16 %sext_ln21_23" [../source/tut3B_Function/matrix_mult.cpp:21]   --->   Operation 206 'mul' 'mul_ln21_118' <Predicate = true> <Delay = 5.41> <CoreInst = "Multiplier">   --->   Core 3 'Multiplier' <Latency = 4> <II = 1> <Delay = 5.41> <FuncUnit> <Opcode : 'mul'> <InPorts = 2> <OutPorts = 1>

State 8 <SV = 7> <Delay = 5.41>
ST_8 : Operation 207 [1/1] (0.00ns)   --->   "%a_addr = getelementptr i8 %a, i64 0, i64 0" [../source/tut3B_Function/matrix_mult.cpp:21]   --->   Operation 207 'getelementptr' 'a_addr' <Predicate = true> <Delay = 0.00>
ST_8 : Operation 208 [1/1] (0.00ns)   --->   "%a_addr_24 = getelementptr i8 %a, i64 0, i64 24" [../source/tut3B_Function/matrix_mult.cpp:21]   --->   Operation 208 'getelementptr' 'a_addr_24' <Predicate = true> <Delay = 0.00>
ST_8 : Operation 209 [1/1] (0.00ns)   --->   "%b_addr = getelementptr i8 %b, i64 0, i64 0" [../source/tut3B_Function/matrix_mult.cpp:21]   --->   Operation 209 'getelementptr' 'b_addr' <Predicate = true> <Delay = 0.00>
ST_8 : Operation 210 [1/1] (0.00ns)   --->   "%b_addr_24 = getelementptr i8 %b, i64 0, i64 24" [../source/tut3B_Function/matrix_mult.cpp:21]   --->   Operation 210 'getelementptr' 'b_addr_24' <Predicate = true> <Delay = 0.00>
ST_8 : Operation 211 [2/2] (0.00ns)   --->   "%a_load = load i5 %a_addr" [../source/tut3B_Function/matrix_mult.cpp:21]   --->   Operation 211 'load' 'a_load' <Predicate = true> <Delay = 0.00> <CoreInst = "RAM">   --->   Core 81 'RAM' <Latency = 1> <II = 1> <Delay = 2.32> <Storage> <Opcode : 'load' 'store'> <Ports = 2> <Width = 8> <Depth = 25> <RAM>
ST_8 : Operation 212 [2/2] (0.00ns)   --->   "%b_load = load i5 %b_addr" [../source/tut3B_Function/matrix_mult.cpp:21]   --->   Operation 212 'load' 'b_load' <Predicate = true> <Delay = 0.00> <CoreInst = "RAM">   --->   Core 81 'RAM' <Latency = 1> <II = 1> <Delay = 2.32> <Storage> <Opcode : 'load' 'store'> <Ports = 2> <Width = 8> <Depth = 25> <RAM>
ST_8 : Operation 213 [1/1] (0.00ns)   --->   "%sext_ln21_2 = sext i8 %a_load_1" [../source/tut3B_Function/matrix_mult.cpp:21]   --->   Operation 213 'sext' 'sext_ln21_2' <Predicate = true> <Delay = 0.00>
ST_8 : Operation 214 [1/1] (0.00ns)   --->   "%sext_ln21_3 = sext i8 %b_load_1" [../source/tut3B_Function/matrix_mult.cpp:21]   --->   Operation 214 'sext' 'sext_ln21_3' <Predicate = true> <Delay = 0.00>
ST_8 : Operation 215 [5/5] (5.41ns)   --->   "%mul_ln21_1 = mul i16 %sext_ln21_3, i16 %sext_ln21_2" [../source/tut3B_Function/matrix_mult.cpp:21]   --->   Operation 215 'mul' 'mul_ln21_1' <Predicate = true> <Delay = 5.41> <CoreInst = "Multiplier">   --->   Core 3 'Multiplier' <Latency = 4> <II = 1> <Delay = 5.41> <FuncUnit> <Opcode : 'mul'> <InPorts = 2> <OutPorts = 1>
ST_8 : Operation 216 [2/3] (1.05ns) (grouped into DSP with root node add_ln21_1)   --->   "%mul_ln21_2 = mul i16 %sext_ln21_9, i16 %sext_ln21_8" [../source/tut3B_Function/matrix_mult.cpp:21]   --->   Operation 216 'mul' 'mul_ln21_2' <Predicate = true> <Delay = 1.05> <CoreInst = "DSP48">   --->   Core 116 'DSP48' <Latency = 3> <II = 1> <Delay = 2.15> <IPBlock> <Opcode : 'add' 'sub' 'mul' 'select'> <InPorts = 0> <OutPorts = 1> <Sync> <CReg>
ST_8 : Operation 217 [1/1] (0.00ns)   --->   "%sext_ln21_11 = sext i8 %b_load_6" [../source/tut3B_Function/matrix_mult.cpp:21]   --->   Operation 217 'sext' 'sext_ln21_11' <Predicate = true> <Delay = 0.00>
ST_8 : Operation 218 [5/5] (5.41ns)   --->   "%mul_ln21_6 = mul i16 %sext_ln21_11, i16 %sext_ln21_2" [../source/tut3B_Function/matrix_mult.cpp:21]   --->   Operation 218 'mul' 'mul_ln21_6' <Predicate = true> <Delay = 5.41> <CoreInst = "Multiplier">   --->   Core 3 'Multiplier' <Latency = 4> <II = 1> <Delay = 5.41> <FuncUnit> <Opcode : 'mul'> <InPorts = 2> <OutPorts = 1>
ST_8 : Operation 219 [2/3] (1.05ns) (grouped into DSP with root node add_ln21_5)   --->   "%mul_ln21_7 = mul i16 %sext_ln21_14, i16 %sext_ln21_8" [../source/tut3B_Function/matrix_mult.cpp:21]   --->   Operation 219 'mul' 'mul_ln21_7' <Predicate = true> <Delay = 1.05> <CoreInst = "DSP48">   --->   Core 116 'DSP48' <Latency = 3> <II = 1> <Delay = 2.15> <IPBlock> <Opcode : 'add' 'sub' 'mul' 'select'> <InPorts = 0> <OutPorts = 1> <Sync> <CReg>
ST_8 : Operation 220 [1/1] (0.00ns)   --->   "%sext_ln21_16 = sext i8 %b_load_11" [../source/tut3B_Function/matrix_mult.cpp:21]   --->   Operation 220 'sext' 'sext_ln21_16' <Predicate = true> <Delay = 0.00>
ST_8 : Operation 221 [1/2] ( I:0.00ns O:0.00ns )   --->   "%b_load_14 = load i5 %b_addr_14" [../source/tut3B_Function/matrix_mult.cpp:21]   --->   Operation 221 'load' 'b_load_14' <Predicate = true> <Delay = 0.00> <CoreInst = "RAM">   --->   Core 81 'RAM' <Latency = 1> <II = 1> <Delay = 2.32> <Storage> <Opcode : 'load' 'store'> <Ports = 2> <Width = 8> <Depth = 25> <RAM>
ST_8 : Operation 222 [1/1] (0.00ns)   --->   "%sext_ln21_19 = sext i8 %b_load_14" [../source/tut3B_Function/matrix_mult.cpp:21]   --->   Operation 222 'sext' 'sext_ln21_19' <Predicate = true> <Delay = 0.00>
ST_8 : Operation 223 [5/5] (5.41ns)   --->   "%mul_ln21_11 = mul i16 %sext_ln21_16, i16 %sext_ln21_2" [../source/tut3B_Function/matrix_mult.cpp:21]   --->   Operation 223 'mul' 'mul_ln21_11' <Predicate = true> <Delay = 5.41> <CoreInst = "Multiplier">   --->   Core 3 'Multiplier' <Latency = 4> <II = 1> <Delay = 5.41> <FuncUnit> <Opcode : 'mul'> <InPorts = 2> <OutPorts = 1>
ST_8 : Operation 224 [3/3] (1.05ns) (grouped into DSP with root node add_ln21_9)   --->   "%mul_ln21_12 = mul i16 %sext_ln21_19, i16 %sext_ln21_8" [../source/tut3B_Function/matrix_mult.cpp:21]   --->   Operation 224 'mul' 'mul_ln21_12' <Predicate = true> <Delay = 1.05> <CoreInst = "DSP48">   --->   Core 116 'DSP48' <Latency = 3> <II = 1> <Delay = 2.15> <IPBlock> <Opcode : 'add' 'sub' 'mul' 'select'> <InPorts = 0> <OutPorts = 1> <Sync> <CReg>
ST_8 : Operation 225 [1/2] ( I:0.00ns O:0.00ns )   --->   "%b_load_19 = load i5 %b_addr_19" [../source/tut3B_Function/matrix_mult.cpp:21]   --->   Operation 225 'load' 'b_load_19' <Predicate = true> <Delay = 0.00> <CoreInst = "RAM">   --->   Core 81 'RAM' <Latency = 1> <II = 1> <Delay = 2.32> <Storage> <Opcode : 'load' 'store'> <Ports = 2> <Width = 8> <Depth = 25> <RAM>
ST_8 : Operation 226 [1/1] (0.00ns)   --->   "%sext_ln21_24 = sext i8 %b_load_19" [../source/tut3B_Function/matrix_mult.cpp:21]   --->   Operation 226 'sext' 'sext_ln21_24' <Predicate = true> <Delay = 0.00>
ST_8 : Operation 227 [3/3] (1.05ns) (grouped into DSP with root node add_ln21_13)   --->   "%mul_ln21_17 = mul i16 %sext_ln21_24, i16 %sext_ln21_8" [../source/tut3B_Function/matrix_mult.cpp:21]   --->   Operation 227 'mul' 'mul_ln21_17' <Predicate = true> <Delay = 1.05> <CoreInst = "DSP48">   --->   Core 116 'DSP48' <Latency = 3> <II = 1> <Delay = 2.15> <IPBlock> <Opcode : 'add' 'sub' 'mul' 'select'> <InPorts = 0> <OutPorts = 1> <Sync> <CReg>
ST_8 : Operation 228 [2/2] (0.00ns)   --->   "%b_load_24 = load i5 %b_addr_24" [../source/tut3B_Function/matrix_mult.cpp:21]   --->   Operation 228 'load' 'b_load_24' <Predicate = true> <Delay = 0.00> <CoreInst = "RAM">   --->   Core 81 'RAM' <Latency = 1> <II = 1> <Delay = 2.32> <Storage> <Opcode : 'load' 'store'> <Ports = 2> <Width = 8> <Depth = 25> <RAM>
ST_8 : Operation 229 [1/5] (5.41ns)   --->   "%mul_ln21_23 = mul i16 %sext_ln21_28, i16 %sext_ln21_6" [../source/tut3B_Function/matrix_mult.cpp:21]   --->   Operation 229 'mul' 'mul_ln21_23' <Predicate = true> <Delay = 5.41> <CoreInst = "Multiplier">   --->   Core 3 'Multiplier' <Latency = 4> <II = 1> <Delay = 5.41> <FuncUnit> <Opcode : 'mul'> <InPorts = 2> <OutPorts = 1>
ST_8 : Operation 230 [2/3] (1.05ns) (grouped into DSP with root node add_ln21_21)   --->   "%mul_ln21_27 = mul i16 %sext_ln21_34, i16 %sext_ln21_9" [../source/tut3B_Function/matrix_mult.cpp:21]   --->   Operation 230 'mul' 'mul_ln21_27' <Predicate = true> <Delay = 1.05> <CoreInst = "DSP48">   --->   Core 116 'DSP48' <Latency = 3> <II = 1> <Delay = 2.15> <IPBlock> <Opcode : 'add' 'sub' 'mul' 'select'> <InPorts = 0> <OutPorts = 1> <Sync> <CReg>
ST_8 : Operation 231 [2/3] (1.05ns) (grouped into DSP with root node add_ln21_25)   --->   "%mul_ln21_32 = mul i16 %sext_ln21_34, i16 %sext_ln21_14" [../source/tut3B_Function/matrix_mult.cpp:21]   --->   Operation 231 'mul' 'mul_ln21_32' <Predicate = true> <Delay = 1.05> <CoreInst = "DSP48">   --->   Core 116 'DSP48' <Latency = 3> <II = 1> <Delay = 2.15> <IPBlock> <Opcode : 'add' 'sub' 'mul' 'select'> <InPorts = 0> <OutPorts = 1> <Sync> <CReg>
ST_8 : Operation 232 [3/3] (1.05ns) (grouped into DSP with root node add_ln21_29)   --->   "%mul_ln21_37 = mul i16 %sext_ln21_34, i16 %sext_ln21_19" [../source/tut3B_Function/matrix_mult.cpp:21]   --->   Operation 232 'mul' 'mul_ln21_37' <Predicate = true> <Delay = 1.05> <CoreInst = "DSP48">   --->   Core 116 'DSP48' <Latency = 3> <II = 1> <Delay = 2.15> <IPBlock> <Opcode : 'add' 'sub' 'mul' 'select'> <InPorts = 0> <OutPorts = 1> <Sync> <CReg>
ST_8 : Operation 233 [3/3] (1.05ns) (grouped into DSP with root node add_ln21_33)   --->   "%mul_ln21_42 = mul i16 %sext_ln21_34, i16 %sext_ln21_24" [../source/tut3B_Function/matrix_mult.cpp:21]   --->   Operation 233 'mul' 'mul_ln21_42' <Predicate = true> <Delay = 1.05> <CoreInst = "DSP48">   --->   Core 116 'DSP48' <Latency = 3> <II = 1> <Delay = 2.15> <IPBlock> <Opcode : 'add' 'sub' 'mul' 'select'> <InPorts = 0> <OutPorts = 1> <Sync> <CReg>
ST_8 : Operation 234 [1/5] (5.41ns)   --->   "%mul_ln21_48 = mul i16 %sext_ln21_33, i16 %sext_ln21_28" [../source/tut3B_Function/matrix_mult.cpp:21]   --->   Operation 234 'mul' 'mul_ln21_48' <Predicate = true> <Delay = 5.41> <CoreInst = "Multiplier">   --->   Core 3 'Multiplier' <Latency = 4> <II = 1> <Delay = 5.41> <FuncUnit> <Opcode : 'mul'> <InPorts = 2> <OutPorts = 1>
ST_8 : Operation 235 [1/2] ( I:0.00ns O:0.00ns )   --->   "%a_load_14 = load i5 %a_addr_14" [../source/tut3B_Function/matrix_mult.cpp:21]   --->   Operation 235 'load' 'a_load_14' <Predicate = true> <Delay = 0.00> <CoreInst = "RAM">   --->   Core 81 'RAM' <Latency = 1> <II = 1> <Delay = 2.32> <Storage> <Opcode : 'load' 'store'> <Ports = 2> <Width = 8> <Depth = 25> <RAM>
ST_8 : Operation 236 [1/1] (0.00ns)   --->   "%sext_ln21_39 = sext i8 %a_load_14" [../source/tut3B_Function/matrix_mult.cpp:21]   --->   Operation 236 'sext' 'sext_ln21_39' <Predicate = true> <Delay = 0.00>
ST_8 : Operation 237 [3/3] (1.05ns) (grouped into DSP with root node add_ln21_41)   --->   "%mul_ln21_52 = mul i16 %sext_ln21_39, i16 %sext_ln21_9" [../source/tut3B_Function/matrix_mult.cpp:21]   --->   Operation 237 'mul' 'mul_ln21_52' <Predicate = true> <Delay = 1.05> <CoreInst = "DSP48">   --->   Core 116 'DSP48' <Latency = 3> <II = 1> <Delay = 2.15> <IPBlock> <Opcode : 'add' 'sub' 'mul' 'select'> <InPorts = 0> <OutPorts = 1> <Sync> <CReg>
ST_8 : Operation 238 [1/5] (5.41ns)   --->   "%mul_ln21_53 = mul i16 %sext_ln21_38, i16 %sext_ln21_7" [../source/tut3B_Function/matrix_mult.cpp:21]   --->   Operation 238 'mul' 'mul_ln21_53' <Predicate = true> <Delay = 5.41> <CoreInst = "Multiplier">   --->   Core 3 'Multiplier' <Latency = 4> <II = 1> <Delay = 5.41> <FuncUnit> <Opcode : 'mul'> <InPorts = 2> <OutPorts = 1>
ST_8 : Operation 239 [3/3] (1.05ns) (grouped into DSP with root node add_ln21_45)   --->   "%mul_ln21_57 = mul i16 %sext_ln21_39, i16 %sext_ln21_14" [../source/tut3B_Function/matrix_mult.cpp:21]   --->   Operation 239 'mul' 'mul_ln21_57' <Predicate = true> <Delay = 1.05> <CoreInst = "DSP48">   --->   Core 116 'DSP48' <Latency = 3> <II = 1> <Delay = 2.15> <IPBlock> <Opcode : 'add' 'sub' 'mul' 'select'> <InPorts = 0> <OutPorts = 1> <Sync> <CReg>
ST_8 : Operation 240 [1/5] (5.41ns)   --->   "%mul_ln21_58 = mul i16 %sext_ln21_38, i16 %sext_ln21_13" [../source/tut3B_Function/matrix_mult.cpp:21]   --->   Operation 240 'mul' 'mul_ln21_58' <Predicate = true> <Delay = 5.41> <CoreInst = "Multiplier">   --->   Core 3 'Multiplier' <Latency = 4> <II = 1> <Delay = 5.41> <FuncUnit> <Opcode : 'mul'> <InPorts = 2> <OutPorts = 1>
ST_8 : Operation 241 [2/5] (5.41ns)   --->   "%mul_ln21_63 = mul i16 %sext_ln21_38, i16 %sext_ln21_18" [../source/tut3B_Function/matrix_mult.cpp:21]   --->   Operation 241 'mul' 'mul_ln21_63' <Predicate = true> <Delay = 5.41> <CoreInst = "Multiplier">   --->   Core 3 'Multiplier' <Latency = 4> <II = 1> <Delay = 5.41> <FuncUnit> <Opcode : 'mul'> <InPorts = 2> <OutPorts = 1>
ST_8 : Operation 242 [2/5] (5.41ns)   --->   "%mul_ln21_68 = mul i16 %sext_ln21_38, i16 %sext_ln21_23" [../source/tut3B_Function/matrix_mult.cpp:21]   --->   Operation 242 'mul' 'mul_ln21_68' <Predicate = true> <Delay = 5.41> <CoreInst = "Multiplier">   --->   Core 3 'Multiplier' <Latency = 4> <II = 1> <Delay = 5.41> <FuncUnit> <Opcode : 'mul'> <InPorts = 2> <OutPorts = 1>
ST_8 : Operation 243 [2/5] (5.41ns)   --->   "%mul_ln21_73 = mul i16 %sext_ln21_38, i16 %sext_ln21_28" [../source/tut3B_Function/matrix_mult.cpp:21]   --->   Operation 243 'mul' 'mul_ln21_73' <Predicate = true> <Delay = 5.41> <CoreInst = "Multiplier">   --->   Core 3 'Multiplier' <Latency = 4> <II = 1> <Delay = 5.41> <FuncUnit> <Opcode : 'mul'> <InPorts = 2> <OutPorts = 1>
ST_8 : Operation 244 [1/2] ( I:0.00ns O:0.00ns )   --->   "%a_load_19 = load i5 %a_addr_19" [../source/tut3B_Function/matrix_mult.cpp:21]   --->   Operation 244 'load' 'a_load_19' <Predicate = true> <Delay = 0.00> <CoreInst = "RAM">   --->   Core 81 'RAM' <Latency = 1> <II = 1> <Delay = 2.32> <Storage> <Opcode : 'load' 'store'> <Ports = 2> <Width = 8> <Depth = 25> <RAM>
ST_8 : Operation 245 [2/5] (5.41ns)   --->   "%mul_ln21_78 = mul i16 %sext_ln21_43, i16 %sext_ln21_7" [../source/tut3B_Function/matrix_mult.cpp:21]   --->   Operation 245 'mul' 'mul_ln21_78' <Predicate = true> <Delay = 5.41> <CoreInst = "Multiplier">   --->   Core 3 'Multiplier' <Latency = 4> <II = 1> <Delay = 5.41> <FuncUnit> <Opcode : 'mul'> <InPorts = 2> <OutPorts = 1>
ST_8 : Operation 246 [3/5] (5.41ns)   --->   "%mul_ln21_83 = mul i16 %sext_ln21_43, i16 %sext_ln21_13" [../source/tut3B_Function/matrix_mult.cpp:21]   --->   Operation 246 'mul' 'mul_ln21_83' <Predicate = true> <Delay = 5.41> <CoreInst = "Multiplier">   --->   Core 3 'Multiplier' <Latency = 4> <II = 1> <Delay = 5.41> <FuncUnit> <Opcode : 'mul'> <InPorts = 2> <OutPorts = 1>
ST_8 : Operation 247 [3/5] (5.41ns)   --->   "%mul_ln21_88 = mul i16 %sext_ln21_43, i16 %sext_ln21_18" [../source/tut3B_Function/matrix_mult.cpp:21]   --->   Operation 247 'mul' 'mul_ln21_88' <Predicate = true> <Delay = 5.41> <CoreInst = "Multiplier">   --->   Core 3 'Multiplier' <Latency = 4> <II = 1> <Delay = 5.41> <FuncUnit> <Opcode : 'mul'> <InPorts = 2> <OutPorts = 1>
ST_8 : Operation 248 [3/5] (5.41ns)   --->   "%mul_ln21_93 = mul i16 %sext_ln21_43, i16 %sext_ln21_23" [../source/tut3B_Function/matrix_mult.cpp:21]   --->   Operation 248 'mul' 'mul_ln21_93' <Predicate = true> <Delay = 5.41> <CoreInst = "Multiplier">   --->   Core 3 'Multiplier' <Latency = 4> <II = 1> <Delay = 5.41> <FuncUnit> <Opcode : 'mul'> <InPorts = 2> <OutPorts = 1>
ST_8 : Operation 249 [3/5] (5.41ns)   --->   "%mul_ln21_98 = mul i16 %sext_ln21_43, i16 %sext_ln21_28" [../source/tut3B_Function/matrix_mult.cpp:21]   --->   Operation 249 'mul' 'mul_ln21_98' <Predicate = true> <Delay = 5.41> <CoreInst = "Multiplier">   --->   Core 3 'Multiplier' <Latency = 4> <II = 1> <Delay = 5.41> <FuncUnit> <Opcode : 'mul'> <InPorts = 2> <OutPorts = 1>
ST_8 : Operation 250 [2/2] (0.00ns)   --->   "%a_load_24 = load i5 %a_addr_24" [../source/tut3B_Function/matrix_mult.cpp:21]   --->   Operation 250 'load' 'a_load_24' <Predicate = true> <Delay = 0.00> <CoreInst = "RAM">   --->   Core 81 'RAM' <Latency = 1> <II = 1> <Delay = 2.32> <Storage> <Opcode : 'load' 'store'> <Ports = 2> <Width = 8> <Depth = 25> <RAM>
ST_8 : Operation 251 [4/5] (5.41ns)   --->   "%mul_ln21_103 = mul i16 %sext_ln21_48, i16 %sext_ln21_7" [../source/tut3B_Function/matrix_mult.cpp:21]   --->   Operation 251 'mul' 'mul_ln21_103' <Predicate = true> <Delay = 5.41> <CoreInst = "Multiplier">   --->   Core 3 'Multiplier' <Latency = 4> <II = 1> <Delay = 5.41> <FuncUnit> <Opcode : 'mul'> <InPorts = 2> <OutPorts = 1>
ST_8 : Operation 252 [4/5] (5.41ns)   --->   "%mul_ln21_108 = mul i16 %sext_ln21_48, i16 %sext_ln21_13" [../source/tut3B_Function/matrix_mult.cpp:21]   --->   Operation 252 'mul' 'mul_ln21_108' <Predicate = true> <Delay = 5.41> <CoreInst = "Multiplier">   --->   Core 3 'Multiplier' <Latency = 4> <II = 1> <Delay = 5.41> <FuncUnit> <Opcode : 'mul'> <InPorts = 2> <OutPorts = 1>
ST_8 : Operation 253 [4/5] (5.41ns)   --->   "%mul_ln21_113 = mul i16 %sext_ln21_48, i16 %sext_ln21_18" [../source/tut3B_Function/matrix_mult.cpp:21]   --->   Operation 253 'mul' 'mul_ln21_113' <Predicate = true> <Delay = 5.41> <CoreInst = "Multiplier">   --->   Core 3 'Multiplier' <Latency = 4> <II = 1> <Delay = 5.41> <FuncUnit> <Opcode : 'mul'> <InPorts = 2> <OutPorts = 1>
ST_8 : Operation 254 [4/5] (5.41ns)   --->   "%mul_ln21_118 = mul i16 %sext_ln21_48, i16 %sext_ln21_23" [../source/tut3B_Function/matrix_mult.cpp:21]   --->   Operation 254 'mul' 'mul_ln21_118' <Predicate = true> <Delay = 5.41> <CoreInst = "Multiplier">   --->   Core 3 'Multiplier' <Latency = 4> <II = 1> <Delay = 5.41> <FuncUnit> <Opcode : 'mul'> <InPorts = 2> <OutPorts = 1>
ST_8 : Operation 255 [5/5] (5.41ns)   --->   "%mul_ln21_123 = mul i16 %sext_ln21_48, i16 %sext_ln21_28" [../source/tut3B_Function/matrix_mult.cpp:21]   --->   Operation 255 'mul' 'mul_ln21_123' <Predicate = true> <Delay = 5.41> <CoreInst = "Multiplier">   --->   Core 3 'Multiplier' <Latency = 4> <II = 1> <Delay = 5.41> <FuncUnit> <Opcode : 'mul'> <InPorts = 2> <OutPorts = 1>

State 9 <SV = 8> <Delay = 5.41>
ST_9 : Operation 256 [1/1] (0.00ns)   --->   "%a_addr_2 = getelementptr i8 %a, i64 0, i64 2" [../source/tut3B_Function/matrix_mult.cpp:21]   --->   Operation 256 'getelementptr' 'a_addr_2' <Predicate = true> <Delay = 0.00>
ST_9 : Operation 257 [1/1] (0.00ns)   --->   "%a_addr_5 = getelementptr i8 %a, i64 0, i64 5" [../source/tut3B_Function/matrix_mult.cpp:21]   --->   Operation 257 'getelementptr' 'a_addr_5' <Predicate = true> <Delay = 0.00>
ST_9 : Operation 258 [1/1] (0.00ns)   --->   "%b_addr_2 = getelementptr i8 %b, i64 0, i64 10" [../source/tut3B_Function/matrix_mult.cpp:21]   --->   Operation 258 'getelementptr' 'b_addr_2' <Predicate = true> <Delay = 0.00>
ST_9 : Operation 259 [1/1] (0.00ns)   --->   "%b_addr_5 = getelementptr i8 %b, i64 0, i64 1" [../source/tut3B_Function/matrix_mult.cpp:21]   --->   Operation 259 'getelementptr' 'b_addr_5' <Predicate = true> <Delay = 0.00>
ST_9 : Operation 260 [1/2] ( I:0.00ns O:0.00ns )   --->   "%a_load = load i5 %a_addr" [../source/tut3B_Function/matrix_mult.cpp:21]   --->   Operation 260 'load' 'a_load' <Predicate = true> <Delay = 0.00> <CoreInst = "RAM">   --->   Core 81 'RAM' <Latency = 1> <II = 1> <Delay = 2.32> <Storage> <Opcode : 'load' 'store'> <Ports = 2> <Width = 8> <Depth = 25> <RAM>
ST_9 : Operation 261 [1/2] ( I:0.00ns O:0.00ns )   --->   "%b_load = load i5 %b_addr" [../source/tut3B_Function/matrix_mult.cpp:21]   --->   Operation 261 'load' 'b_load' <Predicate = true> <Delay = 0.00> <CoreInst = "RAM">   --->   Core 81 'RAM' <Latency = 1> <II = 1> <Delay = 2.32> <Storage> <Opcode : 'load' 'store'> <Ports = 2> <Width = 8> <Depth = 25> <RAM>
ST_9 : Operation 262 [2/2] (0.00ns)   --->   "%a_load_2 = load i5 %a_addr_2" [../source/tut3B_Function/matrix_mult.cpp:21]   --->   Operation 262 'load' 'a_load_2' <Predicate = true> <Delay = 0.00> <CoreInst = "RAM">   --->   Core 81 'RAM' <Latency = 1> <II = 1> <Delay = 2.32> <Storage> <Opcode : 'load' 'store'> <Ports = 2> <Width = 8> <Depth = 25> <RAM>
ST_9 : Operation 263 [2/2] (0.00ns)   --->   "%b_load_2 = load i5 %b_addr_2" [../source/tut3B_Function/matrix_mult.cpp:21]   --->   Operation 263 'load' 'b_load_2' <Predicate = true> <Delay = 0.00> <CoreInst = "RAM">   --->   Core 81 'RAM' <Latency = 1> <II = 1> <Delay = 2.32> <Storage> <Opcode : 'load' 'store'> <Ports = 2> <Width = 8> <Depth = 25> <RAM>
ST_9 : Operation 264 [4/5] (5.41ns)   --->   "%mul_ln21_1 = mul i16 %sext_ln21_3, i16 %sext_ln21_2" [../source/tut3B_Function/matrix_mult.cpp:21]   --->   Operation 264 'mul' 'mul_ln21_1' <Predicate = true> <Delay = 5.41> <CoreInst = "Multiplier">   --->   Core 3 'Multiplier' <Latency = 4> <II = 1> <Delay = 5.41> <FuncUnit> <Opcode : 'mul'> <InPorts = 2> <OutPorts = 1>
ST_9 : Operation 265 [1/3] (0.00ns) (grouped into DSP with root node add_ln21_1)   --->   "%mul_ln21_2 = mul i16 %sext_ln21_9, i16 %sext_ln21_8" [../source/tut3B_Function/matrix_mult.cpp:21]   --->   Operation 265 'mul' 'mul_ln21_2' <Predicate = true> <Delay = 0.00> <CoreInst = "DSP48">   --->   Core 116 'DSP48' <Latency = 3> <II = 1> <Delay = 2.15> <IPBlock> <Opcode : 'add' 'sub' 'mul' 'select'> <InPorts = 0> <OutPorts = 1> <Sync> <CReg>
ST_9 : Operation 266 [2/2] (2.10ns) (root node of the DSP)   --->   "%add_ln21_1 = add i16 %mul_ln21_3, i16 %mul_ln21_2" [../source/tut3B_Function/matrix_mult.cpp:21]   --->   Operation 266 'add' 'add_ln21_1' <Predicate = true> <Delay = 2.10> <CoreInst = "DSP48">   --->   Core 116 'DSP48' <Latency = 3> <II = 1> <Delay = 2.15> <IPBlock> <Opcode : 'add' 'sub' 'mul' 'select'> <InPorts = 0> <OutPorts = 1> <Sync> <CReg>
ST_9 : Operation 267 [2/2] (0.00ns)   --->   "%b_load_5 = load i5 %b_addr_5" [../source/tut3B_Function/matrix_mult.cpp:21]   --->   Operation 267 'load' 'b_load_5' <Predicate = true> <Delay = 0.00> <CoreInst = "RAM">   --->   Core 81 'RAM' <Latency = 1> <II = 1> <Delay = 2.32> <Storage> <Opcode : 'load' 'store'> <Ports = 2> <Width = 8> <Depth = 25> <RAM>
ST_9 : Operation 268 [4/5] (5.41ns)   --->   "%mul_ln21_6 = mul i16 %sext_ln21_11, i16 %sext_ln21_2" [../source/tut3B_Function/matrix_mult.cpp:21]   --->   Operation 268 'mul' 'mul_ln21_6' <Predicate = true> <Delay = 5.41> <CoreInst = "Multiplier">   --->   Core 3 'Multiplier' <Latency = 4> <II = 1> <Delay = 5.41> <FuncUnit> <Opcode : 'mul'> <InPorts = 2> <OutPorts = 1>
ST_9 : Operation 269 [1/3] (0.00ns) (grouped into DSP with root node add_ln21_5)   --->   "%mul_ln21_7 = mul i16 %sext_ln21_14, i16 %sext_ln21_8" [../source/tut3B_Function/matrix_mult.cpp:21]   --->   Operation 269 'mul' 'mul_ln21_7' <Predicate = true> <Delay = 0.00> <CoreInst = "DSP48">   --->   Core 116 'DSP48' <Latency = 3> <II = 1> <Delay = 2.15> <IPBlock> <Opcode : 'add' 'sub' 'mul' 'select'> <InPorts = 0> <OutPorts = 1> <Sync> <CReg>
ST_9 : Operation 270 [2/2] (2.10ns) (root node of the DSP)   --->   "%add_ln21_5 = add i16 %mul_ln21_8, i16 %mul_ln21_7" [../source/tut3B_Function/matrix_mult.cpp:21]   --->   Operation 270 'add' 'add_ln21_5' <Predicate = true> <Delay = 2.10> <CoreInst = "DSP48">   --->   Core 116 'DSP48' <Latency = 3> <II = 1> <Delay = 2.15> <IPBlock> <Opcode : 'add' 'sub' 'mul' 'select'> <InPorts = 0> <OutPorts = 1> <Sync> <CReg>
ST_9 : Operation 271 [4/5] (5.41ns)   --->   "%mul_ln21_11 = mul i16 %sext_ln21_16, i16 %sext_ln21_2" [../source/tut3B_Function/matrix_mult.cpp:21]   --->   Operation 271 'mul' 'mul_ln21_11' <Predicate = true> <Delay = 5.41> <CoreInst = "Multiplier">   --->   Core 3 'Multiplier' <Latency = 4> <II = 1> <Delay = 5.41> <FuncUnit> <Opcode : 'mul'> <InPorts = 2> <OutPorts = 1>
ST_9 : Operation 272 [2/3] (1.05ns) (grouped into DSP with root node add_ln21_9)   --->   "%mul_ln21_12 = mul i16 %sext_ln21_19, i16 %sext_ln21_8" [../source/tut3B_Function/matrix_mult.cpp:21]   --->   Operation 272 'mul' 'mul_ln21_12' <Predicate = true> <Delay = 1.05> <CoreInst = "DSP48">   --->   Core 116 'DSP48' <Latency = 3> <II = 1> <Delay = 2.15> <IPBlock> <Opcode : 'add' 'sub' 'mul' 'select'> <InPorts = 0> <OutPorts = 1> <Sync> <CReg>
ST_9 : Operation 273 [1/1] (0.00ns)   --->   "%sext_ln21_21 = sext i8 %b_load_16" [../source/tut3B_Function/matrix_mult.cpp:21]   --->   Operation 273 'sext' 'sext_ln21_21' <Predicate = true> <Delay = 0.00>
ST_9 : Operation 274 [5/5] (5.41ns)   --->   "%mul_ln21_16 = mul i16 %sext_ln21_21, i16 %sext_ln21_2" [../source/tut3B_Function/matrix_mult.cpp:21]   --->   Operation 274 'mul' 'mul_ln21_16' <Predicate = true> <Delay = 5.41> <CoreInst = "Multiplier">   --->   Core 3 'Multiplier' <Latency = 4> <II = 1> <Delay = 5.41> <FuncUnit> <Opcode : 'mul'> <InPorts = 2> <OutPorts = 1>
ST_9 : Operation 275 [2/3] (1.05ns) (grouped into DSP with root node add_ln21_13)   --->   "%mul_ln21_17 = mul i16 %sext_ln21_24, i16 %sext_ln21_8" [../source/tut3B_Function/matrix_mult.cpp:21]   --->   Operation 275 'mul' 'mul_ln21_17' <Predicate = true> <Delay = 1.05> <CoreInst = "DSP48">   --->   Core 116 'DSP48' <Latency = 3> <II = 1> <Delay = 2.15> <IPBlock> <Opcode : 'add' 'sub' 'mul' 'select'> <InPorts = 0> <OutPorts = 1> <Sync> <CReg>
ST_9 : Operation 276 [1/1] (0.00ns)   --->   "%sext_ln21_26 = sext i8 %b_load_21" [../source/tut3B_Function/matrix_mult.cpp:21]   --->   Operation 276 'sext' 'sext_ln21_26' <Predicate = true> <Delay = 0.00>
ST_9 : Operation 277 [1/2] ( I:0.00ns O:0.00ns )   --->   "%b_load_24 = load i5 %b_addr_24" [../source/tut3B_Function/matrix_mult.cpp:21]   --->   Operation 277 'load' 'b_load_24' <Predicate = true> <Delay = 0.00> <CoreInst = "RAM">   --->   Core 81 'RAM' <Latency = 1> <II = 1> <Delay = 2.32> <Storage> <Opcode : 'load' 'store'> <Ports = 2> <Width = 8> <Depth = 25> <RAM>
ST_9 : Operation 278 [1/1] (0.00ns)   --->   "%sext_ln21_29 = sext i8 %b_load_24" [../source/tut3B_Function/matrix_mult.cpp:21]   --->   Operation 278 'sext' 'sext_ln21_29' <Predicate = true> <Delay = 0.00>
ST_9 : Operation 279 [5/5] (5.41ns)   --->   "%mul_ln21_21 = mul i16 %sext_ln21_26, i16 %sext_ln21_2" [../source/tut3B_Function/matrix_mult.cpp:21]   --->   Operation 279 'mul' 'mul_ln21_21' <Predicate = true> <Delay = 5.41> <CoreInst = "Multiplier">   --->   Core 3 'Multiplier' <Latency = 4> <II = 1> <Delay = 5.41> <FuncUnit> <Opcode : 'mul'> <InPorts = 2> <OutPorts = 1>
ST_9 : Operation 280 [3/3] (1.05ns) (grouped into DSP with root node add_ln21_17)   --->   "%mul_ln21_22 = mul i16 %sext_ln21_29, i16 %sext_ln21_8" [../source/tut3B_Function/matrix_mult.cpp:21]   --->   Operation 280 'mul' 'mul_ln21_22' <Predicate = true> <Delay = 1.05> <CoreInst = "DSP48">   --->   Core 116 'DSP48' <Latency = 3> <II = 1> <Delay = 2.15> <IPBlock> <Opcode : 'add' 'sub' 'mul' 'select'> <InPorts = 0> <OutPorts = 1> <Sync> <CReg>
ST_9 : Operation 281 [2/2] (0.00ns)   --->   "%a_load_5 = load i5 %a_addr_5" [../source/tut3B_Function/matrix_mult.cpp:21]   --->   Operation 281 'load' 'a_load_5' <Predicate = true> <Delay = 0.00> <CoreInst = "RAM">   --->   Core 81 'RAM' <Latency = 1> <II = 1> <Delay = 2.32> <Storage> <Opcode : 'load' 'store'> <Ports = 2> <Width = 8> <Depth = 25> <RAM>
ST_9 : Operation 282 [1/1] (0.00ns)   --->   "%sext_ln21_31 = sext i8 %a_load_6" [../source/tut3B_Function/matrix_mult.cpp:21]   --->   Operation 282 'sext' 'sext_ln21_31' <Predicate = true> <Delay = 0.00>
ST_9 : Operation 283 [5/5] (5.41ns)   --->   "%mul_ln21_26 = mul i16 %sext_ln21_31, i16 %sext_ln21_3" [../source/tut3B_Function/matrix_mult.cpp:21]   --->   Operation 283 'mul' 'mul_ln21_26' <Predicate = true> <Delay = 5.41> <CoreInst = "Multiplier">   --->   Core 3 'Multiplier' <Latency = 4> <II = 1> <Delay = 5.41> <FuncUnit> <Opcode : 'mul'> <InPorts = 2> <OutPorts = 1>
ST_9 : Operation 284 [1/3] (0.00ns) (grouped into DSP with root node add_ln21_21)   --->   "%mul_ln21_27 = mul i16 %sext_ln21_34, i16 %sext_ln21_9" [../source/tut3B_Function/matrix_mult.cpp:21]   --->   Operation 284 'mul' 'mul_ln21_27' <Predicate = true> <Delay = 0.00> <CoreInst = "DSP48">   --->   Core 116 'DSP48' <Latency = 3> <II = 1> <Delay = 2.15> <IPBlock> <Opcode : 'add' 'sub' 'mul' 'select'> <InPorts = 0> <OutPorts = 1> <Sync> <CReg>
ST_9 : Operation 285 [2/2] (2.10ns) (root node of the DSP)   --->   "%add_ln21_21 = add i16 %mul_ln21_28, i16 %mul_ln21_27" [../source/tut3B_Function/matrix_mult.cpp:21]   --->   Operation 285 'add' 'add_ln21_21' <Predicate = true> <Delay = 2.10> <CoreInst = "DSP48">   --->   Core 116 'DSP48' <Latency = 3> <II = 1> <Delay = 2.15> <IPBlock> <Opcode : 'add' 'sub' 'mul' 'select'> <InPorts = 0> <OutPorts = 1> <Sync> <CReg>
ST_9 : Operation 286 [5/5] (5.41ns)   --->   "%mul_ln21_31 = mul i16 %sext_ln21_31, i16 %sext_ln21_11" [../source/tut3B_Function/matrix_mult.cpp:21]   --->   Operation 286 'mul' 'mul_ln21_31' <Predicate = true> <Delay = 5.41> <CoreInst = "Multiplier">   --->   Core 3 'Multiplier' <Latency = 4> <II = 1> <Delay = 5.41> <FuncUnit> <Opcode : 'mul'> <InPorts = 2> <OutPorts = 1>
ST_9 : Operation 287 [1/3] (0.00ns) (grouped into DSP with root node add_ln21_25)   --->   "%mul_ln21_32 = mul i16 %sext_ln21_34, i16 %sext_ln21_14" [../source/tut3B_Function/matrix_mult.cpp:21]   --->   Operation 287 'mul' 'mul_ln21_32' <Predicate = true> <Delay = 0.00> <CoreInst = "DSP48">   --->   Core 116 'DSP48' <Latency = 3> <II = 1> <Delay = 2.15> <IPBlock> <Opcode : 'add' 'sub' 'mul' 'select'> <InPorts = 0> <OutPorts = 1> <Sync> <CReg>
ST_9 : Operation 288 [2/2] (2.10ns) (root node of the DSP)   --->   "%add_ln21_25 = add i16 %mul_ln21_33, i16 %mul_ln21_32" [../source/tut3B_Function/matrix_mult.cpp:21]   --->   Operation 288 'add' 'add_ln21_25' <Predicate = true> <Delay = 2.10> <CoreInst = "DSP48">   --->   Core 116 'DSP48' <Latency = 3> <II = 1> <Delay = 2.15> <IPBlock> <Opcode : 'add' 'sub' 'mul' 'select'> <InPorts = 0> <OutPorts = 1> <Sync> <CReg>
ST_9 : Operation 289 [2/3] (1.05ns) (grouped into DSP with root node add_ln21_29)   --->   "%mul_ln21_37 = mul i16 %sext_ln21_34, i16 %sext_ln21_19" [../source/tut3B_Function/matrix_mult.cpp:21]   --->   Operation 289 'mul' 'mul_ln21_37' <Predicate = true> <Delay = 1.05> <CoreInst = "DSP48">   --->   Core 116 'DSP48' <Latency = 3> <II = 1> <Delay = 2.15> <IPBlock> <Opcode : 'add' 'sub' 'mul' 'select'> <InPorts = 0> <OutPorts = 1> <Sync> <CReg>
ST_9 : Operation 290 [2/3] (1.05ns) (grouped into DSP with root node add_ln21_33)   --->   "%mul_ln21_42 = mul i16 %sext_ln21_34, i16 %sext_ln21_24" [../source/tut3B_Function/matrix_mult.cpp:21]   --->   Operation 290 'mul' 'mul_ln21_42' <Predicate = true> <Delay = 1.05> <CoreInst = "DSP48">   --->   Core 116 'DSP48' <Latency = 3> <II = 1> <Delay = 2.15> <IPBlock> <Opcode : 'add' 'sub' 'mul' 'select'> <InPorts = 0> <OutPorts = 1> <Sync> <CReg>
ST_9 : Operation 291 [3/3] (1.05ns) (grouped into DSP with root node add_ln21_37)   --->   "%mul_ln21_47 = mul i16 %sext_ln21_34, i16 %sext_ln21_29" [../source/tut3B_Function/matrix_mult.cpp:21]   --->   Operation 291 'mul' 'mul_ln21_47' <Predicate = true> <Delay = 1.05> <CoreInst = "DSP48">   --->   Core 116 'DSP48' <Latency = 3> <II = 1> <Delay = 2.15> <IPBlock> <Opcode : 'add' 'sub' 'mul' 'select'> <InPorts = 0> <OutPorts = 1> <Sync> <CReg>
ST_9 : Operation 292 [2/3] (1.05ns) (grouped into DSP with root node add_ln21_41)   --->   "%mul_ln21_52 = mul i16 %sext_ln21_39, i16 %sext_ln21_9" [../source/tut3B_Function/matrix_mult.cpp:21]   --->   Operation 292 'mul' 'mul_ln21_52' <Predicate = true> <Delay = 1.05> <CoreInst = "DSP48">   --->   Core 116 'DSP48' <Latency = 3> <II = 1> <Delay = 2.15> <IPBlock> <Opcode : 'add' 'sub' 'mul' 'select'> <InPorts = 0> <OutPorts = 1> <Sync> <CReg>
ST_9 : Operation 293 [2/3] (1.05ns) (grouped into DSP with root node add_ln21_45)   --->   "%mul_ln21_57 = mul i16 %sext_ln21_39, i16 %sext_ln21_14" [../source/tut3B_Function/matrix_mult.cpp:21]   --->   Operation 293 'mul' 'mul_ln21_57' <Predicate = true> <Delay = 1.05> <CoreInst = "DSP48">   --->   Core 116 'DSP48' <Latency = 3> <II = 1> <Delay = 2.15> <IPBlock> <Opcode : 'add' 'sub' 'mul' 'select'> <InPorts = 0> <OutPorts = 1> <Sync> <CReg>
ST_9 : Operation 294 [3/3] (1.05ns) (grouped into DSP with root node add_ln21_49)   --->   "%mul_ln21_62 = mul i16 %sext_ln21_39, i16 %sext_ln21_19" [../source/tut3B_Function/matrix_mult.cpp:21]   --->   Operation 294 'mul' 'mul_ln21_62' <Predicate = true> <Delay = 1.05> <CoreInst = "DSP48">   --->   Core 116 'DSP48' <Latency = 3> <II = 1> <Delay = 2.15> <IPBlock> <Opcode : 'add' 'sub' 'mul' 'select'> <InPorts = 0> <OutPorts = 1> <Sync> <CReg>
ST_9 : Operation 295 [1/5] (5.41ns)   --->   "%mul_ln21_63 = mul i16 %sext_ln21_38, i16 %sext_ln21_18" [../source/tut3B_Function/matrix_mult.cpp:21]   --->   Operation 295 'mul' 'mul_ln21_63' <Predicate = true> <Delay = 5.41> <CoreInst = "Multiplier">   --->   Core 3 'Multiplier' <Latency = 4> <II = 1> <Delay = 5.41> <FuncUnit> <Opcode : 'mul'> <InPorts = 2> <OutPorts = 1>
ST_9 : Operation 296 [3/3] (1.05ns) (grouped into DSP with root node add_ln21_53)   --->   "%mul_ln21_67 = mul i16 %sext_ln21_39, i16 %sext_ln21_24" [../source/tut3B_Function/matrix_mult.cpp:21]   --->   Operation 296 'mul' 'mul_ln21_67' <Predicate = true> <Delay = 1.05> <CoreInst = "DSP48">   --->   Core 116 'DSP48' <Latency = 3> <II = 1> <Delay = 2.15> <IPBlock> <Opcode : 'add' 'sub' 'mul' 'select'> <InPorts = 0> <OutPorts = 1> <Sync> <CReg>
ST_9 : Operation 297 [1/5] (5.41ns)   --->   "%mul_ln21_68 = mul i16 %sext_ln21_38, i16 %sext_ln21_23" [../source/tut3B_Function/matrix_mult.cpp:21]   --->   Operation 297 'mul' 'mul_ln21_68' <Predicate = true> <Delay = 5.41> <CoreInst = "Multiplier">   --->   Core 3 'Multiplier' <Latency = 4> <II = 1> <Delay = 5.41> <FuncUnit> <Opcode : 'mul'> <InPorts = 2> <OutPorts = 1>
ST_9 : Operation 298 [3/3] (1.05ns) (grouped into DSP with root node add_ln21_57)   --->   "%mul_ln21_72 = mul i16 %sext_ln21_39, i16 %sext_ln21_29" [../source/tut3B_Function/matrix_mult.cpp:21]   --->   Operation 298 'mul' 'mul_ln21_72' <Predicate = true> <Delay = 1.05> <CoreInst = "DSP48">   --->   Core 116 'DSP48' <Latency = 3> <II = 1> <Delay = 2.15> <IPBlock> <Opcode : 'add' 'sub' 'mul' 'select'> <InPorts = 0> <OutPorts = 1> <Sync> <CReg>
ST_9 : Operation 299 [1/5] (5.41ns)   --->   "%mul_ln21_73 = mul i16 %sext_ln21_38, i16 %sext_ln21_28" [../source/tut3B_Function/matrix_mult.cpp:21]   --->   Operation 299 'mul' 'mul_ln21_73' <Predicate = true> <Delay = 5.41> <CoreInst = "Multiplier">   --->   Core 3 'Multiplier' <Latency = 4> <II = 1> <Delay = 5.41> <FuncUnit> <Opcode : 'mul'> <InPorts = 2> <OutPorts = 1>
ST_9 : Operation 300 [1/1] (0.00ns)   --->   "%sext_ln21_44 = sext i8 %a_load_19" [../source/tut3B_Function/matrix_mult.cpp:21]   --->   Operation 300 'sext' 'sext_ln21_44' <Predicate = true> <Delay = 0.00>
ST_9 : Operation 301 [3/3] (1.05ns) (grouped into DSP with root node add_ln21_61)   --->   "%mul_ln21_77 = mul i16 %sext_ln21_44, i16 %sext_ln21_9" [../source/tut3B_Function/matrix_mult.cpp:21]   --->   Operation 301 'mul' 'mul_ln21_77' <Predicate = true> <Delay = 1.05> <CoreInst = "DSP48">   --->   Core 116 'DSP48' <Latency = 3> <II = 1> <Delay = 2.15> <IPBlock> <Opcode : 'add' 'sub' 'mul' 'select'> <InPorts = 0> <OutPorts = 1> <Sync> <CReg>
ST_9 : Operation 302 [1/5] (5.41ns)   --->   "%mul_ln21_78 = mul i16 %sext_ln21_43, i16 %sext_ln21_7" [../source/tut3B_Function/matrix_mult.cpp:21]   --->   Operation 302 'mul' 'mul_ln21_78' <Predicate = true> <Delay = 5.41> <CoreInst = "Multiplier">   --->   Core 3 'Multiplier' <Latency = 4> <II = 1> <Delay = 5.41> <FuncUnit> <Opcode : 'mul'> <InPorts = 2> <OutPorts = 1>
ST_9 : Operation 303 [2/5] (5.41ns)   --->   "%mul_ln21_83 = mul i16 %sext_ln21_43, i16 %sext_ln21_13" [../source/tut3B_Function/matrix_mult.cpp:21]   --->   Operation 303 'mul' 'mul_ln21_83' <Predicate = true> <Delay = 5.41> <CoreInst = "Multiplier">   --->   Core 3 'Multiplier' <Latency = 4> <II = 1> <Delay = 5.41> <FuncUnit> <Opcode : 'mul'> <InPorts = 2> <OutPorts = 1>
ST_9 : Operation 304 [2/5] (5.41ns)   --->   "%mul_ln21_88 = mul i16 %sext_ln21_43, i16 %sext_ln21_18" [../source/tut3B_Function/matrix_mult.cpp:21]   --->   Operation 304 'mul' 'mul_ln21_88' <Predicate = true> <Delay = 5.41> <CoreInst = "Multiplier">   --->   Core 3 'Multiplier' <Latency = 4> <II = 1> <Delay = 5.41> <FuncUnit> <Opcode : 'mul'> <InPorts = 2> <OutPorts = 1>
ST_9 : Operation 305 [2/5] (5.41ns)   --->   "%mul_ln21_93 = mul i16 %sext_ln21_43, i16 %sext_ln21_23" [../source/tut3B_Function/matrix_mult.cpp:21]   --->   Operation 305 'mul' 'mul_ln21_93' <Predicate = true> <Delay = 5.41> <CoreInst = "Multiplier">   --->   Core 3 'Multiplier' <Latency = 4> <II = 1> <Delay = 5.41> <FuncUnit> <Opcode : 'mul'> <InPorts = 2> <OutPorts = 1>
ST_9 : Operation 306 [2/5] (5.41ns)   --->   "%mul_ln21_98 = mul i16 %sext_ln21_43, i16 %sext_ln21_28" [../source/tut3B_Function/matrix_mult.cpp:21]   --->   Operation 306 'mul' 'mul_ln21_98' <Predicate = true> <Delay = 5.41> <CoreInst = "Multiplier">   --->   Core 3 'Multiplier' <Latency = 4> <II = 1> <Delay = 5.41> <FuncUnit> <Opcode : 'mul'> <InPorts = 2> <OutPorts = 1>
ST_9 : Operation 307 [1/2] ( I:0.00ns O:0.00ns )   --->   "%a_load_24 = load i5 %a_addr_24" [../source/tut3B_Function/matrix_mult.cpp:21]   --->   Operation 307 'load' 'a_load_24' <Predicate = true> <Delay = 0.00> <CoreInst = "RAM">   --->   Core 81 'RAM' <Latency = 1> <II = 1> <Delay = 2.32> <Storage> <Opcode : 'load' 'store'> <Ports = 2> <Width = 8> <Depth = 25> <RAM>
ST_9 : Operation 308 [3/5] (5.41ns)   --->   "%mul_ln21_103 = mul i16 %sext_ln21_48, i16 %sext_ln21_7" [../source/tut3B_Function/matrix_mult.cpp:21]   --->   Operation 308 'mul' 'mul_ln21_103' <Predicate = true> <Delay = 5.41> <CoreInst = "Multiplier">   --->   Core 3 'Multiplier' <Latency = 4> <II = 1> <Delay = 5.41> <FuncUnit> <Opcode : 'mul'> <InPorts = 2> <OutPorts = 1>
ST_9 : Operation 309 [3/5] (5.41ns)   --->   "%mul_ln21_108 = mul i16 %sext_ln21_48, i16 %sext_ln21_13" [../source/tut3B_Function/matrix_mult.cpp:21]   --->   Operation 309 'mul' 'mul_ln21_108' <Predicate = true> <Delay = 5.41> <CoreInst = "Multiplier">   --->   Core 3 'Multiplier' <Latency = 4> <II = 1> <Delay = 5.41> <FuncUnit> <Opcode : 'mul'> <InPorts = 2> <OutPorts = 1>
ST_9 : Operation 310 [3/5] (5.41ns)   --->   "%mul_ln21_113 = mul i16 %sext_ln21_48, i16 %sext_ln21_18" [../source/tut3B_Function/matrix_mult.cpp:21]   --->   Operation 310 'mul' 'mul_ln21_113' <Predicate = true> <Delay = 5.41> <CoreInst = "Multiplier">   --->   Core 3 'Multiplier' <Latency = 4> <II = 1> <Delay = 5.41> <FuncUnit> <Opcode : 'mul'> <InPorts = 2> <OutPorts = 1>
ST_9 : Operation 311 [3/5] (5.41ns)   --->   "%mul_ln21_118 = mul i16 %sext_ln21_48, i16 %sext_ln21_23" [../source/tut3B_Function/matrix_mult.cpp:21]   --->   Operation 311 'mul' 'mul_ln21_118' <Predicate = true> <Delay = 5.41> <CoreInst = "Multiplier">   --->   Core 3 'Multiplier' <Latency = 4> <II = 1> <Delay = 5.41> <FuncUnit> <Opcode : 'mul'> <InPorts = 2> <OutPorts = 1>
ST_9 : Operation 312 [4/5] (5.41ns)   --->   "%mul_ln21_123 = mul i16 %sext_ln21_48, i16 %sext_ln21_28" [../source/tut3B_Function/matrix_mult.cpp:21]   --->   Operation 312 'mul' 'mul_ln21_123' <Predicate = true> <Delay = 5.41> <CoreInst = "Multiplier">   --->   Core 3 'Multiplier' <Latency = 4> <II = 1> <Delay = 5.41> <FuncUnit> <Opcode : 'mul'> <InPorts = 2> <OutPorts = 1>

State 10 <SV = 9> <Delay = 5.41>
ST_10 : Operation 313 [1/1] (0.00ns)   --->   "%a_addr_7 = getelementptr i8 %a, i64 0, i64 7" [../source/tut3B_Function/matrix_mult.cpp:21]   --->   Operation 313 'getelementptr' 'a_addr_7' <Predicate = true> <Delay = 0.00>
ST_10 : Operation 314 [1/1] (0.00ns)   --->   "%a_addr_10 = getelementptr i8 %a, i64 0, i64 10" [../source/tut3B_Function/matrix_mult.cpp:21]   --->   Operation 314 'getelementptr' 'a_addr_10' <Predicate = true> <Delay = 0.00>
ST_10 : Operation 315 [1/1] (0.00ns)   --->   "%b_addr_7 = getelementptr i8 %b, i64 0, i64 11" [../source/tut3B_Function/matrix_mult.cpp:21]   --->   Operation 315 'getelementptr' 'b_addr_7' <Predicate = true> <Delay = 0.00>
ST_10 : Operation 316 [1/1] (0.00ns)   --->   "%b_addr_10 = getelementptr i8 %b, i64 0, i64 2" [../source/tut3B_Function/matrix_mult.cpp:21]   --->   Operation 316 'getelementptr' 'b_addr_10' <Predicate = true> <Delay = 0.00>
ST_10 : Operation 317 [1/2] ( I:0.00ns O:0.00ns )   --->   "%a_load_2 = load i5 %a_addr_2" [../source/tut3B_Function/matrix_mult.cpp:21]   --->   Operation 317 'load' 'a_load_2' <Predicate = true> <Delay = 0.00> <CoreInst = "RAM">   --->   Core 81 'RAM' <Latency = 1> <II = 1> <Delay = 2.32> <Storage> <Opcode : 'load' 'store'> <Ports = 2> <Width = 8> <Depth = 25> <RAM>
ST_10 : Operation 318 [1/2] ( I:0.00ns O:0.00ns )   --->   "%b_load_2 = load i5 %b_addr_2" [../source/tut3B_Function/matrix_mult.cpp:21]   --->   Operation 318 'load' 'b_load_2' <Predicate = true> <Delay = 0.00> <CoreInst = "RAM">   --->   Core 81 'RAM' <Latency = 1> <II = 1> <Delay = 2.32> <Storage> <Opcode : 'load' 'store'> <Ports = 2> <Width = 8> <Depth = 25> <RAM>
ST_10 : Operation 319 [3/5] (5.41ns)   --->   "%mul_ln21_1 = mul i16 %sext_ln21_3, i16 %sext_ln21_2" [../source/tut3B_Function/matrix_mult.cpp:21]   --->   Operation 319 'mul' 'mul_ln21_1' <Predicate = true> <Delay = 5.41> <CoreInst = "Multiplier">   --->   Core 3 'Multiplier' <Latency = 4> <II = 1> <Delay = 5.41> <FuncUnit> <Opcode : 'mul'> <InPorts = 2> <OutPorts = 1>
ST_10 : Operation 320 [1/2] (2.10ns) (root node of the DSP)   --->   "%add_ln21_1 = add i16 %mul_ln21_3, i16 %mul_ln21_2" [../source/tut3B_Function/matrix_mult.cpp:21]   --->   Operation 320 'add' 'add_ln21_1' <Predicate = true> <Delay = 2.10> <CoreInst = "DSP48">   --->   Core 116 'DSP48' <Latency = 3> <II = 1> <Delay = 2.15> <IPBlock> <Opcode : 'add' 'sub' 'mul' 'select'> <InPorts = 0> <OutPorts = 1> <Sync> <CReg>
ST_10 : Operation 321 [1/2] ( I:0.00ns O:0.00ns )   --->   "%b_load_5 = load i5 %b_addr_5" [../source/tut3B_Function/matrix_mult.cpp:21]   --->   Operation 321 'load' 'b_load_5' <Predicate = true> <Delay = 0.00> <CoreInst = "RAM">   --->   Core 81 'RAM' <Latency = 1> <II = 1> <Delay = 2.32> <Storage> <Opcode : 'load' 'store'> <Ports = 2> <Width = 8> <Depth = 25> <RAM>
ST_10 : Operation 322 [2/2] (0.00ns)   --->   "%b_load_7 = load i5 %b_addr_7" [../source/tut3B_Function/matrix_mult.cpp:21]   --->   Operation 322 'load' 'b_load_7' <Predicate = true> <Delay = 0.00> <CoreInst = "RAM">   --->   Core 81 'RAM' <Latency = 1> <II = 1> <Delay = 2.32> <Storage> <Opcode : 'load' 'store'> <Ports = 2> <Width = 8> <Depth = 25> <RAM>
ST_10 : Operation 323 [3/5] (5.41ns)   --->   "%mul_ln21_6 = mul i16 %sext_ln21_11, i16 %sext_ln21_2" [../source/tut3B_Function/matrix_mult.cpp:21]   --->   Operation 323 'mul' 'mul_ln21_6' <Predicate = true> <Delay = 5.41> <CoreInst = "Multiplier">   --->   Core 3 'Multiplier' <Latency = 4> <II = 1> <Delay = 5.41> <FuncUnit> <Opcode : 'mul'> <InPorts = 2> <OutPorts = 1>
ST_10 : Operation 324 [1/2] (2.10ns) (root node of the DSP)   --->   "%add_ln21_5 = add i16 %mul_ln21_8, i16 %mul_ln21_7" [../source/tut3B_Function/matrix_mult.cpp:21]   --->   Operation 324 'add' 'add_ln21_5' <Predicate = true> <Delay = 2.10> <CoreInst = "DSP48">   --->   Core 116 'DSP48' <Latency = 3> <II = 1> <Delay = 2.15> <IPBlock> <Opcode : 'add' 'sub' 'mul' 'select'> <InPorts = 0> <OutPorts = 1> <Sync> <CReg>
ST_10 : Operation 325 [2/2] (0.00ns)   --->   "%b_load_10 = load i5 %b_addr_10" [../source/tut3B_Function/matrix_mult.cpp:21]   --->   Operation 325 'load' 'b_load_10' <Predicate = true> <Delay = 0.00> <CoreInst = "RAM">   --->   Core 81 'RAM' <Latency = 1> <II = 1> <Delay = 2.32> <Storage> <Opcode : 'load' 'store'> <Ports = 2> <Width = 8> <Depth = 25> <RAM>
ST_10 : Operation 326 [3/5] (5.41ns)   --->   "%mul_ln21_11 = mul i16 %sext_ln21_16, i16 %sext_ln21_2" [../source/tut3B_Function/matrix_mult.cpp:21]   --->   Operation 326 'mul' 'mul_ln21_11' <Predicate = true> <Delay = 5.41> <CoreInst = "Multiplier">   --->   Core 3 'Multiplier' <Latency = 4> <II = 1> <Delay = 5.41> <FuncUnit> <Opcode : 'mul'> <InPorts = 2> <OutPorts = 1>
ST_10 : Operation 327 [1/3] (0.00ns) (grouped into DSP with root node add_ln21_9)   --->   "%mul_ln21_12 = mul i16 %sext_ln21_19, i16 %sext_ln21_8" [../source/tut3B_Function/matrix_mult.cpp:21]   --->   Operation 327 'mul' 'mul_ln21_12' <Predicate = true> <Delay = 0.00> <CoreInst = "DSP48">   --->   Core 116 'DSP48' <Latency = 3> <II = 1> <Delay = 2.15> <IPBlock> <Opcode : 'add' 'sub' 'mul' 'select'> <InPorts = 0> <OutPorts = 1> <Sync> <CReg>
ST_10 : Operation 328 [2/2] (2.10ns) (root node of the DSP)   --->   "%add_ln21_9 = add i16 %mul_ln21_13, i16 %mul_ln21_12" [../source/tut3B_Function/matrix_mult.cpp:21]   --->   Operation 328 'add' 'add_ln21_9' <Predicate = true> <Delay = 2.10> <CoreInst = "DSP48">   --->   Core 116 'DSP48' <Latency = 3> <II = 1> <Delay = 2.15> <IPBlock> <Opcode : 'add' 'sub' 'mul' 'select'> <InPorts = 0> <OutPorts = 1> <Sync> <CReg>
ST_10 : Operation 329 [4/5] (5.41ns)   --->   "%mul_ln21_16 = mul i16 %sext_ln21_21, i16 %sext_ln21_2" [../source/tut3B_Function/matrix_mult.cpp:21]   --->   Operation 329 'mul' 'mul_ln21_16' <Predicate = true> <Delay = 5.41> <CoreInst = "Multiplier">   --->   Core 3 'Multiplier' <Latency = 4> <II = 1> <Delay = 5.41> <FuncUnit> <Opcode : 'mul'> <InPorts = 2> <OutPorts = 1>
ST_10 : Operation 330 [1/3] (0.00ns) (grouped into DSP with root node add_ln21_13)   --->   "%mul_ln21_17 = mul i16 %sext_ln21_24, i16 %sext_ln21_8" [../source/tut3B_Function/matrix_mult.cpp:21]   --->   Operation 330 'mul' 'mul_ln21_17' <Predicate = true> <Delay = 0.00> <CoreInst = "DSP48">   --->   Core 116 'DSP48' <Latency = 3> <II = 1> <Delay = 2.15> <IPBlock> <Opcode : 'add' 'sub' 'mul' 'select'> <InPorts = 0> <OutPorts = 1> <Sync> <CReg>
ST_10 : Operation 331 [2/2] (2.10ns) (root node of the DSP)   --->   "%add_ln21_13 = add i16 %mul_ln21_18, i16 %mul_ln21_17" [../source/tut3B_Function/matrix_mult.cpp:21]   --->   Operation 331 'add' 'add_ln21_13' <Predicate = true> <Delay = 2.10> <CoreInst = "DSP48">   --->   Core 116 'DSP48' <Latency = 3> <II = 1> <Delay = 2.15> <IPBlock> <Opcode : 'add' 'sub' 'mul' 'select'> <InPorts = 0> <OutPorts = 1> <Sync> <CReg>
ST_10 : Operation 332 [4/5] (5.41ns)   --->   "%mul_ln21_21 = mul i16 %sext_ln21_26, i16 %sext_ln21_2" [../source/tut3B_Function/matrix_mult.cpp:21]   --->   Operation 332 'mul' 'mul_ln21_21' <Predicate = true> <Delay = 5.41> <CoreInst = "Multiplier">   --->   Core 3 'Multiplier' <Latency = 4> <II = 1> <Delay = 5.41> <FuncUnit> <Opcode : 'mul'> <InPorts = 2> <OutPorts = 1>
ST_10 : Operation 333 [2/3] (1.05ns) (grouped into DSP with root node add_ln21_17)   --->   "%mul_ln21_22 = mul i16 %sext_ln21_29, i16 %sext_ln21_8" [../source/tut3B_Function/matrix_mult.cpp:21]   --->   Operation 333 'mul' 'mul_ln21_22' <Predicate = true> <Delay = 1.05> <CoreInst = "DSP48">   --->   Core 116 'DSP48' <Latency = 3> <II = 1> <Delay = 2.15> <IPBlock> <Opcode : 'add' 'sub' 'mul' 'select'> <InPorts = 0> <OutPorts = 1> <Sync> <CReg>
ST_10 : Operation 334 [1/2] ( I:0.00ns O:0.00ns )   --->   "%a_load_5 = load i5 %a_addr_5" [../source/tut3B_Function/matrix_mult.cpp:21]   --->   Operation 334 'load' 'a_load_5' <Predicate = true> <Delay = 0.00> <CoreInst = "RAM">   --->   Core 81 'RAM' <Latency = 1> <II = 1> <Delay = 2.32> <Storage> <Opcode : 'load' 'store'> <Ports = 2> <Width = 8> <Depth = 25> <RAM>
ST_10 : Operation 335 [2/2] (0.00ns)   --->   "%a_load_7 = load i5 %a_addr_7" [../source/tut3B_Function/matrix_mult.cpp:21]   --->   Operation 335 'load' 'a_load_7' <Predicate = true> <Delay = 0.00> <CoreInst = "RAM">   --->   Core 81 'RAM' <Latency = 1> <II = 1> <Delay = 2.32> <Storage> <Opcode : 'load' 'store'> <Ports = 2> <Width = 8> <Depth = 25> <RAM>
ST_10 : Operation 336 [4/5] (5.41ns)   --->   "%mul_ln21_26 = mul i16 %sext_ln21_31, i16 %sext_ln21_3" [../source/tut3B_Function/matrix_mult.cpp:21]   --->   Operation 336 'mul' 'mul_ln21_26' <Predicate = true> <Delay = 5.41> <CoreInst = "Multiplier">   --->   Core 3 'Multiplier' <Latency = 4> <II = 1> <Delay = 5.41> <FuncUnit> <Opcode : 'mul'> <InPorts = 2> <OutPorts = 1>
ST_10 : Operation 337 [1/2] (2.10ns) (root node of the DSP)   --->   "%add_ln21_21 = add i16 %mul_ln21_28, i16 %mul_ln21_27" [../source/tut3B_Function/matrix_mult.cpp:21]   --->   Operation 337 'add' 'add_ln21_21' <Predicate = true> <Delay = 2.10> <CoreInst = "DSP48">   --->   Core 116 'DSP48' <Latency = 3> <II = 1> <Delay = 2.15> <IPBlock> <Opcode : 'add' 'sub' 'mul' 'select'> <InPorts = 0> <OutPorts = 1> <Sync> <CReg>
ST_10 : Operation 338 [4/5] (5.41ns)   --->   "%mul_ln21_31 = mul i16 %sext_ln21_31, i16 %sext_ln21_11" [../source/tut3B_Function/matrix_mult.cpp:21]   --->   Operation 338 'mul' 'mul_ln21_31' <Predicate = true> <Delay = 5.41> <CoreInst = "Multiplier">   --->   Core 3 'Multiplier' <Latency = 4> <II = 1> <Delay = 5.41> <FuncUnit> <Opcode : 'mul'> <InPorts = 2> <OutPorts = 1>
ST_10 : Operation 339 [1/2] (2.10ns) (root node of the DSP)   --->   "%add_ln21_25 = add i16 %mul_ln21_33, i16 %mul_ln21_32" [../source/tut3B_Function/matrix_mult.cpp:21]   --->   Operation 339 'add' 'add_ln21_25' <Predicate = true> <Delay = 2.10> <CoreInst = "DSP48">   --->   Core 116 'DSP48' <Latency = 3> <II = 1> <Delay = 2.15> <IPBlock> <Opcode : 'add' 'sub' 'mul' 'select'> <InPorts = 0> <OutPorts = 1> <Sync> <CReg>
ST_10 : Operation 340 [5/5] (5.41ns)   --->   "%mul_ln21_36 = mul i16 %sext_ln21_31, i16 %sext_ln21_16" [../source/tut3B_Function/matrix_mult.cpp:21]   --->   Operation 340 'mul' 'mul_ln21_36' <Predicate = true> <Delay = 5.41> <CoreInst = "Multiplier">   --->   Core 3 'Multiplier' <Latency = 4> <II = 1> <Delay = 5.41> <FuncUnit> <Opcode : 'mul'> <InPorts = 2> <OutPorts = 1>
ST_10 : Operation 341 [1/3] (0.00ns) (grouped into DSP with root node add_ln21_29)   --->   "%mul_ln21_37 = mul i16 %sext_ln21_34, i16 %sext_ln21_19" [../source/tut3B_Function/matrix_mult.cpp:21]   --->   Operation 341 'mul' 'mul_ln21_37' <Predicate = true> <Delay = 0.00> <CoreInst = "DSP48">   --->   Core 116 'DSP48' <Latency = 3> <II = 1> <Delay = 2.15> <IPBlock> <Opcode : 'add' 'sub' 'mul' 'select'> <InPorts = 0> <OutPorts = 1> <Sync> <CReg>
ST_10 : Operation 342 [2/2] (2.10ns) (root node of the DSP)   --->   "%add_ln21_29 = add i16 %mul_ln21_38, i16 %mul_ln21_37" [../source/tut3B_Function/matrix_mult.cpp:21]   --->   Operation 342 'add' 'add_ln21_29' <Predicate = true> <Delay = 2.10> <CoreInst = "DSP48">   --->   Core 116 'DSP48' <Latency = 3> <II = 1> <Delay = 2.15> <IPBlock> <Opcode : 'add' 'sub' 'mul' 'select'> <InPorts = 0> <OutPorts = 1> <Sync> <CReg>
ST_10 : Operation 343 [5/5] (5.41ns)   --->   "%mul_ln21_41 = mul i16 %sext_ln21_31, i16 %sext_ln21_21" [../source/tut3B_Function/matrix_mult.cpp:21]   --->   Operation 343 'mul' 'mul_ln21_41' <Predicate = true> <Delay = 5.41> <CoreInst = "Multiplier">   --->   Core 3 'Multiplier' <Latency = 4> <II = 1> <Delay = 5.41> <FuncUnit> <Opcode : 'mul'> <InPorts = 2> <OutPorts = 1>
ST_10 : Operation 344 [1/3] (0.00ns) (grouped into DSP with root node add_ln21_33)   --->   "%mul_ln21_42 = mul i16 %sext_ln21_34, i16 %sext_ln21_24" [../source/tut3B_Function/matrix_mult.cpp:21]   --->   Operation 344 'mul' 'mul_ln21_42' <Predicate = true> <Delay = 0.00> <CoreInst = "DSP48">   --->   Core 116 'DSP48' <Latency = 3> <II = 1> <Delay = 2.15> <IPBlock> <Opcode : 'add' 'sub' 'mul' 'select'> <InPorts = 0> <OutPorts = 1> <Sync> <CReg>
ST_10 : Operation 345 [2/2] (2.10ns) (root node of the DSP)   --->   "%add_ln21_33 = add i16 %mul_ln21_43, i16 %mul_ln21_42" [../source/tut3B_Function/matrix_mult.cpp:21]   --->   Operation 345 'add' 'add_ln21_33' <Predicate = true> <Delay = 2.10> <CoreInst = "DSP48">   --->   Core 116 'DSP48' <Latency = 3> <II = 1> <Delay = 2.15> <IPBlock> <Opcode : 'add' 'sub' 'mul' 'select'> <InPorts = 0> <OutPorts = 1> <Sync> <CReg>
ST_10 : Operation 346 [5/5] (5.41ns)   --->   "%mul_ln21_46 = mul i16 %sext_ln21_31, i16 %sext_ln21_26" [../source/tut3B_Function/matrix_mult.cpp:21]   --->   Operation 346 'mul' 'mul_ln21_46' <Predicate = true> <Delay = 5.41> <CoreInst = "Multiplier">   --->   Core 3 'Multiplier' <Latency = 4> <II = 1> <Delay = 5.41> <FuncUnit> <Opcode : 'mul'> <InPorts = 2> <OutPorts = 1>
ST_10 : Operation 347 [2/3] (1.05ns) (grouped into DSP with root node add_ln21_37)   --->   "%mul_ln21_47 = mul i16 %sext_ln21_34, i16 %sext_ln21_29" [../source/tut3B_Function/matrix_mult.cpp:21]   --->   Operation 347 'mul' 'mul_ln21_47' <Predicate = true> <Delay = 1.05> <CoreInst = "DSP48">   --->   Core 116 'DSP48' <Latency = 3> <II = 1> <Delay = 2.15> <IPBlock> <Opcode : 'add' 'sub' 'mul' 'select'> <InPorts = 0> <OutPorts = 1> <Sync> <CReg>
ST_10 : Operation 348 [2/2] (0.00ns)   --->   "%a_load_10 = load i5 %a_addr_10" [../source/tut3B_Function/matrix_mult.cpp:21]   --->   Operation 348 'load' 'a_load_10' <Predicate = true> <Delay = 0.00> <CoreInst = "RAM">   --->   Core 81 'RAM' <Latency = 1> <II = 1> <Delay = 2.32> <Storage> <Opcode : 'load' 'store'> <Ports = 2> <Width = 8> <Depth = 25> <RAM>
ST_10 : Operation 349 [1/1] (0.00ns)   --->   "%sext_ln21_36 = sext i8 %a_load_11" [../source/tut3B_Function/matrix_mult.cpp:21]   --->   Operation 349 'sext' 'sext_ln21_36' <Predicate = true> <Delay = 0.00>
ST_10 : Operation 350 [5/5] (5.41ns)   --->   "%mul_ln21_51 = mul i16 %sext_ln21_36, i16 %sext_ln21_3" [../source/tut3B_Function/matrix_mult.cpp:21]   --->   Operation 350 'mul' 'mul_ln21_51' <Predicate = true> <Delay = 5.41> <CoreInst = "Multiplier">   --->   Core 3 'Multiplier' <Latency = 4> <II = 1> <Delay = 5.41> <FuncUnit> <Opcode : 'mul'> <InPorts = 2> <OutPorts = 1>
ST_10 : Operation 351 [1/3] (0.00ns) (grouped into DSP with root node add_ln21_41)   --->   "%mul_ln21_52 = mul i16 %sext_ln21_39, i16 %sext_ln21_9" [../source/tut3B_Function/matrix_mult.cpp:21]   --->   Operation 351 'mul' 'mul_ln21_52' <Predicate = true> <Delay = 0.00> <CoreInst = "DSP48">   --->   Core 116 'DSP48' <Latency = 3> <II = 1> <Delay = 2.15> <IPBlock> <Opcode : 'add' 'sub' 'mul' 'select'> <InPorts = 0> <OutPorts = 1> <Sync> <CReg>
ST_10 : Operation 352 [2/2] (2.10ns) (root node of the DSP)   --->   "%add_ln21_41 = add i16 %mul_ln21_53, i16 %mul_ln21_52" [../source/tut3B_Function/matrix_mult.cpp:21]   --->   Operation 352 'add' 'add_ln21_41' <Predicate = true> <Delay = 2.10> <CoreInst = "DSP48">   --->   Core 116 'DSP48' <Latency = 3> <II = 1> <Delay = 2.15> <IPBlock> <Opcode : 'add' 'sub' 'mul' 'select'> <InPorts = 0> <OutPorts = 1> <Sync> <CReg>
ST_10 : Operation 353 [1/3] (0.00ns) (grouped into DSP with root node add_ln21_45)   --->   "%mul_ln21_57 = mul i16 %sext_ln21_39, i16 %sext_ln21_14" [../source/tut3B_Function/matrix_mult.cpp:21]   --->   Operation 353 'mul' 'mul_ln21_57' <Predicate = true> <Delay = 0.00> <CoreInst = "DSP48">   --->   Core 116 'DSP48' <Latency = 3> <II = 1> <Delay = 2.15> <IPBlock> <Opcode : 'add' 'sub' 'mul' 'select'> <InPorts = 0> <OutPorts = 1> <Sync> <CReg>
ST_10 : Operation 354 [2/2] (2.10ns) (root node of the DSP)   --->   "%add_ln21_45 = add i16 %mul_ln21_58, i16 %mul_ln21_57" [../source/tut3B_Function/matrix_mult.cpp:21]   --->   Operation 354 'add' 'add_ln21_45' <Predicate = true> <Delay = 2.10> <CoreInst = "DSP48">   --->   Core 116 'DSP48' <Latency = 3> <II = 1> <Delay = 2.15> <IPBlock> <Opcode : 'add' 'sub' 'mul' 'select'> <InPorts = 0> <OutPorts = 1> <Sync> <CReg>
ST_10 : Operation 355 [2/3] (1.05ns) (grouped into DSP with root node add_ln21_49)   --->   "%mul_ln21_62 = mul i16 %sext_ln21_39, i16 %sext_ln21_19" [../source/tut3B_Function/matrix_mult.cpp:21]   --->   Operation 355 'mul' 'mul_ln21_62' <Predicate = true> <Delay = 1.05> <CoreInst = "DSP48">   --->   Core 116 'DSP48' <Latency = 3> <II = 1> <Delay = 2.15> <IPBlock> <Opcode : 'add' 'sub' 'mul' 'select'> <InPorts = 0> <OutPorts = 1> <Sync> <CReg>
ST_10 : Operation 356 [2/3] (1.05ns) (grouped into DSP with root node add_ln21_53)   --->   "%mul_ln21_67 = mul i16 %sext_ln21_39, i16 %sext_ln21_24" [../source/tut3B_Function/matrix_mult.cpp:21]   --->   Operation 356 'mul' 'mul_ln21_67' <Predicate = true> <Delay = 1.05> <CoreInst = "DSP48">   --->   Core 116 'DSP48' <Latency = 3> <II = 1> <Delay = 2.15> <IPBlock> <Opcode : 'add' 'sub' 'mul' 'select'> <InPorts = 0> <OutPorts = 1> <Sync> <CReg>
ST_10 : Operation 357 [2/3] (1.05ns) (grouped into DSP with root node add_ln21_57)   --->   "%mul_ln21_72 = mul i16 %sext_ln21_39, i16 %sext_ln21_29" [../source/tut3B_Function/matrix_mult.cpp:21]   --->   Operation 357 'mul' 'mul_ln21_72' <Predicate = true> <Delay = 1.05> <CoreInst = "DSP48">   --->   Core 116 'DSP48' <Latency = 3> <II = 1> <Delay = 2.15> <IPBlock> <Opcode : 'add' 'sub' 'mul' 'select'> <InPorts = 0> <OutPorts = 1> <Sync> <CReg>
ST_10 : Operation 358 [2/3] (1.05ns) (grouped into DSP with root node add_ln21_61)   --->   "%mul_ln21_77 = mul i16 %sext_ln21_44, i16 %sext_ln21_9" [../source/tut3B_Function/matrix_mult.cpp:21]   --->   Operation 358 'mul' 'mul_ln21_77' <Predicate = true> <Delay = 1.05> <CoreInst = "DSP48">   --->   Core 116 'DSP48' <Latency = 3> <II = 1> <Delay = 2.15> <IPBlock> <Opcode : 'add' 'sub' 'mul' 'select'> <InPorts = 0> <OutPorts = 1> <Sync> <CReg>
ST_10 : Operation 359 [3/3] (1.05ns) (grouped into DSP with root node add_ln21_65)   --->   "%mul_ln21_82 = mul i16 %sext_ln21_44, i16 %sext_ln21_14" [../source/tut3B_Function/matrix_mult.cpp:21]   --->   Operation 359 'mul' 'mul_ln21_82' <Predicate = true> <Delay = 1.05> <CoreInst = "DSP48">   --->   Core 116 'DSP48' <Latency = 3> <II = 1> <Delay = 2.15> <IPBlock> <Opcode : 'add' 'sub' 'mul' 'select'> <InPorts = 0> <OutPorts = 1> <Sync> <CReg>
ST_10 : Operation 360 [1/5] (5.41ns)   --->   "%mul_ln21_83 = mul i16 %sext_ln21_43, i16 %sext_ln21_13" [../source/tut3B_Function/matrix_mult.cpp:21]   --->   Operation 360 'mul' 'mul_ln21_83' <Predicate = true> <Delay = 5.41> <CoreInst = "Multiplier">   --->   Core 3 'Multiplier' <Latency = 4> <II = 1> <Delay = 5.41> <FuncUnit> <Opcode : 'mul'> <InPorts = 2> <OutPorts = 1>
ST_10 : Operation 361 [3/3] (1.05ns) (grouped into DSP with root node add_ln21_69)   --->   "%mul_ln21_87 = mul i16 %sext_ln21_44, i16 %sext_ln21_19" [../source/tut3B_Function/matrix_mult.cpp:21]   --->   Operation 361 'mul' 'mul_ln21_87' <Predicate = true> <Delay = 1.05> <CoreInst = "DSP48">   --->   Core 116 'DSP48' <Latency = 3> <II = 1> <Delay = 2.15> <IPBlock> <Opcode : 'add' 'sub' 'mul' 'select'> <InPorts = 0> <OutPorts = 1> <Sync> <CReg>
ST_10 : Operation 362 [1/5] (5.41ns)   --->   "%mul_ln21_88 = mul i16 %sext_ln21_43, i16 %sext_ln21_18" [../source/tut3B_Function/matrix_mult.cpp:21]   --->   Operation 362 'mul' 'mul_ln21_88' <Predicate = true> <Delay = 5.41> <CoreInst = "Multiplier">   --->   Core 3 'Multiplier' <Latency = 4> <II = 1> <Delay = 5.41> <FuncUnit> <Opcode : 'mul'> <InPorts = 2> <OutPorts = 1>
ST_10 : Operation 363 [3/3] (1.05ns) (grouped into DSP with root node add_ln21_73)   --->   "%mul_ln21_92 = mul i16 %sext_ln21_44, i16 %sext_ln21_24" [../source/tut3B_Function/matrix_mult.cpp:21]   --->   Operation 363 'mul' 'mul_ln21_92' <Predicate = true> <Delay = 1.05> <CoreInst = "DSP48">   --->   Core 116 'DSP48' <Latency = 3> <II = 1> <Delay = 2.15> <IPBlock> <Opcode : 'add' 'sub' 'mul' 'select'> <InPorts = 0> <OutPorts = 1> <Sync> <CReg>
ST_10 : Operation 364 [1/5] (5.41ns)   --->   "%mul_ln21_93 = mul i16 %sext_ln21_43, i16 %sext_ln21_23" [../source/tut3B_Function/matrix_mult.cpp:21]   --->   Operation 364 'mul' 'mul_ln21_93' <Predicate = true> <Delay = 5.41> <CoreInst = "Multiplier">   --->   Core 3 'Multiplier' <Latency = 4> <II = 1> <Delay = 5.41> <FuncUnit> <Opcode : 'mul'> <InPorts = 2> <OutPorts = 1>
ST_10 : Operation 365 [3/3] (1.05ns) (grouped into DSP with root node add_ln21_77)   --->   "%mul_ln21_97 = mul i16 %sext_ln21_44, i16 %sext_ln21_29" [../source/tut3B_Function/matrix_mult.cpp:21]   --->   Operation 365 'mul' 'mul_ln21_97' <Predicate = true> <Delay = 1.05> <CoreInst = "DSP48">   --->   Core 116 'DSP48' <Latency = 3> <II = 1> <Delay = 2.15> <IPBlock> <Opcode : 'add' 'sub' 'mul' 'select'> <InPorts = 0> <OutPorts = 1> <Sync> <CReg>
ST_10 : Operation 366 [1/5] (5.41ns)   --->   "%mul_ln21_98 = mul i16 %sext_ln21_43, i16 %sext_ln21_28" [../source/tut3B_Function/matrix_mult.cpp:21]   --->   Operation 366 'mul' 'mul_ln21_98' <Predicate = true> <Delay = 5.41> <CoreInst = "Multiplier">   --->   Core 3 'Multiplier' <Latency = 4> <II = 1> <Delay = 5.41> <FuncUnit> <Opcode : 'mul'> <InPorts = 2> <OutPorts = 1>
ST_10 : Operation 367 [1/1] (0.00ns)   --->   "%sext_ln21_49 = sext i8 %a_load_24" [../source/tut3B_Function/matrix_mult.cpp:21]   --->   Operation 367 'sext' 'sext_ln21_49' <Predicate = true> <Delay = 0.00>
ST_10 : Operation 368 [3/3] (1.05ns) (grouped into DSP with root node add_ln21_81)   --->   "%mul_ln21_102 = mul i16 %sext_ln21_49, i16 %sext_ln21_9" [../source/tut3B_Function/matrix_mult.cpp:21]   --->   Operation 368 'mul' 'mul_ln21_102' <Predicate = true> <Delay = 1.05> <CoreInst = "DSP48">   --->   Core 116 'DSP48' <Latency = 3> <II = 1> <Delay = 2.15> <IPBlock> <Opcode : 'add' 'sub' 'mul' 'select'> <InPorts = 0> <OutPorts = 1> <Sync> <CReg>
ST_10 : Operation 369 [2/5] (5.41ns)   --->   "%mul_ln21_103 = mul i16 %sext_ln21_48, i16 %sext_ln21_7" [../source/tut3B_Function/matrix_mult.cpp:21]   --->   Operation 369 'mul' 'mul_ln21_103' <Predicate = true> <Delay = 5.41> <CoreInst = "Multiplier">   --->   Core 3 'Multiplier' <Latency = 4> <II = 1> <Delay = 5.41> <FuncUnit> <Opcode : 'mul'> <InPorts = 2> <OutPorts = 1>
ST_10 : Operation 370 [3/3] (1.05ns) (grouped into DSP with root node add_ln21_85)   --->   "%mul_ln21_107 = mul i16 %sext_ln21_49, i16 %sext_ln21_14" [../source/tut3B_Function/matrix_mult.cpp:21]   --->   Operation 370 'mul' 'mul_ln21_107' <Predicate = true> <Delay = 1.05> <CoreInst = "DSP48">   --->   Core 116 'DSP48' <Latency = 3> <II = 1> <Delay = 2.15> <IPBlock> <Opcode : 'add' 'sub' 'mul' 'select'> <InPorts = 0> <OutPorts = 1> <Sync> <CReg>
ST_10 : Operation 371 [2/5] (5.41ns)   --->   "%mul_ln21_108 = mul i16 %sext_ln21_48, i16 %sext_ln21_13" [../source/tut3B_Function/matrix_mult.cpp:21]   --->   Operation 371 'mul' 'mul_ln21_108' <Predicate = true> <Delay = 5.41> <CoreInst = "Multiplier">   --->   Core 3 'Multiplier' <Latency = 4> <II = 1> <Delay = 5.41> <FuncUnit> <Opcode : 'mul'> <InPorts = 2> <OutPorts = 1>
ST_10 : Operation 372 [2/5] (5.41ns)   --->   "%mul_ln21_113 = mul i16 %sext_ln21_48, i16 %sext_ln21_18" [../source/tut3B_Function/matrix_mult.cpp:21]   --->   Operation 372 'mul' 'mul_ln21_113' <Predicate = true> <Delay = 5.41> <CoreInst = "Multiplier">   --->   Core 3 'Multiplier' <Latency = 4> <II = 1> <Delay = 5.41> <FuncUnit> <Opcode : 'mul'> <InPorts = 2> <OutPorts = 1>
ST_10 : Operation 373 [2/5] (5.41ns)   --->   "%mul_ln21_118 = mul i16 %sext_ln21_48, i16 %sext_ln21_23" [../source/tut3B_Function/matrix_mult.cpp:21]   --->   Operation 373 'mul' 'mul_ln21_118' <Predicate = true> <Delay = 5.41> <CoreInst = "Multiplier">   --->   Core 3 'Multiplier' <Latency = 4> <II = 1> <Delay = 5.41> <FuncUnit> <Opcode : 'mul'> <InPorts = 2> <OutPorts = 1>
ST_10 : Operation 374 [3/5] (5.41ns)   --->   "%mul_ln21_123 = mul i16 %sext_ln21_48, i16 %sext_ln21_28" [../source/tut3B_Function/matrix_mult.cpp:21]   --->   Operation 374 'mul' 'mul_ln21_123' <Predicate = true> <Delay = 5.41> <CoreInst = "Multiplier">   --->   Core 3 'Multiplier' <Latency = 4> <II = 1> <Delay = 5.41> <FuncUnit> <Opcode : 'mul'> <InPorts = 2> <OutPorts = 1>

State 11 <SV = 10> <Delay = 5.41>
ST_11 : Operation 375 [1/1] (0.00ns)   --->   "%a_addr_12 = getelementptr i8 %a, i64 0, i64 12" [../source/tut3B_Function/matrix_mult.cpp:21]   --->   Operation 375 'getelementptr' 'a_addr_12' <Predicate = true> <Delay = 0.00>
ST_11 : Operation 376 [1/1] (0.00ns)   --->   "%a_addr_15 = getelementptr i8 %a, i64 0, i64 15" [../source/tut3B_Function/matrix_mult.cpp:21]   --->   Operation 376 'getelementptr' 'a_addr_15' <Predicate = true> <Delay = 0.00>
ST_11 : Operation 377 [1/1] (0.00ns)   --->   "%b_addr_12 = getelementptr i8 %b, i64 0, i64 12" [../source/tut3B_Function/matrix_mult.cpp:21]   --->   Operation 377 'getelementptr' 'b_addr_12' <Predicate = true> <Delay = 0.00>
ST_11 : Operation 378 [1/1] (0.00ns)   --->   "%b_addr_15 = getelementptr i8 %b, i64 0, i64 3" [../source/tut3B_Function/matrix_mult.cpp:21]   --->   Operation 378 'getelementptr' 'b_addr_15' <Predicate = true> <Delay = 0.00>
ST_11 : Operation 379 [1/1] (0.00ns)   --->   "%sext_ln21 = sext i8 %a_load" [../source/tut3B_Function/matrix_mult.cpp:21]   --->   Operation 379 'sext' 'sext_ln21' <Predicate = true> <Delay = 0.00>
ST_11 : Operation 380 [1/1] (0.00ns)   --->   "%sext_ln21_1 = sext i8 %b_load" [../source/tut3B_Function/matrix_mult.cpp:21]   --->   Operation 380 'sext' 'sext_ln21_1' <Predicate = true> <Delay = 0.00>
ST_11 : Operation 381 [3/3] (1.05ns) (grouped into DSP with root node add_ln21)   --->   "%mul_ln21 = mul i16 %sext_ln21_1, i16 %sext_ln21" [../source/tut3B_Function/matrix_mult.cpp:21]   --->   Operation 381 'mul' 'mul_ln21' <Predicate = true> <Delay = 1.05> <CoreInst = "DSP48">   --->   Core 116 'DSP48' <Latency = 3> <II = 1> <Delay = 2.15> <IPBlock> <Opcode : 'add' 'sub' 'mul' 'select'> <InPorts = 0> <OutPorts = 1> <Sync> <CReg>
ST_11 : Operation 382 [2/5] (5.41ns)   --->   "%mul_ln21_1 = mul i16 %sext_ln21_3, i16 %sext_ln21_2" [../source/tut3B_Function/matrix_mult.cpp:21]   --->   Operation 382 'mul' 'mul_ln21_1' <Predicate = true> <Delay = 5.41> <CoreInst = "Multiplier">   --->   Core 3 'Multiplier' <Latency = 4> <II = 1> <Delay = 5.41> <FuncUnit> <Opcode : 'mul'> <InPorts = 2> <OutPorts = 1>
ST_11 : Operation 383 [1/1] (0.00ns)   --->   "%sext_ln21_10 = sext i8 %b_load_5" [../source/tut3B_Function/matrix_mult.cpp:21]   --->   Operation 383 'sext' 'sext_ln21_10' <Predicate = true> <Delay = 0.00>
ST_11 : Operation 384 [1/2] ( I:0.00ns O:0.00ns )   --->   "%b_load_7 = load i5 %b_addr_7" [../source/tut3B_Function/matrix_mult.cpp:21]   --->   Operation 384 'load' 'b_load_7' <Predicate = true> <Delay = 0.00> <CoreInst = "RAM">   --->   Core 81 'RAM' <Latency = 1> <II = 1> <Delay = 2.32> <Storage> <Opcode : 'load' 'store'> <Ports = 2> <Width = 8> <Depth = 25> <RAM>
ST_11 : Operation 385 [3/3] (1.05ns) (grouped into DSP with root node add_ln21_4)   --->   "%mul_ln21_5 = mul i16 %sext_ln21_10, i16 %sext_ln21" [../source/tut3B_Function/matrix_mult.cpp:21]   --->   Operation 385 'mul' 'mul_ln21_5' <Predicate = true> <Delay = 1.05> <CoreInst = "DSP48">   --->   Core 116 'DSP48' <Latency = 3> <II = 1> <Delay = 2.15> <IPBlock> <Opcode : 'add' 'sub' 'mul' 'select'> <InPorts = 0> <OutPorts = 1> <Sync> <CReg>
ST_11 : Operation 386 [2/5] (5.41ns)   --->   "%mul_ln21_6 = mul i16 %sext_ln21_11, i16 %sext_ln21_2" [../source/tut3B_Function/matrix_mult.cpp:21]   --->   Operation 386 'mul' 'mul_ln21_6' <Predicate = true> <Delay = 5.41> <CoreInst = "Multiplier">   --->   Core 3 'Multiplier' <Latency = 4> <II = 1> <Delay = 5.41> <FuncUnit> <Opcode : 'mul'> <InPorts = 2> <OutPorts = 1>
ST_11 : Operation 387 [1/2] ( I:0.00ns O:0.00ns )   --->   "%b_load_10 = load i5 %b_addr_10" [../source/tut3B_Function/matrix_mult.cpp:21]   --->   Operation 387 'load' 'b_load_10' <Predicate = true> <Delay = 0.00> <CoreInst = "RAM">   --->   Core 81 'RAM' <Latency = 1> <II = 1> <Delay = 2.32> <Storage> <Opcode : 'load' 'store'> <Ports = 2> <Width = 8> <Depth = 25> <RAM>
ST_11 : Operation 388 [1/1] (0.00ns)   --->   "%sext_ln21_15 = sext i8 %b_load_10" [../source/tut3B_Function/matrix_mult.cpp:21]   --->   Operation 388 'sext' 'sext_ln21_15' <Predicate = true> <Delay = 0.00>
ST_11 : Operation 389 [2/2] (0.00ns)   --->   "%b_load_12 = load i5 %b_addr_12" [../source/tut3B_Function/matrix_mult.cpp:21]   --->   Operation 389 'load' 'b_load_12' <Predicate = true> <Delay = 0.00> <CoreInst = "RAM">   --->   Core 81 'RAM' <Latency = 1> <II = 1> <Delay = 2.32> <Storage> <Opcode : 'load' 'store'> <Ports = 2> <Width = 8> <Depth = 25> <RAM>
ST_11 : Operation 390 [3/3] (1.05ns) (grouped into DSP with root node add_ln21_8)   --->   "%mul_ln21_10 = mul i16 %sext_ln21_15, i16 %sext_ln21" [../source/tut3B_Function/matrix_mult.cpp:21]   --->   Operation 390 'mul' 'mul_ln21_10' <Predicate = true> <Delay = 1.05> <CoreInst = "DSP48">   --->   Core 116 'DSP48' <Latency = 3> <II = 1> <Delay = 2.15> <IPBlock> <Opcode : 'add' 'sub' 'mul' 'select'> <InPorts = 0> <OutPorts = 1> <Sync> <CReg>
ST_11 : Operation 391 [2/5] (5.41ns)   --->   "%mul_ln21_11 = mul i16 %sext_ln21_16, i16 %sext_ln21_2" [../source/tut3B_Function/matrix_mult.cpp:21]   --->   Operation 391 'mul' 'mul_ln21_11' <Predicate = true> <Delay = 5.41> <CoreInst = "Multiplier">   --->   Core 3 'Multiplier' <Latency = 4> <II = 1> <Delay = 5.41> <FuncUnit> <Opcode : 'mul'> <InPorts = 2> <OutPorts = 1>
ST_11 : Operation 392 [1/2] (2.10ns) (root node of the DSP)   --->   "%add_ln21_9 = add i16 %mul_ln21_13, i16 %mul_ln21_12" [../source/tut3B_Function/matrix_mult.cpp:21]   --->   Operation 392 'add' 'add_ln21_9' <Predicate = true> <Delay = 2.10> <CoreInst = "DSP48">   --->   Core 116 'DSP48' <Latency = 3> <II = 1> <Delay = 2.15> <IPBlock> <Opcode : 'add' 'sub' 'mul' 'select'> <InPorts = 0> <OutPorts = 1> <Sync> <CReg>
ST_11 : Operation 393 [2/2] (0.00ns)   --->   "%b_load_15 = load i5 %b_addr_15" [../source/tut3B_Function/matrix_mult.cpp:21]   --->   Operation 393 'load' 'b_load_15' <Predicate = true> <Delay = 0.00> <CoreInst = "RAM">   --->   Core 81 'RAM' <Latency = 1> <II = 1> <Delay = 2.32> <Storage> <Opcode : 'load' 'store'> <Ports = 2> <Width = 8> <Depth = 25> <RAM>
ST_11 : Operation 394 [3/5] (5.41ns)   --->   "%mul_ln21_16 = mul i16 %sext_ln21_21, i16 %sext_ln21_2" [../source/tut3B_Function/matrix_mult.cpp:21]   --->   Operation 394 'mul' 'mul_ln21_16' <Predicate = true> <Delay = 5.41> <CoreInst = "Multiplier">   --->   Core 3 'Multiplier' <Latency = 4> <II = 1> <Delay = 5.41> <FuncUnit> <Opcode : 'mul'> <InPorts = 2> <OutPorts = 1>
ST_11 : Operation 395 [1/2] (2.10ns) (root node of the DSP)   --->   "%add_ln21_13 = add i16 %mul_ln21_18, i16 %mul_ln21_17" [../source/tut3B_Function/matrix_mult.cpp:21]   --->   Operation 395 'add' 'add_ln21_13' <Predicate = true> <Delay = 2.10> <CoreInst = "DSP48">   --->   Core 116 'DSP48' <Latency = 3> <II = 1> <Delay = 2.15> <IPBlock> <Opcode : 'add' 'sub' 'mul' 'select'> <InPorts = 0> <OutPorts = 1> <Sync> <CReg>
ST_11 : Operation 396 [3/5] (5.41ns)   --->   "%mul_ln21_21 = mul i16 %sext_ln21_26, i16 %sext_ln21_2" [../source/tut3B_Function/matrix_mult.cpp:21]   --->   Operation 396 'mul' 'mul_ln21_21' <Predicate = true> <Delay = 5.41> <CoreInst = "Multiplier">   --->   Core 3 'Multiplier' <Latency = 4> <II = 1> <Delay = 5.41> <FuncUnit> <Opcode : 'mul'> <InPorts = 2> <OutPorts = 1>
ST_11 : Operation 397 [1/3] (0.00ns) (grouped into DSP with root node add_ln21_17)   --->   "%mul_ln21_22 = mul i16 %sext_ln21_29, i16 %sext_ln21_8" [../source/tut3B_Function/matrix_mult.cpp:21]   --->   Operation 397 'mul' 'mul_ln21_22' <Predicate = true> <Delay = 0.00> <CoreInst = "DSP48">   --->   Core 116 'DSP48' <Latency = 3> <II = 1> <Delay = 2.15> <IPBlock> <Opcode : 'add' 'sub' 'mul' 'select'> <InPorts = 0> <OutPorts = 1> <Sync> <CReg>
ST_11 : Operation 398 [2/2] (2.10ns) (root node of the DSP)   --->   "%add_ln21_17 = add i16 %mul_ln21_23, i16 %mul_ln21_22" [../source/tut3B_Function/matrix_mult.cpp:21]   --->   Operation 398 'add' 'add_ln21_17' <Predicate = true> <Delay = 2.10> <CoreInst = "DSP48">   --->   Core 116 'DSP48' <Latency = 3> <II = 1> <Delay = 2.15> <IPBlock> <Opcode : 'add' 'sub' 'mul' 'select'> <InPorts = 0> <OutPorts = 1> <Sync> <CReg>
ST_11 : Operation 399 [1/2] ( I:0.00ns O:0.00ns )   --->   "%a_load_7 = load i5 %a_addr_7" [../source/tut3B_Function/matrix_mult.cpp:21]   --->   Operation 399 'load' 'a_load_7' <Predicate = true> <Delay = 0.00> <CoreInst = "RAM">   --->   Core 81 'RAM' <Latency = 1> <II = 1> <Delay = 2.32> <Storage> <Opcode : 'load' 'store'> <Ports = 2> <Width = 8> <Depth = 25> <RAM>
ST_11 : Operation 400 [3/5] (5.41ns)   --->   "%mul_ln21_26 = mul i16 %sext_ln21_31, i16 %sext_ln21_3" [../source/tut3B_Function/matrix_mult.cpp:21]   --->   Operation 400 'mul' 'mul_ln21_26' <Predicate = true> <Delay = 5.41> <CoreInst = "Multiplier">   --->   Core 3 'Multiplier' <Latency = 4> <II = 1> <Delay = 5.41> <FuncUnit> <Opcode : 'mul'> <InPorts = 2> <OutPorts = 1>
ST_11 : Operation 401 [3/5] (5.41ns)   --->   "%mul_ln21_31 = mul i16 %sext_ln21_31, i16 %sext_ln21_11" [../source/tut3B_Function/matrix_mult.cpp:21]   --->   Operation 401 'mul' 'mul_ln21_31' <Predicate = true> <Delay = 5.41> <CoreInst = "Multiplier">   --->   Core 3 'Multiplier' <Latency = 4> <II = 1> <Delay = 5.41> <FuncUnit> <Opcode : 'mul'> <InPorts = 2> <OutPorts = 1>
ST_11 : Operation 402 [4/5] (5.41ns)   --->   "%mul_ln21_36 = mul i16 %sext_ln21_31, i16 %sext_ln21_16" [../source/tut3B_Function/matrix_mult.cpp:21]   --->   Operation 402 'mul' 'mul_ln21_36' <Predicate = true> <Delay = 5.41> <CoreInst = "Multiplier">   --->   Core 3 'Multiplier' <Latency = 4> <II = 1> <Delay = 5.41> <FuncUnit> <Opcode : 'mul'> <InPorts = 2> <OutPorts = 1>
ST_11 : Operation 403 [1/2] (2.10ns) (root node of the DSP)   --->   "%add_ln21_29 = add i16 %mul_ln21_38, i16 %mul_ln21_37" [../source/tut3B_Function/matrix_mult.cpp:21]   --->   Operation 403 'add' 'add_ln21_29' <Predicate = true> <Delay = 2.10> <CoreInst = "DSP48">   --->   Core 116 'DSP48' <Latency = 3> <II = 1> <Delay = 2.15> <IPBlock> <Opcode : 'add' 'sub' 'mul' 'select'> <InPorts = 0> <OutPorts = 1> <Sync> <CReg>
ST_11 : Operation 404 [4/5] (5.41ns)   --->   "%mul_ln21_41 = mul i16 %sext_ln21_31, i16 %sext_ln21_21" [../source/tut3B_Function/matrix_mult.cpp:21]   --->   Operation 404 'mul' 'mul_ln21_41' <Predicate = true> <Delay = 5.41> <CoreInst = "Multiplier">   --->   Core 3 'Multiplier' <Latency = 4> <II = 1> <Delay = 5.41> <FuncUnit> <Opcode : 'mul'> <InPorts = 2> <OutPorts = 1>
ST_11 : Operation 405 [1/2] (2.10ns) (root node of the DSP)   --->   "%add_ln21_33 = add i16 %mul_ln21_43, i16 %mul_ln21_42" [../source/tut3B_Function/matrix_mult.cpp:21]   --->   Operation 405 'add' 'add_ln21_33' <Predicate = true> <Delay = 2.10> <CoreInst = "DSP48">   --->   Core 116 'DSP48' <Latency = 3> <II = 1> <Delay = 2.15> <IPBlock> <Opcode : 'add' 'sub' 'mul' 'select'> <InPorts = 0> <OutPorts = 1> <Sync> <CReg>
ST_11 : Operation 406 [4/5] (5.41ns)   --->   "%mul_ln21_46 = mul i16 %sext_ln21_31, i16 %sext_ln21_26" [../source/tut3B_Function/matrix_mult.cpp:21]   --->   Operation 406 'mul' 'mul_ln21_46' <Predicate = true> <Delay = 5.41> <CoreInst = "Multiplier">   --->   Core 3 'Multiplier' <Latency = 4> <II = 1> <Delay = 5.41> <FuncUnit> <Opcode : 'mul'> <InPorts = 2> <OutPorts = 1>
ST_11 : Operation 407 [1/3] (0.00ns) (grouped into DSP with root node add_ln21_37)   --->   "%mul_ln21_47 = mul i16 %sext_ln21_34, i16 %sext_ln21_29" [../source/tut3B_Function/matrix_mult.cpp:21]   --->   Operation 407 'mul' 'mul_ln21_47' <Predicate = true> <Delay = 0.00> <CoreInst = "DSP48">   --->   Core 116 'DSP48' <Latency = 3> <II = 1> <Delay = 2.15> <IPBlock> <Opcode : 'add' 'sub' 'mul' 'select'> <InPorts = 0> <OutPorts = 1> <Sync> <CReg>
ST_11 : Operation 408 [2/2] (2.10ns) (root node of the DSP)   --->   "%add_ln21_37 = add i16 %mul_ln21_48, i16 %mul_ln21_47" [../source/tut3B_Function/matrix_mult.cpp:21]   --->   Operation 408 'add' 'add_ln21_37' <Predicate = true> <Delay = 2.10> <CoreInst = "DSP48">   --->   Core 116 'DSP48' <Latency = 3> <II = 1> <Delay = 2.15> <IPBlock> <Opcode : 'add' 'sub' 'mul' 'select'> <InPorts = 0> <OutPorts = 1> <Sync> <CReg>
ST_11 : Operation 409 [1/2] ( I:0.00ns O:0.00ns )   --->   "%a_load_10 = load i5 %a_addr_10" [../source/tut3B_Function/matrix_mult.cpp:21]   --->   Operation 409 'load' 'a_load_10' <Predicate = true> <Delay = 0.00> <CoreInst = "RAM">   --->   Core 81 'RAM' <Latency = 1> <II = 1> <Delay = 2.32> <Storage> <Opcode : 'load' 'store'> <Ports = 2> <Width = 8> <Depth = 25> <RAM>
ST_11 : Operation 410 [2/2] (0.00ns)   --->   "%a_load_12 = load i5 %a_addr_12" [../source/tut3B_Function/matrix_mult.cpp:21]   --->   Operation 410 'load' 'a_load_12' <Predicate = true> <Delay = 0.00> <CoreInst = "RAM">   --->   Core 81 'RAM' <Latency = 1> <II = 1> <Delay = 2.32> <Storage> <Opcode : 'load' 'store'> <Ports = 2> <Width = 8> <Depth = 25> <RAM>
ST_11 : Operation 411 [4/5] (5.41ns)   --->   "%mul_ln21_51 = mul i16 %sext_ln21_36, i16 %sext_ln21_3" [../source/tut3B_Function/matrix_mult.cpp:21]   --->   Operation 411 'mul' 'mul_ln21_51' <Predicate = true> <Delay = 5.41> <CoreInst = "Multiplier">   --->   Core 3 'Multiplier' <Latency = 4> <II = 1> <Delay = 5.41> <FuncUnit> <Opcode : 'mul'> <InPorts = 2> <OutPorts = 1>
ST_11 : Operation 412 [1/2] (2.10ns) (root node of the DSP)   --->   "%add_ln21_41 = add i16 %mul_ln21_53, i16 %mul_ln21_52" [../source/tut3B_Function/matrix_mult.cpp:21]   --->   Operation 412 'add' 'add_ln21_41' <Predicate = true> <Delay = 2.10> <CoreInst = "DSP48">   --->   Core 116 'DSP48' <Latency = 3> <II = 1> <Delay = 2.15> <IPBlock> <Opcode : 'add' 'sub' 'mul' 'select'> <InPorts = 0> <OutPorts = 1> <Sync> <CReg>
ST_11 : Operation 413 [5/5] (5.41ns)   --->   "%mul_ln21_56 = mul i16 %sext_ln21_36, i16 %sext_ln21_11" [../source/tut3B_Function/matrix_mult.cpp:21]   --->   Operation 413 'mul' 'mul_ln21_56' <Predicate = true> <Delay = 5.41> <CoreInst = "Multiplier">   --->   Core 3 'Multiplier' <Latency = 4> <II = 1> <Delay = 5.41> <FuncUnit> <Opcode : 'mul'> <InPorts = 2> <OutPorts = 1>
ST_11 : Operation 414 [1/2] (2.10ns) (root node of the DSP)   --->   "%add_ln21_45 = add i16 %mul_ln21_58, i16 %mul_ln21_57" [../source/tut3B_Function/matrix_mult.cpp:21]   --->   Operation 414 'add' 'add_ln21_45' <Predicate = true> <Delay = 2.10> <CoreInst = "DSP48">   --->   Core 116 'DSP48' <Latency = 3> <II = 1> <Delay = 2.15> <IPBlock> <Opcode : 'add' 'sub' 'mul' 'select'> <InPorts = 0> <OutPorts = 1> <Sync> <CReg>
ST_11 : Operation 415 [5/5] (5.41ns)   --->   "%mul_ln21_61 = mul i16 %sext_ln21_36, i16 %sext_ln21_16" [../source/tut3B_Function/matrix_mult.cpp:21]   --->   Operation 415 'mul' 'mul_ln21_61' <Predicate = true> <Delay = 5.41> <CoreInst = "Multiplier">   --->   Core 3 'Multiplier' <Latency = 4> <II = 1> <Delay = 5.41> <FuncUnit> <Opcode : 'mul'> <InPorts = 2> <OutPorts = 1>
ST_11 : Operation 416 [1/3] (0.00ns) (grouped into DSP with root node add_ln21_49)   --->   "%mul_ln21_62 = mul i16 %sext_ln21_39, i16 %sext_ln21_19" [../source/tut3B_Function/matrix_mult.cpp:21]   --->   Operation 416 'mul' 'mul_ln21_62' <Predicate = true> <Delay = 0.00> <CoreInst = "DSP48">   --->   Core 116 'DSP48' <Latency = 3> <II = 1> <Delay = 2.15> <IPBlock> <Opcode : 'add' 'sub' 'mul' 'select'> <InPorts = 0> <OutPorts = 1> <Sync> <CReg>
ST_11 : Operation 417 [2/2] (2.10ns) (root node of the DSP)   --->   "%add_ln21_49 = add i16 %mul_ln21_63, i16 %mul_ln21_62" [../source/tut3B_Function/matrix_mult.cpp:21]   --->   Operation 417 'add' 'add_ln21_49' <Predicate = true> <Delay = 2.10> <CoreInst = "DSP48">   --->   Core 116 'DSP48' <Latency = 3> <II = 1> <Delay = 2.15> <IPBlock> <Opcode : 'add' 'sub' 'mul' 'select'> <InPorts = 0> <OutPorts = 1> <Sync> <CReg>
ST_11 : Operation 418 [5/5] (5.41ns)   --->   "%mul_ln21_66 = mul i16 %sext_ln21_36, i16 %sext_ln21_21" [../source/tut3B_Function/matrix_mult.cpp:21]   --->   Operation 418 'mul' 'mul_ln21_66' <Predicate = true> <Delay = 5.41> <CoreInst = "Multiplier">   --->   Core 3 'Multiplier' <Latency = 4> <II = 1> <Delay = 5.41> <FuncUnit> <Opcode : 'mul'> <InPorts = 2> <OutPorts = 1>
ST_11 : Operation 419 [1/3] (0.00ns) (grouped into DSP with root node add_ln21_53)   --->   "%mul_ln21_67 = mul i16 %sext_ln21_39, i16 %sext_ln21_24" [../source/tut3B_Function/matrix_mult.cpp:21]   --->   Operation 419 'mul' 'mul_ln21_67' <Predicate = true> <Delay = 0.00> <CoreInst = "DSP48">   --->   Core 116 'DSP48' <Latency = 3> <II = 1> <Delay = 2.15> <IPBlock> <Opcode : 'add' 'sub' 'mul' 'select'> <InPorts = 0> <OutPorts = 1> <Sync> <CReg>
ST_11 : Operation 420 [2/2] (2.10ns) (root node of the DSP)   --->   "%add_ln21_53 = add i16 %mul_ln21_68, i16 %mul_ln21_67" [../source/tut3B_Function/matrix_mult.cpp:21]   --->   Operation 420 'add' 'add_ln21_53' <Predicate = true> <Delay = 2.10> <CoreInst = "DSP48">   --->   Core 116 'DSP48' <Latency = 3> <II = 1> <Delay = 2.15> <IPBlock> <Opcode : 'add' 'sub' 'mul' 'select'> <InPorts = 0> <OutPorts = 1> <Sync> <CReg>
ST_11 : Operation 421 [5/5] (5.41ns)   --->   "%mul_ln21_71 = mul i16 %sext_ln21_36, i16 %sext_ln21_26" [../source/tut3B_Function/matrix_mult.cpp:21]   --->   Operation 421 'mul' 'mul_ln21_71' <Predicate = true> <Delay = 5.41> <CoreInst = "Multiplier">   --->   Core 3 'Multiplier' <Latency = 4> <II = 1> <Delay = 5.41> <FuncUnit> <Opcode : 'mul'> <InPorts = 2> <OutPorts = 1>
ST_11 : Operation 422 [1/3] (0.00ns) (grouped into DSP with root node add_ln21_57)   --->   "%mul_ln21_72 = mul i16 %sext_ln21_39, i16 %sext_ln21_29" [../source/tut3B_Function/matrix_mult.cpp:21]   --->   Operation 422 'mul' 'mul_ln21_72' <Predicate = true> <Delay = 0.00> <CoreInst = "DSP48">   --->   Core 116 'DSP48' <Latency = 3> <II = 1> <Delay = 2.15> <IPBlock> <Opcode : 'add' 'sub' 'mul' 'select'> <InPorts = 0> <OutPorts = 1> <Sync> <CReg>
ST_11 : Operation 423 [2/2] (2.10ns) (root node of the DSP)   --->   "%add_ln21_57 = add i16 %mul_ln21_73, i16 %mul_ln21_72" [../source/tut3B_Function/matrix_mult.cpp:21]   --->   Operation 423 'add' 'add_ln21_57' <Predicate = true> <Delay = 2.10> <CoreInst = "DSP48">   --->   Core 116 'DSP48' <Latency = 3> <II = 1> <Delay = 2.15> <IPBlock> <Opcode : 'add' 'sub' 'mul' 'select'> <InPorts = 0> <OutPorts = 1> <Sync> <CReg>
ST_11 : Operation 424 [2/2] (0.00ns)   --->   "%a_load_15 = load i5 %a_addr_15" [../source/tut3B_Function/matrix_mult.cpp:21]   --->   Operation 424 'load' 'a_load_15' <Predicate = true> <Delay = 0.00> <CoreInst = "RAM">   --->   Core 81 'RAM' <Latency = 1> <II = 1> <Delay = 2.32> <Storage> <Opcode : 'load' 'store'> <Ports = 2> <Width = 8> <Depth = 25> <RAM>
ST_11 : Operation 425 [1/3] (0.00ns) (grouped into DSP with root node add_ln21_61)   --->   "%mul_ln21_77 = mul i16 %sext_ln21_44, i16 %sext_ln21_9" [../source/tut3B_Function/matrix_mult.cpp:21]   --->   Operation 425 'mul' 'mul_ln21_77' <Predicate = true> <Delay = 0.00> <CoreInst = "DSP48">   --->   Core 116 'DSP48' <Latency = 3> <II = 1> <Delay = 2.15> <IPBlock> <Opcode : 'add' 'sub' 'mul' 'select'> <InPorts = 0> <OutPorts = 1> <Sync> <CReg>
ST_11 : Operation 426 [2/2] (2.10ns) (root node of the DSP)   --->   "%add_ln21_61 = add i16 %mul_ln21_78, i16 %mul_ln21_77" [../source/tut3B_Function/matrix_mult.cpp:21]   --->   Operation 426 'add' 'add_ln21_61' <Predicate = true> <Delay = 2.10> <CoreInst = "DSP48">   --->   Core 116 'DSP48' <Latency = 3> <II = 1> <Delay = 2.15> <IPBlock> <Opcode : 'add' 'sub' 'mul' 'select'> <InPorts = 0> <OutPorts = 1> <Sync> <CReg>
ST_11 : Operation 427 [2/3] (1.05ns) (grouped into DSP with root node add_ln21_65)   --->   "%mul_ln21_82 = mul i16 %sext_ln21_44, i16 %sext_ln21_14" [../source/tut3B_Function/matrix_mult.cpp:21]   --->   Operation 427 'mul' 'mul_ln21_82' <Predicate = true> <Delay = 1.05> <CoreInst = "DSP48">   --->   Core 116 'DSP48' <Latency = 3> <II = 1> <Delay = 2.15> <IPBlock> <Opcode : 'add' 'sub' 'mul' 'select'> <InPorts = 0> <OutPorts = 1> <Sync> <CReg>
ST_11 : Operation 428 [2/3] (1.05ns) (grouped into DSP with root node add_ln21_69)   --->   "%mul_ln21_87 = mul i16 %sext_ln21_44, i16 %sext_ln21_19" [../source/tut3B_Function/matrix_mult.cpp:21]   --->   Operation 428 'mul' 'mul_ln21_87' <Predicate = true> <Delay = 1.05> <CoreInst = "DSP48">   --->   Core 116 'DSP48' <Latency = 3> <II = 1> <Delay = 2.15> <IPBlock> <Opcode : 'add' 'sub' 'mul' 'select'> <InPorts = 0> <OutPorts = 1> <Sync> <CReg>
ST_11 : Operation 429 [2/3] (1.05ns) (grouped into DSP with root node add_ln21_73)   --->   "%mul_ln21_92 = mul i16 %sext_ln21_44, i16 %sext_ln21_24" [../source/tut3B_Function/matrix_mult.cpp:21]   --->   Operation 429 'mul' 'mul_ln21_92' <Predicate = true> <Delay = 1.05> <CoreInst = "DSP48">   --->   Core 116 'DSP48' <Latency = 3> <II = 1> <Delay = 2.15> <IPBlock> <Opcode : 'add' 'sub' 'mul' 'select'> <InPorts = 0> <OutPorts = 1> <Sync> <CReg>
ST_11 : Operation 430 [2/3] (1.05ns) (grouped into DSP with root node add_ln21_77)   --->   "%mul_ln21_97 = mul i16 %sext_ln21_44, i16 %sext_ln21_29" [../source/tut3B_Function/matrix_mult.cpp:21]   --->   Operation 430 'mul' 'mul_ln21_97' <Predicate = true> <Delay = 1.05> <CoreInst = "DSP48">   --->   Core 116 'DSP48' <Latency = 3> <II = 1> <Delay = 2.15> <IPBlock> <Opcode : 'add' 'sub' 'mul' 'select'> <InPorts = 0> <OutPorts = 1> <Sync> <CReg>
ST_11 : Operation 431 [2/3] (1.05ns) (grouped into DSP with root node add_ln21_81)   --->   "%mul_ln21_102 = mul i16 %sext_ln21_49, i16 %sext_ln21_9" [../source/tut3B_Function/matrix_mult.cpp:21]   --->   Operation 431 'mul' 'mul_ln21_102' <Predicate = true> <Delay = 1.05> <CoreInst = "DSP48">   --->   Core 116 'DSP48' <Latency = 3> <II = 1> <Delay = 2.15> <IPBlock> <Opcode : 'add' 'sub' 'mul' 'select'> <InPorts = 0> <OutPorts = 1> <Sync> <CReg>
ST_11 : Operation 432 [1/5] (5.41ns)   --->   "%mul_ln21_103 = mul i16 %sext_ln21_48, i16 %sext_ln21_7" [../source/tut3B_Function/matrix_mult.cpp:21]   --->   Operation 432 'mul' 'mul_ln21_103' <Predicate = true> <Delay = 5.41> <CoreInst = "Multiplier">   --->   Core 3 'Multiplier' <Latency = 4> <II = 1> <Delay = 5.41> <FuncUnit> <Opcode : 'mul'> <InPorts = 2> <OutPorts = 1>
ST_11 : Operation 433 [2/3] (1.05ns) (grouped into DSP with root node add_ln21_85)   --->   "%mul_ln21_107 = mul i16 %sext_ln21_49, i16 %sext_ln21_14" [../source/tut3B_Function/matrix_mult.cpp:21]   --->   Operation 433 'mul' 'mul_ln21_107' <Predicate = true> <Delay = 1.05> <CoreInst = "DSP48">   --->   Core 116 'DSP48' <Latency = 3> <II = 1> <Delay = 2.15> <IPBlock> <Opcode : 'add' 'sub' 'mul' 'select'> <InPorts = 0> <OutPorts = 1> <Sync> <CReg>
ST_11 : Operation 434 [1/5] (5.41ns)   --->   "%mul_ln21_108 = mul i16 %sext_ln21_48, i16 %sext_ln21_13" [../source/tut3B_Function/matrix_mult.cpp:21]   --->   Operation 434 'mul' 'mul_ln21_108' <Predicate = true> <Delay = 5.41> <CoreInst = "Multiplier">   --->   Core 3 'Multiplier' <Latency = 4> <II = 1> <Delay = 5.41> <FuncUnit> <Opcode : 'mul'> <InPorts = 2> <OutPorts = 1>
ST_11 : Operation 435 [3/3] (1.05ns) (grouped into DSP with root node add_ln21_89)   --->   "%mul_ln21_112 = mul i16 %sext_ln21_49, i16 %sext_ln21_19" [../source/tut3B_Function/matrix_mult.cpp:21]   --->   Operation 435 'mul' 'mul_ln21_112' <Predicate = true> <Delay = 1.05> <CoreInst = "DSP48">   --->   Core 116 'DSP48' <Latency = 3> <II = 1> <Delay = 2.15> <IPBlock> <Opcode : 'add' 'sub' 'mul' 'select'> <InPorts = 0> <OutPorts = 1> <Sync> <CReg>
ST_11 : Operation 436 [1/5] (5.41ns)   --->   "%mul_ln21_113 = mul i16 %sext_ln21_48, i16 %sext_ln21_18" [../source/tut3B_Function/matrix_mult.cpp:21]   --->   Operation 436 'mul' 'mul_ln21_113' <Predicate = true> <Delay = 5.41> <CoreInst = "Multiplier">   --->   Core 3 'Multiplier' <Latency = 4> <II = 1> <Delay = 5.41> <FuncUnit> <Opcode : 'mul'> <InPorts = 2> <OutPorts = 1>
ST_11 : Operation 437 [3/3] (1.05ns) (grouped into DSP with root node add_ln21_93)   --->   "%mul_ln21_117 = mul i16 %sext_ln21_49, i16 %sext_ln21_24" [../source/tut3B_Function/matrix_mult.cpp:21]   --->   Operation 437 'mul' 'mul_ln21_117' <Predicate = true> <Delay = 1.05> <CoreInst = "DSP48">   --->   Core 116 'DSP48' <Latency = 3> <II = 1> <Delay = 2.15> <IPBlock> <Opcode : 'add' 'sub' 'mul' 'select'> <InPorts = 0> <OutPorts = 1> <Sync> <CReg>
ST_11 : Operation 438 [1/5] (5.41ns)   --->   "%mul_ln21_118 = mul i16 %sext_ln21_48, i16 %sext_ln21_23" [../source/tut3B_Function/matrix_mult.cpp:21]   --->   Operation 438 'mul' 'mul_ln21_118' <Predicate = true> <Delay = 5.41> <CoreInst = "Multiplier">   --->   Core 3 'Multiplier' <Latency = 4> <II = 1> <Delay = 5.41> <FuncUnit> <Opcode : 'mul'> <InPorts = 2> <OutPorts = 1>
ST_11 : Operation 439 [3/3] (1.05ns) (grouped into DSP with root node add_ln21_97)   --->   "%mul_ln21_122 = mul i16 %sext_ln21_49, i16 %sext_ln21_29" [../source/tut3B_Function/matrix_mult.cpp:21]   --->   Operation 439 'mul' 'mul_ln21_122' <Predicate = true> <Delay = 1.05> <CoreInst = "DSP48">   --->   Core 116 'DSP48' <Latency = 3> <II = 1> <Delay = 2.15> <IPBlock> <Opcode : 'add' 'sub' 'mul' 'select'> <InPorts = 0> <OutPorts = 1> <Sync> <CReg>
ST_11 : Operation 440 [2/5] (5.41ns)   --->   "%mul_ln21_123 = mul i16 %sext_ln21_48, i16 %sext_ln21_28" [../source/tut3B_Function/matrix_mult.cpp:21]   --->   Operation 440 'mul' 'mul_ln21_123' <Predicate = true> <Delay = 5.41> <CoreInst = "Multiplier">   --->   Core 3 'Multiplier' <Latency = 4> <II = 1> <Delay = 5.41> <FuncUnit> <Opcode : 'mul'> <InPorts = 2> <OutPorts = 1>

State 12 <SV = 11> <Delay = 5.41>
ST_12 : Operation 441 [1/1] (0.00ns)   --->   "%a_addr_17 = getelementptr i8 %a, i64 0, i64 17" [../source/tut3B_Function/matrix_mult.cpp:21]   --->   Operation 441 'getelementptr' 'a_addr_17' <Predicate = true> <Delay = 0.00>
ST_12 : Operation 442 [1/1] (0.00ns)   --->   "%a_addr_20 = getelementptr i8 %a, i64 0, i64 20" [../source/tut3B_Function/matrix_mult.cpp:21]   --->   Operation 442 'getelementptr' 'a_addr_20' <Predicate = true> <Delay = 0.00>
ST_12 : Operation 443 [1/1] (0.00ns)   --->   "%b_addr_17 = getelementptr i8 %b, i64 0, i64 13" [../source/tut3B_Function/matrix_mult.cpp:21]   --->   Operation 443 'getelementptr' 'b_addr_17' <Predicate = true> <Delay = 0.00>
ST_12 : Operation 444 [1/1] (0.00ns)   --->   "%b_addr_20 = getelementptr i8 %b, i64 0, i64 4" [../source/tut3B_Function/matrix_mult.cpp:21]   --->   Operation 444 'getelementptr' 'b_addr_20' <Predicate = true> <Delay = 0.00>
ST_12 : Operation 445 [1/1] (0.00ns)   --->   "%sext_ln21_4 = sext i8 %a_load_2" [../source/tut3B_Function/matrix_mult.cpp:21]   --->   Operation 445 'sext' 'sext_ln21_4' <Predicate = true> <Delay = 0.00>
ST_12 : Operation 446 [1/1] (0.00ns)   --->   "%sext_ln21_5 = sext i8 %b_load_2" [../source/tut3B_Function/matrix_mult.cpp:21]   --->   Operation 446 'sext' 'sext_ln21_5' <Predicate = true> <Delay = 0.00>
ST_12 : Operation 447 [2/3] (1.05ns) (grouped into DSP with root node add_ln21)   --->   "%mul_ln21 = mul i16 %sext_ln21_1, i16 %sext_ln21" [../source/tut3B_Function/matrix_mult.cpp:21]   --->   Operation 447 'mul' 'mul_ln21' <Predicate = true> <Delay = 1.05> <CoreInst = "DSP48">   --->   Core 116 'DSP48' <Latency = 3> <II = 1> <Delay = 2.15> <IPBlock> <Opcode : 'add' 'sub' 'mul' 'select'> <InPorts = 0> <OutPorts = 1> <Sync> <CReg>
ST_12 : Operation 448 [1/5] (5.41ns)   --->   "%mul_ln21_1 = mul i16 %sext_ln21_3, i16 %sext_ln21_2" [../source/tut3B_Function/matrix_mult.cpp:21]   --->   Operation 448 'mul' 'mul_ln21_1' <Predicate = true> <Delay = 5.41> <CoreInst = "Multiplier">   --->   Core 3 'Multiplier' <Latency = 4> <II = 1> <Delay = 5.41> <FuncUnit> <Opcode : 'mul'> <InPorts = 2> <OutPorts = 1>
ST_12 : Operation 449 [3/3] (1.05ns) (grouped into DSP with root node add_ln21_2)   --->   "%mul_ln21_4 = mul i16 %sext_ln21_5, i16 %sext_ln21_4" [../source/tut3B_Function/matrix_mult.cpp:21]   --->   Operation 449 'mul' 'mul_ln21_4' <Predicate = true> <Delay = 1.05> <CoreInst = "DSP48">   --->   Core 116 'DSP48' <Latency = 3> <II = 1> <Delay = 2.15> <IPBlock> <Opcode : 'add' 'sub' 'mul' 'select'> <InPorts = 0> <OutPorts = 1> <Sync> <CReg>
ST_12 : Operation 450 [1/1] (0.00ns)   --->   "%sext_ln21_12 = sext i8 %b_load_7" [../source/tut3B_Function/matrix_mult.cpp:21]   --->   Operation 450 'sext' 'sext_ln21_12' <Predicate = true> <Delay = 0.00>
ST_12 : Operation 451 [2/3] (1.05ns) (grouped into DSP with root node add_ln21_4)   --->   "%mul_ln21_5 = mul i16 %sext_ln21_10, i16 %sext_ln21" [../source/tut3B_Function/matrix_mult.cpp:21]   --->   Operation 451 'mul' 'mul_ln21_5' <Predicate = true> <Delay = 1.05> <CoreInst = "DSP48">   --->   Core 116 'DSP48' <Latency = 3> <II = 1> <Delay = 2.15> <IPBlock> <Opcode : 'add' 'sub' 'mul' 'select'> <InPorts = 0> <OutPorts = 1> <Sync> <CReg>
ST_12 : Operation 452 [1/5] (5.41ns)   --->   "%mul_ln21_6 = mul i16 %sext_ln21_11, i16 %sext_ln21_2" [../source/tut3B_Function/matrix_mult.cpp:21]   --->   Operation 452 'mul' 'mul_ln21_6' <Predicate = true> <Delay = 5.41> <CoreInst = "Multiplier">   --->   Core 3 'Multiplier' <Latency = 4> <II = 1> <Delay = 5.41> <FuncUnit> <Opcode : 'mul'> <InPorts = 2> <OutPorts = 1>
ST_12 : Operation 453 [3/3] (1.05ns) (grouped into DSP with root node add_ln21_6)   --->   "%mul_ln21_9 = mul i16 %sext_ln21_12, i16 %sext_ln21_4" [../source/tut3B_Function/matrix_mult.cpp:21]   --->   Operation 453 'mul' 'mul_ln21_9' <Predicate = true> <Delay = 1.05> <CoreInst = "DSP48">   --->   Core 116 'DSP48' <Latency = 3> <II = 1> <Delay = 2.15> <IPBlock> <Opcode : 'add' 'sub' 'mul' 'select'> <InPorts = 0> <OutPorts = 1> <Sync> <CReg>
ST_12 : Operation 454 [1/2] ( I:0.00ns O:0.00ns )   --->   "%b_load_12 = load i5 %b_addr_12" [../source/tut3B_Function/matrix_mult.cpp:21]   --->   Operation 454 'load' 'b_load_12' <Predicate = true> <Delay = 0.00> <CoreInst = "RAM">   --->   Core 81 'RAM' <Latency = 1> <II = 1> <Delay = 2.32> <Storage> <Opcode : 'load' 'store'> <Ports = 2> <Width = 8> <Depth = 25> <RAM>
ST_12 : Operation 455 [1/1] (0.00ns)   --->   "%sext_ln21_17 = sext i8 %b_load_12" [../source/tut3B_Function/matrix_mult.cpp:21]   --->   Operation 455 'sext' 'sext_ln21_17' <Predicate = true> <Delay = 0.00>
ST_12 : Operation 456 [2/3] (1.05ns) (grouped into DSP with root node add_ln21_8)   --->   "%mul_ln21_10 = mul i16 %sext_ln21_15, i16 %sext_ln21" [../source/tut3B_Function/matrix_mult.cpp:21]   --->   Operation 456 'mul' 'mul_ln21_10' <Predicate = true> <Delay = 1.05> <CoreInst = "DSP48">   --->   Core 116 'DSP48' <Latency = 3> <II = 1> <Delay = 2.15> <IPBlock> <Opcode : 'add' 'sub' 'mul' 'select'> <InPorts = 0> <OutPorts = 1> <Sync> <CReg>
ST_12 : Operation 457 [1/5] (5.41ns)   --->   "%mul_ln21_11 = mul i16 %sext_ln21_16, i16 %sext_ln21_2" [../source/tut3B_Function/matrix_mult.cpp:21]   --->   Operation 457 'mul' 'mul_ln21_11' <Predicate = true> <Delay = 5.41> <CoreInst = "Multiplier">   --->   Core 3 'Multiplier' <Latency = 4> <II = 1> <Delay = 5.41> <FuncUnit> <Opcode : 'mul'> <InPorts = 2> <OutPorts = 1>
ST_12 : Operation 458 [3/3] (1.05ns) (grouped into DSP with root node add_ln21_10)   --->   "%mul_ln21_14 = mul i16 %sext_ln21_17, i16 %sext_ln21_4" [../source/tut3B_Function/matrix_mult.cpp:21]   --->   Operation 458 'mul' 'mul_ln21_14' <Predicate = true> <Delay = 1.05> <CoreInst = "DSP48">   --->   Core 116 'DSP48' <Latency = 3> <II = 1> <Delay = 2.15> <IPBlock> <Opcode : 'add' 'sub' 'mul' 'select'> <InPorts = 0> <OutPorts = 1> <Sync> <CReg>
ST_12 : Operation 459 [1/2] ( I:0.00ns O:0.00ns )   --->   "%b_load_15 = load i5 %b_addr_15" [../source/tut3B_Function/matrix_mult.cpp:21]   --->   Operation 459 'load' 'b_load_15' <Predicate = true> <Delay = 0.00> <CoreInst = "RAM">   --->   Core 81 'RAM' <Latency = 1> <II = 1> <Delay = 2.32> <Storage> <Opcode : 'load' 'store'> <Ports = 2> <Width = 8> <Depth = 25> <RAM>
ST_12 : Operation 460 [1/1] (0.00ns)   --->   "%sext_ln21_20 = sext i8 %b_load_15" [../source/tut3B_Function/matrix_mult.cpp:21]   --->   Operation 460 'sext' 'sext_ln21_20' <Predicate = true> <Delay = 0.00>
ST_12 : Operation 461 [2/2] (0.00ns)   --->   "%b_load_17 = load i5 %b_addr_17" [../source/tut3B_Function/matrix_mult.cpp:21]   --->   Operation 461 'load' 'b_load_17' <Predicate = true> <Delay = 0.00> <CoreInst = "RAM">   --->   Core 81 'RAM' <Latency = 1> <II = 1> <Delay = 2.32> <Storage> <Opcode : 'load' 'store'> <Ports = 2> <Width = 8> <Depth = 25> <RAM>
ST_12 : Operation 462 [3/3] (1.05ns) (grouped into DSP with root node add_ln21_12)   --->   "%mul_ln21_15 = mul i16 %sext_ln21_20, i16 %sext_ln21" [../source/tut3B_Function/matrix_mult.cpp:21]   --->   Operation 462 'mul' 'mul_ln21_15' <Predicate = true> <Delay = 1.05> <CoreInst = "DSP48">   --->   Core 116 'DSP48' <Latency = 3> <II = 1> <Delay = 2.15> <IPBlock> <Opcode : 'add' 'sub' 'mul' 'select'> <InPorts = 0> <OutPorts = 1> <Sync> <CReg>
ST_12 : Operation 463 [2/5] (5.41ns)   --->   "%mul_ln21_16 = mul i16 %sext_ln21_21, i16 %sext_ln21_2" [../source/tut3B_Function/matrix_mult.cpp:21]   --->   Operation 463 'mul' 'mul_ln21_16' <Predicate = true> <Delay = 5.41> <CoreInst = "Multiplier">   --->   Core 3 'Multiplier' <Latency = 4> <II = 1> <Delay = 5.41> <FuncUnit> <Opcode : 'mul'> <InPorts = 2> <OutPorts = 1>
ST_12 : Operation 464 [2/2] (0.00ns)   --->   "%b_load_20 = load i5 %b_addr_20" [../source/tut3B_Function/matrix_mult.cpp:21]   --->   Operation 464 'load' 'b_load_20' <Predicate = true> <Delay = 0.00> <CoreInst = "RAM">   --->   Core 81 'RAM' <Latency = 1> <II = 1> <Delay = 2.32> <Storage> <Opcode : 'load' 'store'> <Ports = 2> <Width = 8> <Depth = 25> <RAM>
ST_12 : Operation 465 [2/5] (5.41ns)   --->   "%mul_ln21_21 = mul i16 %sext_ln21_26, i16 %sext_ln21_2" [../source/tut3B_Function/matrix_mult.cpp:21]   --->   Operation 465 'mul' 'mul_ln21_21' <Predicate = true> <Delay = 5.41> <CoreInst = "Multiplier">   --->   Core 3 'Multiplier' <Latency = 4> <II = 1> <Delay = 5.41> <FuncUnit> <Opcode : 'mul'> <InPorts = 2> <OutPorts = 1>
ST_12 : Operation 466 [1/2] (2.10ns) (root node of the DSP)   --->   "%add_ln21_17 = add i16 %mul_ln21_23, i16 %mul_ln21_22" [../source/tut3B_Function/matrix_mult.cpp:21]   --->   Operation 466 'add' 'add_ln21_17' <Predicate = true> <Delay = 2.10> <CoreInst = "DSP48">   --->   Core 116 'DSP48' <Latency = 3> <II = 1> <Delay = 2.15> <IPBlock> <Opcode : 'add' 'sub' 'mul' 'select'> <InPorts = 0> <OutPorts = 1> <Sync> <CReg>
ST_12 : Operation 467 [1/1] (0.00ns)   --->   "%sext_ln21_30 = sext i8 %a_load_5" [../source/tut3B_Function/matrix_mult.cpp:21]   --->   Operation 467 'sext' 'sext_ln21_30' <Predicate = true> <Delay = 0.00>
ST_12 : Operation 468 [3/3] (1.05ns) (grouped into DSP with root node add_ln21_20)   --->   "%mul_ln21_25 = mul i16 %sext_ln21_30, i16 %sext_ln21_1" [../source/tut3B_Function/matrix_mult.cpp:21]   --->   Operation 468 'mul' 'mul_ln21_25' <Predicate = true> <Delay = 1.05> <CoreInst = "DSP48">   --->   Core 116 'DSP48' <Latency = 3> <II = 1> <Delay = 2.15> <IPBlock> <Opcode : 'add' 'sub' 'mul' 'select'> <InPorts = 0> <OutPorts = 1> <Sync> <CReg>
ST_12 : Operation 469 [2/5] (5.41ns)   --->   "%mul_ln21_26 = mul i16 %sext_ln21_31, i16 %sext_ln21_3" [../source/tut3B_Function/matrix_mult.cpp:21]   --->   Operation 469 'mul' 'mul_ln21_26' <Predicate = true> <Delay = 5.41> <CoreInst = "Multiplier">   --->   Core 3 'Multiplier' <Latency = 4> <II = 1> <Delay = 5.41> <FuncUnit> <Opcode : 'mul'> <InPorts = 2> <OutPorts = 1>
ST_12 : Operation 470 [3/3] (1.05ns) (grouped into DSP with root node add_ln21_24)   --->   "%mul_ln21_30 = mul i16 %sext_ln21_30, i16 %sext_ln21_10" [../source/tut3B_Function/matrix_mult.cpp:21]   --->   Operation 470 'mul' 'mul_ln21_30' <Predicate = true> <Delay = 1.05> <CoreInst = "DSP48">   --->   Core 116 'DSP48' <Latency = 3> <II = 1> <Delay = 2.15> <IPBlock> <Opcode : 'add' 'sub' 'mul' 'select'> <InPorts = 0> <OutPorts = 1> <Sync> <CReg>
ST_12 : Operation 471 [2/5] (5.41ns)   --->   "%mul_ln21_31 = mul i16 %sext_ln21_31, i16 %sext_ln21_11" [../source/tut3B_Function/matrix_mult.cpp:21]   --->   Operation 471 'mul' 'mul_ln21_31' <Predicate = true> <Delay = 5.41> <CoreInst = "Multiplier">   --->   Core 3 'Multiplier' <Latency = 4> <II = 1> <Delay = 5.41> <FuncUnit> <Opcode : 'mul'> <InPorts = 2> <OutPorts = 1>
ST_12 : Operation 472 [3/5] (5.41ns)   --->   "%mul_ln21_36 = mul i16 %sext_ln21_31, i16 %sext_ln21_16" [../source/tut3B_Function/matrix_mult.cpp:21]   --->   Operation 472 'mul' 'mul_ln21_36' <Predicate = true> <Delay = 5.41> <CoreInst = "Multiplier">   --->   Core 3 'Multiplier' <Latency = 4> <II = 1> <Delay = 5.41> <FuncUnit> <Opcode : 'mul'> <InPorts = 2> <OutPorts = 1>
ST_12 : Operation 473 [3/5] (5.41ns)   --->   "%mul_ln21_41 = mul i16 %sext_ln21_31, i16 %sext_ln21_21" [../source/tut3B_Function/matrix_mult.cpp:21]   --->   Operation 473 'mul' 'mul_ln21_41' <Predicate = true> <Delay = 5.41> <CoreInst = "Multiplier">   --->   Core 3 'Multiplier' <Latency = 4> <II = 1> <Delay = 5.41> <FuncUnit> <Opcode : 'mul'> <InPorts = 2> <OutPorts = 1>
ST_12 : Operation 474 [3/5] (5.41ns)   --->   "%mul_ln21_46 = mul i16 %sext_ln21_31, i16 %sext_ln21_26" [../source/tut3B_Function/matrix_mult.cpp:21]   --->   Operation 474 'mul' 'mul_ln21_46' <Predicate = true> <Delay = 5.41> <CoreInst = "Multiplier">   --->   Core 3 'Multiplier' <Latency = 4> <II = 1> <Delay = 5.41> <FuncUnit> <Opcode : 'mul'> <InPorts = 2> <OutPorts = 1>
ST_12 : Operation 475 [1/2] (2.10ns) (root node of the DSP)   --->   "%add_ln21_37 = add i16 %mul_ln21_48, i16 %mul_ln21_47" [../source/tut3B_Function/matrix_mult.cpp:21]   --->   Operation 475 'add' 'add_ln21_37' <Predicate = true> <Delay = 2.10> <CoreInst = "DSP48">   --->   Core 116 'DSP48' <Latency = 3> <II = 1> <Delay = 2.15> <IPBlock> <Opcode : 'add' 'sub' 'mul' 'select'> <InPorts = 0> <OutPorts = 1> <Sync> <CReg>
ST_12 : Operation 476 [1/2] ( I:0.00ns O:0.00ns )   --->   "%a_load_12 = load i5 %a_addr_12" [../source/tut3B_Function/matrix_mult.cpp:21]   --->   Operation 476 'load' 'a_load_12' <Predicate = true> <Delay = 0.00> <CoreInst = "RAM">   --->   Core 81 'RAM' <Latency = 1> <II = 1> <Delay = 2.32> <Storage> <Opcode : 'load' 'store'> <Ports = 2> <Width = 8> <Depth = 25> <RAM>
ST_12 : Operation 477 [3/5] (5.41ns)   --->   "%mul_ln21_51 = mul i16 %sext_ln21_36, i16 %sext_ln21_3" [../source/tut3B_Function/matrix_mult.cpp:21]   --->   Operation 477 'mul' 'mul_ln21_51' <Predicate = true> <Delay = 5.41> <CoreInst = "Multiplier">   --->   Core 3 'Multiplier' <Latency = 4> <II = 1> <Delay = 5.41> <FuncUnit> <Opcode : 'mul'> <InPorts = 2> <OutPorts = 1>
ST_12 : Operation 478 [4/5] (5.41ns)   --->   "%mul_ln21_56 = mul i16 %sext_ln21_36, i16 %sext_ln21_11" [../source/tut3B_Function/matrix_mult.cpp:21]   --->   Operation 478 'mul' 'mul_ln21_56' <Predicate = true> <Delay = 5.41> <CoreInst = "Multiplier">   --->   Core 3 'Multiplier' <Latency = 4> <II = 1> <Delay = 5.41> <FuncUnit> <Opcode : 'mul'> <InPorts = 2> <OutPorts = 1>
ST_12 : Operation 479 [4/5] (5.41ns)   --->   "%mul_ln21_61 = mul i16 %sext_ln21_36, i16 %sext_ln21_16" [../source/tut3B_Function/matrix_mult.cpp:21]   --->   Operation 479 'mul' 'mul_ln21_61' <Predicate = true> <Delay = 5.41> <CoreInst = "Multiplier">   --->   Core 3 'Multiplier' <Latency = 4> <II = 1> <Delay = 5.41> <FuncUnit> <Opcode : 'mul'> <InPorts = 2> <OutPorts = 1>
ST_12 : Operation 480 [1/2] (2.10ns) (root node of the DSP)   --->   "%add_ln21_49 = add i16 %mul_ln21_63, i16 %mul_ln21_62" [../source/tut3B_Function/matrix_mult.cpp:21]   --->   Operation 480 'add' 'add_ln21_49' <Predicate = true> <Delay = 2.10> <CoreInst = "DSP48">   --->   Core 116 'DSP48' <Latency = 3> <II = 1> <Delay = 2.15> <IPBlock> <Opcode : 'add' 'sub' 'mul' 'select'> <InPorts = 0> <OutPorts = 1> <Sync> <CReg>
ST_12 : Operation 481 [4/5] (5.41ns)   --->   "%mul_ln21_66 = mul i16 %sext_ln21_36, i16 %sext_ln21_21" [../source/tut3B_Function/matrix_mult.cpp:21]   --->   Operation 481 'mul' 'mul_ln21_66' <Predicate = true> <Delay = 5.41> <CoreInst = "Multiplier">   --->   Core 3 'Multiplier' <Latency = 4> <II = 1> <Delay = 5.41> <FuncUnit> <Opcode : 'mul'> <InPorts = 2> <OutPorts = 1>
ST_12 : Operation 482 [1/2] (2.10ns) (root node of the DSP)   --->   "%add_ln21_53 = add i16 %mul_ln21_68, i16 %mul_ln21_67" [../source/tut3B_Function/matrix_mult.cpp:21]   --->   Operation 482 'add' 'add_ln21_53' <Predicate = true> <Delay = 2.10> <CoreInst = "DSP48">   --->   Core 116 'DSP48' <Latency = 3> <II = 1> <Delay = 2.15> <IPBlock> <Opcode : 'add' 'sub' 'mul' 'select'> <InPorts = 0> <OutPorts = 1> <Sync> <CReg>
ST_12 : Operation 483 [4/5] (5.41ns)   --->   "%mul_ln21_71 = mul i16 %sext_ln21_36, i16 %sext_ln21_26" [../source/tut3B_Function/matrix_mult.cpp:21]   --->   Operation 483 'mul' 'mul_ln21_71' <Predicate = true> <Delay = 5.41> <CoreInst = "Multiplier">   --->   Core 3 'Multiplier' <Latency = 4> <II = 1> <Delay = 5.41> <FuncUnit> <Opcode : 'mul'> <InPorts = 2> <OutPorts = 1>
ST_12 : Operation 484 [1/2] (2.10ns) (root node of the DSP)   --->   "%add_ln21_57 = add i16 %mul_ln21_73, i16 %mul_ln21_72" [../source/tut3B_Function/matrix_mult.cpp:21]   --->   Operation 484 'add' 'add_ln21_57' <Predicate = true> <Delay = 2.10> <CoreInst = "DSP48">   --->   Core 116 'DSP48' <Latency = 3> <II = 1> <Delay = 2.15> <IPBlock> <Opcode : 'add' 'sub' 'mul' 'select'> <InPorts = 0> <OutPorts = 1> <Sync> <CReg>
ST_12 : Operation 485 [1/2] ( I:0.00ns O:0.00ns )   --->   "%a_load_15 = load i5 %a_addr_15" [../source/tut3B_Function/matrix_mult.cpp:21]   --->   Operation 485 'load' 'a_load_15' <Predicate = true> <Delay = 0.00> <CoreInst = "RAM">   --->   Core 81 'RAM' <Latency = 1> <II = 1> <Delay = 2.32> <Storage> <Opcode : 'load' 'store'> <Ports = 2> <Width = 8> <Depth = 25> <RAM>
ST_12 : Operation 486 [1/1] (0.00ns)   --->   "%sext_ln21_41 = sext i8 %a_load_16" [../source/tut3B_Function/matrix_mult.cpp:21]   --->   Operation 486 'sext' 'sext_ln21_41' <Predicate = true> <Delay = 0.00>
ST_12 : Operation 487 [2/2] (0.00ns)   --->   "%a_load_17 = load i5 %a_addr_17" [../source/tut3B_Function/matrix_mult.cpp:21]   --->   Operation 487 'load' 'a_load_17' <Predicate = true> <Delay = 0.00> <CoreInst = "RAM">   --->   Core 81 'RAM' <Latency = 1> <II = 1> <Delay = 2.32> <Storage> <Opcode : 'load' 'store'> <Ports = 2> <Width = 8> <Depth = 25> <RAM>
ST_12 : Operation 488 [5/5] (5.41ns)   --->   "%mul_ln21_76 = mul i16 %sext_ln21_41, i16 %sext_ln21_3" [../source/tut3B_Function/matrix_mult.cpp:21]   --->   Operation 488 'mul' 'mul_ln21_76' <Predicate = true> <Delay = 5.41> <CoreInst = "Multiplier">   --->   Core 3 'Multiplier' <Latency = 4> <II = 1> <Delay = 5.41> <FuncUnit> <Opcode : 'mul'> <InPorts = 2> <OutPorts = 1>
ST_12 : Operation 489 [1/2] (2.10ns) (root node of the DSP)   --->   "%add_ln21_61 = add i16 %mul_ln21_78, i16 %mul_ln21_77" [../source/tut3B_Function/matrix_mult.cpp:21]   --->   Operation 489 'add' 'add_ln21_61' <Predicate = true> <Delay = 2.10> <CoreInst = "DSP48">   --->   Core 116 'DSP48' <Latency = 3> <II = 1> <Delay = 2.15> <IPBlock> <Opcode : 'add' 'sub' 'mul' 'select'> <InPorts = 0> <OutPorts = 1> <Sync> <CReg>
ST_12 : Operation 490 [5/5] (5.41ns)   --->   "%mul_ln21_81 = mul i16 %sext_ln21_41, i16 %sext_ln21_11" [../source/tut3B_Function/matrix_mult.cpp:21]   --->   Operation 490 'mul' 'mul_ln21_81' <Predicate = true> <Delay = 5.41> <CoreInst = "Multiplier">   --->   Core 3 'Multiplier' <Latency = 4> <II = 1> <Delay = 5.41> <FuncUnit> <Opcode : 'mul'> <InPorts = 2> <OutPorts = 1>
ST_12 : Operation 491 [1/3] (0.00ns) (grouped into DSP with root node add_ln21_65)   --->   "%mul_ln21_82 = mul i16 %sext_ln21_44, i16 %sext_ln21_14" [../source/tut3B_Function/matrix_mult.cpp:21]   --->   Operation 491 'mul' 'mul_ln21_82' <Predicate = true> <Delay = 0.00> <CoreInst = "DSP48">   --->   Core 116 'DSP48' <Latency = 3> <II = 1> <Delay = 2.15> <IPBlock> <Opcode : 'add' 'sub' 'mul' 'select'> <InPorts = 0> <OutPorts = 1> <Sync> <CReg>
ST_12 : Operation 492 [2/2] (2.10ns) (root node of the DSP)   --->   "%add_ln21_65 = add i16 %mul_ln21_83, i16 %mul_ln21_82" [../source/tut3B_Function/matrix_mult.cpp:21]   --->   Operation 492 'add' 'add_ln21_65' <Predicate = true> <Delay = 2.10> <CoreInst = "DSP48">   --->   Core 116 'DSP48' <Latency = 3> <II = 1> <Delay = 2.15> <IPBlock> <Opcode : 'add' 'sub' 'mul' 'select'> <InPorts = 0> <OutPorts = 1> <Sync> <CReg>
ST_12 : Operation 493 [5/5] (5.41ns)   --->   "%mul_ln21_86 = mul i16 %sext_ln21_41, i16 %sext_ln21_16" [../source/tut3B_Function/matrix_mult.cpp:21]   --->   Operation 493 'mul' 'mul_ln21_86' <Predicate = true> <Delay = 5.41> <CoreInst = "Multiplier">   --->   Core 3 'Multiplier' <Latency = 4> <II = 1> <Delay = 5.41> <FuncUnit> <Opcode : 'mul'> <InPorts = 2> <OutPorts = 1>
ST_12 : Operation 494 [1/3] (0.00ns) (grouped into DSP with root node add_ln21_69)   --->   "%mul_ln21_87 = mul i16 %sext_ln21_44, i16 %sext_ln21_19" [../source/tut3B_Function/matrix_mult.cpp:21]   --->   Operation 494 'mul' 'mul_ln21_87' <Predicate = true> <Delay = 0.00> <CoreInst = "DSP48">   --->   Core 116 'DSP48' <Latency = 3> <II = 1> <Delay = 2.15> <IPBlock> <Opcode : 'add' 'sub' 'mul' 'select'> <InPorts = 0> <OutPorts = 1> <Sync> <CReg>
ST_12 : Operation 495 [2/2] (2.10ns) (root node of the DSP)   --->   "%add_ln21_69 = add i16 %mul_ln21_88, i16 %mul_ln21_87" [../source/tut3B_Function/matrix_mult.cpp:21]   --->   Operation 495 'add' 'add_ln21_69' <Predicate = true> <Delay = 2.10> <CoreInst = "DSP48">   --->   Core 116 'DSP48' <Latency = 3> <II = 1> <Delay = 2.15> <IPBlock> <Opcode : 'add' 'sub' 'mul' 'select'> <InPorts = 0> <OutPorts = 1> <Sync> <CReg>
ST_12 : Operation 496 [5/5] (5.41ns)   --->   "%mul_ln21_91 = mul i16 %sext_ln21_41, i16 %sext_ln21_21" [../source/tut3B_Function/matrix_mult.cpp:21]   --->   Operation 496 'mul' 'mul_ln21_91' <Predicate = true> <Delay = 5.41> <CoreInst = "Multiplier">   --->   Core 3 'Multiplier' <Latency = 4> <II = 1> <Delay = 5.41> <FuncUnit> <Opcode : 'mul'> <InPorts = 2> <OutPorts = 1>
ST_12 : Operation 497 [1/3] (0.00ns) (grouped into DSP with root node add_ln21_73)   --->   "%mul_ln21_92 = mul i16 %sext_ln21_44, i16 %sext_ln21_24" [../source/tut3B_Function/matrix_mult.cpp:21]   --->   Operation 497 'mul' 'mul_ln21_92' <Predicate = true> <Delay = 0.00> <CoreInst = "DSP48">   --->   Core 116 'DSP48' <Latency = 3> <II = 1> <Delay = 2.15> <IPBlock> <Opcode : 'add' 'sub' 'mul' 'select'> <InPorts = 0> <OutPorts = 1> <Sync> <CReg>
ST_12 : Operation 498 [2/2] (2.10ns) (root node of the DSP)   --->   "%add_ln21_73 = add i16 %mul_ln21_93, i16 %mul_ln21_92" [../source/tut3B_Function/matrix_mult.cpp:21]   --->   Operation 498 'add' 'add_ln21_73' <Predicate = true> <Delay = 2.10> <CoreInst = "DSP48">   --->   Core 116 'DSP48' <Latency = 3> <II = 1> <Delay = 2.15> <IPBlock> <Opcode : 'add' 'sub' 'mul' 'select'> <InPorts = 0> <OutPorts = 1> <Sync> <CReg>
ST_12 : Operation 499 [1/3] (0.00ns) (grouped into DSP with root node add_ln21_77)   --->   "%mul_ln21_97 = mul i16 %sext_ln21_44, i16 %sext_ln21_29" [../source/tut3B_Function/matrix_mult.cpp:21]   --->   Operation 499 'mul' 'mul_ln21_97' <Predicate = true> <Delay = 0.00> <CoreInst = "DSP48">   --->   Core 116 'DSP48' <Latency = 3> <II = 1> <Delay = 2.15> <IPBlock> <Opcode : 'add' 'sub' 'mul' 'select'> <InPorts = 0> <OutPorts = 1> <Sync> <CReg>
ST_12 : Operation 500 [2/2] (2.10ns) (root node of the DSP)   --->   "%add_ln21_77 = add i16 %mul_ln21_98, i16 %mul_ln21_97" [../source/tut3B_Function/matrix_mult.cpp:21]   --->   Operation 500 'add' 'add_ln21_77' <Predicate = true> <Delay = 2.10> <CoreInst = "DSP48">   --->   Core 116 'DSP48' <Latency = 3> <II = 1> <Delay = 2.15> <IPBlock> <Opcode : 'add' 'sub' 'mul' 'select'> <InPorts = 0> <OutPorts = 1> <Sync> <CReg>
ST_12 : Operation 501 [2/2] (0.00ns)   --->   "%a_load_20 = load i5 %a_addr_20" [../source/tut3B_Function/matrix_mult.cpp:21]   --->   Operation 501 'load' 'a_load_20' <Predicate = true> <Delay = 0.00> <CoreInst = "RAM">   --->   Core 81 'RAM' <Latency = 1> <II = 1> <Delay = 2.32> <Storage> <Opcode : 'load' 'store'> <Ports = 2> <Width = 8> <Depth = 25> <RAM>
ST_12 : Operation 502 [1/3] (0.00ns) (grouped into DSP with root node add_ln21_81)   --->   "%mul_ln21_102 = mul i16 %sext_ln21_49, i16 %sext_ln21_9" [../source/tut3B_Function/matrix_mult.cpp:21]   --->   Operation 502 'mul' 'mul_ln21_102' <Predicate = true> <Delay = 0.00> <CoreInst = "DSP48">   --->   Core 116 'DSP48' <Latency = 3> <II = 1> <Delay = 2.15> <IPBlock> <Opcode : 'add' 'sub' 'mul' 'select'> <InPorts = 0> <OutPorts = 1> <Sync> <CReg>
ST_12 : Operation 503 [2/2] (2.10ns) (root node of the DSP)   --->   "%add_ln21_81 = add i16 %mul_ln21_103, i16 %mul_ln21_102" [../source/tut3B_Function/matrix_mult.cpp:21]   --->   Operation 503 'add' 'add_ln21_81' <Predicate = true> <Delay = 2.10> <CoreInst = "DSP48">   --->   Core 116 'DSP48' <Latency = 3> <II = 1> <Delay = 2.15> <IPBlock> <Opcode : 'add' 'sub' 'mul' 'select'> <InPorts = 0> <OutPorts = 1> <Sync> <CReg>
ST_12 : Operation 504 [1/3] (0.00ns) (grouped into DSP with root node add_ln21_85)   --->   "%mul_ln21_107 = mul i16 %sext_ln21_49, i16 %sext_ln21_14" [../source/tut3B_Function/matrix_mult.cpp:21]   --->   Operation 504 'mul' 'mul_ln21_107' <Predicate = true> <Delay = 0.00> <CoreInst = "DSP48">   --->   Core 116 'DSP48' <Latency = 3> <II = 1> <Delay = 2.15> <IPBlock> <Opcode : 'add' 'sub' 'mul' 'select'> <InPorts = 0> <OutPorts = 1> <Sync> <CReg>
ST_12 : Operation 505 [2/2] (2.10ns) (root node of the DSP)   --->   "%add_ln21_85 = add i16 %mul_ln21_108, i16 %mul_ln21_107" [../source/tut3B_Function/matrix_mult.cpp:21]   --->   Operation 505 'add' 'add_ln21_85' <Predicate = true> <Delay = 2.10> <CoreInst = "DSP48">   --->   Core 116 'DSP48' <Latency = 3> <II = 1> <Delay = 2.15> <IPBlock> <Opcode : 'add' 'sub' 'mul' 'select'> <InPorts = 0> <OutPorts = 1> <Sync> <CReg>
ST_12 : Operation 506 [2/3] (1.05ns) (grouped into DSP with root node add_ln21_89)   --->   "%mul_ln21_112 = mul i16 %sext_ln21_49, i16 %sext_ln21_19" [../source/tut3B_Function/matrix_mult.cpp:21]   --->   Operation 506 'mul' 'mul_ln21_112' <Predicate = true> <Delay = 1.05> <CoreInst = "DSP48">   --->   Core 116 'DSP48' <Latency = 3> <II = 1> <Delay = 2.15> <IPBlock> <Opcode : 'add' 'sub' 'mul' 'select'> <InPorts = 0> <OutPorts = 1> <Sync> <CReg>
ST_12 : Operation 507 [2/3] (1.05ns) (grouped into DSP with root node add_ln21_93)   --->   "%mul_ln21_117 = mul i16 %sext_ln21_49, i16 %sext_ln21_24" [../source/tut3B_Function/matrix_mult.cpp:21]   --->   Operation 507 'mul' 'mul_ln21_117' <Predicate = true> <Delay = 1.05> <CoreInst = "DSP48">   --->   Core 116 'DSP48' <Latency = 3> <II = 1> <Delay = 2.15> <IPBlock> <Opcode : 'add' 'sub' 'mul' 'select'> <InPorts = 0> <OutPorts = 1> <Sync> <CReg>
ST_12 : Operation 508 [2/3] (1.05ns) (grouped into DSP with root node add_ln21_97)   --->   "%mul_ln21_122 = mul i16 %sext_ln21_49, i16 %sext_ln21_29" [../source/tut3B_Function/matrix_mult.cpp:21]   --->   Operation 508 'mul' 'mul_ln21_122' <Predicate = true> <Delay = 1.05> <CoreInst = "DSP48">   --->   Core 116 'DSP48' <Latency = 3> <II = 1> <Delay = 2.15> <IPBlock> <Opcode : 'add' 'sub' 'mul' 'select'> <InPorts = 0> <OutPorts = 1> <Sync> <CReg>
ST_12 : Operation 509 [1/5] (5.41ns)   --->   "%mul_ln21_123 = mul i16 %sext_ln21_48, i16 %sext_ln21_28" [../source/tut3B_Function/matrix_mult.cpp:21]   --->   Operation 509 'mul' 'mul_ln21_123' <Predicate = true> <Delay = 5.41> <CoreInst = "Multiplier">   --->   Core 3 'Multiplier' <Latency = 4> <II = 1> <Delay = 5.41> <FuncUnit> <Opcode : 'mul'> <InPorts = 2> <OutPorts = 1>

State 13 <SV = 12> <Delay = 5.41>
ST_13 : Operation 510 [1/1] (0.00ns)   --->   "%a_addr_22 = getelementptr i8 %a, i64 0, i64 22" [../source/tut3B_Function/matrix_mult.cpp:21]   --->   Operation 510 'getelementptr' 'a_addr_22' <Predicate = true> <Delay = 0.00>
ST_13 : Operation 511 [1/1] (0.00ns)   --->   "%b_addr_22 = getelementptr i8 %b, i64 0, i64 14" [../source/tut3B_Function/matrix_mult.cpp:21]   --->   Operation 511 'getelementptr' 'b_addr_22' <Predicate = true> <Delay = 0.00>
ST_13 : Operation 512 [1/3] (0.00ns) (grouped into DSP with root node add_ln21)   --->   "%mul_ln21 = mul i16 %sext_ln21_1, i16 %sext_ln21" [../source/tut3B_Function/matrix_mult.cpp:21]   --->   Operation 512 'mul' 'mul_ln21' <Predicate = true> <Delay = 0.00> <CoreInst = "DSP48">   --->   Core 116 'DSP48' <Latency = 3> <II = 1> <Delay = 2.15> <IPBlock> <Opcode : 'add' 'sub' 'mul' 'select'> <InPorts = 0> <OutPorts = 1> <Sync> <CReg>
ST_13 : Operation 513 [2/3] (1.05ns) (grouped into DSP with root node add_ln21_2)   --->   "%mul_ln21_4 = mul i16 %sext_ln21_5, i16 %sext_ln21_4" [../source/tut3B_Function/matrix_mult.cpp:21]   --->   Operation 513 'mul' 'mul_ln21_4' <Predicate = true> <Delay = 1.05> <CoreInst = "DSP48">   --->   Core 116 'DSP48' <Latency = 3> <II = 1> <Delay = 2.15> <IPBlock> <Opcode : 'add' 'sub' 'mul' 'select'> <InPorts = 0> <OutPorts = 1> <Sync> <CReg>
ST_13 : Operation 514 [2/2] (2.10ns) (root node of the DSP)   --->   "%add_ln21 = add i16 %mul_ln21_1, i16 %mul_ln21" [../source/tut3B_Function/matrix_mult.cpp:21]   --->   Operation 514 'add' 'add_ln21' <Predicate = true> <Delay = 2.10> <CoreInst = "DSP48">   --->   Core 116 'DSP48' <Latency = 3> <II = 1> <Delay = 2.15> <IPBlock> <Opcode : 'add' 'sub' 'mul' 'select'> <InPorts = 0> <OutPorts = 1> <Sync> <CReg>
ST_13 : Operation 515 [1/3] (0.00ns) (grouped into DSP with root node add_ln21_4)   --->   "%mul_ln21_5 = mul i16 %sext_ln21_10, i16 %sext_ln21" [../source/tut3B_Function/matrix_mult.cpp:21]   --->   Operation 515 'mul' 'mul_ln21_5' <Predicate = true> <Delay = 0.00> <CoreInst = "DSP48">   --->   Core 116 'DSP48' <Latency = 3> <II = 1> <Delay = 2.15> <IPBlock> <Opcode : 'add' 'sub' 'mul' 'select'> <InPorts = 0> <OutPorts = 1> <Sync> <CReg>
ST_13 : Operation 516 [2/3] (1.05ns) (grouped into DSP with root node add_ln21_6)   --->   "%mul_ln21_9 = mul i16 %sext_ln21_12, i16 %sext_ln21_4" [../source/tut3B_Function/matrix_mult.cpp:21]   --->   Operation 516 'mul' 'mul_ln21_9' <Predicate = true> <Delay = 1.05> <CoreInst = "DSP48">   --->   Core 116 'DSP48' <Latency = 3> <II = 1> <Delay = 2.15> <IPBlock> <Opcode : 'add' 'sub' 'mul' 'select'> <InPorts = 0> <OutPorts = 1> <Sync> <CReg>
ST_13 : Operation 517 [2/2] (2.10ns) (root node of the DSP)   --->   "%add_ln21_4 = add i16 %mul_ln21_6, i16 %mul_ln21_5" [../source/tut3B_Function/matrix_mult.cpp:21]   --->   Operation 517 'add' 'add_ln21_4' <Predicate = true> <Delay = 2.10> <CoreInst = "DSP48">   --->   Core 116 'DSP48' <Latency = 3> <II = 1> <Delay = 2.15> <IPBlock> <Opcode : 'add' 'sub' 'mul' 'select'> <InPorts = 0> <OutPorts = 1> <Sync> <CReg>
ST_13 : Operation 518 [1/3] (0.00ns) (grouped into DSP with root node add_ln21_8)   --->   "%mul_ln21_10 = mul i16 %sext_ln21_15, i16 %sext_ln21" [../source/tut3B_Function/matrix_mult.cpp:21]   --->   Operation 518 'mul' 'mul_ln21_10' <Predicate = true> <Delay = 0.00> <CoreInst = "DSP48">   --->   Core 116 'DSP48' <Latency = 3> <II = 1> <Delay = 2.15> <IPBlock> <Opcode : 'add' 'sub' 'mul' 'select'> <InPorts = 0> <OutPorts = 1> <Sync> <CReg>
ST_13 : Operation 519 [2/3] (1.05ns) (grouped into DSP with root node add_ln21_10)   --->   "%mul_ln21_14 = mul i16 %sext_ln21_17, i16 %sext_ln21_4" [../source/tut3B_Function/matrix_mult.cpp:21]   --->   Operation 519 'mul' 'mul_ln21_14' <Predicate = true> <Delay = 1.05> <CoreInst = "DSP48">   --->   Core 116 'DSP48' <Latency = 3> <II = 1> <Delay = 2.15> <IPBlock> <Opcode : 'add' 'sub' 'mul' 'select'> <InPorts = 0> <OutPorts = 1> <Sync> <CReg>
ST_13 : Operation 520 [2/2] (2.10ns) (root node of the DSP)   --->   "%add_ln21_8 = add i16 %mul_ln21_11, i16 %mul_ln21_10" [../source/tut3B_Function/matrix_mult.cpp:21]   --->   Operation 520 'add' 'add_ln21_8' <Predicate = true> <Delay = 2.10> <CoreInst = "DSP48">   --->   Core 116 'DSP48' <Latency = 3> <II = 1> <Delay = 2.15> <IPBlock> <Opcode : 'add' 'sub' 'mul' 'select'> <InPorts = 0> <OutPorts = 1> <Sync> <CReg>
ST_13 : Operation 521 [1/2] ( I:0.00ns O:0.00ns )   --->   "%b_load_17 = load i5 %b_addr_17" [../source/tut3B_Function/matrix_mult.cpp:21]   --->   Operation 521 'load' 'b_load_17' <Predicate = true> <Delay = 0.00> <CoreInst = "RAM">   --->   Core 81 'RAM' <Latency = 1> <II = 1> <Delay = 2.32> <Storage> <Opcode : 'load' 'store'> <Ports = 2> <Width = 8> <Depth = 25> <RAM>
ST_13 : Operation 522 [1/1] (0.00ns)   --->   "%sext_ln21_22 = sext i8 %b_load_17" [../source/tut3B_Function/matrix_mult.cpp:21]   --->   Operation 522 'sext' 'sext_ln21_22' <Predicate = true> <Delay = 0.00>
ST_13 : Operation 523 [2/3] (1.05ns) (grouped into DSP with root node add_ln21_12)   --->   "%mul_ln21_15 = mul i16 %sext_ln21_20, i16 %sext_ln21" [../source/tut3B_Function/matrix_mult.cpp:21]   --->   Operation 523 'mul' 'mul_ln21_15' <Predicate = true> <Delay = 1.05> <CoreInst = "DSP48">   --->   Core 116 'DSP48' <Latency = 3> <II = 1> <Delay = 2.15> <IPBlock> <Opcode : 'add' 'sub' 'mul' 'select'> <InPorts = 0> <OutPorts = 1> <Sync> <CReg>
ST_13 : Operation 524 [1/5] (5.41ns)   --->   "%mul_ln21_16 = mul i16 %sext_ln21_21, i16 %sext_ln21_2" [../source/tut3B_Function/matrix_mult.cpp:21]   --->   Operation 524 'mul' 'mul_ln21_16' <Predicate = true> <Delay = 5.41> <CoreInst = "Multiplier">   --->   Core 3 'Multiplier' <Latency = 4> <II = 1> <Delay = 5.41> <FuncUnit> <Opcode : 'mul'> <InPorts = 2> <OutPorts = 1>
ST_13 : Operation 525 [3/3] (1.05ns) (grouped into DSP with root node add_ln21_14)   --->   "%mul_ln21_19 = mul i16 %sext_ln21_22, i16 %sext_ln21_4" [../source/tut3B_Function/matrix_mult.cpp:21]   --->   Operation 525 'mul' 'mul_ln21_19' <Predicate = true> <Delay = 1.05> <CoreInst = "DSP48">   --->   Core 116 'DSP48' <Latency = 3> <II = 1> <Delay = 2.15> <IPBlock> <Opcode : 'add' 'sub' 'mul' 'select'> <InPorts = 0> <OutPorts = 1> <Sync> <CReg>
ST_13 : Operation 526 [1/2] ( I:0.00ns O:0.00ns )   --->   "%b_load_20 = load i5 %b_addr_20" [../source/tut3B_Function/matrix_mult.cpp:21]   --->   Operation 526 'load' 'b_load_20' <Predicate = true> <Delay = 0.00> <CoreInst = "RAM">   --->   Core 81 'RAM' <Latency = 1> <II = 1> <Delay = 2.32> <Storage> <Opcode : 'load' 'store'> <Ports = 2> <Width = 8> <Depth = 25> <RAM>
ST_13 : Operation 527 [1/1] (0.00ns)   --->   "%sext_ln21_25 = sext i8 %b_load_20" [../source/tut3B_Function/matrix_mult.cpp:21]   --->   Operation 527 'sext' 'sext_ln21_25' <Predicate = true> <Delay = 0.00>
ST_13 : Operation 528 [2/2] (0.00ns)   --->   "%b_load_22 = load i5 %b_addr_22" [../source/tut3B_Function/matrix_mult.cpp:21]   --->   Operation 528 'load' 'b_load_22' <Predicate = true> <Delay = 0.00> <CoreInst = "RAM">   --->   Core 81 'RAM' <Latency = 1> <II = 1> <Delay = 2.32> <Storage> <Opcode : 'load' 'store'> <Ports = 2> <Width = 8> <Depth = 25> <RAM>
ST_13 : Operation 529 [3/3] (1.05ns) (grouped into DSP with root node add_ln21_16)   --->   "%mul_ln21_20 = mul i16 %sext_ln21_25, i16 %sext_ln21" [../source/tut3B_Function/matrix_mult.cpp:21]   --->   Operation 529 'mul' 'mul_ln21_20' <Predicate = true> <Delay = 1.05> <CoreInst = "DSP48">   --->   Core 116 'DSP48' <Latency = 3> <II = 1> <Delay = 2.15> <IPBlock> <Opcode : 'add' 'sub' 'mul' 'select'> <InPorts = 0> <OutPorts = 1> <Sync> <CReg>
ST_13 : Operation 530 [1/5] (5.41ns)   --->   "%mul_ln21_21 = mul i16 %sext_ln21_26, i16 %sext_ln21_2" [../source/tut3B_Function/matrix_mult.cpp:21]   --->   Operation 530 'mul' 'mul_ln21_21' <Predicate = true> <Delay = 5.41> <CoreInst = "Multiplier">   --->   Core 3 'Multiplier' <Latency = 4> <II = 1> <Delay = 5.41> <FuncUnit> <Opcode : 'mul'> <InPorts = 2> <OutPorts = 1>
ST_13 : Operation 531 [2/3] (1.05ns) (grouped into DSP with root node add_ln21_20)   --->   "%mul_ln21_25 = mul i16 %sext_ln21_30, i16 %sext_ln21_1" [../source/tut3B_Function/matrix_mult.cpp:21]   --->   Operation 531 'mul' 'mul_ln21_25' <Predicate = true> <Delay = 1.05> <CoreInst = "DSP48">   --->   Core 116 'DSP48' <Latency = 3> <II = 1> <Delay = 2.15> <IPBlock> <Opcode : 'add' 'sub' 'mul' 'select'> <InPorts = 0> <OutPorts = 1> <Sync> <CReg>
ST_13 : Operation 532 [1/5] (5.41ns)   --->   "%mul_ln21_26 = mul i16 %sext_ln21_31, i16 %sext_ln21_3" [../source/tut3B_Function/matrix_mult.cpp:21]   --->   Operation 532 'mul' 'mul_ln21_26' <Predicate = true> <Delay = 5.41> <CoreInst = "Multiplier">   --->   Core 3 'Multiplier' <Latency = 4> <II = 1> <Delay = 5.41> <FuncUnit> <Opcode : 'mul'> <InPorts = 2> <OutPorts = 1>
ST_13 : Operation 533 [2/3] (1.05ns) (grouped into DSP with root node add_ln21_24)   --->   "%mul_ln21_30 = mul i16 %sext_ln21_30, i16 %sext_ln21_10" [../source/tut3B_Function/matrix_mult.cpp:21]   --->   Operation 533 'mul' 'mul_ln21_30' <Predicate = true> <Delay = 1.05> <CoreInst = "DSP48">   --->   Core 116 'DSP48' <Latency = 3> <II = 1> <Delay = 2.15> <IPBlock> <Opcode : 'add' 'sub' 'mul' 'select'> <InPorts = 0> <OutPorts = 1> <Sync> <CReg>
ST_13 : Operation 534 [1/5] (5.41ns)   --->   "%mul_ln21_31 = mul i16 %sext_ln21_31, i16 %sext_ln21_11" [../source/tut3B_Function/matrix_mult.cpp:21]   --->   Operation 534 'mul' 'mul_ln21_31' <Predicate = true> <Delay = 5.41> <CoreInst = "Multiplier">   --->   Core 3 'Multiplier' <Latency = 4> <II = 1> <Delay = 5.41> <FuncUnit> <Opcode : 'mul'> <InPorts = 2> <OutPorts = 1>
ST_13 : Operation 535 [3/3] (1.05ns) (grouped into DSP with root node add_ln21_28)   --->   "%mul_ln21_35 = mul i16 %sext_ln21_30, i16 %sext_ln21_15" [../source/tut3B_Function/matrix_mult.cpp:21]   --->   Operation 535 'mul' 'mul_ln21_35' <Predicate = true> <Delay = 1.05> <CoreInst = "DSP48">   --->   Core 116 'DSP48' <Latency = 3> <II = 1> <Delay = 2.15> <IPBlock> <Opcode : 'add' 'sub' 'mul' 'select'> <InPorts = 0> <OutPorts = 1> <Sync> <CReg>
ST_13 : Operation 536 [2/5] (5.41ns)   --->   "%mul_ln21_36 = mul i16 %sext_ln21_31, i16 %sext_ln21_16" [../source/tut3B_Function/matrix_mult.cpp:21]   --->   Operation 536 'mul' 'mul_ln21_36' <Predicate = true> <Delay = 5.41> <CoreInst = "Multiplier">   --->   Core 3 'Multiplier' <Latency = 4> <II = 1> <Delay = 5.41> <FuncUnit> <Opcode : 'mul'> <InPorts = 2> <OutPorts = 1>
ST_13 : Operation 537 [3/3] (1.05ns) (grouped into DSP with root node add_ln21_32)   --->   "%mul_ln21_40 = mul i16 %sext_ln21_30, i16 %sext_ln21_20" [../source/tut3B_Function/matrix_mult.cpp:21]   --->   Operation 537 'mul' 'mul_ln21_40' <Predicate = true> <Delay = 1.05> <CoreInst = "DSP48">   --->   Core 116 'DSP48' <Latency = 3> <II = 1> <Delay = 2.15> <IPBlock> <Opcode : 'add' 'sub' 'mul' 'select'> <InPorts = 0> <OutPorts = 1> <Sync> <CReg>
ST_13 : Operation 538 [2/5] (5.41ns)   --->   "%mul_ln21_41 = mul i16 %sext_ln21_31, i16 %sext_ln21_21" [../source/tut3B_Function/matrix_mult.cpp:21]   --->   Operation 538 'mul' 'mul_ln21_41' <Predicate = true> <Delay = 5.41> <CoreInst = "Multiplier">   --->   Core 3 'Multiplier' <Latency = 4> <II = 1> <Delay = 5.41> <FuncUnit> <Opcode : 'mul'> <InPorts = 2> <OutPorts = 1>
ST_13 : Operation 539 [3/3] (1.05ns) (grouped into DSP with root node add_ln21_36)   --->   "%mul_ln21_45 = mul i16 %sext_ln21_30, i16 %sext_ln21_25" [../source/tut3B_Function/matrix_mult.cpp:21]   --->   Operation 539 'mul' 'mul_ln21_45' <Predicate = true> <Delay = 1.05> <CoreInst = "DSP48">   --->   Core 116 'DSP48' <Latency = 3> <II = 1> <Delay = 2.15> <IPBlock> <Opcode : 'add' 'sub' 'mul' 'select'> <InPorts = 0> <OutPorts = 1> <Sync> <CReg>
ST_13 : Operation 540 [2/5] (5.41ns)   --->   "%mul_ln21_46 = mul i16 %sext_ln21_31, i16 %sext_ln21_26" [../source/tut3B_Function/matrix_mult.cpp:21]   --->   Operation 540 'mul' 'mul_ln21_46' <Predicate = true> <Delay = 5.41> <CoreInst = "Multiplier">   --->   Core 3 'Multiplier' <Latency = 4> <II = 1> <Delay = 5.41> <FuncUnit> <Opcode : 'mul'> <InPorts = 2> <OutPorts = 1>
ST_13 : Operation 541 [1/1] (0.00ns)   --->   "%sext_ln21_35 = sext i8 %a_load_10" [../source/tut3B_Function/matrix_mult.cpp:21]   --->   Operation 541 'sext' 'sext_ln21_35' <Predicate = true> <Delay = 0.00>
ST_13 : Operation 542 [3/3] (1.05ns) (grouped into DSP with root node add_ln21_40)   --->   "%mul_ln21_50 = mul i16 %sext_ln21_35, i16 %sext_ln21_1" [../source/tut3B_Function/matrix_mult.cpp:21]   --->   Operation 542 'mul' 'mul_ln21_50' <Predicate = true> <Delay = 1.05> <CoreInst = "DSP48">   --->   Core 116 'DSP48' <Latency = 3> <II = 1> <Delay = 2.15> <IPBlock> <Opcode : 'add' 'sub' 'mul' 'select'> <InPorts = 0> <OutPorts = 1> <Sync> <CReg>
ST_13 : Operation 543 [2/5] (5.41ns)   --->   "%mul_ln21_51 = mul i16 %sext_ln21_36, i16 %sext_ln21_3" [../source/tut3B_Function/matrix_mult.cpp:21]   --->   Operation 543 'mul' 'mul_ln21_51' <Predicate = true> <Delay = 5.41> <CoreInst = "Multiplier">   --->   Core 3 'Multiplier' <Latency = 4> <II = 1> <Delay = 5.41> <FuncUnit> <Opcode : 'mul'> <InPorts = 2> <OutPorts = 1>
ST_13 : Operation 544 [3/5] (5.41ns)   --->   "%mul_ln21_56 = mul i16 %sext_ln21_36, i16 %sext_ln21_11" [../source/tut3B_Function/matrix_mult.cpp:21]   --->   Operation 544 'mul' 'mul_ln21_56' <Predicate = true> <Delay = 5.41> <CoreInst = "Multiplier">   --->   Core 3 'Multiplier' <Latency = 4> <II = 1> <Delay = 5.41> <FuncUnit> <Opcode : 'mul'> <InPorts = 2> <OutPorts = 1>
ST_13 : Operation 545 [3/5] (5.41ns)   --->   "%mul_ln21_61 = mul i16 %sext_ln21_36, i16 %sext_ln21_16" [../source/tut3B_Function/matrix_mult.cpp:21]   --->   Operation 545 'mul' 'mul_ln21_61' <Predicate = true> <Delay = 5.41> <CoreInst = "Multiplier">   --->   Core 3 'Multiplier' <Latency = 4> <II = 1> <Delay = 5.41> <FuncUnit> <Opcode : 'mul'> <InPorts = 2> <OutPorts = 1>
ST_13 : Operation 546 [3/5] (5.41ns)   --->   "%mul_ln21_66 = mul i16 %sext_ln21_36, i16 %sext_ln21_21" [../source/tut3B_Function/matrix_mult.cpp:21]   --->   Operation 546 'mul' 'mul_ln21_66' <Predicate = true> <Delay = 5.41> <CoreInst = "Multiplier">   --->   Core 3 'Multiplier' <Latency = 4> <II = 1> <Delay = 5.41> <FuncUnit> <Opcode : 'mul'> <InPorts = 2> <OutPorts = 1>
ST_13 : Operation 547 [3/5] (5.41ns)   --->   "%mul_ln21_71 = mul i16 %sext_ln21_36, i16 %sext_ln21_26" [../source/tut3B_Function/matrix_mult.cpp:21]   --->   Operation 547 'mul' 'mul_ln21_71' <Predicate = true> <Delay = 5.41> <CoreInst = "Multiplier">   --->   Core 3 'Multiplier' <Latency = 4> <II = 1> <Delay = 5.41> <FuncUnit> <Opcode : 'mul'> <InPorts = 2> <OutPorts = 1>
ST_13 : Operation 548 [1/2] ( I:0.00ns O:0.00ns )   --->   "%a_load_17 = load i5 %a_addr_17" [../source/tut3B_Function/matrix_mult.cpp:21]   --->   Operation 548 'load' 'a_load_17' <Predicate = true> <Delay = 0.00> <CoreInst = "RAM">   --->   Core 81 'RAM' <Latency = 1> <II = 1> <Delay = 2.32> <Storage> <Opcode : 'load' 'store'> <Ports = 2> <Width = 8> <Depth = 25> <RAM>
ST_13 : Operation 549 [4/5] (5.41ns)   --->   "%mul_ln21_76 = mul i16 %sext_ln21_41, i16 %sext_ln21_3" [../source/tut3B_Function/matrix_mult.cpp:21]   --->   Operation 549 'mul' 'mul_ln21_76' <Predicate = true> <Delay = 5.41> <CoreInst = "Multiplier">   --->   Core 3 'Multiplier' <Latency = 4> <II = 1> <Delay = 5.41> <FuncUnit> <Opcode : 'mul'> <InPorts = 2> <OutPorts = 1>
ST_13 : Operation 550 [4/5] (5.41ns)   --->   "%mul_ln21_81 = mul i16 %sext_ln21_41, i16 %sext_ln21_11" [../source/tut3B_Function/matrix_mult.cpp:21]   --->   Operation 550 'mul' 'mul_ln21_81' <Predicate = true> <Delay = 5.41> <CoreInst = "Multiplier">   --->   Core 3 'Multiplier' <Latency = 4> <II = 1> <Delay = 5.41> <FuncUnit> <Opcode : 'mul'> <InPorts = 2> <OutPorts = 1>
ST_13 : Operation 551 [1/2] (2.10ns) (root node of the DSP)   --->   "%add_ln21_65 = add i16 %mul_ln21_83, i16 %mul_ln21_82" [../source/tut3B_Function/matrix_mult.cpp:21]   --->   Operation 551 'add' 'add_ln21_65' <Predicate = true> <Delay = 2.10> <CoreInst = "DSP48">   --->   Core 116 'DSP48' <Latency = 3> <II = 1> <Delay = 2.15> <IPBlock> <Opcode : 'add' 'sub' 'mul' 'select'> <InPorts = 0> <OutPorts = 1> <Sync> <CReg>
ST_13 : Operation 552 [4/5] (5.41ns)   --->   "%mul_ln21_86 = mul i16 %sext_ln21_41, i16 %sext_ln21_16" [../source/tut3B_Function/matrix_mult.cpp:21]   --->   Operation 552 'mul' 'mul_ln21_86' <Predicate = true> <Delay = 5.41> <CoreInst = "Multiplier">   --->   Core 3 'Multiplier' <Latency = 4> <II = 1> <Delay = 5.41> <FuncUnit> <Opcode : 'mul'> <InPorts = 2> <OutPorts = 1>
ST_13 : Operation 553 [1/2] (2.10ns) (root node of the DSP)   --->   "%add_ln21_69 = add i16 %mul_ln21_88, i16 %mul_ln21_87" [../source/tut3B_Function/matrix_mult.cpp:21]   --->   Operation 553 'add' 'add_ln21_69' <Predicate = true> <Delay = 2.10> <CoreInst = "DSP48">   --->   Core 116 'DSP48' <Latency = 3> <II = 1> <Delay = 2.15> <IPBlock> <Opcode : 'add' 'sub' 'mul' 'select'> <InPorts = 0> <OutPorts = 1> <Sync> <CReg>
ST_13 : Operation 554 [4/5] (5.41ns)   --->   "%mul_ln21_91 = mul i16 %sext_ln21_41, i16 %sext_ln21_21" [../source/tut3B_Function/matrix_mult.cpp:21]   --->   Operation 554 'mul' 'mul_ln21_91' <Predicate = true> <Delay = 5.41> <CoreInst = "Multiplier">   --->   Core 3 'Multiplier' <Latency = 4> <II = 1> <Delay = 5.41> <FuncUnit> <Opcode : 'mul'> <InPorts = 2> <OutPorts = 1>
ST_13 : Operation 555 [1/2] (2.10ns) (root node of the DSP)   --->   "%add_ln21_73 = add i16 %mul_ln21_93, i16 %mul_ln21_92" [../source/tut3B_Function/matrix_mult.cpp:21]   --->   Operation 555 'add' 'add_ln21_73' <Predicate = true> <Delay = 2.10> <CoreInst = "DSP48">   --->   Core 116 'DSP48' <Latency = 3> <II = 1> <Delay = 2.15> <IPBlock> <Opcode : 'add' 'sub' 'mul' 'select'> <InPorts = 0> <OutPorts = 1> <Sync> <CReg>
ST_13 : Operation 556 [5/5] (5.41ns)   --->   "%mul_ln21_96 = mul i16 %sext_ln21_41, i16 %sext_ln21_26" [../source/tut3B_Function/matrix_mult.cpp:21]   --->   Operation 556 'mul' 'mul_ln21_96' <Predicate = true> <Delay = 5.41> <CoreInst = "Multiplier">   --->   Core 3 'Multiplier' <Latency = 4> <II = 1> <Delay = 5.41> <FuncUnit> <Opcode : 'mul'> <InPorts = 2> <OutPorts = 1>
ST_13 : Operation 557 [1/2] (2.10ns) (root node of the DSP)   --->   "%add_ln21_77 = add i16 %mul_ln21_98, i16 %mul_ln21_97" [../source/tut3B_Function/matrix_mult.cpp:21]   --->   Operation 557 'add' 'add_ln21_77' <Predicate = true> <Delay = 2.10> <CoreInst = "DSP48">   --->   Core 116 'DSP48' <Latency = 3> <II = 1> <Delay = 2.15> <IPBlock> <Opcode : 'add' 'sub' 'mul' 'select'> <InPorts = 0> <OutPorts = 1> <Sync> <CReg>
ST_13 : Operation 558 [1/2] ( I:0.00ns O:0.00ns )   --->   "%a_load_20 = load i5 %a_addr_20" [../source/tut3B_Function/matrix_mult.cpp:21]   --->   Operation 558 'load' 'a_load_20' <Predicate = true> <Delay = 0.00> <CoreInst = "RAM">   --->   Core 81 'RAM' <Latency = 1> <II = 1> <Delay = 2.32> <Storage> <Opcode : 'load' 'store'> <Ports = 2> <Width = 8> <Depth = 25> <RAM>
ST_13 : Operation 559 [1/1] (0.00ns)   --->   "%sext_ln21_46 = sext i8 %a_load_21" [../source/tut3B_Function/matrix_mult.cpp:21]   --->   Operation 559 'sext' 'sext_ln21_46' <Predicate = true> <Delay = 0.00>
ST_13 : Operation 560 [2/2] (0.00ns)   --->   "%a_load_22 = load i5 %a_addr_22" [../source/tut3B_Function/matrix_mult.cpp:21]   --->   Operation 560 'load' 'a_load_22' <Predicate = true> <Delay = 0.00> <CoreInst = "RAM">   --->   Core 81 'RAM' <Latency = 1> <II = 1> <Delay = 2.32> <Storage> <Opcode : 'load' 'store'> <Ports = 2> <Width = 8> <Depth = 25> <RAM>
ST_13 : Operation 561 [5/5] (5.41ns)   --->   "%mul_ln21_101 = mul i16 %sext_ln21_46, i16 %sext_ln21_3" [../source/tut3B_Function/matrix_mult.cpp:21]   --->   Operation 561 'mul' 'mul_ln21_101' <Predicate = true> <Delay = 5.41> <CoreInst = "Multiplier">   --->   Core 3 'Multiplier' <Latency = 4> <II = 1> <Delay = 5.41> <FuncUnit> <Opcode : 'mul'> <InPorts = 2> <OutPorts = 1>
ST_13 : Operation 562 [1/2] (2.10ns) (root node of the DSP)   --->   "%add_ln21_81 = add i16 %mul_ln21_103, i16 %mul_ln21_102" [../source/tut3B_Function/matrix_mult.cpp:21]   --->   Operation 562 'add' 'add_ln21_81' <Predicate = true> <Delay = 2.10> <CoreInst = "DSP48">   --->   Core 116 'DSP48' <Latency = 3> <II = 1> <Delay = 2.15> <IPBlock> <Opcode : 'add' 'sub' 'mul' 'select'> <InPorts = 0> <OutPorts = 1> <Sync> <CReg>
ST_13 : Operation 563 [5/5] (5.41ns)   --->   "%mul_ln21_106 = mul i16 %sext_ln21_46, i16 %sext_ln21_11" [../source/tut3B_Function/matrix_mult.cpp:21]   --->   Operation 563 'mul' 'mul_ln21_106' <Predicate = true> <Delay = 5.41> <CoreInst = "Multiplier">   --->   Core 3 'Multiplier' <Latency = 4> <II = 1> <Delay = 5.41> <FuncUnit> <Opcode : 'mul'> <InPorts = 2> <OutPorts = 1>
ST_13 : Operation 564 [1/2] (2.10ns) (root node of the DSP)   --->   "%add_ln21_85 = add i16 %mul_ln21_108, i16 %mul_ln21_107" [../source/tut3B_Function/matrix_mult.cpp:21]   --->   Operation 564 'add' 'add_ln21_85' <Predicate = true> <Delay = 2.10> <CoreInst = "DSP48">   --->   Core 116 'DSP48' <Latency = 3> <II = 1> <Delay = 2.15> <IPBlock> <Opcode : 'add' 'sub' 'mul' 'select'> <InPorts = 0> <OutPorts = 1> <Sync> <CReg>
ST_13 : Operation 565 [5/5] (5.41ns)   --->   "%mul_ln21_111 = mul i16 %sext_ln21_46, i16 %sext_ln21_16" [../source/tut3B_Function/matrix_mult.cpp:21]   --->   Operation 565 'mul' 'mul_ln21_111' <Predicate = true> <Delay = 5.41> <CoreInst = "Multiplier">   --->   Core 3 'Multiplier' <Latency = 4> <II = 1> <Delay = 5.41> <FuncUnit> <Opcode : 'mul'> <InPorts = 2> <OutPorts = 1>
ST_13 : Operation 566 [1/3] (0.00ns) (grouped into DSP with root node add_ln21_89)   --->   "%mul_ln21_112 = mul i16 %sext_ln21_49, i16 %sext_ln21_19" [../source/tut3B_Function/matrix_mult.cpp:21]   --->   Operation 566 'mul' 'mul_ln21_112' <Predicate = true> <Delay = 0.00> <CoreInst = "DSP48">   --->   Core 116 'DSP48' <Latency = 3> <II = 1> <Delay = 2.15> <IPBlock> <Opcode : 'add' 'sub' 'mul' 'select'> <InPorts = 0> <OutPorts = 1> <Sync> <CReg>
ST_13 : Operation 567 [2/2] (2.10ns) (root node of the DSP)   --->   "%add_ln21_89 = add i16 %mul_ln21_113, i16 %mul_ln21_112" [../source/tut3B_Function/matrix_mult.cpp:21]   --->   Operation 567 'add' 'add_ln21_89' <Predicate = true> <Delay = 2.10> <CoreInst = "DSP48">   --->   Core 116 'DSP48' <Latency = 3> <II = 1> <Delay = 2.15> <IPBlock> <Opcode : 'add' 'sub' 'mul' 'select'> <InPorts = 0> <OutPorts = 1> <Sync> <CReg>
ST_13 : Operation 568 [1/3] (0.00ns) (grouped into DSP with root node add_ln21_93)   --->   "%mul_ln21_117 = mul i16 %sext_ln21_49, i16 %sext_ln21_24" [../source/tut3B_Function/matrix_mult.cpp:21]   --->   Operation 568 'mul' 'mul_ln21_117' <Predicate = true> <Delay = 0.00> <CoreInst = "DSP48">   --->   Core 116 'DSP48' <Latency = 3> <II = 1> <Delay = 2.15> <IPBlock> <Opcode : 'add' 'sub' 'mul' 'select'> <InPorts = 0> <OutPorts = 1> <Sync> <CReg>
ST_13 : Operation 569 [2/2] (2.10ns) (root node of the DSP)   --->   "%add_ln21_93 = add i16 %mul_ln21_118, i16 %mul_ln21_117" [../source/tut3B_Function/matrix_mult.cpp:21]   --->   Operation 569 'add' 'add_ln21_93' <Predicate = true> <Delay = 2.10> <CoreInst = "DSP48">   --->   Core 116 'DSP48' <Latency = 3> <II = 1> <Delay = 2.15> <IPBlock> <Opcode : 'add' 'sub' 'mul' 'select'> <InPorts = 0> <OutPorts = 1> <Sync> <CReg>
ST_13 : Operation 570 [1/3] (0.00ns) (grouped into DSP with root node add_ln21_97)   --->   "%mul_ln21_122 = mul i16 %sext_ln21_49, i16 %sext_ln21_29" [../source/tut3B_Function/matrix_mult.cpp:21]   --->   Operation 570 'mul' 'mul_ln21_122' <Predicate = true> <Delay = 0.00> <CoreInst = "DSP48">   --->   Core 116 'DSP48' <Latency = 3> <II = 1> <Delay = 2.15> <IPBlock> <Opcode : 'add' 'sub' 'mul' 'select'> <InPorts = 0> <OutPorts = 1> <Sync> <CReg>
ST_13 : Operation 571 [2/2] (2.10ns) (root node of the DSP)   --->   "%add_ln21_97 = add i16 %mul_ln21_123, i16 %mul_ln21_122" [../source/tut3B_Function/matrix_mult.cpp:21]   --->   Operation 571 'add' 'add_ln21_97' <Predicate = true> <Delay = 2.10> <CoreInst = "DSP48">   --->   Core 116 'DSP48' <Latency = 3> <II = 1> <Delay = 2.15> <IPBlock> <Opcode : 'add' 'sub' 'mul' 'select'> <InPorts = 0> <OutPorts = 1> <Sync> <CReg>

State 14 <SV = 13> <Delay = 5.41>
ST_14 : Operation 572 [1/3] (0.00ns) (grouped into DSP with root node add_ln21_2)   --->   "%mul_ln21_4 = mul i16 %sext_ln21_5, i16 %sext_ln21_4" [../source/tut3B_Function/matrix_mult.cpp:21]   --->   Operation 572 'mul' 'mul_ln21_4' <Predicate = true> <Delay = 0.00> <CoreInst = "DSP48">   --->   Core 116 'DSP48' <Latency = 3> <II = 1> <Delay = 2.15> <IPBlock> <Opcode : 'add' 'sub' 'mul' 'select'> <InPorts = 0> <OutPorts = 1> <Sync> <CReg>
ST_14 : Operation 573 [1/2] (2.10ns) (root node of the DSP)   --->   "%add_ln21 = add i16 %mul_ln21_1, i16 %mul_ln21" [../source/tut3B_Function/matrix_mult.cpp:21]   --->   Operation 573 'add' 'add_ln21' <Predicate = true> <Delay = 2.10> <CoreInst = "DSP48">   --->   Core 116 'DSP48' <Latency = 3> <II = 1> <Delay = 2.15> <IPBlock> <Opcode : 'add' 'sub' 'mul' 'select'> <InPorts = 0> <OutPorts = 1> <Sync> <CReg>
ST_14 : Operation 574 [2/2] (2.10ns) (root node of the DSP)   --->   "%add_ln21_2 = add i16 %add_ln21_1, i16 %mul_ln21_4" [../source/tut3B_Function/matrix_mult.cpp:21]   --->   Operation 574 'add' 'add_ln21_2' <Predicate = true> <Delay = 2.10> <CoreInst = "DSP48">   --->   Core 116 'DSP48' <Latency = 3> <II = 1> <Delay = 2.15> <IPBlock> <Opcode : 'add' 'sub' 'mul' 'select'> <InPorts = 0> <OutPorts = 1> <Sync> <CReg>
ST_14 : Operation 575 [1/3] (0.00ns) (grouped into DSP with root node add_ln21_6)   --->   "%mul_ln21_9 = mul i16 %sext_ln21_12, i16 %sext_ln21_4" [../source/tut3B_Function/matrix_mult.cpp:21]   --->   Operation 575 'mul' 'mul_ln21_9' <Predicate = true> <Delay = 0.00> <CoreInst = "DSP48">   --->   Core 116 'DSP48' <Latency = 3> <II = 1> <Delay = 2.15> <IPBlock> <Opcode : 'add' 'sub' 'mul' 'select'> <InPorts = 0> <OutPorts = 1> <Sync> <CReg>
ST_14 : Operation 576 [1/2] (2.10ns) (root node of the DSP)   --->   "%add_ln21_4 = add i16 %mul_ln21_6, i16 %mul_ln21_5" [../source/tut3B_Function/matrix_mult.cpp:21]   --->   Operation 576 'add' 'add_ln21_4' <Predicate = true> <Delay = 2.10> <CoreInst = "DSP48">   --->   Core 116 'DSP48' <Latency = 3> <II = 1> <Delay = 2.15> <IPBlock> <Opcode : 'add' 'sub' 'mul' 'select'> <InPorts = 0> <OutPorts = 1> <Sync> <CReg>
ST_14 : Operation 577 [2/2] (2.10ns) (root node of the DSP)   --->   "%add_ln21_6 = add i16 %add_ln21_5, i16 %mul_ln21_9" [../source/tut3B_Function/matrix_mult.cpp:21]   --->   Operation 577 'add' 'add_ln21_6' <Predicate = true> <Delay = 2.10> <CoreInst = "DSP48">   --->   Core 116 'DSP48' <Latency = 3> <II = 1> <Delay = 2.15> <IPBlock> <Opcode : 'add' 'sub' 'mul' 'select'> <InPorts = 0> <OutPorts = 1> <Sync> <CReg>
ST_14 : Operation 578 [1/3] (0.00ns) (grouped into DSP with root node add_ln21_10)   --->   "%mul_ln21_14 = mul i16 %sext_ln21_17, i16 %sext_ln21_4" [../source/tut3B_Function/matrix_mult.cpp:21]   --->   Operation 578 'mul' 'mul_ln21_14' <Predicate = true> <Delay = 0.00> <CoreInst = "DSP48">   --->   Core 116 'DSP48' <Latency = 3> <II = 1> <Delay = 2.15> <IPBlock> <Opcode : 'add' 'sub' 'mul' 'select'> <InPorts = 0> <OutPorts = 1> <Sync> <CReg>
ST_14 : Operation 579 [1/2] (2.10ns) (root node of the DSP)   --->   "%add_ln21_8 = add i16 %mul_ln21_11, i16 %mul_ln21_10" [../source/tut3B_Function/matrix_mult.cpp:21]   --->   Operation 579 'add' 'add_ln21_8' <Predicate = true> <Delay = 2.10> <CoreInst = "DSP48">   --->   Core 116 'DSP48' <Latency = 3> <II = 1> <Delay = 2.15> <IPBlock> <Opcode : 'add' 'sub' 'mul' 'select'> <InPorts = 0> <OutPorts = 1> <Sync> <CReg>
ST_14 : Operation 580 [2/2] (2.10ns) (root node of the DSP)   --->   "%add_ln21_10 = add i16 %add_ln21_9, i16 %mul_ln21_14" [../source/tut3B_Function/matrix_mult.cpp:21]   --->   Operation 580 'add' 'add_ln21_10' <Predicate = true> <Delay = 2.10> <CoreInst = "DSP48">   --->   Core 116 'DSP48' <Latency = 3> <II = 1> <Delay = 2.15> <IPBlock> <Opcode : 'add' 'sub' 'mul' 'select'> <InPorts = 0> <OutPorts = 1> <Sync> <CReg>
ST_14 : Operation 581 [1/3] (0.00ns) (grouped into DSP with root node add_ln21_12)   --->   "%mul_ln21_15 = mul i16 %sext_ln21_20, i16 %sext_ln21" [../source/tut3B_Function/matrix_mult.cpp:21]   --->   Operation 581 'mul' 'mul_ln21_15' <Predicate = true> <Delay = 0.00> <CoreInst = "DSP48">   --->   Core 116 'DSP48' <Latency = 3> <II = 1> <Delay = 2.15> <IPBlock> <Opcode : 'add' 'sub' 'mul' 'select'> <InPorts = 0> <OutPorts = 1> <Sync> <CReg>
ST_14 : Operation 582 [2/3] (1.05ns) (grouped into DSP with root node add_ln21_14)   --->   "%mul_ln21_19 = mul i16 %sext_ln21_22, i16 %sext_ln21_4" [../source/tut3B_Function/matrix_mult.cpp:21]   --->   Operation 582 'mul' 'mul_ln21_19' <Predicate = true> <Delay = 1.05> <CoreInst = "DSP48">   --->   Core 116 'DSP48' <Latency = 3> <II = 1> <Delay = 2.15> <IPBlock> <Opcode : 'add' 'sub' 'mul' 'select'> <InPorts = 0> <OutPorts = 1> <Sync> <CReg>
ST_14 : Operation 583 [2/2] (2.10ns) (root node of the DSP)   --->   "%add_ln21_12 = add i16 %mul_ln21_16, i16 %mul_ln21_15" [../source/tut3B_Function/matrix_mult.cpp:21]   --->   Operation 583 'add' 'add_ln21_12' <Predicate = true> <Delay = 2.10> <CoreInst = "DSP48">   --->   Core 116 'DSP48' <Latency = 3> <II = 1> <Delay = 2.15> <IPBlock> <Opcode : 'add' 'sub' 'mul' 'select'> <InPorts = 0> <OutPorts = 1> <Sync> <CReg>
ST_14 : Operation 584 [1/2] ( I:0.00ns O:0.00ns )   --->   "%b_load_22 = load i5 %b_addr_22" [../source/tut3B_Function/matrix_mult.cpp:21]   --->   Operation 584 'load' 'b_load_22' <Predicate = true> <Delay = 0.00> <CoreInst = "RAM">   --->   Core 81 'RAM' <Latency = 1> <II = 1> <Delay = 2.32> <Storage> <Opcode : 'load' 'store'> <Ports = 2> <Width = 8> <Depth = 25> <RAM>
ST_14 : Operation 585 [1/1] (0.00ns)   --->   "%sext_ln21_27 = sext i8 %b_load_22" [../source/tut3B_Function/matrix_mult.cpp:21]   --->   Operation 585 'sext' 'sext_ln21_27' <Predicate = true> <Delay = 0.00>
ST_14 : Operation 586 [2/3] (1.05ns) (grouped into DSP with root node add_ln21_16)   --->   "%mul_ln21_20 = mul i16 %sext_ln21_25, i16 %sext_ln21" [../source/tut3B_Function/matrix_mult.cpp:21]   --->   Operation 586 'mul' 'mul_ln21_20' <Predicate = true> <Delay = 1.05> <CoreInst = "DSP48">   --->   Core 116 'DSP48' <Latency = 3> <II = 1> <Delay = 2.15> <IPBlock> <Opcode : 'add' 'sub' 'mul' 'select'> <InPorts = 0> <OutPorts = 1> <Sync> <CReg>
ST_14 : Operation 587 [3/3] (1.05ns) (grouped into DSP with root node add_ln21_18)   --->   "%mul_ln21_24 = mul i16 %sext_ln21_27, i16 %sext_ln21_4" [../source/tut3B_Function/matrix_mult.cpp:21]   --->   Operation 587 'mul' 'mul_ln21_24' <Predicate = true> <Delay = 1.05> <CoreInst = "DSP48">   --->   Core 116 'DSP48' <Latency = 3> <II = 1> <Delay = 2.15> <IPBlock> <Opcode : 'add' 'sub' 'mul' 'select'> <InPorts = 0> <OutPorts = 1> <Sync> <CReg>
ST_14 : Operation 588 [1/1] (0.00ns)   --->   "%sext_ln21_32 = sext i8 %a_load_7" [../source/tut3B_Function/matrix_mult.cpp:21]   --->   Operation 588 'sext' 'sext_ln21_32' <Predicate = true> <Delay = 0.00>
ST_14 : Operation 589 [1/3] (0.00ns) (grouped into DSP with root node add_ln21_20)   --->   "%mul_ln21_25 = mul i16 %sext_ln21_30, i16 %sext_ln21_1" [../source/tut3B_Function/matrix_mult.cpp:21]   --->   Operation 589 'mul' 'mul_ln21_25' <Predicate = true> <Delay = 0.00> <CoreInst = "DSP48">   --->   Core 116 'DSP48' <Latency = 3> <II = 1> <Delay = 2.15> <IPBlock> <Opcode : 'add' 'sub' 'mul' 'select'> <InPorts = 0> <OutPorts = 1> <Sync> <CReg>
ST_14 : Operation 590 [3/3] (1.05ns) (grouped into DSP with root node add_ln21_22)   --->   "%mul_ln21_29 = mul i16 %sext_ln21_32, i16 %sext_ln21_5" [../source/tut3B_Function/matrix_mult.cpp:21]   --->   Operation 590 'mul' 'mul_ln21_29' <Predicate = true> <Delay = 1.05> <CoreInst = "DSP48">   --->   Core 116 'DSP48' <Latency = 3> <II = 1> <Delay = 2.15> <IPBlock> <Opcode : 'add' 'sub' 'mul' 'select'> <InPorts = 0> <OutPorts = 1> <Sync> <CReg>
ST_14 : Operation 591 [2/2] (2.10ns) (root node of the DSP)   --->   "%add_ln21_20 = add i16 %mul_ln21_26, i16 %mul_ln21_25" [../source/tut3B_Function/matrix_mult.cpp:21]   --->   Operation 591 'add' 'add_ln21_20' <Predicate = true> <Delay = 2.10> <CoreInst = "DSP48">   --->   Core 116 'DSP48' <Latency = 3> <II = 1> <Delay = 2.15> <IPBlock> <Opcode : 'add' 'sub' 'mul' 'select'> <InPorts = 0> <OutPorts = 1> <Sync> <CReg>
ST_14 : Operation 592 [1/3] (0.00ns) (grouped into DSP with root node add_ln21_24)   --->   "%mul_ln21_30 = mul i16 %sext_ln21_30, i16 %sext_ln21_10" [../source/tut3B_Function/matrix_mult.cpp:21]   --->   Operation 592 'mul' 'mul_ln21_30' <Predicate = true> <Delay = 0.00> <CoreInst = "DSP48">   --->   Core 116 'DSP48' <Latency = 3> <II = 1> <Delay = 2.15> <IPBlock> <Opcode : 'add' 'sub' 'mul' 'select'> <InPorts = 0> <OutPorts = 1> <Sync> <CReg>
ST_14 : Operation 593 [2/2] (2.10ns) (root node of the DSP)   --->   "%add_ln21_24 = add i16 %mul_ln21_31, i16 %mul_ln21_30" [../source/tut3B_Function/matrix_mult.cpp:21]   --->   Operation 593 'add' 'add_ln21_24' <Predicate = true> <Delay = 2.10> <CoreInst = "DSP48">   --->   Core 116 'DSP48' <Latency = 3> <II = 1> <Delay = 2.15> <IPBlock> <Opcode : 'add' 'sub' 'mul' 'select'> <InPorts = 0> <OutPorts = 1> <Sync> <CReg>
ST_14 : Operation 594 [2/3] (1.05ns) (grouped into DSP with root node add_ln21_28)   --->   "%mul_ln21_35 = mul i16 %sext_ln21_30, i16 %sext_ln21_15" [../source/tut3B_Function/matrix_mult.cpp:21]   --->   Operation 594 'mul' 'mul_ln21_35' <Predicate = true> <Delay = 1.05> <CoreInst = "DSP48">   --->   Core 116 'DSP48' <Latency = 3> <II = 1> <Delay = 2.15> <IPBlock> <Opcode : 'add' 'sub' 'mul' 'select'> <InPorts = 0> <OutPorts = 1> <Sync> <CReg>
ST_14 : Operation 595 [1/5] (5.41ns)   --->   "%mul_ln21_36 = mul i16 %sext_ln21_31, i16 %sext_ln21_16" [../source/tut3B_Function/matrix_mult.cpp:21]   --->   Operation 595 'mul' 'mul_ln21_36' <Predicate = true> <Delay = 5.41> <CoreInst = "Multiplier">   --->   Core 3 'Multiplier' <Latency = 4> <II = 1> <Delay = 5.41> <FuncUnit> <Opcode : 'mul'> <InPorts = 2> <OutPorts = 1>
ST_14 : Operation 596 [2/3] (1.05ns) (grouped into DSP with root node add_ln21_32)   --->   "%mul_ln21_40 = mul i16 %sext_ln21_30, i16 %sext_ln21_20" [../source/tut3B_Function/matrix_mult.cpp:21]   --->   Operation 596 'mul' 'mul_ln21_40' <Predicate = true> <Delay = 1.05> <CoreInst = "DSP48">   --->   Core 116 'DSP48' <Latency = 3> <II = 1> <Delay = 2.15> <IPBlock> <Opcode : 'add' 'sub' 'mul' 'select'> <InPorts = 0> <OutPorts = 1> <Sync> <CReg>
ST_14 : Operation 597 [1/5] (5.41ns)   --->   "%mul_ln21_41 = mul i16 %sext_ln21_31, i16 %sext_ln21_21" [../source/tut3B_Function/matrix_mult.cpp:21]   --->   Operation 597 'mul' 'mul_ln21_41' <Predicate = true> <Delay = 5.41> <CoreInst = "Multiplier">   --->   Core 3 'Multiplier' <Latency = 4> <II = 1> <Delay = 5.41> <FuncUnit> <Opcode : 'mul'> <InPorts = 2> <OutPorts = 1>
ST_14 : Operation 598 [2/3] (1.05ns) (grouped into DSP with root node add_ln21_36)   --->   "%mul_ln21_45 = mul i16 %sext_ln21_30, i16 %sext_ln21_25" [../source/tut3B_Function/matrix_mult.cpp:21]   --->   Operation 598 'mul' 'mul_ln21_45' <Predicate = true> <Delay = 1.05> <CoreInst = "DSP48">   --->   Core 116 'DSP48' <Latency = 3> <II = 1> <Delay = 2.15> <IPBlock> <Opcode : 'add' 'sub' 'mul' 'select'> <InPorts = 0> <OutPorts = 1> <Sync> <CReg>
ST_14 : Operation 599 [1/5] (5.41ns)   --->   "%mul_ln21_46 = mul i16 %sext_ln21_31, i16 %sext_ln21_26" [../source/tut3B_Function/matrix_mult.cpp:21]   --->   Operation 599 'mul' 'mul_ln21_46' <Predicate = true> <Delay = 5.41> <CoreInst = "Multiplier">   --->   Core 3 'Multiplier' <Latency = 4> <II = 1> <Delay = 5.41> <FuncUnit> <Opcode : 'mul'> <InPorts = 2> <OutPorts = 1>
ST_14 : Operation 600 [2/3] (1.05ns) (grouped into DSP with root node add_ln21_40)   --->   "%mul_ln21_50 = mul i16 %sext_ln21_35, i16 %sext_ln21_1" [../source/tut3B_Function/matrix_mult.cpp:21]   --->   Operation 600 'mul' 'mul_ln21_50' <Predicate = true> <Delay = 1.05> <CoreInst = "DSP48">   --->   Core 116 'DSP48' <Latency = 3> <II = 1> <Delay = 2.15> <IPBlock> <Opcode : 'add' 'sub' 'mul' 'select'> <InPorts = 0> <OutPorts = 1> <Sync> <CReg>
ST_14 : Operation 601 [1/5] (5.41ns)   --->   "%mul_ln21_51 = mul i16 %sext_ln21_36, i16 %sext_ln21_3" [../source/tut3B_Function/matrix_mult.cpp:21]   --->   Operation 601 'mul' 'mul_ln21_51' <Predicate = true> <Delay = 5.41> <CoreInst = "Multiplier">   --->   Core 3 'Multiplier' <Latency = 4> <II = 1> <Delay = 5.41> <FuncUnit> <Opcode : 'mul'> <InPorts = 2> <OutPorts = 1>
ST_14 : Operation 602 [3/3] (1.05ns) (grouped into DSP with root node add_ln21_44)   --->   "%mul_ln21_55 = mul i16 %sext_ln21_35, i16 %sext_ln21_10" [../source/tut3B_Function/matrix_mult.cpp:21]   --->   Operation 602 'mul' 'mul_ln21_55' <Predicate = true> <Delay = 1.05> <CoreInst = "DSP48">   --->   Core 116 'DSP48' <Latency = 3> <II = 1> <Delay = 2.15> <IPBlock> <Opcode : 'add' 'sub' 'mul' 'select'> <InPorts = 0> <OutPorts = 1> <Sync> <CReg>
ST_14 : Operation 603 [2/5] (5.41ns)   --->   "%mul_ln21_56 = mul i16 %sext_ln21_36, i16 %sext_ln21_11" [../source/tut3B_Function/matrix_mult.cpp:21]   --->   Operation 603 'mul' 'mul_ln21_56' <Predicate = true> <Delay = 5.41> <CoreInst = "Multiplier">   --->   Core 3 'Multiplier' <Latency = 4> <II = 1> <Delay = 5.41> <FuncUnit> <Opcode : 'mul'> <InPorts = 2> <OutPorts = 1>
ST_14 : Operation 604 [3/3] (1.05ns) (grouped into DSP with root node add_ln21_48)   --->   "%mul_ln21_60 = mul i16 %sext_ln21_35, i16 %sext_ln21_15" [../source/tut3B_Function/matrix_mult.cpp:21]   --->   Operation 604 'mul' 'mul_ln21_60' <Predicate = true> <Delay = 1.05> <CoreInst = "DSP48">   --->   Core 116 'DSP48' <Latency = 3> <II = 1> <Delay = 2.15> <IPBlock> <Opcode : 'add' 'sub' 'mul' 'select'> <InPorts = 0> <OutPorts = 1> <Sync> <CReg>
ST_14 : Operation 605 [2/5] (5.41ns)   --->   "%mul_ln21_61 = mul i16 %sext_ln21_36, i16 %sext_ln21_16" [../source/tut3B_Function/matrix_mult.cpp:21]   --->   Operation 605 'mul' 'mul_ln21_61' <Predicate = true> <Delay = 5.41> <CoreInst = "Multiplier">   --->   Core 3 'Multiplier' <Latency = 4> <II = 1> <Delay = 5.41> <FuncUnit> <Opcode : 'mul'> <InPorts = 2> <OutPorts = 1>
ST_14 : Operation 606 [3/3] (1.05ns) (grouped into DSP with root node add_ln21_52)   --->   "%mul_ln21_65 = mul i16 %sext_ln21_35, i16 %sext_ln21_20" [../source/tut3B_Function/matrix_mult.cpp:21]   --->   Operation 606 'mul' 'mul_ln21_65' <Predicate = true> <Delay = 1.05> <CoreInst = "DSP48">   --->   Core 116 'DSP48' <Latency = 3> <II = 1> <Delay = 2.15> <IPBlock> <Opcode : 'add' 'sub' 'mul' 'select'> <InPorts = 0> <OutPorts = 1> <Sync> <CReg>
ST_14 : Operation 607 [2/5] (5.41ns)   --->   "%mul_ln21_66 = mul i16 %sext_ln21_36, i16 %sext_ln21_21" [../source/tut3B_Function/matrix_mult.cpp:21]   --->   Operation 607 'mul' 'mul_ln21_66' <Predicate = true> <Delay = 5.41> <CoreInst = "Multiplier">   --->   Core 3 'Multiplier' <Latency = 4> <II = 1> <Delay = 5.41> <FuncUnit> <Opcode : 'mul'> <InPorts = 2> <OutPorts = 1>
ST_14 : Operation 608 [3/3] (1.05ns) (grouped into DSP with root node add_ln21_56)   --->   "%mul_ln21_70 = mul i16 %sext_ln21_35, i16 %sext_ln21_25" [../source/tut3B_Function/matrix_mult.cpp:21]   --->   Operation 608 'mul' 'mul_ln21_70' <Predicate = true> <Delay = 1.05> <CoreInst = "DSP48">   --->   Core 116 'DSP48' <Latency = 3> <II = 1> <Delay = 2.15> <IPBlock> <Opcode : 'add' 'sub' 'mul' 'select'> <InPorts = 0> <OutPorts = 1> <Sync> <CReg>
ST_14 : Operation 609 [2/5] (5.41ns)   --->   "%mul_ln21_71 = mul i16 %sext_ln21_36, i16 %sext_ln21_26" [../source/tut3B_Function/matrix_mult.cpp:21]   --->   Operation 609 'mul' 'mul_ln21_71' <Predicate = true> <Delay = 5.41> <CoreInst = "Multiplier">   --->   Core 3 'Multiplier' <Latency = 4> <II = 1> <Delay = 5.41> <FuncUnit> <Opcode : 'mul'> <InPorts = 2> <OutPorts = 1>
ST_14 : Operation 610 [3/5] (5.41ns)   --->   "%mul_ln21_76 = mul i16 %sext_ln21_41, i16 %sext_ln21_3" [../source/tut3B_Function/matrix_mult.cpp:21]   --->   Operation 610 'mul' 'mul_ln21_76' <Predicate = true> <Delay = 5.41> <CoreInst = "Multiplier">   --->   Core 3 'Multiplier' <Latency = 4> <II = 1> <Delay = 5.41> <FuncUnit> <Opcode : 'mul'> <InPorts = 2> <OutPorts = 1>
ST_14 : Operation 611 [3/5] (5.41ns)   --->   "%mul_ln21_81 = mul i16 %sext_ln21_41, i16 %sext_ln21_11" [../source/tut3B_Function/matrix_mult.cpp:21]   --->   Operation 611 'mul' 'mul_ln21_81' <Predicate = true> <Delay = 5.41> <CoreInst = "Multiplier">   --->   Core 3 'Multiplier' <Latency = 4> <II = 1> <Delay = 5.41> <FuncUnit> <Opcode : 'mul'> <InPorts = 2> <OutPorts = 1>
ST_14 : Operation 612 [3/5] (5.41ns)   --->   "%mul_ln21_86 = mul i16 %sext_ln21_41, i16 %sext_ln21_16" [../source/tut3B_Function/matrix_mult.cpp:21]   --->   Operation 612 'mul' 'mul_ln21_86' <Predicate = true> <Delay = 5.41> <CoreInst = "Multiplier">   --->   Core 3 'Multiplier' <Latency = 4> <II = 1> <Delay = 5.41> <FuncUnit> <Opcode : 'mul'> <InPorts = 2> <OutPorts = 1>
ST_14 : Operation 613 [3/5] (5.41ns)   --->   "%mul_ln21_91 = mul i16 %sext_ln21_41, i16 %sext_ln21_21" [../source/tut3B_Function/matrix_mult.cpp:21]   --->   Operation 613 'mul' 'mul_ln21_91' <Predicate = true> <Delay = 5.41> <CoreInst = "Multiplier">   --->   Core 3 'Multiplier' <Latency = 4> <II = 1> <Delay = 5.41> <FuncUnit> <Opcode : 'mul'> <InPorts = 2> <OutPorts = 1>
ST_14 : Operation 614 [4/5] (5.41ns)   --->   "%mul_ln21_96 = mul i16 %sext_ln21_41, i16 %sext_ln21_26" [../source/tut3B_Function/matrix_mult.cpp:21]   --->   Operation 614 'mul' 'mul_ln21_96' <Predicate = true> <Delay = 5.41> <CoreInst = "Multiplier">   --->   Core 3 'Multiplier' <Latency = 4> <II = 1> <Delay = 5.41> <FuncUnit> <Opcode : 'mul'> <InPorts = 2> <OutPorts = 1>
ST_14 : Operation 615 [1/2] ( I:0.00ns O:0.00ns )   --->   "%a_load_22 = load i5 %a_addr_22" [../source/tut3B_Function/matrix_mult.cpp:21]   --->   Operation 615 'load' 'a_load_22' <Predicate = true> <Delay = 0.00> <CoreInst = "RAM">   --->   Core 81 'RAM' <Latency = 1> <II = 1> <Delay = 2.32> <Storage> <Opcode : 'load' 'store'> <Ports = 2> <Width = 8> <Depth = 25> <RAM>
ST_14 : Operation 616 [4/5] (5.41ns)   --->   "%mul_ln21_101 = mul i16 %sext_ln21_46, i16 %sext_ln21_3" [../source/tut3B_Function/matrix_mult.cpp:21]   --->   Operation 616 'mul' 'mul_ln21_101' <Predicate = true> <Delay = 5.41> <CoreInst = "Multiplier">   --->   Core 3 'Multiplier' <Latency = 4> <II = 1> <Delay = 5.41> <FuncUnit> <Opcode : 'mul'> <InPorts = 2> <OutPorts = 1>
ST_14 : Operation 617 [4/5] (5.41ns)   --->   "%mul_ln21_106 = mul i16 %sext_ln21_46, i16 %sext_ln21_11" [../source/tut3B_Function/matrix_mult.cpp:21]   --->   Operation 617 'mul' 'mul_ln21_106' <Predicate = true> <Delay = 5.41> <CoreInst = "Multiplier">   --->   Core 3 'Multiplier' <Latency = 4> <II = 1> <Delay = 5.41> <FuncUnit> <Opcode : 'mul'> <InPorts = 2> <OutPorts = 1>
ST_14 : Operation 618 [4/5] (5.41ns)   --->   "%mul_ln21_111 = mul i16 %sext_ln21_46, i16 %sext_ln21_16" [../source/tut3B_Function/matrix_mult.cpp:21]   --->   Operation 618 'mul' 'mul_ln21_111' <Predicate = true> <Delay = 5.41> <CoreInst = "Multiplier">   --->   Core 3 'Multiplier' <Latency = 4> <II = 1> <Delay = 5.41> <FuncUnit> <Opcode : 'mul'> <InPorts = 2> <OutPorts = 1>
ST_14 : Operation 619 [1/2] (2.10ns) (root node of the DSP)   --->   "%add_ln21_89 = add i16 %mul_ln21_113, i16 %mul_ln21_112" [../source/tut3B_Function/matrix_mult.cpp:21]   --->   Operation 619 'add' 'add_ln21_89' <Predicate = true> <Delay = 2.10> <CoreInst = "DSP48">   --->   Core 116 'DSP48' <Latency = 3> <II = 1> <Delay = 2.15> <IPBlock> <Opcode : 'add' 'sub' 'mul' 'select'> <InPorts = 0> <OutPorts = 1> <Sync> <CReg>
ST_14 : Operation 620 [5/5] (5.41ns)   --->   "%mul_ln21_116 = mul i16 %sext_ln21_46, i16 %sext_ln21_21" [../source/tut3B_Function/matrix_mult.cpp:21]   --->   Operation 620 'mul' 'mul_ln21_116' <Predicate = true> <Delay = 5.41> <CoreInst = "Multiplier">   --->   Core 3 'Multiplier' <Latency = 4> <II = 1> <Delay = 5.41> <FuncUnit> <Opcode : 'mul'> <InPorts = 2> <OutPorts = 1>
ST_14 : Operation 621 [1/2] (2.10ns) (root node of the DSP)   --->   "%add_ln21_93 = add i16 %mul_ln21_118, i16 %mul_ln21_117" [../source/tut3B_Function/matrix_mult.cpp:21]   --->   Operation 621 'add' 'add_ln21_93' <Predicate = true> <Delay = 2.10> <CoreInst = "DSP48">   --->   Core 116 'DSP48' <Latency = 3> <II = 1> <Delay = 2.15> <IPBlock> <Opcode : 'add' 'sub' 'mul' 'select'> <InPorts = 0> <OutPorts = 1> <Sync> <CReg>
ST_14 : Operation 622 [5/5] (5.41ns)   --->   "%mul_ln21_121 = mul i16 %sext_ln21_46, i16 %sext_ln21_26" [../source/tut3B_Function/matrix_mult.cpp:21]   --->   Operation 622 'mul' 'mul_ln21_121' <Predicate = true> <Delay = 5.41> <CoreInst = "Multiplier">   --->   Core 3 'Multiplier' <Latency = 4> <II = 1> <Delay = 5.41> <FuncUnit> <Opcode : 'mul'> <InPorts = 2> <OutPorts = 1>
ST_14 : Operation 623 [1/2] (2.10ns) (root node of the DSP)   --->   "%add_ln21_97 = add i16 %mul_ln21_123, i16 %mul_ln21_122" [../source/tut3B_Function/matrix_mult.cpp:21]   --->   Operation 623 'add' 'add_ln21_97' <Predicate = true> <Delay = 2.10> <CoreInst = "DSP48">   --->   Core 116 'DSP48' <Latency = 3> <II = 1> <Delay = 2.15> <IPBlock> <Opcode : 'add' 'sub' 'mul' 'select'> <InPorts = 0> <OutPorts = 1> <Sync> <CReg>

State 15 <SV = 14> <Delay = 5.41>
ST_15 : Operation 624 [1/2] (2.10ns) (root node of the DSP)   --->   "%add_ln21_2 = add i16 %add_ln21_1, i16 %mul_ln21_4" [../source/tut3B_Function/matrix_mult.cpp:21]   --->   Operation 624 'add' 'add_ln21_2' <Predicate = true> <Delay = 2.10> <CoreInst = "DSP48">   --->   Core 116 'DSP48' <Latency = 3> <II = 1> <Delay = 2.15> <IPBlock> <Opcode : 'add' 'sub' 'mul' 'select'> <InPorts = 0> <OutPorts = 1> <Sync> <CReg>
ST_15 : Operation 625 [1/2] (2.10ns) (root node of the DSP)   --->   "%add_ln21_6 = add i16 %add_ln21_5, i16 %mul_ln21_9" [../source/tut3B_Function/matrix_mult.cpp:21]   --->   Operation 625 'add' 'add_ln21_6' <Predicate = true> <Delay = 2.10> <CoreInst = "DSP48">   --->   Core 116 'DSP48' <Latency = 3> <II = 1> <Delay = 2.15> <IPBlock> <Opcode : 'add' 'sub' 'mul' 'select'> <InPorts = 0> <OutPorts = 1> <Sync> <CReg>
ST_15 : Operation 626 [1/2] (2.10ns) (root node of the DSP)   --->   "%add_ln21_10 = add i16 %add_ln21_9, i16 %mul_ln21_14" [../source/tut3B_Function/matrix_mult.cpp:21]   --->   Operation 626 'add' 'add_ln21_10' <Predicate = true> <Delay = 2.10> <CoreInst = "DSP48">   --->   Core 116 'DSP48' <Latency = 3> <II = 1> <Delay = 2.15> <IPBlock> <Opcode : 'add' 'sub' 'mul' 'select'> <InPorts = 0> <OutPorts = 1> <Sync> <CReg>
ST_15 : Operation 627 [1/3] (0.00ns) (grouped into DSP with root node add_ln21_14)   --->   "%mul_ln21_19 = mul i16 %sext_ln21_22, i16 %sext_ln21_4" [../source/tut3B_Function/matrix_mult.cpp:21]   --->   Operation 627 'mul' 'mul_ln21_19' <Predicate = true> <Delay = 0.00> <CoreInst = "DSP48">   --->   Core 116 'DSP48' <Latency = 3> <II = 1> <Delay = 2.15> <IPBlock> <Opcode : 'add' 'sub' 'mul' 'select'> <InPorts = 0> <OutPorts = 1> <Sync> <CReg>
ST_15 : Operation 628 [1/2] (2.10ns) (root node of the DSP)   --->   "%add_ln21_12 = add i16 %mul_ln21_16, i16 %mul_ln21_15" [../source/tut3B_Function/matrix_mult.cpp:21]   --->   Operation 628 'add' 'add_ln21_12' <Predicate = true> <Delay = 2.10> <CoreInst = "DSP48">   --->   Core 116 'DSP48' <Latency = 3> <II = 1> <Delay = 2.15> <IPBlock> <Opcode : 'add' 'sub' 'mul' 'select'> <InPorts = 0> <OutPorts = 1> <Sync> <CReg>
ST_15 : Operation 629 [2/2] (2.10ns) (root node of the DSP)   --->   "%add_ln21_14 = add i16 %add_ln21_13, i16 %mul_ln21_19" [../source/tut3B_Function/matrix_mult.cpp:21]   --->   Operation 629 'add' 'add_ln21_14' <Predicate = true> <Delay = 2.10> <CoreInst = "DSP48">   --->   Core 116 'DSP48' <Latency = 3> <II = 1> <Delay = 2.15> <IPBlock> <Opcode : 'add' 'sub' 'mul' 'select'> <InPorts = 0> <OutPorts = 1> <Sync> <CReg>
ST_15 : Operation 630 [1/3] (0.00ns) (grouped into DSP with root node add_ln21_16)   --->   "%mul_ln21_20 = mul i16 %sext_ln21_25, i16 %sext_ln21" [../source/tut3B_Function/matrix_mult.cpp:21]   --->   Operation 630 'mul' 'mul_ln21_20' <Predicate = true> <Delay = 0.00> <CoreInst = "DSP48">   --->   Core 116 'DSP48' <Latency = 3> <II = 1> <Delay = 2.15> <IPBlock> <Opcode : 'add' 'sub' 'mul' 'select'> <InPorts = 0> <OutPorts = 1> <Sync> <CReg>
ST_15 : Operation 631 [2/3] (1.05ns) (grouped into DSP with root node add_ln21_18)   --->   "%mul_ln21_24 = mul i16 %sext_ln21_27, i16 %sext_ln21_4" [../source/tut3B_Function/matrix_mult.cpp:21]   --->   Operation 631 'mul' 'mul_ln21_24' <Predicate = true> <Delay = 1.05> <CoreInst = "DSP48">   --->   Core 116 'DSP48' <Latency = 3> <II = 1> <Delay = 2.15> <IPBlock> <Opcode : 'add' 'sub' 'mul' 'select'> <InPorts = 0> <OutPorts = 1> <Sync> <CReg>
ST_15 : Operation 632 [2/2] (2.10ns) (root node of the DSP)   --->   "%add_ln21_16 = add i16 %mul_ln21_21, i16 %mul_ln21_20" [../source/tut3B_Function/matrix_mult.cpp:21]   --->   Operation 632 'add' 'add_ln21_16' <Predicate = true> <Delay = 2.10> <CoreInst = "DSP48">   --->   Core 116 'DSP48' <Latency = 3> <II = 1> <Delay = 2.15> <IPBlock> <Opcode : 'add' 'sub' 'mul' 'select'> <InPorts = 0> <OutPorts = 1> <Sync> <CReg>
ST_15 : Operation 633 [2/3] (1.05ns) (grouped into DSP with root node add_ln21_22)   --->   "%mul_ln21_29 = mul i16 %sext_ln21_32, i16 %sext_ln21_5" [../source/tut3B_Function/matrix_mult.cpp:21]   --->   Operation 633 'mul' 'mul_ln21_29' <Predicate = true> <Delay = 1.05> <CoreInst = "DSP48">   --->   Core 116 'DSP48' <Latency = 3> <II = 1> <Delay = 2.15> <IPBlock> <Opcode : 'add' 'sub' 'mul' 'select'> <InPorts = 0> <OutPorts = 1> <Sync> <CReg>
ST_15 : Operation 634 [1/2] (2.10ns) (root node of the DSP)   --->   "%add_ln21_20 = add i16 %mul_ln21_26, i16 %mul_ln21_25" [../source/tut3B_Function/matrix_mult.cpp:21]   --->   Operation 634 'add' 'add_ln21_20' <Predicate = true> <Delay = 2.10> <CoreInst = "DSP48">   --->   Core 116 'DSP48' <Latency = 3> <II = 1> <Delay = 2.15> <IPBlock> <Opcode : 'add' 'sub' 'mul' 'select'> <InPorts = 0> <OutPorts = 1> <Sync> <CReg>
ST_15 : Operation 635 [3/3] (1.05ns) (grouped into DSP with root node add_ln21_26)   --->   "%mul_ln21_34 = mul i16 %sext_ln21_32, i16 %sext_ln21_12" [../source/tut3B_Function/matrix_mult.cpp:21]   --->   Operation 635 'mul' 'mul_ln21_34' <Predicate = true> <Delay = 1.05> <CoreInst = "DSP48">   --->   Core 116 'DSP48' <Latency = 3> <II = 1> <Delay = 2.15> <IPBlock> <Opcode : 'add' 'sub' 'mul' 'select'> <InPorts = 0> <OutPorts = 1> <Sync> <CReg>
ST_15 : Operation 636 [1/2] (2.10ns) (root node of the DSP)   --->   "%add_ln21_24 = add i16 %mul_ln21_31, i16 %mul_ln21_30" [../source/tut3B_Function/matrix_mult.cpp:21]   --->   Operation 636 'add' 'add_ln21_24' <Predicate = true> <Delay = 2.10> <CoreInst = "DSP48">   --->   Core 116 'DSP48' <Latency = 3> <II = 1> <Delay = 2.15> <IPBlock> <Opcode : 'add' 'sub' 'mul' 'select'> <InPorts = 0> <OutPorts = 1> <Sync> <CReg>
ST_15 : Operation 637 [1/3] (0.00ns) (grouped into DSP with root node add_ln21_28)   --->   "%mul_ln21_35 = mul i16 %sext_ln21_30, i16 %sext_ln21_15" [../source/tut3B_Function/matrix_mult.cpp:21]   --->   Operation 637 'mul' 'mul_ln21_35' <Predicate = true> <Delay = 0.00> <CoreInst = "DSP48">   --->   Core 116 'DSP48' <Latency = 3> <II = 1> <Delay = 2.15> <IPBlock> <Opcode : 'add' 'sub' 'mul' 'select'> <InPorts = 0> <OutPorts = 1> <Sync> <CReg>
ST_15 : Operation 638 [3/3] (1.05ns) (grouped into DSP with root node add_ln21_30)   --->   "%mul_ln21_39 = mul i16 %sext_ln21_32, i16 %sext_ln21_17" [../source/tut3B_Function/matrix_mult.cpp:21]   --->   Operation 638 'mul' 'mul_ln21_39' <Predicate = true> <Delay = 1.05> <CoreInst = "DSP48">   --->   Core 116 'DSP48' <Latency = 3> <II = 1> <Delay = 2.15> <IPBlock> <Opcode : 'add' 'sub' 'mul' 'select'> <InPorts = 0> <OutPorts = 1> <Sync> <CReg>
ST_15 : Operation 639 [2/2] (2.10ns) (root node of the DSP)   --->   "%add_ln21_28 = add i16 %mul_ln21_36, i16 %mul_ln21_35" [../source/tut3B_Function/matrix_mult.cpp:21]   --->   Operation 639 'add' 'add_ln21_28' <Predicate = true> <Delay = 2.10> <CoreInst = "DSP48">   --->   Core 116 'DSP48' <Latency = 3> <II = 1> <Delay = 2.15> <IPBlock> <Opcode : 'add' 'sub' 'mul' 'select'> <InPorts = 0> <OutPorts = 1> <Sync> <CReg>
ST_15 : Operation 640 [1/3] (0.00ns) (grouped into DSP with root node add_ln21_32)   --->   "%mul_ln21_40 = mul i16 %sext_ln21_30, i16 %sext_ln21_20" [../source/tut3B_Function/matrix_mult.cpp:21]   --->   Operation 640 'mul' 'mul_ln21_40' <Predicate = true> <Delay = 0.00> <CoreInst = "DSP48">   --->   Core 116 'DSP48' <Latency = 3> <II = 1> <Delay = 2.15> <IPBlock> <Opcode : 'add' 'sub' 'mul' 'select'> <InPorts = 0> <OutPorts = 1> <Sync> <CReg>
ST_15 : Operation 641 [2/2] (2.10ns) (root node of the DSP)   --->   "%add_ln21_32 = add i16 %mul_ln21_41, i16 %mul_ln21_40" [../source/tut3B_Function/matrix_mult.cpp:21]   --->   Operation 641 'add' 'add_ln21_32' <Predicate = true> <Delay = 2.10> <CoreInst = "DSP48">   --->   Core 116 'DSP48' <Latency = 3> <II = 1> <Delay = 2.15> <IPBlock> <Opcode : 'add' 'sub' 'mul' 'select'> <InPorts = 0> <OutPorts = 1> <Sync> <CReg>
ST_15 : Operation 642 [1/3] (0.00ns) (grouped into DSP with root node add_ln21_36)   --->   "%mul_ln21_45 = mul i16 %sext_ln21_30, i16 %sext_ln21_25" [../source/tut3B_Function/matrix_mult.cpp:21]   --->   Operation 642 'mul' 'mul_ln21_45' <Predicate = true> <Delay = 0.00> <CoreInst = "DSP48">   --->   Core 116 'DSP48' <Latency = 3> <II = 1> <Delay = 2.15> <IPBlock> <Opcode : 'add' 'sub' 'mul' 'select'> <InPorts = 0> <OutPorts = 1> <Sync> <CReg>
ST_15 : Operation 643 [2/2] (2.10ns) (root node of the DSP)   --->   "%add_ln21_36 = add i16 %mul_ln21_46, i16 %mul_ln21_45" [../source/tut3B_Function/matrix_mult.cpp:21]   --->   Operation 643 'add' 'add_ln21_36' <Predicate = true> <Delay = 2.10> <CoreInst = "DSP48">   --->   Core 116 'DSP48' <Latency = 3> <II = 1> <Delay = 2.15> <IPBlock> <Opcode : 'add' 'sub' 'mul' 'select'> <InPorts = 0> <OutPorts = 1> <Sync> <CReg>
ST_15 : Operation 644 [1/3] (0.00ns) (grouped into DSP with root node add_ln21_40)   --->   "%mul_ln21_50 = mul i16 %sext_ln21_35, i16 %sext_ln21_1" [../source/tut3B_Function/matrix_mult.cpp:21]   --->   Operation 644 'mul' 'mul_ln21_50' <Predicate = true> <Delay = 0.00> <CoreInst = "DSP48">   --->   Core 116 'DSP48' <Latency = 3> <II = 1> <Delay = 2.15> <IPBlock> <Opcode : 'add' 'sub' 'mul' 'select'> <InPorts = 0> <OutPorts = 1> <Sync> <CReg>
ST_15 : Operation 645 [2/2] (2.10ns) (root node of the DSP)   --->   "%add_ln21_40 = add i16 %mul_ln21_51, i16 %mul_ln21_50" [../source/tut3B_Function/matrix_mult.cpp:21]   --->   Operation 645 'add' 'add_ln21_40' <Predicate = true> <Delay = 2.10> <CoreInst = "DSP48">   --->   Core 116 'DSP48' <Latency = 3> <II = 1> <Delay = 2.15> <IPBlock> <Opcode : 'add' 'sub' 'mul' 'select'> <InPorts = 0> <OutPorts = 1> <Sync> <CReg>
ST_15 : Operation 646 [2/3] (1.05ns) (grouped into DSP with root node add_ln21_44)   --->   "%mul_ln21_55 = mul i16 %sext_ln21_35, i16 %sext_ln21_10" [../source/tut3B_Function/matrix_mult.cpp:21]   --->   Operation 646 'mul' 'mul_ln21_55' <Predicate = true> <Delay = 1.05> <CoreInst = "DSP48">   --->   Core 116 'DSP48' <Latency = 3> <II = 1> <Delay = 2.15> <IPBlock> <Opcode : 'add' 'sub' 'mul' 'select'> <InPorts = 0> <OutPorts = 1> <Sync> <CReg>
ST_15 : Operation 647 [1/5] (5.41ns)   --->   "%mul_ln21_56 = mul i16 %sext_ln21_36, i16 %sext_ln21_11" [../source/tut3B_Function/matrix_mult.cpp:21]   --->   Operation 647 'mul' 'mul_ln21_56' <Predicate = true> <Delay = 5.41> <CoreInst = "Multiplier">   --->   Core 3 'Multiplier' <Latency = 4> <II = 1> <Delay = 5.41> <FuncUnit> <Opcode : 'mul'> <InPorts = 2> <OutPorts = 1>
ST_15 : Operation 648 [2/3] (1.05ns) (grouped into DSP with root node add_ln21_48)   --->   "%mul_ln21_60 = mul i16 %sext_ln21_35, i16 %sext_ln21_15" [../source/tut3B_Function/matrix_mult.cpp:21]   --->   Operation 648 'mul' 'mul_ln21_60' <Predicate = true> <Delay = 1.05> <CoreInst = "DSP48">   --->   Core 116 'DSP48' <Latency = 3> <II = 1> <Delay = 2.15> <IPBlock> <Opcode : 'add' 'sub' 'mul' 'select'> <InPorts = 0> <OutPorts = 1> <Sync> <CReg>
ST_15 : Operation 649 [1/5] (5.41ns)   --->   "%mul_ln21_61 = mul i16 %sext_ln21_36, i16 %sext_ln21_16" [../source/tut3B_Function/matrix_mult.cpp:21]   --->   Operation 649 'mul' 'mul_ln21_61' <Predicate = true> <Delay = 5.41> <CoreInst = "Multiplier">   --->   Core 3 'Multiplier' <Latency = 4> <II = 1> <Delay = 5.41> <FuncUnit> <Opcode : 'mul'> <InPorts = 2> <OutPorts = 1>
ST_15 : Operation 650 [2/3] (1.05ns) (grouped into DSP with root node add_ln21_52)   --->   "%mul_ln21_65 = mul i16 %sext_ln21_35, i16 %sext_ln21_20" [../source/tut3B_Function/matrix_mult.cpp:21]   --->   Operation 650 'mul' 'mul_ln21_65' <Predicate = true> <Delay = 1.05> <CoreInst = "DSP48">   --->   Core 116 'DSP48' <Latency = 3> <II = 1> <Delay = 2.15> <IPBlock> <Opcode : 'add' 'sub' 'mul' 'select'> <InPorts = 0> <OutPorts = 1> <Sync> <CReg>
ST_15 : Operation 651 [1/5] (5.41ns)   --->   "%mul_ln21_66 = mul i16 %sext_ln21_36, i16 %sext_ln21_21" [../source/tut3B_Function/matrix_mult.cpp:21]   --->   Operation 651 'mul' 'mul_ln21_66' <Predicate = true> <Delay = 5.41> <CoreInst = "Multiplier">   --->   Core 3 'Multiplier' <Latency = 4> <II = 1> <Delay = 5.41> <FuncUnit> <Opcode : 'mul'> <InPorts = 2> <OutPorts = 1>
ST_15 : Operation 652 [2/3] (1.05ns) (grouped into DSP with root node add_ln21_56)   --->   "%mul_ln21_70 = mul i16 %sext_ln21_35, i16 %sext_ln21_25" [../source/tut3B_Function/matrix_mult.cpp:21]   --->   Operation 652 'mul' 'mul_ln21_70' <Predicate = true> <Delay = 1.05> <CoreInst = "DSP48">   --->   Core 116 'DSP48' <Latency = 3> <II = 1> <Delay = 2.15> <IPBlock> <Opcode : 'add' 'sub' 'mul' 'select'> <InPorts = 0> <OutPorts = 1> <Sync> <CReg>
ST_15 : Operation 653 [1/5] (5.41ns)   --->   "%mul_ln21_71 = mul i16 %sext_ln21_36, i16 %sext_ln21_26" [../source/tut3B_Function/matrix_mult.cpp:21]   --->   Operation 653 'mul' 'mul_ln21_71' <Predicate = true> <Delay = 5.41> <CoreInst = "Multiplier">   --->   Core 3 'Multiplier' <Latency = 4> <II = 1> <Delay = 5.41> <FuncUnit> <Opcode : 'mul'> <InPorts = 2> <OutPorts = 1>
ST_15 : Operation 654 [1/1] (0.00ns)   --->   "%sext_ln21_40 = sext i8 %a_load_15" [../source/tut3B_Function/matrix_mult.cpp:21]   --->   Operation 654 'sext' 'sext_ln21_40' <Predicate = true> <Delay = 0.00>
ST_15 : Operation 655 [3/3] (1.05ns) (grouped into DSP with root node add_ln21_60)   --->   "%mul_ln21_75 = mul i16 %sext_ln21_40, i16 %sext_ln21_1" [../source/tut3B_Function/matrix_mult.cpp:21]   --->   Operation 655 'mul' 'mul_ln21_75' <Predicate = true> <Delay = 1.05> <CoreInst = "DSP48">   --->   Core 116 'DSP48' <Latency = 3> <II = 1> <Delay = 2.15> <IPBlock> <Opcode : 'add' 'sub' 'mul' 'select'> <InPorts = 0> <OutPorts = 1> <Sync> <CReg>
ST_15 : Operation 656 [2/5] (5.41ns)   --->   "%mul_ln21_76 = mul i16 %sext_ln21_41, i16 %sext_ln21_3" [../source/tut3B_Function/matrix_mult.cpp:21]   --->   Operation 656 'mul' 'mul_ln21_76' <Predicate = true> <Delay = 5.41> <CoreInst = "Multiplier">   --->   Core 3 'Multiplier' <Latency = 4> <II = 1> <Delay = 5.41> <FuncUnit> <Opcode : 'mul'> <InPorts = 2> <OutPorts = 1>
ST_15 : Operation 657 [3/3] (1.05ns) (grouped into DSP with root node add_ln21_64)   --->   "%mul_ln21_80 = mul i16 %sext_ln21_40, i16 %sext_ln21_10" [../source/tut3B_Function/matrix_mult.cpp:21]   --->   Operation 657 'mul' 'mul_ln21_80' <Predicate = true> <Delay = 1.05> <CoreInst = "DSP48">   --->   Core 116 'DSP48' <Latency = 3> <II = 1> <Delay = 2.15> <IPBlock> <Opcode : 'add' 'sub' 'mul' 'select'> <InPorts = 0> <OutPorts = 1> <Sync> <CReg>
ST_15 : Operation 658 [2/5] (5.41ns)   --->   "%mul_ln21_81 = mul i16 %sext_ln21_41, i16 %sext_ln21_11" [../source/tut3B_Function/matrix_mult.cpp:21]   --->   Operation 658 'mul' 'mul_ln21_81' <Predicate = true> <Delay = 5.41> <CoreInst = "Multiplier">   --->   Core 3 'Multiplier' <Latency = 4> <II = 1> <Delay = 5.41> <FuncUnit> <Opcode : 'mul'> <InPorts = 2> <OutPorts = 1>
ST_15 : Operation 659 [3/3] (1.05ns) (grouped into DSP with root node add_ln21_68)   --->   "%mul_ln21_85 = mul i16 %sext_ln21_40, i16 %sext_ln21_15" [../source/tut3B_Function/matrix_mult.cpp:21]   --->   Operation 659 'mul' 'mul_ln21_85' <Predicate = true> <Delay = 1.05> <CoreInst = "DSP48">   --->   Core 116 'DSP48' <Latency = 3> <II = 1> <Delay = 2.15> <IPBlock> <Opcode : 'add' 'sub' 'mul' 'select'> <InPorts = 0> <OutPorts = 1> <Sync> <CReg>
ST_15 : Operation 660 [2/5] (5.41ns)   --->   "%mul_ln21_86 = mul i16 %sext_ln21_41, i16 %sext_ln21_16" [../source/tut3B_Function/matrix_mult.cpp:21]   --->   Operation 660 'mul' 'mul_ln21_86' <Predicate = true> <Delay = 5.41> <CoreInst = "Multiplier">   --->   Core 3 'Multiplier' <Latency = 4> <II = 1> <Delay = 5.41> <FuncUnit> <Opcode : 'mul'> <InPorts = 2> <OutPorts = 1>
ST_15 : Operation 661 [3/3] (1.05ns) (grouped into DSP with root node add_ln21_72)   --->   "%mul_ln21_90 = mul i16 %sext_ln21_40, i16 %sext_ln21_20" [../source/tut3B_Function/matrix_mult.cpp:21]   --->   Operation 661 'mul' 'mul_ln21_90' <Predicate = true> <Delay = 1.05> <CoreInst = "DSP48">   --->   Core 116 'DSP48' <Latency = 3> <II = 1> <Delay = 2.15> <IPBlock> <Opcode : 'add' 'sub' 'mul' 'select'> <InPorts = 0> <OutPorts = 1> <Sync> <CReg>
ST_15 : Operation 662 [2/5] (5.41ns)   --->   "%mul_ln21_91 = mul i16 %sext_ln21_41, i16 %sext_ln21_21" [../source/tut3B_Function/matrix_mult.cpp:21]   --->   Operation 662 'mul' 'mul_ln21_91' <Predicate = true> <Delay = 5.41> <CoreInst = "Multiplier">   --->   Core 3 'Multiplier' <Latency = 4> <II = 1> <Delay = 5.41> <FuncUnit> <Opcode : 'mul'> <InPorts = 2> <OutPorts = 1>
ST_15 : Operation 663 [3/5] (5.41ns)   --->   "%mul_ln21_96 = mul i16 %sext_ln21_41, i16 %sext_ln21_26" [../source/tut3B_Function/matrix_mult.cpp:21]   --->   Operation 663 'mul' 'mul_ln21_96' <Predicate = true> <Delay = 5.41> <CoreInst = "Multiplier">   --->   Core 3 'Multiplier' <Latency = 4> <II = 1> <Delay = 5.41> <FuncUnit> <Opcode : 'mul'> <InPorts = 2> <OutPorts = 1>
ST_15 : Operation 664 [3/5] (5.41ns)   --->   "%mul_ln21_101 = mul i16 %sext_ln21_46, i16 %sext_ln21_3" [../source/tut3B_Function/matrix_mult.cpp:21]   --->   Operation 664 'mul' 'mul_ln21_101' <Predicate = true> <Delay = 5.41> <CoreInst = "Multiplier">   --->   Core 3 'Multiplier' <Latency = 4> <II = 1> <Delay = 5.41> <FuncUnit> <Opcode : 'mul'> <InPorts = 2> <OutPorts = 1>
ST_15 : Operation 665 [3/5] (5.41ns)   --->   "%mul_ln21_106 = mul i16 %sext_ln21_46, i16 %sext_ln21_11" [../source/tut3B_Function/matrix_mult.cpp:21]   --->   Operation 665 'mul' 'mul_ln21_106' <Predicate = true> <Delay = 5.41> <CoreInst = "Multiplier">   --->   Core 3 'Multiplier' <Latency = 4> <II = 1> <Delay = 5.41> <FuncUnit> <Opcode : 'mul'> <InPorts = 2> <OutPorts = 1>
ST_15 : Operation 666 [3/5] (5.41ns)   --->   "%mul_ln21_111 = mul i16 %sext_ln21_46, i16 %sext_ln21_16" [../source/tut3B_Function/matrix_mult.cpp:21]   --->   Operation 666 'mul' 'mul_ln21_111' <Predicate = true> <Delay = 5.41> <CoreInst = "Multiplier">   --->   Core 3 'Multiplier' <Latency = 4> <II = 1> <Delay = 5.41> <FuncUnit> <Opcode : 'mul'> <InPorts = 2> <OutPorts = 1>
ST_15 : Operation 667 [4/5] (5.41ns)   --->   "%mul_ln21_116 = mul i16 %sext_ln21_46, i16 %sext_ln21_21" [../source/tut3B_Function/matrix_mult.cpp:21]   --->   Operation 667 'mul' 'mul_ln21_116' <Predicate = true> <Delay = 5.41> <CoreInst = "Multiplier">   --->   Core 3 'Multiplier' <Latency = 4> <II = 1> <Delay = 5.41> <FuncUnit> <Opcode : 'mul'> <InPorts = 2> <OutPorts = 1>
ST_15 : Operation 668 [4/5] (5.41ns)   --->   "%mul_ln21_121 = mul i16 %sext_ln21_46, i16 %sext_ln21_26" [../source/tut3B_Function/matrix_mult.cpp:21]   --->   Operation 668 'mul' 'mul_ln21_121' <Predicate = true> <Delay = 5.41> <CoreInst = "Multiplier">   --->   Core 3 'Multiplier' <Latency = 4> <II = 1> <Delay = 5.41> <FuncUnit> <Opcode : 'mul'> <InPorts = 2> <OutPorts = 1>

State 16 <SV = 15> <Delay = 5.41>
ST_16 : Operation 669 [1/1] (0.00ns)   --->   "%prod_addr = getelementptr i16 %prod, i64 0, i64 0" [../source/tut3B_Function/matrix_mult.cpp:21]   --->   Operation 669 'getelementptr' 'prod_addr' <Predicate = true> <Delay = 0.00>
ST_16 : Operation 670 [1/1] (0.00ns)   --->   "%prod_addr_1 = getelementptr i16 %prod, i64 0, i64 1" [../source/tut3B_Function/matrix_mult.cpp:21]   --->   Operation 670 'getelementptr' 'prod_addr_1' <Predicate = true> <Delay = 0.00>
ST_16 : Operation 671 [1/1] (2.07ns)   --->   "%add_ln21_3 = add i16 %add_ln21_2, i16 %add_ln21" [../source/tut3B_Function/matrix_mult.cpp:21]   --->   Operation 671 'add' 'add_ln21_3' <Predicate = true> <Delay = 2.07> <CoreInst = "Adder">   --->   Core 1 'Adder' <Latency = 0> <II = 1> <Delay = 2.07> <FuncUnit> <Opcode : 'add' 'sub'> <InPorts = 2> <OutPorts = 1>
ST_16 : Operation 672 [1/1] ( I:0.00ns O:0.00ns )   --->   "%store_ln21 = store i16 %add_ln21_3, i5 %prod_addr" [../source/tut3B_Function/matrix_mult.cpp:21]   --->   Operation 672 'store' 'store_ln21' <Predicate = true> <Delay = 0.00> <CoreInst = "RAM">   --->   Core 81 'RAM' <Latency = 0> <II = 1> <Delay = 1.86> <Storage> <Opcode : 'load' 'store'> <Ports = 2> <Width = 16> <Depth = 25> <RAM>
ST_16 : Operation 673 [1/1] (2.07ns)   --->   "%add_ln21_7 = add i16 %add_ln21_6, i16 %add_ln21_4" [../source/tut3B_Function/matrix_mult.cpp:21]   --->   Operation 673 'add' 'add_ln21_7' <Predicate = true> <Delay = 2.07> <CoreInst = "Adder">   --->   Core 1 'Adder' <Latency = 0> <II = 1> <Delay = 2.07> <FuncUnit> <Opcode : 'add' 'sub'> <InPorts = 2> <OutPorts = 1>
ST_16 : Operation 674 [1/1] ( I:0.00ns O:0.00ns )   --->   "%store_ln21 = store i16 %add_ln21_7, i5 %prod_addr_1" [../source/tut3B_Function/matrix_mult.cpp:21]   --->   Operation 674 'store' 'store_ln21' <Predicate = true> <Delay = 0.00> <CoreInst = "RAM">   --->   Core 81 'RAM' <Latency = 0> <II = 1> <Delay = 1.86> <Storage> <Opcode : 'load' 'store'> <Ports = 2> <Width = 16> <Depth = 25> <RAM>
ST_16 : Operation 675 [1/1] (2.07ns)   --->   "%add_ln21_11 = add i16 %add_ln21_10, i16 %add_ln21_8" [../source/tut3B_Function/matrix_mult.cpp:21]   --->   Operation 675 'add' 'add_ln21_11' <Predicate = true> <Delay = 2.07> <CoreInst = "Adder">   --->   Core 1 'Adder' <Latency = 0> <II = 1> <Delay = 2.07> <FuncUnit> <Opcode : 'add' 'sub'> <InPorts = 2> <OutPorts = 1>
ST_16 : Operation 676 [1/2] (2.10ns) (root node of the DSP)   --->   "%add_ln21_14 = add i16 %add_ln21_13, i16 %mul_ln21_19" [../source/tut3B_Function/matrix_mult.cpp:21]   --->   Operation 676 'add' 'add_ln21_14' <Predicate = true> <Delay = 2.10> <CoreInst = "DSP48">   --->   Core 116 'DSP48' <Latency = 3> <II = 1> <Delay = 2.15> <IPBlock> <Opcode : 'add' 'sub' 'mul' 'select'> <InPorts = 0> <OutPorts = 1> <Sync> <CReg>
ST_16 : Operation 677 [1/3] (0.00ns) (grouped into DSP with root node add_ln21_18)   --->   "%mul_ln21_24 = mul i16 %sext_ln21_27, i16 %sext_ln21_4" [../source/tut3B_Function/matrix_mult.cpp:21]   --->   Operation 677 'mul' 'mul_ln21_24' <Predicate = true> <Delay = 0.00> <CoreInst = "DSP48">   --->   Core 116 'DSP48' <Latency = 3> <II = 1> <Delay = 2.15> <IPBlock> <Opcode : 'add' 'sub' 'mul' 'select'> <InPorts = 0> <OutPorts = 1> <Sync> <CReg>
ST_16 : Operation 678 [1/2] (2.10ns) (root node of the DSP)   --->   "%add_ln21_16 = add i16 %mul_ln21_21, i16 %mul_ln21_20" [../source/tut3B_Function/matrix_mult.cpp:21]   --->   Operation 678 'add' 'add_ln21_16' <Predicate = true> <Delay = 2.10> <CoreInst = "DSP48">   --->   Core 116 'DSP48' <Latency = 3> <II = 1> <Delay = 2.15> <IPBlock> <Opcode : 'add' 'sub' 'mul' 'select'> <InPorts = 0> <OutPorts = 1> <Sync> <CReg>
ST_16 : Operation 679 [2/2] (2.10ns) (root node of the DSP)   --->   "%add_ln21_18 = add i16 %add_ln21_17, i16 %mul_ln21_24" [../source/tut3B_Function/matrix_mult.cpp:21]   --->   Operation 679 'add' 'add_ln21_18' <Predicate = true> <Delay = 2.10> <CoreInst = "DSP48">   --->   Core 116 'DSP48' <Latency = 3> <II = 1> <Delay = 2.15> <IPBlock> <Opcode : 'add' 'sub' 'mul' 'select'> <InPorts = 0> <OutPorts = 1> <Sync> <CReg>
ST_16 : Operation 680 [1/3] (0.00ns) (grouped into DSP with root node add_ln21_22)   --->   "%mul_ln21_29 = mul i16 %sext_ln21_32, i16 %sext_ln21_5" [../source/tut3B_Function/matrix_mult.cpp:21]   --->   Operation 680 'mul' 'mul_ln21_29' <Predicate = true> <Delay = 0.00> <CoreInst = "DSP48">   --->   Core 116 'DSP48' <Latency = 3> <II = 1> <Delay = 2.15> <IPBlock> <Opcode : 'add' 'sub' 'mul' 'select'> <InPorts = 0> <OutPorts = 1> <Sync> <CReg>
ST_16 : Operation 681 [2/2] (2.10ns) (root node of the DSP)   --->   "%add_ln21_22 = add i16 %add_ln21_21, i16 %mul_ln21_29" [../source/tut3B_Function/matrix_mult.cpp:21]   --->   Operation 681 'add' 'add_ln21_22' <Predicate = true> <Delay = 2.10> <CoreInst = "DSP48">   --->   Core 116 'DSP48' <Latency = 3> <II = 1> <Delay = 2.15> <IPBlock> <Opcode : 'add' 'sub' 'mul' 'select'> <InPorts = 0> <OutPorts = 1> <Sync> <CReg>
ST_16 : Operation 682 [2/3] (1.05ns) (grouped into DSP with root node add_ln21_26)   --->   "%mul_ln21_34 = mul i16 %sext_ln21_32, i16 %sext_ln21_12" [../source/tut3B_Function/matrix_mult.cpp:21]   --->   Operation 682 'mul' 'mul_ln21_34' <Predicate = true> <Delay = 1.05> <CoreInst = "DSP48">   --->   Core 116 'DSP48' <Latency = 3> <II = 1> <Delay = 2.15> <IPBlock> <Opcode : 'add' 'sub' 'mul' 'select'> <InPorts = 0> <OutPorts = 1> <Sync> <CReg>
ST_16 : Operation 683 [2/3] (1.05ns) (grouped into DSP with root node add_ln21_30)   --->   "%mul_ln21_39 = mul i16 %sext_ln21_32, i16 %sext_ln21_17" [../source/tut3B_Function/matrix_mult.cpp:21]   --->   Operation 683 'mul' 'mul_ln21_39' <Predicate = true> <Delay = 1.05> <CoreInst = "DSP48">   --->   Core 116 'DSP48' <Latency = 3> <II = 1> <Delay = 2.15> <IPBlock> <Opcode : 'add' 'sub' 'mul' 'select'> <InPorts = 0> <OutPorts = 1> <Sync> <CReg>
ST_16 : Operation 684 [1/2] (2.10ns) (root node of the DSP)   --->   "%add_ln21_28 = add i16 %mul_ln21_36, i16 %mul_ln21_35" [../source/tut3B_Function/matrix_mult.cpp:21]   --->   Operation 684 'add' 'add_ln21_28' <Predicate = true> <Delay = 2.10> <CoreInst = "DSP48">   --->   Core 116 'DSP48' <Latency = 3> <II = 1> <Delay = 2.15> <IPBlock> <Opcode : 'add' 'sub' 'mul' 'select'> <InPorts = 0> <OutPorts = 1> <Sync> <CReg>
ST_16 : Operation 685 [3/3] (1.05ns) (grouped into DSP with root node add_ln21_34)   --->   "%mul_ln21_44 = mul i16 %sext_ln21_32, i16 %sext_ln21_22" [../source/tut3B_Function/matrix_mult.cpp:21]   --->   Operation 685 'mul' 'mul_ln21_44' <Predicate = true> <Delay = 1.05> <CoreInst = "DSP48">   --->   Core 116 'DSP48' <Latency = 3> <II = 1> <Delay = 2.15> <IPBlock> <Opcode : 'add' 'sub' 'mul' 'select'> <InPorts = 0> <OutPorts = 1> <Sync> <CReg>
ST_16 : Operation 686 [1/2] (2.10ns) (root node of the DSP)   --->   "%add_ln21_32 = add i16 %mul_ln21_41, i16 %mul_ln21_40" [../source/tut3B_Function/matrix_mult.cpp:21]   --->   Operation 686 'add' 'add_ln21_32' <Predicate = true> <Delay = 2.10> <CoreInst = "DSP48">   --->   Core 116 'DSP48' <Latency = 3> <II = 1> <Delay = 2.15> <IPBlock> <Opcode : 'add' 'sub' 'mul' 'select'> <InPorts = 0> <OutPorts = 1> <Sync> <CReg>
ST_16 : Operation 687 [3/3] (1.05ns) (grouped into DSP with root node add_ln21_38)   --->   "%mul_ln21_49 = mul i16 %sext_ln21_32, i16 %sext_ln21_27" [../source/tut3B_Function/matrix_mult.cpp:21]   --->   Operation 687 'mul' 'mul_ln21_49' <Predicate = true> <Delay = 1.05> <CoreInst = "DSP48">   --->   Core 116 'DSP48' <Latency = 3> <II = 1> <Delay = 2.15> <IPBlock> <Opcode : 'add' 'sub' 'mul' 'select'> <InPorts = 0> <OutPorts = 1> <Sync> <CReg>
ST_16 : Operation 688 [1/2] (2.10ns) (root node of the DSP)   --->   "%add_ln21_36 = add i16 %mul_ln21_46, i16 %mul_ln21_45" [../source/tut3B_Function/matrix_mult.cpp:21]   --->   Operation 688 'add' 'add_ln21_36' <Predicate = true> <Delay = 2.10> <CoreInst = "DSP48">   --->   Core 116 'DSP48' <Latency = 3> <II = 1> <Delay = 2.15> <IPBlock> <Opcode : 'add' 'sub' 'mul' 'select'> <InPorts = 0> <OutPorts = 1> <Sync> <CReg>
ST_16 : Operation 689 [1/2] (2.10ns) (root node of the DSP)   --->   "%add_ln21_40 = add i16 %mul_ln21_51, i16 %mul_ln21_50" [../source/tut3B_Function/matrix_mult.cpp:21]   --->   Operation 689 'add' 'add_ln21_40' <Predicate = true> <Delay = 2.10> <CoreInst = "DSP48">   --->   Core 116 'DSP48' <Latency = 3> <II = 1> <Delay = 2.15> <IPBlock> <Opcode : 'add' 'sub' 'mul' 'select'> <InPorts = 0> <OutPorts = 1> <Sync> <CReg>
ST_16 : Operation 690 [1/3] (0.00ns) (grouped into DSP with root node add_ln21_44)   --->   "%mul_ln21_55 = mul i16 %sext_ln21_35, i16 %sext_ln21_10" [../source/tut3B_Function/matrix_mult.cpp:21]   --->   Operation 690 'mul' 'mul_ln21_55' <Predicate = true> <Delay = 0.00> <CoreInst = "DSP48">   --->   Core 116 'DSP48' <Latency = 3> <II = 1> <Delay = 2.15> <IPBlock> <Opcode : 'add' 'sub' 'mul' 'select'> <InPorts = 0> <OutPorts = 1> <Sync> <CReg>
ST_16 : Operation 691 [2/2] (2.10ns) (root node of the DSP)   --->   "%add_ln21_44 = add i16 %mul_ln21_56, i16 %mul_ln21_55" [../source/tut3B_Function/matrix_mult.cpp:21]   --->   Operation 691 'add' 'add_ln21_44' <Predicate = true> <Delay = 2.10> <CoreInst = "DSP48">   --->   Core 116 'DSP48' <Latency = 3> <II = 1> <Delay = 2.15> <IPBlock> <Opcode : 'add' 'sub' 'mul' 'select'> <InPorts = 0> <OutPorts = 1> <Sync> <CReg>
ST_16 : Operation 692 [1/3] (0.00ns) (grouped into DSP with root node add_ln21_48)   --->   "%mul_ln21_60 = mul i16 %sext_ln21_35, i16 %sext_ln21_15" [../source/tut3B_Function/matrix_mult.cpp:21]   --->   Operation 692 'mul' 'mul_ln21_60' <Predicate = true> <Delay = 0.00> <CoreInst = "DSP48">   --->   Core 116 'DSP48' <Latency = 3> <II = 1> <Delay = 2.15> <IPBlock> <Opcode : 'add' 'sub' 'mul' 'select'> <InPorts = 0> <OutPorts = 1> <Sync> <CReg>
ST_16 : Operation 693 [2/2] (2.10ns) (root node of the DSP)   --->   "%add_ln21_48 = add i16 %mul_ln21_61, i16 %mul_ln21_60" [../source/tut3B_Function/matrix_mult.cpp:21]   --->   Operation 693 'add' 'add_ln21_48' <Predicate = true> <Delay = 2.10> <CoreInst = "DSP48">   --->   Core 116 'DSP48' <Latency = 3> <II = 1> <Delay = 2.15> <IPBlock> <Opcode : 'add' 'sub' 'mul' 'select'> <InPorts = 0> <OutPorts = 1> <Sync> <CReg>
ST_16 : Operation 694 [1/3] (0.00ns) (grouped into DSP with root node add_ln21_52)   --->   "%mul_ln21_65 = mul i16 %sext_ln21_35, i16 %sext_ln21_20" [../source/tut3B_Function/matrix_mult.cpp:21]   --->   Operation 694 'mul' 'mul_ln21_65' <Predicate = true> <Delay = 0.00> <CoreInst = "DSP48">   --->   Core 116 'DSP48' <Latency = 3> <II = 1> <Delay = 2.15> <IPBlock> <Opcode : 'add' 'sub' 'mul' 'select'> <InPorts = 0> <OutPorts = 1> <Sync> <CReg>
ST_16 : Operation 695 [2/2] (2.10ns) (root node of the DSP)   --->   "%add_ln21_52 = add i16 %mul_ln21_66, i16 %mul_ln21_65" [../source/tut3B_Function/matrix_mult.cpp:21]   --->   Operation 695 'add' 'add_ln21_52' <Predicate = true> <Delay = 2.10> <CoreInst = "DSP48">   --->   Core 116 'DSP48' <Latency = 3> <II = 1> <Delay = 2.15> <IPBlock> <Opcode : 'add' 'sub' 'mul' 'select'> <InPorts = 0> <OutPorts = 1> <Sync> <CReg>
ST_16 : Operation 696 [1/3] (0.00ns) (grouped into DSP with root node add_ln21_56)   --->   "%mul_ln21_70 = mul i16 %sext_ln21_35, i16 %sext_ln21_25" [../source/tut3B_Function/matrix_mult.cpp:21]   --->   Operation 696 'mul' 'mul_ln21_70' <Predicate = true> <Delay = 0.00> <CoreInst = "DSP48">   --->   Core 116 'DSP48' <Latency = 3> <II = 1> <Delay = 2.15> <IPBlock> <Opcode : 'add' 'sub' 'mul' 'select'> <InPorts = 0> <OutPorts = 1> <Sync> <CReg>
ST_16 : Operation 697 [2/2] (2.10ns) (root node of the DSP)   --->   "%add_ln21_56 = add i16 %mul_ln21_71, i16 %mul_ln21_70" [../source/tut3B_Function/matrix_mult.cpp:21]   --->   Operation 697 'add' 'add_ln21_56' <Predicate = true> <Delay = 2.10> <CoreInst = "DSP48">   --->   Core 116 'DSP48' <Latency = 3> <II = 1> <Delay = 2.15> <IPBlock> <Opcode : 'add' 'sub' 'mul' 'select'> <InPorts = 0> <OutPorts = 1> <Sync> <CReg>
ST_16 : Operation 698 [2/3] (1.05ns) (grouped into DSP with root node add_ln21_60)   --->   "%mul_ln21_75 = mul i16 %sext_ln21_40, i16 %sext_ln21_1" [../source/tut3B_Function/matrix_mult.cpp:21]   --->   Operation 698 'mul' 'mul_ln21_75' <Predicate = true> <Delay = 1.05> <CoreInst = "DSP48">   --->   Core 116 'DSP48' <Latency = 3> <II = 1> <Delay = 2.15> <IPBlock> <Opcode : 'add' 'sub' 'mul' 'select'> <InPorts = 0> <OutPorts = 1> <Sync> <CReg>
ST_16 : Operation 699 [1/5] (5.41ns)   --->   "%mul_ln21_76 = mul i16 %sext_ln21_41, i16 %sext_ln21_3" [../source/tut3B_Function/matrix_mult.cpp:21]   --->   Operation 699 'mul' 'mul_ln21_76' <Predicate = true> <Delay = 5.41> <CoreInst = "Multiplier">   --->   Core 3 'Multiplier' <Latency = 4> <II = 1> <Delay = 5.41> <FuncUnit> <Opcode : 'mul'> <InPorts = 2> <OutPorts = 1>
ST_16 : Operation 700 [2/3] (1.05ns) (grouped into DSP with root node add_ln21_64)   --->   "%mul_ln21_80 = mul i16 %sext_ln21_40, i16 %sext_ln21_10" [../source/tut3B_Function/matrix_mult.cpp:21]   --->   Operation 700 'mul' 'mul_ln21_80' <Predicate = true> <Delay = 1.05> <CoreInst = "DSP48">   --->   Core 116 'DSP48' <Latency = 3> <II = 1> <Delay = 2.15> <IPBlock> <Opcode : 'add' 'sub' 'mul' 'select'> <InPorts = 0> <OutPorts = 1> <Sync> <CReg>
ST_16 : Operation 701 [1/5] (5.41ns)   --->   "%mul_ln21_81 = mul i16 %sext_ln21_41, i16 %sext_ln21_11" [../source/tut3B_Function/matrix_mult.cpp:21]   --->   Operation 701 'mul' 'mul_ln21_81' <Predicate = true> <Delay = 5.41> <CoreInst = "Multiplier">   --->   Core 3 'Multiplier' <Latency = 4> <II = 1> <Delay = 5.41> <FuncUnit> <Opcode : 'mul'> <InPorts = 2> <OutPorts = 1>
ST_16 : Operation 702 [2/3] (1.05ns) (grouped into DSP with root node add_ln21_68)   --->   "%mul_ln21_85 = mul i16 %sext_ln21_40, i16 %sext_ln21_15" [../source/tut3B_Function/matrix_mult.cpp:21]   --->   Operation 702 'mul' 'mul_ln21_85' <Predicate = true> <Delay = 1.05> <CoreInst = "DSP48">   --->   Core 116 'DSP48' <Latency = 3> <II = 1> <Delay = 2.15> <IPBlock> <Opcode : 'add' 'sub' 'mul' 'select'> <InPorts = 0> <OutPorts = 1> <Sync> <CReg>
ST_16 : Operation 703 [1/5] (5.41ns)   --->   "%mul_ln21_86 = mul i16 %sext_ln21_41, i16 %sext_ln21_16" [../source/tut3B_Function/matrix_mult.cpp:21]   --->   Operation 703 'mul' 'mul_ln21_86' <Predicate = true> <Delay = 5.41> <CoreInst = "Multiplier">   --->   Core 3 'Multiplier' <Latency = 4> <II = 1> <Delay = 5.41> <FuncUnit> <Opcode : 'mul'> <InPorts = 2> <OutPorts = 1>
ST_16 : Operation 704 [2/3] (1.05ns) (grouped into DSP with root node add_ln21_72)   --->   "%mul_ln21_90 = mul i16 %sext_ln21_40, i16 %sext_ln21_20" [../source/tut3B_Function/matrix_mult.cpp:21]   --->   Operation 704 'mul' 'mul_ln21_90' <Predicate = true> <Delay = 1.05> <CoreInst = "DSP48">   --->   Core 116 'DSP48' <Latency = 3> <II = 1> <Delay = 2.15> <IPBlock> <Opcode : 'add' 'sub' 'mul' 'select'> <InPorts = 0> <OutPorts = 1> <Sync> <CReg>
ST_16 : Operation 705 [1/5] (5.41ns)   --->   "%mul_ln21_91 = mul i16 %sext_ln21_41, i16 %sext_ln21_21" [../source/tut3B_Function/matrix_mult.cpp:21]   --->   Operation 705 'mul' 'mul_ln21_91' <Predicate = true> <Delay = 5.41> <CoreInst = "Multiplier">   --->   Core 3 'Multiplier' <Latency = 4> <II = 1> <Delay = 5.41> <FuncUnit> <Opcode : 'mul'> <InPorts = 2> <OutPorts = 1>
ST_16 : Operation 706 [3/3] (1.05ns) (grouped into DSP with root node add_ln21_76)   --->   "%mul_ln21_95 = mul i16 %sext_ln21_40, i16 %sext_ln21_25" [../source/tut3B_Function/matrix_mult.cpp:21]   --->   Operation 706 'mul' 'mul_ln21_95' <Predicate = true> <Delay = 1.05> <CoreInst = "DSP48">   --->   Core 116 'DSP48' <Latency = 3> <II = 1> <Delay = 2.15> <IPBlock> <Opcode : 'add' 'sub' 'mul' 'select'> <InPorts = 0> <OutPorts = 1> <Sync> <CReg>
ST_16 : Operation 707 [2/5] (5.41ns)   --->   "%mul_ln21_96 = mul i16 %sext_ln21_41, i16 %sext_ln21_26" [../source/tut3B_Function/matrix_mult.cpp:21]   --->   Operation 707 'mul' 'mul_ln21_96' <Predicate = true> <Delay = 5.41> <CoreInst = "Multiplier">   --->   Core 3 'Multiplier' <Latency = 4> <II = 1> <Delay = 5.41> <FuncUnit> <Opcode : 'mul'> <InPorts = 2> <OutPorts = 1>
ST_16 : Operation 708 [1/1] (0.00ns)   --->   "%sext_ln21_45 = sext i8 %a_load_20" [../source/tut3B_Function/matrix_mult.cpp:21]   --->   Operation 708 'sext' 'sext_ln21_45' <Predicate = true> <Delay = 0.00>
ST_16 : Operation 709 [3/3] (1.05ns) (grouped into DSP with root node add_ln21_80)   --->   "%mul_ln21_100 = mul i16 %sext_ln21_45, i16 %sext_ln21_1" [../source/tut3B_Function/matrix_mult.cpp:21]   --->   Operation 709 'mul' 'mul_ln21_100' <Predicate = true> <Delay = 1.05> <CoreInst = "DSP48">   --->   Core 116 'DSP48' <Latency = 3> <II = 1> <Delay = 2.15> <IPBlock> <Opcode : 'add' 'sub' 'mul' 'select'> <InPorts = 0> <OutPorts = 1> <Sync> <CReg>
ST_16 : Operation 710 [2/5] (5.41ns)   --->   "%mul_ln21_101 = mul i16 %sext_ln21_46, i16 %sext_ln21_3" [../source/tut3B_Function/matrix_mult.cpp:21]   --->   Operation 710 'mul' 'mul_ln21_101' <Predicate = true> <Delay = 5.41> <CoreInst = "Multiplier">   --->   Core 3 'Multiplier' <Latency = 4> <II = 1> <Delay = 5.41> <FuncUnit> <Opcode : 'mul'> <InPorts = 2> <OutPorts = 1>
ST_16 : Operation 711 [3/3] (1.05ns) (grouped into DSP with root node add_ln21_84)   --->   "%mul_ln21_105 = mul i16 %sext_ln21_45, i16 %sext_ln21_10" [../source/tut3B_Function/matrix_mult.cpp:21]   --->   Operation 711 'mul' 'mul_ln21_105' <Predicate = true> <Delay = 1.05> <CoreInst = "DSP48">   --->   Core 116 'DSP48' <Latency = 3> <II = 1> <Delay = 2.15> <IPBlock> <Opcode : 'add' 'sub' 'mul' 'select'> <InPorts = 0> <OutPorts = 1> <Sync> <CReg>
ST_16 : Operation 712 [2/5] (5.41ns)   --->   "%mul_ln21_106 = mul i16 %sext_ln21_46, i16 %sext_ln21_11" [../source/tut3B_Function/matrix_mult.cpp:21]   --->   Operation 712 'mul' 'mul_ln21_106' <Predicate = true> <Delay = 5.41> <CoreInst = "Multiplier">   --->   Core 3 'Multiplier' <Latency = 4> <II = 1> <Delay = 5.41> <FuncUnit> <Opcode : 'mul'> <InPorts = 2> <OutPorts = 1>
ST_16 : Operation 713 [3/3] (1.05ns) (grouped into DSP with root node add_ln21_88)   --->   "%mul_ln21_110 = mul i16 %sext_ln21_45, i16 %sext_ln21_15" [../source/tut3B_Function/matrix_mult.cpp:21]   --->   Operation 713 'mul' 'mul_ln21_110' <Predicate = true> <Delay = 1.05> <CoreInst = "DSP48">   --->   Core 116 'DSP48' <Latency = 3> <II = 1> <Delay = 2.15> <IPBlock> <Opcode : 'add' 'sub' 'mul' 'select'> <InPorts = 0> <OutPorts = 1> <Sync> <CReg>
ST_16 : Operation 714 [2/5] (5.41ns)   --->   "%mul_ln21_111 = mul i16 %sext_ln21_46, i16 %sext_ln21_16" [../source/tut3B_Function/matrix_mult.cpp:21]   --->   Operation 714 'mul' 'mul_ln21_111' <Predicate = true> <Delay = 5.41> <CoreInst = "Multiplier">   --->   Core 3 'Multiplier' <Latency = 4> <II = 1> <Delay = 5.41> <FuncUnit> <Opcode : 'mul'> <InPorts = 2> <OutPorts = 1>
ST_16 : Operation 715 [3/5] (5.41ns)   --->   "%mul_ln21_116 = mul i16 %sext_ln21_46, i16 %sext_ln21_21" [../source/tut3B_Function/matrix_mult.cpp:21]   --->   Operation 715 'mul' 'mul_ln21_116' <Predicate = true> <Delay = 5.41> <CoreInst = "Multiplier">   --->   Core 3 'Multiplier' <Latency = 4> <II = 1> <Delay = 5.41> <FuncUnit> <Opcode : 'mul'> <InPorts = 2> <OutPorts = 1>
ST_16 : Operation 716 [3/5] (5.41ns)   --->   "%mul_ln21_121 = mul i16 %sext_ln21_46, i16 %sext_ln21_26" [../source/tut3B_Function/matrix_mult.cpp:21]   --->   Operation 716 'mul' 'mul_ln21_121' <Predicate = true> <Delay = 5.41> <CoreInst = "Multiplier">   --->   Core 3 'Multiplier' <Latency = 4> <II = 1> <Delay = 5.41> <FuncUnit> <Opcode : 'mul'> <InPorts = 2> <OutPorts = 1>

State 17 <SV = 16> <Delay = 5.41>
ST_17 : Operation 717 [1/1] (0.00ns)   --->   "%prod_addr_2 = getelementptr i16 %prod, i64 0, i64 2" [../source/tut3B_Function/matrix_mult.cpp:21]   --->   Operation 717 'getelementptr' 'prod_addr_2' <Predicate = true> <Delay = 0.00>
ST_17 : Operation 718 [1/1] (0.00ns)   --->   "%prod_addr_3 = getelementptr i16 %prod, i64 0, i64 3" [../source/tut3B_Function/matrix_mult.cpp:21]   --->   Operation 718 'getelementptr' 'prod_addr_3' <Predicate = true> <Delay = 0.00>
ST_17 : Operation 719 [1/1] ( I:0.00ns O:0.00ns )   --->   "%store_ln21 = store i16 %add_ln21_11, i5 %prod_addr_2" [../source/tut3B_Function/matrix_mult.cpp:21]   --->   Operation 719 'store' 'store_ln21' <Predicate = true> <Delay = 0.00> <CoreInst = "RAM">   --->   Core 81 'RAM' <Latency = 0> <II = 1> <Delay = 1.86> <Storage> <Opcode : 'load' 'store'> <Ports = 2> <Width = 16> <Depth = 25> <RAM>
ST_17 : Operation 720 [1/1] (2.07ns)   --->   "%add_ln21_15 = add i16 %add_ln21_14, i16 %add_ln21_12" [../source/tut3B_Function/matrix_mult.cpp:21]   --->   Operation 720 'add' 'add_ln21_15' <Predicate = true> <Delay = 2.07> <CoreInst = "Adder">   --->   Core 1 'Adder' <Latency = 0> <II = 1> <Delay = 2.07> <FuncUnit> <Opcode : 'add' 'sub'> <InPorts = 2> <OutPorts = 1>
ST_17 : Operation 721 [1/1] ( I:0.00ns O:0.00ns )   --->   "%store_ln21 = store i16 %add_ln21_15, i5 %prod_addr_3" [../source/tut3B_Function/matrix_mult.cpp:21]   --->   Operation 721 'store' 'store_ln21' <Predicate = true> <Delay = 0.00> <CoreInst = "RAM">   --->   Core 81 'RAM' <Latency = 0> <II = 1> <Delay = 1.86> <Storage> <Opcode : 'load' 'store'> <Ports = 2> <Width = 16> <Depth = 25> <RAM>
ST_17 : Operation 722 [1/2] (2.10ns) (root node of the DSP)   --->   "%add_ln21_18 = add i16 %add_ln21_17, i16 %mul_ln21_24" [../source/tut3B_Function/matrix_mult.cpp:21]   --->   Operation 722 'add' 'add_ln21_18' <Predicate = true> <Delay = 2.10> <CoreInst = "DSP48">   --->   Core 116 'DSP48' <Latency = 3> <II = 1> <Delay = 2.15> <IPBlock> <Opcode : 'add' 'sub' 'mul' 'select'> <InPorts = 0> <OutPorts = 1> <Sync> <CReg>
ST_17 : Operation 723 [1/2] (2.10ns) (root node of the DSP)   --->   "%add_ln21_22 = add i16 %add_ln21_21, i16 %mul_ln21_29" [../source/tut3B_Function/matrix_mult.cpp:21]   --->   Operation 723 'add' 'add_ln21_22' <Predicate = true> <Delay = 2.10> <CoreInst = "DSP48">   --->   Core 116 'DSP48' <Latency = 3> <II = 1> <Delay = 2.15> <IPBlock> <Opcode : 'add' 'sub' 'mul' 'select'> <InPorts = 0> <OutPorts = 1> <Sync> <CReg>
ST_17 : Operation 724 [1/3] (0.00ns) (grouped into DSP with root node add_ln21_26)   --->   "%mul_ln21_34 = mul i16 %sext_ln21_32, i16 %sext_ln21_12" [../source/tut3B_Function/matrix_mult.cpp:21]   --->   Operation 724 'mul' 'mul_ln21_34' <Predicate = true> <Delay = 0.00> <CoreInst = "DSP48">   --->   Core 116 'DSP48' <Latency = 3> <II = 1> <Delay = 2.15> <IPBlock> <Opcode : 'add' 'sub' 'mul' 'select'> <InPorts = 0> <OutPorts = 1> <Sync> <CReg>
ST_17 : Operation 725 [2/2] (2.10ns) (root node of the DSP)   --->   "%add_ln21_26 = add i16 %add_ln21_25, i16 %mul_ln21_34" [../source/tut3B_Function/matrix_mult.cpp:21]   --->   Operation 725 'add' 'add_ln21_26' <Predicate = true> <Delay = 2.10> <CoreInst = "DSP48">   --->   Core 116 'DSP48' <Latency = 3> <II = 1> <Delay = 2.15> <IPBlock> <Opcode : 'add' 'sub' 'mul' 'select'> <InPorts = 0> <OutPorts = 1> <Sync> <CReg>
ST_17 : Operation 726 [1/3] (0.00ns) (grouped into DSP with root node add_ln21_30)   --->   "%mul_ln21_39 = mul i16 %sext_ln21_32, i16 %sext_ln21_17" [../source/tut3B_Function/matrix_mult.cpp:21]   --->   Operation 726 'mul' 'mul_ln21_39' <Predicate = true> <Delay = 0.00> <CoreInst = "DSP48">   --->   Core 116 'DSP48' <Latency = 3> <II = 1> <Delay = 2.15> <IPBlock> <Opcode : 'add' 'sub' 'mul' 'select'> <InPorts = 0> <OutPorts = 1> <Sync> <CReg>
ST_17 : Operation 727 [2/2] (2.10ns) (root node of the DSP)   --->   "%add_ln21_30 = add i16 %add_ln21_29, i16 %mul_ln21_39" [../source/tut3B_Function/matrix_mult.cpp:21]   --->   Operation 727 'add' 'add_ln21_30' <Predicate = true> <Delay = 2.10> <CoreInst = "DSP48">   --->   Core 116 'DSP48' <Latency = 3> <II = 1> <Delay = 2.15> <IPBlock> <Opcode : 'add' 'sub' 'mul' 'select'> <InPorts = 0> <OutPorts = 1> <Sync> <CReg>
ST_17 : Operation 728 [2/3] (1.05ns) (grouped into DSP with root node add_ln21_34)   --->   "%mul_ln21_44 = mul i16 %sext_ln21_32, i16 %sext_ln21_22" [../source/tut3B_Function/matrix_mult.cpp:21]   --->   Operation 728 'mul' 'mul_ln21_44' <Predicate = true> <Delay = 1.05> <CoreInst = "DSP48">   --->   Core 116 'DSP48' <Latency = 3> <II = 1> <Delay = 2.15> <IPBlock> <Opcode : 'add' 'sub' 'mul' 'select'> <InPorts = 0> <OutPorts = 1> <Sync> <CReg>
ST_17 : Operation 729 [2/3] (1.05ns) (grouped into DSP with root node add_ln21_38)   --->   "%mul_ln21_49 = mul i16 %sext_ln21_32, i16 %sext_ln21_27" [../source/tut3B_Function/matrix_mult.cpp:21]   --->   Operation 729 'mul' 'mul_ln21_49' <Predicate = true> <Delay = 1.05> <CoreInst = "DSP48">   --->   Core 116 'DSP48' <Latency = 3> <II = 1> <Delay = 2.15> <IPBlock> <Opcode : 'add' 'sub' 'mul' 'select'> <InPorts = 0> <OutPorts = 1> <Sync> <CReg>
ST_17 : Operation 730 [1/1] (0.00ns)   --->   "%sext_ln21_37 = sext i8 %a_load_12" [../source/tut3B_Function/matrix_mult.cpp:21]   --->   Operation 730 'sext' 'sext_ln21_37' <Predicate = true> <Delay = 0.00>
ST_17 : Operation 731 [3/3] (1.05ns) (grouped into DSP with root node add_ln21_42)   --->   "%mul_ln21_54 = mul i16 %sext_ln21_37, i16 %sext_ln21_5" [../source/tut3B_Function/matrix_mult.cpp:21]   --->   Operation 731 'mul' 'mul_ln21_54' <Predicate = true> <Delay = 1.05> <CoreInst = "DSP48">   --->   Core 116 'DSP48' <Latency = 3> <II = 1> <Delay = 2.15> <IPBlock> <Opcode : 'add' 'sub' 'mul' 'select'> <InPorts = 0> <OutPorts = 1> <Sync> <CReg>
ST_17 : Operation 732 [3/3] (1.05ns) (grouped into DSP with root node add_ln21_46)   --->   "%mul_ln21_59 = mul i16 %sext_ln21_37, i16 %sext_ln21_12" [../source/tut3B_Function/matrix_mult.cpp:21]   --->   Operation 732 'mul' 'mul_ln21_59' <Predicate = true> <Delay = 1.05> <CoreInst = "DSP48">   --->   Core 116 'DSP48' <Latency = 3> <II = 1> <Delay = 2.15> <IPBlock> <Opcode : 'add' 'sub' 'mul' 'select'> <InPorts = 0> <OutPorts = 1> <Sync> <CReg>
ST_17 : Operation 733 [1/2] (2.10ns) (root node of the DSP)   --->   "%add_ln21_44 = add i16 %mul_ln21_56, i16 %mul_ln21_55" [../source/tut3B_Function/matrix_mult.cpp:21]   --->   Operation 733 'add' 'add_ln21_44' <Predicate = true> <Delay = 2.10> <CoreInst = "DSP48">   --->   Core 116 'DSP48' <Latency = 3> <II = 1> <Delay = 2.15> <IPBlock> <Opcode : 'add' 'sub' 'mul' 'select'> <InPorts = 0> <OutPorts = 1> <Sync> <CReg>
ST_17 : Operation 734 [3/3] (1.05ns) (grouped into DSP with root node add_ln21_50)   --->   "%mul_ln21_64 = mul i16 %sext_ln21_37, i16 %sext_ln21_17" [../source/tut3B_Function/matrix_mult.cpp:21]   --->   Operation 734 'mul' 'mul_ln21_64' <Predicate = true> <Delay = 1.05> <CoreInst = "DSP48">   --->   Core 116 'DSP48' <Latency = 3> <II = 1> <Delay = 2.15> <IPBlock> <Opcode : 'add' 'sub' 'mul' 'select'> <InPorts = 0> <OutPorts = 1> <Sync> <CReg>
ST_17 : Operation 735 [1/2] (2.10ns) (root node of the DSP)   --->   "%add_ln21_48 = add i16 %mul_ln21_61, i16 %mul_ln21_60" [../source/tut3B_Function/matrix_mult.cpp:21]   --->   Operation 735 'add' 'add_ln21_48' <Predicate = true> <Delay = 2.10> <CoreInst = "DSP48">   --->   Core 116 'DSP48' <Latency = 3> <II = 1> <Delay = 2.15> <IPBlock> <Opcode : 'add' 'sub' 'mul' 'select'> <InPorts = 0> <OutPorts = 1> <Sync> <CReg>
ST_17 : Operation 736 [3/3] (1.05ns) (grouped into DSP with root node add_ln21_54)   --->   "%mul_ln21_69 = mul i16 %sext_ln21_37, i16 %sext_ln21_22" [../source/tut3B_Function/matrix_mult.cpp:21]   --->   Operation 736 'mul' 'mul_ln21_69' <Predicate = true> <Delay = 1.05> <CoreInst = "DSP48">   --->   Core 116 'DSP48' <Latency = 3> <II = 1> <Delay = 2.15> <IPBlock> <Opcode : 'add' 'sub' 'mul' 'select'> <InPorts = 0> <OutPorts = 1> <Sync> <CReg>
ST_17 : Operation 737 [1/2] (2.10ns) (root node of the DSP)   --->   "%add_ln21_52 = add i16 %mul_ln21_66, i16 %mul_ln21_65" [../source/tut3B_Function/matrix_mult.cpp:21]   --->   Operation 737 'add' 'add_ln21_52' <Predicate = true> <Delay = 2.10> <CoreInst = "DSP48">   --->   Core 116 'DSP48' <Latency = 3> <II = 1> <Delay = 2.15> <IPBlock> <Opcode : 'add' 'sub' 'mul' 'select'> <InPorts = 0> <OutPorts = 1> <Sync> <CReg>
ST_17 : Operation 738 [1/2] (2.10ns) (root node of the DSP)   --->   "%add_ln21_56 = add i16 %mul_ln21_71, i16 %mul_ln21_70" [../source/tut3B_Function/matrix_mult.cpp:21]   --->   Operation 738 'add' 'add_ln21_56' <Predicate = true> <Delay = 2.10> <CoreInst = "DSP48">   --->   Core 116 'DSP48' <Latency = 3> <II = 1> <Delay = 2.15> <IPBlock> <Opcode : 'add' 'sub' 'mul' 'select'> <InPorts = 0> <OutPorts = 1> <Sync> <CReg>
ST_17 : Operation 739 [1/3] (0.00ns) (grouped into DSP with root node add_ln21_60)   --->   "%mul_ln21_75 = mul i16 %sext_ln21_40, i16 %sext_ln21_1" [../source/tut3B_Function/matrix_mult.cpp:21]   --->   Operation 739 'mul' 'mul_ln21_75' <Predicate = true> <Delay = 0.00> <CoreInst = "DSP48">   --->   Core 116 'DSP48' <Latency = 3> <II = 1> <Delay = 2.15> <IPBlock> <Opcode : 'add' 'sub' 'mul' 'select'> <InPorts = 0> <OutPorts = 1> <Sync> <CReg>
ST_17 : Operation 740 [2/2] (2.10ns) (root node of the DSP)   --->   "%add_ln21_60 = add i16 %mul_ln21_76, i16 %mul_ln21_75" [../source/tut3B_Function/matrix_mult.cpp:21]   --->   Operation 740 'add' 'add_ln21_60' <Predicate = true> <Delay = 2.10> <CoreInst = "DSP48">   --->   Core 116 'DSP48' <Latency = 3> <II = 1> <Delay = 2.15> <IPBlock> <Opcode : 'add' 'sub' 'mul' 'select'> <InPorts = 0> <OutPorts = 1> <Sync> <CReg>
ST_17 : Operation 741 [1/3] (0.00ns) (grouped into DSP with root node add_ln21_64)   --->   "%mul_ln21_80 = mul i16 %sext_ln21_40, i16 %sext_ln21_10" [../source/tut3B_Function/matrix_mult.cpp:21]   --->   Operation 741 'mul' 'mul_ln21_80' <Predicate = true> <Delay = 0.00> <CoreInst = "DSP48">   --->   Core 116 'DSP48' <Latency = 3> <II = 1> <Delay = 2.15> <IPBlock> <Opcode : 'add' 'sub' 'mul' 'select'> <InPorts = 0> <OutPorts = 1> <Sync> <CReg>
ST_17 : Operation 742 [2/2] (2.10ns) (root node of the DSP)   --->   "%add_ln21_64 = add i16 %mul_ln21_81, i16 %mul_ln21_80" [../source/tut3B_Function/matrix_mult.cpp:21]   --->   Operation 742 'add' 'add_ln21_64' <Predicate = true> <Delay = 2.10> <CoreInst = "DSP48">   --->   Core 116 'DSP48' <Latency = 3> <II = 1> <Delay = 2.15> <IPBlock> <Opcode : 'add' 'sub' 'mul' 'select'> <InPorts = 0> <OutPorts = 1> <Sync> <CReg>
ST_17 : Operation 743 [1/3] (0.00ns) (grouped into DSP with root node add_ln21_68)   --->   "%mul_ln21_85 = mul i16 %sext_ln21_40, i16 %sext_ln21_15" [../source/tut3B_Function/matrix_mult.cpp:21]   --->   Operation 743 'mul' 'mul_ln21_85' <Predicate = true> <Delay = 0.00> <CoreInst = "DSP48">   --->   Core 116 'DSP48' <Latency = 3> <II = 1> <Delay = 2.15> <IPBlock> <Opcode : 'add' 'sub' 'mul' 'select'> <InPorts = 0> <OutPorts = 1> <Sync> <CReg>
ST_17 : Operation 744 [2/2] (2.10ns) (root node of the DSP)   --->   "%add_ln21_68 = add i16 %mul_ln21_86, i16 %mul_ln21_85" [../source/tut3B_Function/matrix_mult.cpp:21]   --->   Operation 744 'add' 'add_ln21_68' <Predicate = true> <Delay = 2.10> <CoreInst = "DSP48">   --->   Core 116 'DSP48' <Latency = 3> <II = 1> <Delay = 2.15> <IPBlock> <Opcode : 'add' 'sub' 'mul' 'select'> <InPorts = 0> <OutPorts = 1> <Sync> <CReg>
ST_17 : Operation 745 [1/3] (0.00ns) (grouped into DSP with root node add_ln21_72)   --->   "%mul_ln21_90 = mul i16 %sext_ln21_40, i16 %sext_ln21_20" [../source/tut3B_Function/matrix_mult.cpp:21]   --->   Operation 745 'mul' 'mul_ln21_90' <Predicate = true> <Delay = 0.00> <CoreInst = "DSP48">   --->   Core 116 'DSP48' <Latency = 3> <II = 1> <Delay = 2.15> <IPBlock> <Opcode : 'add' 'sub' 'mul' 'select'> <InPorts = 0> <OutPorts = 1> <Sync> <CReg>
ST_17 : Operation 746 [2/2] (2.10ns) (root node of the DSP)   --->   "%add_ln21_72 = add i16 %mul_ln21_91, i16 %mul_ln21_90" [../source/tut3B_Function/matrix_mult.cpp:21]   --->   Operation 746 'add' 'add_ln21_72' <Predicate = true> <Delay = 2.10> <CoreInst = "DSP48">   --->   Core 116 'DSP48' <Latency = 3> <II = 1> <Delay = 2.15> <IPBlock> <Opcode : 'add' 'sub' 'mul' 'select'> <InPorts = 0> <OutPorts = 1> <Sync> <CReg>
ST_17 : Operation 747 [2/3] (1.05ns) (grouped into DSP with root node add_ln21_76)   --->   "%mul_ln21_95 = mul i16 %sext_ln21_40, i16 %sext_ln21_25" [../source/tut3B_Function/matrix_mult.cpp:21]   --->   Operation 747 'mul' 'mul_ln21_95' <Predicate = true> <Delay = 1.05> <CoreInst = "DSP48">   --->   Core 116 'DSP48' <Latency = 3> <II = 1> <Delay = 2.15> <IPBlock> <Opcode : 'add' 'sub' 'mul' 'select'> <InPorts = 0> <OutPorts = 1> <Sync> <CReg>
ST_17 : Operation 748 [1/5] (5.41ns)   --->   "%mul_ln21_96 = mul i16 %sext_ln21_41, i16 %sext_ln21_26" [../source/tut3B_Function/matrix_mult.cpp:21]   --->   Operation 748 'mul' 'mul_ln21_96' <Predicate = true> <Delay = 5.41> <CoreInst = "Multiplier">   --->   Core 3 'Multiplier' <Latency = 4> <II = 1> <Delay = 5.41> <FuncUnit> <Opcode : 'mul'> <InPorts = 2> <OutPorts = 1>
ST_17 : Operation 749 [2/3] (1.05ns) (grouped into DSP with root node add_ln21_80)   --->   "%mul_ln21_100 = mul i16 %sext_ln21_45, i16 %sext_ln21_1" [../source/tut3B_Function/matrix_mult.cpp:21]   --->   Operation 749 'mul' 'mul_ln21_100' <Predicate = true> <Delay = 1.05> <CoreInst = "DSP48">   --->   Core 116 'DSP48' <Latency = 3> <II = 1> <Delay = 2.15> <IPBlock> <Opcode : 'add' 'sub' 'mul' 'select'> <InPorts = 0> <OutPorts = 1> <Sync> <CReg>
ST_17 : Operation 750 [1/5] (5.41ns)   --->   "%mul_ln21_101 = mul i16 %sext_ln21_46, i16 %sext_ln21_3" [../source/tut3B_Function/matrix_mult.cpp:21]   --->   Operation 750 'mul' 'mul_ln21_101' <Predicate = true> <Delay = 5.41> <CoreInst = "Multiplier">   --->   Core 3 'Multiplier' <Latency = 4> <II = 1> <Delay = 5.41> <FuncUnit> <Opcode : 'mul'> <InPorts = 2> <OutPorts = 1>
ST_17 : Operation 751 [2/3] (1.05ns) (grouped into DSP with root node add_ln21_84)   --->   "%mul_ln21_105 = mul i16 %sext_ln21_45, i16 %sext_ln21_10" [../source/tut3B_Function/matrix_mult.cpp:21]   --->   Operation 751 'mul' 'mul_ln21_105' <Predicate = true> <Delay = 1.05> <CoreInst = "DSP48">   --->   Core 116 'DSP48' <Latency = 3> <II = 1> <Delay = 2.15> <IPBlock> <Opcode : 'add' 'sub' 'mul' 'select'> <InPorts = 0> <OutPorts = 1> <Sync> <CReg>
ST_17 : Operation 752 [1/5] (5.41ns)   --->   "%mul_ln21_106 = mul i16 %sext_ln21_46, i16 %sext_ln21_11" [../source/tut3B_Function/matrix_mult.cpp:21]   --->   Operation 752 'mul' 'mul_ln21_106' <Predicate = true> <Delay = 5.41> <CoreInst = "Multiplier">   --->   Core 3 'Multiplier' <Latency = 4> <II = 1> <Delay = 5.41> <FuncUnit> <Opcode : 'mul'> <InPorts = 2> <OutPorts = 1>
ST_17 : Operation 753 [2/3] (1.05ns) (grouped into DSP with root node add_ln21_88)   --->   "%mul_ln21_110 = mul i16 %sext_ln21_45, i16 %sext_ln21_15" [../source/tut3B_Function/matrix_mult.cpp:21]   --->   Operation 753 'mul' 'mul_ln21_110' <Predicate = true> <Delay = 1.05> <CoreInst = "DSP48">   --->   Core 116 'DSP48' <Latency = 3> <II = 1> <Delay = 2.15> <IPBlock> <Opcode : 'add' 'sub' 'mul' 'select'> <InPorts = 0> <OutPorts = 1> <Sync> <CReg>
ST_17 : Operation 754 [1/5] (5.41ns)   --->   "%mul_ln21_111 = mul i16 %sext_ln21_46, i16 %sext_ln21_16" [../source/tut3B_Function/matrix_mult.cpp:21]   --->   Operation 754 'mul' 'mul_ln21_111' <Predicate = true> <Delay = 5.41> <CoreInst = "Multiplier">   --->   Core 3 'Multiplier' <Latency = 4> <II = 1> <Delay = 5.41> <FuncUnit> <Opcode : 'mul'> <InPorts = 2> <OutPorts = 1>
ST_17 : Operation 755 [3/3] (1.05ns) (grouped into DSP with root node add_ln21_92)   --->   "%mul_ln21_115 = mul i16 %sext_ln21_45, i16 %sext_ln21_20" [../source/tut3B_Function/matrix_mult.cpp:21]   --->   Operation 755 'mul' 'mul_ln21_115' <Predicate = true> <Delay = 1.05> <CoreInst = "DSP48">   --->   Core 116 'DSP48' <Latency = 3> <II = 1> <Delay = 2.15> <IPBlock> <Opcode : 'add' 'sub' 'mul' 'select'> <InPorts = 0> <OutPorts = 1> <Sync> <CReg>
ST_17 : Operation 756 [2/5] (5.41ns)   --->   "%mul_ln21_116 = mul i16 %sext_ln21_46, i16 %sext_ln21_21" [../source/tut3B_Function/matrix_mult.cpp:21]   --->   Operation 756 'mul' 'mul_ln21_116' <Predicate = true> <Delay = 5.41> <CoreInst = "Multiplier">   --->   Core 3 'Multiplier' <Latency = 4> <II = 1> <Delay = 5.41> <FuncUnit> <Opcode : 'mul'> <InPorts = 2> <OutPorts = 1>
ST_17 : Operation 757 [3/3] (1.05ns) (grouped into DSP with root node add_ln21_96)   --->   "%mul_ln21_120 = mul i16 %sext_ln21_45, i16 %sext_ln21_25" [../source/tut3B_Function/matrix_mult.cpp:21]   --->   Operation 757 'mul' 'mul_ln21_120' <Predicate = true> <Delay = 1.05> <CoreInst = "DSP48">   --->   Core 116 'DSP48' <Latency = 3> <II = 1> <Delay = 2.15> <IPBlock> <Opcode : 'add' 'sub' 'mul' 'select'> <InPorts = 0> <OutPorts = 1> <Sync> <CReg>
ST_17 : Operation 758 [2/5] (5.41ns)   --->   "%mul_ln21_121 = mul i16 %sext_ln21_46, i16 %sext_ln21_26" [../source/tut3B_Function/matrix_mult.cpp:21]   --->   Operation 758 'mul' 'mul_ln21_121' <Predicate = true> <Delay = 5.41> <CoreInst = "Multiplier">   --->   Core 3 'Multiplier' <Latency = 4> <II = 1> <Delay = 5.41> <FuncUnit> <Opcode : 'mul'> <InPorts = 2> <OutPorts = 1>

State 18 <SV = 17> <Delay = 5.41>
ST_18 : Operation 759 [1/1] (0.00ns)   --->   "%prod_addr_4 = getelementptr i16 %prod, i64 0, i64 4" [../source/tut3B_Function/matrix_mult.cpp:21]   --->   Operation 759 'getelementptr' 'prod_addr_4' <Predicate = true> <Delay = 0.00>
ST_18 : Operation 760 [1/1] (0.00ns)   --->   "%prod_addr_5 = getelementptr i16 %prod, i64 0, i64 5" [../source/tut3B_Function/matrix_mult.cpp:21]   --->   Operation 760 'getelementptr' 'prod_addr_5' <Predicate = true> <Delay = 0.00>
ST_18 : Operation 761 [1/1] (2.07ns)   --->   "%add_ln21_19 = add i16 %add_ln21_18, i16 %add_ln21_16" [../source/tut3B_Function/matrix_mult.cpp:21]   --->   Operation 761 'add' 'add_ln21_19' <Predicate = true> <Delay = 2.07> <CoreInst = "Adder">   --->   Core 1 'Adder' <Latency = 0> <II = 1> <Delay = 2.07> <FuncUnit> <Opcode : 'add' 'sub'> <InPorts = 2> <OutPorts = 1>
ST_18 : Operation 762 [1/1] ( I:0.00ns O:0.00ns )   --->   "%store_ln21 = store i16 %add_ln21_19, i5 %prod_addr_4" [../source/tut3B_Function/matrix_mult.cpp:21]   --->   Operation 762 'store' 'store_ln21' <Predicate = true> <Delay = 0.00> <CoreInst = "RAM">   --->   Core 81 'RAM' <Latency = 0> <II = 1> <Delay = 1.86> <Storage> <Opcode : 'load' 'store'> <Ports = 2> <Width = 16> <Depth = 25> <RAM>
ST_18 : Operation 763 [1/1] (2.07ns)   --->   "%add_ln21_23 = add i16 %add_ln21_22, i16 %add_ln21_20" [../source/tut3B_Function/matrix_mult.cpp:21]   --->   Operation 763 'add' 'add_ln21_23' <Predicate = true> <Delay = 2.07> <CoreInst = "Adder">   --->   Core 1 'Adder' <Latency = 0> <II = 1> <Delay = 2.07> <FuncUnit> <Opcode : 'add' 'sub'> <InPorts = 2> <OutPorts = 1>
ST_18 : Operation 764 [1/1] ( I:0.00ns O:0.00ns )   --->   "%store_ln21 = store i16 %add_ln21_23, i5 %prod_addr_5" [../source/tut3B_Function/matrix_mult.cpp:21]   --->   Operation 764 'store' 'store_ln21' <Predicate = true> <Delay = 0.00> <CoreInst = "RAM">   --->   Core 81 'RAM' <Latency = 0> <II = 1> <Delay = 1.86> <Storage> <Opcode : 'load' 'store'> <Ports = 2> <Width = 16> <Depth = 25> <RAM>
ST_18 : Operation 765 [1/2] (2.10ns) (root node of the DSP)   --->   "%add_ln21_26 = add i16 %add_ln21_25, i16 %mul_ln21_34" [../source/tut3B_Function/matrix_mult.cpp:21]   --->   Operation 765 'add' 'add_ln21_26' <Predicate = true> <Delay = 2.10> <CoreInst = "DSP48">   --->   Core 116 'DSP48' <Latency = 3> <II = 1> <Delay = 2.15> <IPBlock> <Opcode : 'add' 'sub' 'mul' 'select'> <InPorts = 0> <OutPorts = 1> <Sync> <CReg>
ST_18 : Operation 766 [1/2] (2.10ns) (root node of the DSP)   --->   "%add_ln21_30 = add i16 %add_ln21_29, i16 %mul_ln21_39" [../source/tut3B_Function/matrix_mult.cpp:21]   --->   Operation 766 'add' 'add_ln21_30' <Predicate = true> <Delay = 2.10> <CoreInst = "DSP48">   --->   Core 116 'DSP48' <Latency = 3> <II = 1> <Delay = 2.15> <IPBlock> <Opcode : 'add' 'sub' 'mul' 'select'> <InPorts = 0> <OutPorts = 1> <Sync> <CReg>
ST_18 : Operation 767 [1/3] (0.00ns) (grouped into DSP with root node add_ln21_34)   --->   "%mul_ln21_44 = mul i16 %sext_ln21_32, i16 %sext_ln21_22" [../source/tut3B_Function/matrix_mult.cpp:21]   --->   Operation 767 'mul' 'mul_ln21_44' <Predicate = true> <Delay = 0.00> <CoreInst = "DSP48">   --->   Core 116 'DSP48' <Latency = 3> <II = 1> <Delay = 2.15> <IPBlock> <Opcode : 'add' 'sub' 'mul' 'select'> <InPorts = 0> <OutPorts = 1> <Sync> <CReg>
ST_18 : Operation 768 [2/2] (2.10ns) (root node of the DSP)   --->   "%add_ln21_34 = add i16 %add_ln21_33, i16 %mul_ln21_44" [../source/tut3B_Function/matrix_mult.cpp:21]   --->   Operation 768 'add' 'add_ln21_34' <Predicate = true> <Delay = 2.10> <CoreInst = "DSP48">   --->   Core 116 'DSP48' <Latency = 3> <II = 1> <Delay = 2.15> <IPBlock> <Opcode : 'add' 'sub' 'mul' 'select'> <InPorts = 0> <OutPorts = 1> <Sync> <CReg>
ST_18 : Operation 769 [1/3] (0.00ns) (grouped into DSP with root node add_ln21_38)   --->   "%mul_ln21_49 = mul i16 %sext_ln21_32, i16 %sext_ln21_27" [../source/tut3B_Function/matrix_mult.cpp:21]   --->   Operation 769 'mul' 'mul_ln21_49' <Predicate = true> <Delay = 0.00> <CoreInst = "DSP48">   --->   Core 116 'DSP48' <Latency = 3> <II = 1> <Delay = 2.15> <IPBlock> <Opcode : 'add' 'sub' 'mul' 'select'> <InPorts = 0> <OutPorts = 1> <Sync> <CReg>
ST_18 : Operation 770 [2/2] (2.10ns) (root node of the DSP)   --->   "%add_ln21_38 = add i16 %add_ln21_37, i16 %mul_ln21_49" [../source/tut3B_Function/matrix_mult.cpp:21]   --->   Operation 770 'add' 'add_ln21_38' <Predicate = true> <Delay = 2.10> <CoreInst = "DSP48">   --->   Core 116 'DSP48' <Latency = 3> <II = 1> <Delay = 2.15> <IPBlock> <Opcode : 'add' 'sub' 'mul' 'select'> <InPorts = 0> <OutPorts = 1> <Sync> <CReg>
ST_18 : Operation 771 [2/3] (1.05ns) (grouped into DSP with root node add_ln21_42)   --->   "%mul_ln21_54 = mul i16 %sext_ln21_37, i16 %sext_ln21_5" [../source/tut3B_Function/matrix_mult.cpp:21]   --->   Operation 771 'mul' 'mul_ln21_54' <Predicate = true> <Delay = 1.05> <CoreInst = "DSP48">   --->   Core 116 'DSP48' <Latency = 3> <II = 1> <Delay = 2.15> <IPBlock> <Opcode : 'add' 'sub' 'mul' 'select'> <InPorts = 0> <OutPorts = 1> <Sync> <CReg>
ST_18 : Operation 772 [2/3] (1.05ns) (grouped into DSP with root node add_ln21_46)   --->   "%mul_ln21_59 = mul i16 %sext_ln21_37, i16 %sext_ln21_12" [../source/tut3B_Function/matrix_mult.cpp:21]   --->   Operation 772 'mul' 'mul_ln21_59' <Predicate = true> <Delay = 1.05> <CoreInst = "DSP48">   --->   Core 116 'DSP48' <Latency = 3> <II = 1> <Delay = 2.15> <IPBlock> <Opcode : 'add' 'sub' 'mul' 'select'> <InPorts = 0> <OutPorts = 1> <Sync> <CReg>
ST_18 : Operation 773 [2/3] (1.05ns) (grouped into DSP with root node add_ln21_50)   --->   "%mul_ln21_64 = mul i16 %sext_ln21_37, i16 %sext_ln21_17" [../source/tut3B_Function/matrix_mult.cpp:21]   --->   Operation 773 'mul' 'mul_ln21_64' <Predicate = true> <Delay = 1.05> <CoreInst = "DSP48">   --->   Core 116 'DSP48' <Latency = 3> <II = 1> <Delay = 2.15> <IPBlock> <Opcode : 'add' 'sub' 'mul' 'select'> <InPorts = 0> <OutPorts = 1> <Sync> <CReg>
ST_18 : Operation 774 [2/3] (1.05ns) (grouped into DSP with root node add_ln21_54)   --->   "%mul_ln21_69 = mul i16 %sext_ln21_37, i16 %sext_ln21_22" [../source/tut3B_Function/matrix_mult.cpp:21]   --->   Operation 774 'mul' 'mul_ln21_69' <Predicate = true> <Delay = 1.05> <CoreInst = "DSP48">   --->   Core 116 'DSP48' <Latency = 3> <II = 1> <Delay = 2.15> <IPBlock> <Opcode : 'add' 'sub' 'mul' 'select'> <InPorts = 0> <OutPorts = 1> <Sync> <CReg>
ST_18 : Operation 775 [3/3] (1.05ns) (grouped into DSP with root node add_ln21_58)   --->   "%mul_ln21_74 = mul i16 %sext_ln21_37, i16 %sext_ln21_27" [../source/tut3B_Function/matrix_mult.cpp:21]   --->   Operation 775 'mul' 'mul_ln21_74' <Predicate = true> <Delay = 1.05> <CoreInst = "DSP48">   --->   Core 116 'DSP48' <Latency = 3> <II = 1> <Delay = 2.15> <IPBlock> <Opcode : 'add' 'sub' 'mul' 'select'> <InPorts = 0> <OutPorts = 1> <Sync> <CReg>
ST_18 : Operation 776 [1/1] (0.00ns)   --->   "%sext_ln21_42 = sext i8 %a_load_17" [../source/tut3B_Function/matrix_mult.cpp:21]   --->   Operation 776 'sext' 'sext_ln21_42' <Predicate = true> <Delay = 0.00>
ST_18 : Operation 777 [3/3] (1.05ns) (grouped into DSP with root node add_ln21_62)   --->   "%mul_ln21_79 = mul i16 %sext_ln21_42, i16 %sext_ln21_5" [../source/tut3B_Function/matrix_mult.cpp:21]   --->   Operation 777 'mul' 'mul_ln21_79' <Predicate = true> <Delay = 1.05> <CoreInst = "DSP48">   --->   Core 116 'DSP48' <Latency = 3> <II = 1> <Delay = 2.15> <IPBlock> <Opcode : 'add' 'sub' 'mul' 'select'> <InPorts = 0> <OutPorts = 1> <Sync> <CReg>
ST_18 : Operation 778 [1/2] (2.10ns) (root node of the DSP)   --->   "%add_ln21_60 = add i16 %mul_ln21_76, i16 %mul_ln21_75" [../source/tut3B_Function/matrix_mult.cpp:21]   --->   Operation 778 'add' 'add_ln21_60' <Predicate = true> <Delay = 2.10> <CoreInst = "DSP48">   --->   Core 116 'DSP48' <Latency = 3> <II = 1> <Delay = 2.15> <IPBlock> <Opcode : 'add' 'sub' 'mul' 'select'> <InPorts = 0> <OutPorts = 1> <Sync> <CReg>
ST_18 : Operation 779 [3/3] (1.05ns) (grouped into DSP with root node add_ln21_66)   --->   "%mul_ln21_84 = mul i16 %sext_ln21_42, i16 %sext_ln21_12" [../source/tut3B_Function/matrix_mult.cpp:21]   --->   Operation 779 'mul' 'mul_ln21_84' <Predicate = true> <Delay = 1.05> <CoreInst = "DSP48">   --->   Core 116 'DSP48' <Latency = 3> <II = 1> <Delay = 2.15> <IPBlock> <Opcode : 'add' 'sub' 'mul' 'select'> <InPorts = 0> <OutPorts = 1> <Sync> <CReg>
ST_18 : Operation 780 [1/2] (2.10ns) (root node of the DSP)   --->   "%add_ln21_64 = add i16 %mul_ln21_81, i16 %mul_ln21_80" [../source/tut3B_Function/matrix_mult.cpp:21]   --->   Operation 780 'add' 'add_ln21_64' <Predicate = true> <Delay = 2.10> <CoreInst = "DSP48">   --->   Core 116 'DSP48' <Latency = 3> <II = 1> <Delay = 2.15> <IPBlock> <Opcode : 'add' 'sub' 'mul' 'select'> <InPorts = 0> <OutPorts = 1> <Sync> <CReg>
ST_18 : Operation 781 [3/3] (1.05ns) (grouped into DSP with root node add_ln21_70)   --->   "%mul_ln21_89 = mul i16 %sext_ln21_42, i16 %sext_ln21_17" [../source/tut3B_Function/matrix_mult.cpp:21]   --->   Operation 781 'mul' 'mul_ln21_89' <Predicate = true> <Delay = 1.05> <CoreInst = "DSP48">   --->   Core 116 'DSP48' <Latency = 3> <II = 1> <Delay = 2.15> <IPBlock> <Opcode : 'add' 'sub' 'mul' 'select'> <InPorts = 0> <OutPorts = 1> <Sync> <CReg>
ST_18 : Operation 782 [1/2] (2.10ns) (root node of the DSP)   --->   "%add_ln21_68 = add i16 %mul_ln21_86, i16 %mul_ln21_85" [../source/tut3B_Function/matrix_mult.cpp:21]   --->   Operation 782 'add' 'add_ln21_68' <Predicate = true> <Delay = 2.10> <CoreInst = "DSP48">   --->   Core 116 'DSP48' <Latency = 3> <II = 1> <Delay = 2.15> <IPBlock> <Opcode : 'add' 'sub' 'mul' 'select'> <InPorts = 0> <OutPorts = 1> <Sync> <CReg>
ST_18 : Operation 783 [3/3] (1.05ns) (grouped into DSP with root node add_ln21_74)   --->   "%mul_ln21_94 = mul i16 %sext_ln21_42, i16 %sext_ln21_22" [../source/tut3B_Function/matrix_mult.cpp:21]   --->   Operation 783 'mul' 'mul_ln21_94' <Predicate = true> <Delay = 1.05> <CoreInst = "DSP48">   --->   Core 116 'DSP48' <Latency = 3> <II = 1> <Delay = 2.15> <IPBlock> <Opcode : 'add' 'sub' 'mul' 'select'> <InPorts = 0> <OutPorts = 1> <Sync> <CReg>
ST_18 : Operation 784 [1/2] (2.10ns) (root node of the DSP)   --->   "%add_ln21_72 = add i16 %mul_ln21_91, i16 %mul_ln21_90" [../source/tut3B_Function/matrix_mult.cpp:21]   --->   Operation 784 'add' 'add_ln21_72' <Predicate = true> <Delay = 2.10> <CoreInst = "DSP48">   --->   Core 116 'DSP48' <Latency = 3> <II = 1> <Delay = 2.15> <IPBlock> <Opcode : 'add' 'sub' 'mul' 'select'> <InPorts = 0> <OutPorts = 1> <Sync> <CReg>
ST_18 : Operation 785 [1/3] (0.00ns) (grouped into DSP with root node add_ln21_76)   --->   "%mul_ln21_95 = mul i16 %sext_ln21_40, i16 %sext_ln21_25" [../source/tut3B_Function/matrix_mult.cpp:21]   --->   Operation 785 'mul' 'mul_ln21_95' <Predicate = true> <Delay = 0.00> <CoreInst = "DSP48">   --->   Core 116 'DSP48' <Latency = 3> <II = 1> <Delay = 2.15> <IPBlock> <Opcode : 'add' 'sub' 'mul' 'select'> <InPorts = 0> <OutPorts = 1> <Sync> <CReg>
ST_18 : Operation 786 [3/3] (1.05ns) (grouped into DSP with root node add_ln21_78)   --->   "%mul_ln21_99 = mul i16 %sext_ln21_42, i16 %sext_ln21_27" [../source/tut3B_Function/matrix_mult.cpp:21]   --->   Operation 786 'mul' 'mul_ln21_99' <Predicate = true> <Delay = 1.05> <CoreInst = "DSP48">   --->   Core 116 'DSP48' <Latency = 3> <II = 1> <Delay = 2.15> <IPBlock> <Opcode : 'add' 'sub' 'mul' 'select'> <InPorts = 0> <OutPorts = 1> <Sync> <CReg>
ST_18 : Operation 787 [2/2] (2.10ns) (root node of the DSP)   --->   "%add_ln21_76 = add i16 %mul_ln21_96, i16 %mul_ln21_95" [../source/tut3B_Function/matrix_mult.cpp:21]   --->   Operation 787 'add' 'add_ln21_76' <Predicate = true> <Delay = 2.10> <CoreInst = "DSP48">   --->   Core 116 'DSP48' <Latency = 3> <II = 1> <Delay = 2.15> <IPBlock> <Opcode : 'add' 'sub' 'mul' 'select'> <InPorts = 0> <OutPorts = 1> <Sync> <CReg>
ST_18 : Operation 788 [1/3] (0.00ns) (grouped into DSP with root node add_ln21_80)   --->   "%mul_ln21_100 = mul i16 %sext_ln21_45, i16 %sext_ln21_1" [../source/tut3B_Function/matrix_mult.cpp:21]   --->   Operation 788 'mul' 'mul_ln21_100' <Predicate = true> <Delay = 0.00> <CoreInst = "DSP48">   --->   Core 116 'DSP48' <Latency = 3> <II = 1> <Delay = 2.15> <IPBlock> <Opcode : 'add' 'sub' 'mul' 'select'> <InPorts = 0> <OutPorts = 1> <Sync> <CReg>
ST_18 : Operation 789 [2/2] (2.10ns) (root node of the DSP)   --->   "%add_ln21_80 = add i16 %mul_ln21_101, i16 %mul_ln21_100" [../source/tut3B_Function/matrix_mult.cpp:21]   --->   Operation 789 'add' 'add_ln21_80' <Predicate = true> <Delay = 2.10> <CoreInst = "DSP48">   --->   Core 116 'DSP48' <Latency = 3> <II = 1> <Delay = 2.15> <IPBlock> <Opcode : 'add' 'sub' 'mul' 'select'> <InPorts = 0> <OutPorts = 1> <Sync> <CReg>
ST_18 : Operation 790 [1/3] (0.00ns) (grouped into DSP with root node add_ln21_84)   --->   "%mul_ln21_105 = mul i16 %sext_ln21_45, i16 %sext_ln21_10" [../source/tut3B_Function/matrix_mult.cpp:21]   --->   Operation 790 'mul' 'mul_ln21_105' <Predicate = true> <Delay = 0.00> <CoreInst = "DSP48">   --->   Core 116 'DSP48' <Latency = 3> <II = 1> <Delay = 2.15> <IPBlock> <Opcode : 'add' 'sub' 'mul' 'select'> <InPorts = 0> <OutPorts = 1> <Sync> <CReg>
ST_18 : Operation 791 [2/2] (2.10ns) (root node of the DSP)   --->   "%add_ln21_84 = add i16 %mul_ln21_106, i16 %mul_ln21_105" [../source/tut3B_Function/matrix_mult.cpp:21]   --->   Operation 791 'add' 'add_ln21_84' <Predicate = true> <Delay = 2.10> <CoreInst = "DSP48">   --->   Core 116 'DSP48' <Latency = 3> <II = 1> <Delay = 2.15> <IPBlock> <Opcode : 'add' 'sub' 'mul' 'select'> <InPorts = 0> <OutPorts = 1> <Sync> <CReg>
ST_18 : Operation 792 [1/3] (0.00ns) (grouped into DSP with root node add_ln21_88)   --->   "%mul_ln21_110 = mul i16 %sext_ln21_45, i16 %sext_ln21_15" [../source/tut3B_Function/matrix_mult.cpp:21]   --->   Operation 792 'mul' 'mul_ln21_110' <Predicate = true> <Delay = 0.00> <CoreInst = "DSP48">   --->   Core 116 'DSP48' <Latency = 3> <II = 1> <Delay = 2.15> <IPBlock> <Opcode : 'add' 'sub' 'mul' 'select'> <InPorts = 0> <OutPorts = 1> <Sync> <CReg>
ST_18 : Operation 793 [2/2] (2.10ns) (root node of the DSP)   --->   "%add_ln21_88 = add i16 %mul_ln21_111, i16 %mul_ln21_110" [../source/tut3B_Function/matrix_mult.cpp:21]   --->   Operation 793 'add' 'add_ln21_88' <Predicate = true> <Delay = 2.10> <CoreInst = "DSP48">   --->   Core 116 'DSP48' <Latency = 3> <II = 1> <Delay = 2.15> <IPBlock> <Opcode : 'add' 'sub' 'mul' 'select'> <InPorts = 0> <OutPorts = 1> <Sync> <CReg>
ST_18 : Operation 794 [2/3] (1.05ns) (grouped into DSP with root node add_ln21_92)   --->   "%mul_ln21_115 = mul i16 %sext_ln21_45, i16 %sext_ln21_20" [../source/tut3B_Function/matrix_mult.cpp:21]   --->   Operation 794 'mul' 'mul_ln21_115' <Predicate = true> <Delay = 1.05> <CoreInst = "DSP48">   --->   Core 116 'DSP48' <Latency = 3> <II = 1> <Delay = 2.15> <IPBlock> <Opcode : 'add' 'sub' 'mul' 'select'> <InPorts = 0> <OutPorts = 1> <Sync> <CReg>
ST_18 : Operation 795 [1/5] (5.41ns)   --->   "%mul_ln21_116 = mul i16 %sext_ln21_46, i16 %sext_ln21_21" [../source/tut3B_Function/matrix_mult.cpp:21]   --->   Operation 795 'mul' 'mul_ln21_116' <Predicate = true> <Delay = 5.41> <CoreInst = "Multiplier">   --->   Core 3 'Multiplier' <Latency = 4> <II = 1> <Delay = 5.41> <FuncUnit> <Opcode : 'mul'> <InPorts = 2> <OutPorts = 1>
ST_18 : Operation 796 [2/3] (1.05ns) (grouped into DSP with root node add_ln21_96)   --->   "%mul_ln21_120 = mul i16 %sext_ln21_45, i16 %sext_ln21_25" [../source/tut3B_Function/matrix_mult.cpp:21]   --->   Operation 796 'mul' 'mul_ln21_120' <Predicate = true> <Delay = 1.05> <CoreInst = "DSP48">   --->   Core 116 'DSP48' <Latency = 3> <II = 1> <Delay = 2.15> <IPBlock> <Opcode : 'add' 'sub' 'mul' 'select'> <InPorts = 0> <OutPorts = 1> <Sync> <CReg>
ST_18 : Operation 797 [1/5] (5.41ns)   --->   "%mul_ln21_121 = mul i16 %sext_ln21_46, i16 %sext_ln21_26" [../source/tut3B_Function/matrix_mult.cpp:21]   --->   Operation 797 'mul' 'mul_ln21_121' <Predicate = true> <Delay = 5.41> <CoreInst = "Multiplier">   --->   Core 3 'Multiplier' <Latency = 4> <II = 1> <Delay = 5.41> <FuncUnit> <Opcode : 'mul'> <InPorts = 2> <OutPorts = 1>

State 19 <SV = 18> <Delay = 2.10>
ST_19 : Operation 798 [1/1] (0.00ns)   --->   "%prod_addr_6 = getelementptr i16 %prod, i64 0, i64 6" [../source/tut3B_Function/matrix_mult.cpp:21]   --->   Operation 798 'getelementptr' 'prod_addr_6' <Predicate = true> <Delay = 0.00>
ST_19 : Operation 799 [1/1] (0.00ns)   --->   "%prod_addr_7 = getelementptr i16 %prod, i64 0, i64 7" [../source/tut3B_Function/matrix_mult.cpp:21]   --->   Operation 799 'getelementptr' 'prod_addr_7' <Predicate = true> <Delay = 0.00>
ST_19 : Operation 800 [1/1] (2.07ns)   --->   "%add_ln21_27 = add i16 %add_ln21_26, i16 %add_ln21_24" [../source/tut3B_Function/matrix_mult.cpp:21]   --->   Operation 800 'add' 'add_ln21_27' <Predicate = true> <Delay = 2.07> <CoreInst = "Adder">   --->   Core 1 'Adder' <Latency = 0> <II = 1> <Delay = 2.07> <FuncUnit> <Opcode : 'add' 'sub'> <InPorts = 2> <OutPorts = 1>
ST_19 : Operation 801 [1/1] ( I:0.00ns O:0.00ns )   --->   "%store_ln21 = store i16 %add_ln21_27, i5 %prod_addr_6" [../source/tut3B_Function/matrix_mult.cpp:21]   --->   Operation 801 'store' 'store_ln21' <Predicate = true> <Delay = 0.00> <CoreInst = "RAM">   --->   Core 81 'RAM' <Latency = 0> <II = 1> <Delay = 1.86> <Storage> <Opcode : 'load' 'store'> <Ports = 2> <Width = 16> <Depth = 25> <RAM>
ST_19 : Operation 802 [1/1] (2.07ns)   --->   "%add_ln21_31 = add i16 %add_ln21_30, i16 %add_ln21_28" [../source/tut3B_Function/matrix_mult.cpp:21]   --->   Operation 802 'add' 'add_ln21_31' <Predicate = true> <Delay = 2.07> <CoreInst = "Adder">   --->   Core 1 'Adder' <Latency = 0> <II = 1> <Delay = 2.07> <FuncUnit> <Opcode : 'add' 'sub'> <InPorts = 2> <OutPorts = 1>
ST_19 : Operation 803 [1/1] ( I:0.00ns O:0.00ns )   --->   "%store_ln21 = store i16 %add_ln21_31, i5 %prod_addr_7" [../source/tut3B_Function/matrix_mult.cpp:21]   --->   Operation 803 'store' 'store_ln21' <Predicate = true> <Delay = 0.00> <CoreInst = "RAM">   --->   Core 81 'RAM' <Latency = 0> <II = 1> <Delay = 1.86> <Storage> <Opcode : 'load' 'store'> <Ports = 2> <Width = 16> <Depth = 25> <RAM>
ST_19 : Operation 804 [1/2] (2.10ns) (root node of the DSP)   --->   "%add_ln21_34 = add i16 %add_ln21_33, i16 %mul_ln21_44" [../source/tut3B_Function/matrix_mult.cpp:21]   --->   Operation 804 'add' 'add_ln21_34' <Predicate = true> <Delay = 2.10> <CoreInst = "DSP48">   --->   Core 116 'DSP48' <Latency = 3> <II = 1> <Delay = 2.15> <IPBlock> <Opcode : 'add' 'sub' 'mul' 'select'> <InPorts = 0> <OutPorts = 1> <Sync> <CReg>
ST_19 : Operation 805 [1/2] (2.10ns) (root node of the DSP)   --->   "%add_ln21_38 = add i16 %add_ln21_37, i16 %mul_ln21_49" [../source/tut3B_Function/matrix_mult.cpp:21]   --->   Operation 805 'add' 'add_ln21_38' <Predicate = true> <Delay = 2.10> <CoreInst = "DSP48">   --->   Core 116 'DSP48' <Latency = 3> <II = 1> <Delay = 2.15> <IPBlock> <Opcode : 'add' 'sub' 'mul' 'select'> <InPorts = 0> <OutPorts = 1> <Sync> <CReg>
ST_19 : Operation 806 [1/3] (0.00ns) (grouped into DSP with root node add_ln21_42)   --->   "%mul_ln21_54 = mul i16 %sext_ln21_37, i16 %sext_ln21_5" [../source/tut3B_Function/matrix_mult.cpp:21]   --->   Operation 806 'mul' 'mul_ln21_54' <Predicate = true> <Delay = 0.00> <CoreInst = "DSP48">   --->   Core 116 'DSP48' <Latency = 3> <II = 1> <Delay = 2.15> <IPBlock> <Opcode : 'add' 'sub' 'mul' 'select'> <InPorts = 0> <OutPorts = 1> <Sync> <CReg>
ST_19 : Operation 807 [2/2] (2.10ns) (root node of the DSP)   --->   "%add_ln21_42 = add i16 %add_ln21_41, i16 %mul_ln21_54" [../source/tut3B_Function/matrix_mult.cpp:21]   --->   Operation 807 'add' 'add_ln21_42' <Predicate = true> <Delay = 2.10> <CoreInst = "DSP48">   --->   Core 116 'DSP48' <Latency = 3> <II = 1> <Delay = 2.15> <IPBlock> <Opcode : 'add' 'sub' 'mul' 'select'> <InPorts = 0> <OutPorts = 1> <Sync> <CReg>
ST_19 : Operation 808 [1/3] (0.00ns) (grouped into DSP with root node add_ln21_46)   --->   "%mul_ln21_59 = mul i16 %sext_ln21_37, i16 %sext_ln21_12" [../source/tut3B_Function/matrix_mult.cpp:21]   --->   Operation 808 'mul' 'mul_ln21_59' <Predicate = true> <Delay = 0.00> <CoreInst = "DSP48">   --->   Core 116 'DSP48' <Latency = 3> <II = 1> <Delay = 2.15> <IPBlock> <Opcode : 'add' 'sub' 'mul' 'select'> <InPorts = 0> <OutPorts = 1> <Sync> <CReg>
ST_19 : Operation 809 [2/2] (2.10ns) (root node of the DSP)   --->   "%add_ln21_46 = add i16 %add_ln21_45, i16 %mul_ln21_59" [../source/tut3B_Function/matrix_mult.cpp:21]   --->   Operation 809 'add' 'add_ln21_46' <Predicate = true> <Delay = 2.10> <CoreInst = "DSP48">   --->   Core 116 'DSP48' <Latency = 3> <II = 1> <Delay = 2.15> <IPBlock> <Opcode : 'add' 'sub' 'mul' 'select'> <InPorts = 0> <OutPorts = 1> <Sync> <CReg>
ST_19 : Operation 810 [1/3] (0.00ns) (grouped into DSP with root node add_ln21_50)   --->   "%mul_ln21_64 = mul i16 %sext_ln21_37, i16 %sext_ln21_17" [../source/tut3B_Function/matrix_mult.cpp:21]   --->   Operation 810 'mul' 'mul_ln21_64' <Predicate = true> <Delay = 0.00> <CoreInst = "DSP48">   --->   Core 116 'DSP48' <Latency = 3> <II = 1> <Delay = 2.15> <IPBlock> <Opcode : 'add' 'sub' 'mul' 'select'> <InPorts = 0> <OutPorts = 1> <Sync> <CReg>
ST_19 : Operation 811 [2/2] (2.10ns) (root node of the DSP)   --->   "%add_ln21_50 = add i16 %add_ln21_49, i16 %mul_ln21_64" [../source/tut3B_Function/matrix_mult.cpp:21]   --->   Operation 811 'add' 'add_ln21_50' <Predicate = true> <Delay = 2.10> <CoreInst = "DSP48">   --->   Core 116 'DSP48' <Latency = 3> <II = 1> <Delay = 2.15> <IPBlock> <Opcode : 'add' 'sub' 'mul' 'select'> <InPorts = 0> <OutPorts = 1> <Sync> <CReg>
ST_19 : Operation 812 [1/3] (0.00ns) (grouped into DSP with root node add_ln21_54)   --->   "%mul_ln21_69 = mul i16 %sext_ln21_37, i16 %sext_ln21_22" [../source/tut3B_Function/matrix_mult.cpp:21]   --->   Operation 812 'mul' 'mul_ln21_69' <Predicate = true> <Delay = 0.00> <CoreInst = "DSP48">   --->   Core 116 'DSP48' <Latency = 3> <II = 1> <Delay = 2.15> <IPBlock> <Opcode : 'add' 'sub' 'mul' 'select'> <InPorts = 0> <OutPorts = 1> <Sync> <CReg>
ST_19 : Operation 813 [2/2] (2.10ns) (root node of the DSP)   --->   "%add_ln21_54 = add i16 %add_ln21_53, i16 %mul_ln21_69" [../source/tut3B_Function/matrix_mult.cpp:21]   --->   Operation 813 'add' 'add_ln21_54' <Predicate = true> <Delay = 2.10> <CoreInst = "DSP48">   --->   Core 116 'DSP48' <Latency = 3> <II = 1> <Delay = 2.15> <IPBlock> <Opcode : 'add' 'sub' 'mul' 'select'> <InPorts = 0> <OutPorts = 1> <Sync> <CReg>
ST_19 : Operation 814 [2/3] (1.05ns) (grouped into DSP with root node add_ln21_58)   --->   "%mul_ln21_74 = mul i16 %sext_ln21_37, i16 %sext_ln21_27" [../source/tut3B_Function/matrix_mult.cpp:21]   --->   Operation 814 'mul' 'mul_ln21_74' <Predicate = true> <Delay = 1.05> <CoreInst = "DSP48">   --->   Core 116 'DSP48' <Latency = 3> <II = 1> <Delay = 2.15> <IPBlock> <Opcode : 'add' 'sub' 'mul' 'select'> <InPorts = 0> <OutPorts = 1> <Sync> <CReg>
ST_19 : Operation 815 [2/3] (1.05ns) (grouped into DSP with root node add_ln21_62)   --->   "%mul_ln21_79 = mul i16 %sext_ln21_42, i16 %sext_ln21_5" [../source/tut3B_Function/matrix_mult.cpp:21]   --->   Operation 815 'mul' 'mul_ln21_79' <Predicate = true> <Delay = 1.05> <CoreInst = "DSP48">   --->   Core 116 'DSP48' <Latency = 3> <II = 1> <Delay = 2.15> <IPBlock> <Opcode : 'add' 'sub' 'mul' 'select'> <InPorts = 0> <OutPorts = 1> <Sync> <CReg>
ST_19 : Operation 816 [2/3] (1.05ns) (grouped into DSP with root node add_ln21_66)   --->   "%mul_ln21_84 = mul i16 %sext_ln21_42, i16 %sext_ln21_12" [../source/tut3B_Function/matrix_mult.cpp:21]   --->   Operation 816 'mul' 'mul_ln21_84' <Predicate = true> <Delay = 1.05> <CoreInst = "DSP48">   --->   Core 116 'DSP48' <Latency = 3> <II = 1> <Delay = 2.15> <IPBlock> <Opcode : 'add' 'sub' 'mul' 'select'> <InPorts = 0> <OutPorts = 1> <Sync> <CReg>
ST_19 : Operation 817 [2/3] (1.05ns) (grouped into DSP with root node add_ln21_70)   --->   "%mul_ln21_89 = mul i16 %sext_ln21_42, i16 %sext_ln21_17" [../source/tut3B_Function/matrix_mult.cpp:21]   --->   Operation 817 'mul' 'mul_ln21_89' <Predicate = true> <Delay = 1.05> <CoreInst = "DSP48">   --->   Core 116 'DSP48' <Latency = 3> <II = 1> <Delay = 2.15> <IPBlock> <Opcode : 'add' 'sub' 'mul' 'select'> <InPorts = 0> <OutPorts = 1> <Sync> <CReg>
ST_19 : Operation 818 [2/3] (1.05ns) (grouped into DSP with root node add_ln21_74)   --->   "%mul_ln21_94 = mul i16 %sext_ln21_42, i16 %sext_ln21_22" [../source/tut3B_Function/matrix_mult.cpp:21]   --->   Operation 818 'mul' 'mul_ln21_94' <Predicate = true> <Delay = 1.05> <CoreInst = "DSP48">   --->   Core 116 'DSP48' <Latency = 3> <II = 1> <Delay = 2.15> <IPBlock> <Opcode : 'add' 'sub' 'mul' 'select'> <InPorts = 0> <OutPorts = 1> <Sync> <CReg>
ST_19 : Operation 819 [2/3] (1.05ns) (grouped into DSP with root node add_ln21_78)   --->   "%mul_ln21_99 = mul i16 %sext_ln21_42, i16 %sext_ln21_27" [../source/tut3B_Function/matrix_mult.cpp:21]   --->   Operation 819 'mul' 'mul_ln21_99' <Predicate = true> <Delay = 1.05> <CoreInst = "DSP48">   --->   Core 116 'DSP48' <Latency = 3> <II = 1> <Delay = 2.15> <IPBlock> <Opcode : 'add' 'sub' 'mul' 'select'> <InPorts = 0> <OutPorts = 1> <Sync> <CReg>
ST_19 : Operation 820 [1/2] (2.10ns) (root node of the DSP)   --->   "%add_ln21_76 = add i16 %mul_ln21_96, i16 %mul_ln21_95" [../source/tut3B_Function/matrix_mult.cpp:21]   --->   Operation 820 'add' 'add_ln21_76' <Predicate = true> <Delay = 2.10> <CoreInst = "DSP48">   --->   Core 116 'DSP48' <Latency = 3> <II = 1> <Delay = 2.15> <IPBlock> <Opcode : 'add' 'sub' 'mul' 'select'> <InPorts = 0> <OutPorts = 1> <Sync> <CReg>
ST_19 : Operation 821 [1/1] (0.00ns)   --->   "%sext_ln21_47 = sext i8 %a_load_22" [../source/tut3B_Function/matrix_mult.cpp:21]   --->   Operation 821 'sext' 'sext_ln21_47' <Predicate = true> <Delay = 0.00>
ST_19 : Operation 822 [3/3] (1.05ns) (grouped into DSP with root node add_ln21_82)   --->   "%mul_ln21_104 = mul i16 %sext_ln21_47, i16 %sext_ln21_5" [../source/tut3B_Function/matrix_mult.cpp:21]   --->   Operation 822 'mul' 'mul_ln21_104' <Predicate = true> <Delay = 1.05> <CoreInst = "DSP48">   --->   Core 116 'DSP48' <Latency = 3> <II = 1> <Delay = 2.15> <IPBlock> <Opcode : 'add' 'sub' 'mul' 'select'> <InPorts = 0> <OutPorts = 1> <Sync> <CReg>
ST_19 : Operation 823 [1/2] (2.10ns) (root node of the DSP)   --->   "%add_ln21_80 = add i16 %mul_ln21_101, i16 %mul_ln21_100" [../source/tut3B_Function/matrix_mult.cpp:21]   --->   Operation 823 'add' 'add_ln21_80' <Predicate = true> <Delay = 2.10> <CoreInst = "DSP48">   --->   Core 116 'DSP48' <Latency = 3> <II = 1> <Delay = 2.15> <IPBlock> <Opcode : 'add' 'sub' 'mul' 'select'> <InPorts = 0> <OutPorts = 1> <Sync> <CReg>
ST_19 : Operation 824 [3/3] (1.05ns) (grouped into DSP with root node add_ln21_86)   --->   "%mul_ln21_109 = mul i16 %sext_ln21_47, i16 %sext_ln21_12" [../source/tut3B_Function/matrix_mult.cpp:21]   --->   Operation 824 'mul' 'mul_ln21_109' <Predicate = true> <Delay = 1.05> <CoreInst = "DSP48">   --->   Core 116 'DSP48' <Latency = 3> <II = 1> <Delay = 2.15> <IPBlock> <Opcode : 'add' 'sub' 'mul' 'select'> <InPorts = 0> <OutPorts = 1> <Sync> <CReg>
ST_19 : Operation 825 [1/2] (2.10ns) (root node of the DSP)   --->   "%add_ln21_84 = add i16 %mul_ln21_106, i16 %mul_ln21_105" [../source/tut3B_Function/matrix_mult.cpp:21]   --->   Operation 825 'add' 'add_ln21_84' <Predicate = true> <Delay = 2.10> <CoreInst = "DSP48">   --->   Core 116 'DSP48' <Latency = 3> <II = 1> <Delay = 2.15> <IPBlock> <Opcode : 'add' 'sub' 'mul' 'select'> <InPorts = 0> <OutPorts = 1> <Sync> <CReg>
ST_19 : Operation 826 [3/3] (1.05ns) (grouped into DSP with root node add_ln21_90)   --->   "%mul_ln21_114 = mul i16 %sext_ln21_47, i16 %sext_ln21_17" [../source/tut3B_Function/matrix_mult.cpp:21]   --->   Operation 826 'mul' 'mul_ln21_114' <Predicate = true> <Delay = 1.05> <CoreInst = "DSP48">   --->   Core 116 'DSP48' <Latency = 3> <II = 1> <Delay = 2.15> <IPBlock> <Opcode : 'add' 'sub' 'mul' 'select'> <InPorts = 0> <OutPorts = 1> <Sync> <CReg>
ST_19 : Operation 827 [1/2] (2.10ns) (root node of the DSP)   --->   "%add_ln21_88 = add i16 %mul_ln21_111, i16 %mul_ln21_110" [../source/tut3B_Function/matrix_mult.cpp:21]   --->   Operation 827 'add' 'add_ln21_88' <Predicate = true> <Delay = 2.10> <CoreInst = "DSP48">   --->   Core 116 'DSP48' <Latency = 3> <II = 1> <Delay = 2.15> <IPBlock> <Opcode : 'add' 'sub' 'mul' 'select'> <InPorts = 0> <OutPorts = 1> <Sync> <CReg>
ST_19 : Operation 828 [1/3] (0.00ns) (grouped into DSP with root node add_ln21_92)   --->   "%mul_ln21_115 = mul i16 %sext_ln21_45, i16 %sext_ln21_20" [../source/tut3B_Function/matrix_mult.cpp:21]   --->   Operation 828 'mul' 'mul_ln21_115' <Predicate = true> <Delay = 0.00> <CoreInst = "DSP48">   --->   Core 116 'DSP48' <Latency = 3> <II = 1> <Delay = 2.15> <IPBlock> <Opcode : 'add' 'sub' 'mul' 'select'> <InPorts = 0> <OutPorts = 1> <Sync> <CReg>
ST_19 : Operation 829 [3/3] (1.05ns) (grouped into DSP with root node add_ln21_94)   --->   "%mul_ln21_119 = mul i16 %sext_ln21_47, i16 %sext_ln21_22" [../source/tut3B_Function/matrix_mult.cpp:21]   --->   Operation 829 'mul' 'mul_ln21_119' <Predicate = true> <Delay = 1.05> <CoreInst = "DSP48">   --->   Core 116 'DSP48' <Latency = 3> <II = 1> <Delay = 2.15> <IPBlock> <Opcode : 'add' 'sub' 'mul' 'select'> <InPorts = 0> <OutPorts = 1> <Sync> <CReg>
ST_19 : Operation 830 [2/2] (2.10ns) (root node of the DSP)   --->   "%add_ln21_92 = add i16 %mul_ln21_116, i16 %mul_ln21_115" [../source/tut3B_Function/matrix_mult.cpp:21]   --->   Operation 830 'add' 'add_ln21_92' <Predicate = true> <Delay = 2.10> <CoreInst = "DSP48">   --->   Core 116 'DSP48' <Latency = 3> <II = 1> <Delay = 2.15> <IPBlock> <Opcode : 'add' 'sub' 'mul' 'select'> <InPorts = 0> <OutPorts = 1> <Sync> <CReg>
ST_19 : Operation 831 [1/3] (0.00ns) (grouped into DSP with root node add_ln21_96)   --->   "%mul_ln21_120 = mul i16 %sext_ln21_45, i16 %sext_ln21_25" [../source/tut3B_Function/matrix_mult.cpp:21]   --->   Operation 831 'mul' 'mul_ln21_120' <Predicate = true> <Delay = 0.00> <CoreInst = "DSP48">   --->   Core 116 'DSP48' <Latency = 3> <II = 1> <Delay = 2.15> <IPBlock> <Opcode : 'add' 'sub' 'mul' 'select'> <InPorts = 0> <OutPorts = 1> <Sync> <CReg>
ST_19 : Operation 832 [3/3] (1.05ns) (grouped into DSP with root node add_ln21_98)   --->   "%mul_ln21_124 = mul i16 %sext_ln21_47, i16 %sext_ln21_27" [../source/tut3B_Function/matrix_mult.cpp:21]   --->   Operation 832 'mul' 'mul_ln21_124' <Predicate = true> <Delay = 1.05> <CoreInst = "DSP48">   --->   Core 116 'DSP48' <Latency = 3> <II = 1> <Delay = 2.15> <IPBlock> <Opcode : 'add' 'sub' 'mul' 'select'> <InPorts = 0> <OutPorts = 1> <Sync> <CReg>
ST_19 : Operation 833 [2/2] (2.10ns) (root node of the DSP)   --->   "%add_ln21_96 = add i16 %mul_ln21_121, i16 %mul_ln21_120" [../source/tut3B_Function/matrix_mult.cpp:21]   --->   Operation 833 'add' 'add_ln21_96' <Predicate = true> <Delay = 2.10> <CoreInst = "DSP48">   --->   Core 116 'DSP48' <Latency = 3> <II = 1> <Delay = 2.15> <IPBlock> <Opcode : 'add' 'sub' 'mul' 'select'> <InPorts = 0> <OutPorts = 1> <Sync> <CReg>

State 20 <SV = 19> <Delay = 2.10>
ST_20 : Operation 834 [1/1] (0.00ns)   --->   "%prod_addr_8 = getelementptr i16 %prod, i64 0, i64 8" [../source/tut3B_Function/matrix_mult.cpp:21]   --->   Operation 834 'getelementptr' 'prod_addr_8' <Predicate = true> <Delay = 0.00>
ST_20 : Operation 835 [1/1] (0.00ns)   --->   "%prod_addr_9 = getelementptr i16 %prod, i64 0, i64 9" [../source/tut3B_Function/matrix_mult.cpp:21]   --->   Operation 835 'getelementptr' 'prod_addr_9' <Predicate = true> <Delay = 0.00>
ST_20 : Operation 836 [1/1] (2.07ns)   --->   "%add_ln21_35 = add i16 %add_ln21_34, i16 %add_ln21_32" [../source/tut3B_Function/matrix_mult.cpp:21]   --->   Operation 836 'add' 'add_ln21_35' <Predicate = true> <Delay = 2.07> <CoreInst = "Adder">   --->   Core 1 'Adder' <Latency = 0> <II = 1> <Delay = 2.07> <FuncUnit> <Opcode : 'add' 'sub'> <InPorts = 2> <OutPorts = 1>
ST_20 : Operation 837 [1/1] ( I:0.00ns O:0.00ns )   --->   "%store_ln21 = store i16 %add_ln21_35, i5 %prod_addr_8" [../source/tut3B_Function/matrix_mult.cpp:21]   --->   Operation 837 'store' 'store_ln21' <Predicate = true> <Delay = 0.00> <CoreInst = "RAM">   --->   Core 81 'RAM' <Latency = 0> <II = 1> <Delay = 1.86> <Storage> <Opcode : 'load' 'store'> <Ports = 2> <Width = 16> <Depth = 25> <RAM>
ST_20 : Operation 838 [1/1] (2.07ns)   --->   "%add_ln21_39 = add i16 %add_ln21_38, i16 %add_ln21_36" [../source/tut3B_Function/matrix_mult.cpp:21]   --->   Operation 838 'add' 'add_ln21_39' <Predicate = true> <Delay = 2.07> <CoreInst = "Adder">   --->   Core 1 'Adder' <Latency = 0> <II = 1> <Delay = 2.07> <FuncUnit> <Opcode : 'add' 'sub'> <InPorts = 2> <OutPorts = 1>
ST_20 : Operation 839 [1/1] ( I:0.00ns O:0.00ns )   --->   "%store_ln21 = store i16 %add_ln21_39, i5 %prod_addr_9" [../source/tut3B_Function/matrix_mult.cpp:21]   --->   Operation 839 'store' 'store_ln21' <Predicate = true> <Delay = 0.00> <CoreInst = "RAM">   --->   Core 81 'RAM' <Latency = 0> <II = 1> <Delay = 1.86> <Storage> <Opcode : 'load' 'store'> <Ports = 2> <Width = 16> <Depth = 25> <RAM>
ST_20 : Operation 840 [1/2] (2.10ns) (root node of the DSP)   --->   "%add_ln21_42 = add i16 %add_ln21_41, i16 %mul_ln21_54" [../source/tut3B_Function/matrix_mult.cpp:21]   --->   Operation 840 'add' 'add_ln21_42' <Predicate = true> <Delay = 2.10> <CoreInst = "DSP48">   --->   Core 116 'DSP48' <Latency = 3> <II = 1> <Delay = 2.15> <IPBlock> <Opcode : 'add' 'sub' 'mul' 'select'> <InPorts = 0> <OutPorts = 1> <Sync> <CReg>
ST_20 : Operation 841 [1/2] (2.10ns) (root node of the DSP)   --->   "%add_ln21_46 = add i16 %add_ln21_45, i16 %mul_ln21_59" [../source/tut3B_Function/matrix_mult.cpp:21]   --->   Operation 841 'add' 'add_ln21_46' <Predicate = true> <Delay = 2.10> <CoreInst = "DSP48">   --->   Core 116 'DSP48' <Latency = 3> <II = 1> <Delay = 2.15> <IPBlock> <Opcode : 'add' 'sub' 'mul' 'select'> <InPorts = 0> <OutPorts = 1> <Sync> <CReg>
ST_20 : Operation 842 [1/2] (2.10ns) (root node of the DSP)   --->   "%add_ln21_50 = add i16 %add_ln21_49, i16 %mul_ln21_64" [../source/tut3B_Function/matrix_mult.cpp:21]   --->   Operation 842 'add' 'add_ln21_50' <Predicate = true> <Delay = 2.10> <CoreInst = "DSP48">   --->   Core 116 'DSP48' <Latency = 3> <II = 1> <Delay = 2.15> <IPBlock> <Opcode : 'add' 'sub' 'mul' 'select'> <InPorts = 0> <OutPorts = 1> <Sync> <CReg>
ST_20 : Operation 843 [1/2] (2.10ns) (root node of the DSP)   --->   "%add_ln21_54 = add i16 %add_ln21_53, i16 %mul_ln21_69" [../source/tut3B_Function/matrix_mult.cpp:21]   --->   Operation 843 'add' 'add_ln21_54' <Predicate = true> <Delay = 2.10> <CoreInst = "DSP48">   --->   Core 116 'DSP48' <Latency = 3> <II = 1> <Delay = 2.15> <IPBlock> <Opcode : 'add' 'sub' 'mul' 'select'> <InPorts = 0> <OutPorts = 1> <Sync> <CReg>
ST_20 : Operation 844 [1/3] (0.00ns) (grouped into DSP with root node add_ln21_58)   --->   "%mul_ln21_74 = mul i16 %sext_ln21_37, i16 %sext_ln21_27" [../source/tut3B_Function/matrix_mult.cpp:21]   --->   Operation 844 'mul' 'mul_ln21_74' <Predicate = true> <Delay = 0.00> <CoreInst = "DSP48">   --->   Core 116 'DSP48' <Latency = 3> <II = 1> <Delay = 2.15> <IPBlock> <Opcode : 'add' 'sub' 'mul' 'select'> <InPorts = 0> <OutPorts = 1> <Sync> <CReg>
ST_20 : Operation 845 [2/2] (2.10ns) (root node of the DSP)   --->   "%add_ln21_58 = add i16 %add_ln21_57, i16 %mul_ln21_74" [../source/tut3B_Function/matrix_mult.cpp:21]   --->   Operation 845 'add' 'add_ln21_58' <Predicate = true> <Delay = 2.10> <CoreInst = "DSP48">   --->   Core 116 'DSP48' <Latency = 3> <II = 1> <Delay = 2.15> <IPBlock> <Opcode : 'add' 'sub' 'mul' 'select'> <InPorts = 0> <OutPorts = 1> <Sync> <CReg>
ST_20 : Operation 846 [1/3] (0.00ns) (grouped into DSP with root node add_ln21_62)   --->   "%mul_ln21_79 = mul i16 %sext_ln21_42, i16 %sext_ln21_5" [../source/tut3B_Function/matrix_mult.cpp:21]   --->   Operation 846 'mul' 'mul_ln21_79' <Predicate = true> <Delay = 0.00> <CoreInst = "DSP48">   --->   Core 116 'DSP48' <Latency = 3> <II = 1> <Delay = 2.15> <IPBlock> <Opcode : 'add' 'sub' 'mul' 'select'> <InPorts = 0> <OutPorts = 1> <Sync> <CReg>
ST_20 : Operation 847 [2/2] (2.10ns) (root node of the DSP)   --->   "%add_ln21_62 = add i16 %add_ln21_61, i16 %mul_ln21_79" [../source/tut3B_Function/matrix_mult.cpp:21]   --->   Operation 847 'add' 'add_ln21_62' <Predicate = true> <Delay = 2.10> <CoreInst = "DSP48">   --->   Core 116 'DSP48' <Latency = 3> <II = 1> <Delay = 2.15> <IPBlock> <Opcode : 'add' 'sub' 'mul' 'select'> <InPorts = 0> <OutPorts = 1> <Sync> <CReg>
ST_20 : Operation 848 [1/3] (0.00ns) (grouped into DSP with root node add_ln21_66)   --->   "%mul_ln21_84 = mul i16 %sext_ln21_42, i16 %sext_ln21_12" [../source/tut3B_Function/matrix_mult.cpp:21]   --->   Operation 848 'mul' 'mul_ln21_84' <Predicate = true> <Delay = 0.00> <CoreInst = "DSP48">   --->   Core 116 'DSP48' <Latency = 3> <II = 1> <Delay = 2.15> <IPBlock> <Opcode : 'add' 'sub' 'mul' 'select'> <InPorts = 0> <OutPorts = 1> <Sync> <CReg>
ST_20 : Operation 849 [2/2] (2.10ns) (root node of the DSP)   --->   "%add_ln21_66 = add i16 %add_ln21_65, i16 %mul_ln21_84" [../source/tut3B_Function/matrix_mult.cpp:21]   --->   Operation 849 'add' 'add_ln21_66' <Predicate = true> <Delay = 2.10> <CoreInst = "DSP48">   --->   Core 116 'DSP48' <Latency = 3> <II = 1> <Delay = 2.15> <IPBlock> <Opcode : 'add' 'sub' 'mul' 'select'> <InPorts = 0> <OutPorts = 1> <Sync> <CReg>
ST_20 : Operation 850 [1/3] (0.00ns) (grouped into DSP with root node add_ln21_70)   --->   "%mul_ln21_89 = mul i16 %sext_ln21_42, i16 %sext_ln21_17" [../source/tut3B_Function/matrix_mult.cpp:21]   --->   Operation 850 'mul' 'mul_ln21_89' <Predicate = true> <Delay = 0.00> <CoreInst = "DSP48">   --->   Core 116 'DSP48' <Latency = 3> <II = 1> <Delay = 2.15> <IPBlock> <Opcode : 'add' 'sub' 'mul' 'select'> <InPorts = 0> <OutPorts = 1> <Sync> <CReg>
ST_20 : Operation 851 [2/2] (2.10ns) (root node of the DSP)   --->   "%add_ln21_70 = add i16 %add_ln21_69, i16 %mul_ln21_89" [../source/tut3B_Function/matrix_mult.cpp:21]   --->   Operation 851 'add' 'add_ln21_70' <Predicate = true> <Delay = 2.10> <CoreInst = "DSP48">   --->   Core 116 'DSP48' <Latency = 3> <II = 1> <Delay = 2.15> <IPBlock> <Opcode : 'add' 'sub' 'mul' 'select'> <InPorts = 0> <OutPorts = 1> <Sync> <CReg>
ST_20 : Operation 852 [1/3] (0.00ns) (grouped into DSP with root node add_ln21_74)   --->   "%mul_ln21_94 = mul i16 %sext_ln21_42, i16 %sext_ln21_22" [../source/tut3B_Function/matrix_mult.cpp:21]   --->   Operation 852 'mul' 'mul_ln21_94' <Predicate = true> <Delay = 0.00> <CoreInst = "DSP48">   --->   Core 116 'DSP48' <Latency = 3> <II = 1> <Delay = 2.15> <IPBlock> <Opcode : 'add' 'sub' 'mul' 'select'> <InPorts = 0> <OutPorts = 1> <Sync> <CReg>
ST_20 : Operation 853 [2/2] (2.10ns) (root node of the DSP)   --->   "%add_ln21_74 = add i16 %add_ln21_73, i16 %mul_ln21_94" [../source/tut3B_Function/matrix_mult.cpp:21]   --->   Operation 853 'add' 'add_ln21_74' <Predicate = true> <Delay = 2.10> <CoreInst = "DSP48">   --->   Core 116 'DSP48' <Latency = 3> <II = 1> <Delay = 2.15> <IPBlock> <Opcode : 'add' 'sub' 'mul' 'select'> <InPorts = 0> <OutPorts = 1> <Sync> <CReg>
ST_20 : Operation 854 [1/3] (0.00ns) (grouped into DSP with root node add_ln21_78)   --->   "%mul_ln21_99 = mul i16 %sext_ln21_42, i16 %sext_ln21_27" [../source/tut3B_Function/matrix_mult.cpp:21]   --->   Operation 854 'mul' 'mul_ln21_99' <Predicate = true> <Delay = 0.00> <CoreInst = "DSP48">   --->   Core 116 'DSP48' <Latency = 3> <II = 1> <Delay = 2.15> <IPBlock> <Opcode : 'add' 'sub' 'mul' 'select'> <InPorts = 0> <OutPorts = 1> <Sync> <CReg>
ST_20 : Operation 855 [2/2] (2.10ns) (root node of the DSP)   --->   "%add_ln21_78 = add i16 %add_ln21_77, i16 %mul_ln21_99" [../source/tut3B_Function/matrix_mult.cpp:21]   --->   Operation 855 'add' 'add_ln21_78' <Predicate = true> <Delay = 2.10> <CoreInst = "DSP48">   --->   Core 116 'DSP48' <Latency = 3> <II = 1> <Delay = 2.15> <IPBlock> <Opcode : 'add' 'sub' 'mul' 'select'> <InPorts = 0> <OutPorts = 1> <Sync> <CReg>
ST_20 : Operation 856 [2/3] (1.05ns) (grouped into DSP with root node add_ln21_82)   --->   "%mul_ln21_104 = mul i16 %sext_ln21_47, i16 %sext_ln21_5" [../source/tut3B_Function/matrix_mult.cpp:21]   --->   Operation 856 'mul' 'mul_ln21_104' <Predicate = true> <Delay = 1.05> <CoreInst = "DSP48">   --->   Core 116 'DSP48' <Latency = 3> <II = 1> <Delay = 2.15> <IPBlock> <Opcode : 'add' 'sub' 'mul' 'select'> <InPorts = 0> <OutPorts = 1> <Sync> <CReg>
ST_20 : Operation 857 [2/3] (1.05ns) (grouped into DSP with root node add_ln21_86)   --->   "%mul_ln21_109 = mul i16 %sext_ln21_47, i16 %sext_ln21_12" [../source/tut3B_Function/matrix_mult.cpp:21]   --->   Operation 857 'mul' 'mul_ln21_109' <Predicate = true> <Delay = 1.05> <CoreInst = "DSP48">   --->   Core 116 'DSP48' <Latency = 3> <II = 1> <Delay = 2.15> <IPBlock> <Opcode : 'add' 'sub' 'mul' 'select'> <InPorts = 0> <OutPorts = 1> <Sync> <CReg>
ST_20 : Operation 858 [2/3] (1.05ns) (grouped into DSP with root node add_ln21_90)   --->   "%mul_ln21_114 = mul i16 %sext_ln21_47, i16 %sext_ln21_17" [../source/tut3B_Function/matrix_mult.cpp:21]   --->   Operation 858 'mul' 'mul_ln21_114' <Predicate = true> <Delay = 1.05> <CoreInst = "DSP48">   --->   Core 116 'DSP48' <Latency = 3> <II = 1> <Delay = 2.15> <IPBlock> <Opcode : 'add' 'sub' 'mul' 'select'> <InPorts = 0> <OutPorts = 1> <Sync> <CReg>
ST_20 : Operation 859 [2/3] (1.05ns) (grouped into DSP with root node add_ln21_94)   --->   "%mul_ln21_119 = mul i16 %sext_ln21_47, i16 %sext_ln21_22" [../source/tut3B_Function/matrix_mult.cpp:21]   --->   Operation 859 'mul' 'mul_ln21_119' <Predicate = true> <Delay = 1.05> <CoreInst = "DSP48">   --->   Core 116 'DSP48' <Latency = 3> <II = 1> <Delay = 2.15> <IPBlock> <Opcode : 'add' 'sub' 'mul' 'select'> <InPorts = 0> <OutPorts = 1> <Sync> <CReg>
ST_20 : Operation 860 [1/2] (2.10ns) (root node of the DSP)   --->   "%add_ln21_92 = add i16 %mul_ln21_116, i16 %mul_ln21_115" [../source/tut3B_Function/matrix_mult.cpp:21]   --->   Operation 860 'add' 'add_ln21_92' <Predicate = true> <Delay = 2.10> <CoreInst = "DSP48">   --->   Core 116 'DSP48' <Latency = 3> <II = 1> <Delay = 2.15> <IPBlock> <Opcode : 'add' 'sub' 'mul' 'select'> <InPorts = 0> <OutPorts = 1> <Sync> <CReg>
ST_20 : Operation 861 [2/3] (1.05ns) (grouped into DSP with root node add_ln21_98)   --->   "%mul_ln21_124 = mul i16 %sext_ln21_47, i16 %sext_ln21_27" [../source/tut3B_Function/matrix_mult.cpp:21]   --->   Operation 861 'mul' 'mul_ln21_124' <Predicate = true> <Delay = 1.05> <CoreInst = "DSP48">   --->   Core 116 'DSP48' <Latency = 3> <II = 1> <Delay = 2.15> <IPBlock> <Opcode : 'add' 'sub' 'mul' 'select'> <InPorts = 0> <OutPorts = 1> <Sync> <CReg>
ST_20 : Operation 862 [1/2] (2.10ns) (root node of the DSP)   --->   "%add_ln21_96 = add i16 %mul_ln21_121, i16 %mul_ln21_120" [../source/tut3B_Function/matrix_mult.cpp:21]   --->   Operation 862 'add' 'add_ln21_96' <Predicate = true> <Delay = 2.10> <CoreInst = "DSP48">   --->   Core 116 'DSP48' <Latency = 3> <II = 1> <Delay = 2.15> <IPBlock> <Opcode : 'add' 'sub' 'mul' 'select'> <InPorts = 0> <OutPorts = 1> <Sync> <CReg>

State 21 <SV = 20> <Delay = 2.10>
ST_21 : Operation 863 [1/1] (0.00ns)   --->   "%prod_addr_10 = getelementptr i16 %prod, i64 0, i64 10" [../source/tut3B_Function/matrix_mult.cpp:21]   --->   Operation 863 'getelementptr' 'prod_addr_10' <Predicate = true> <Delay = 0.00>
ST_21 : Operation 864 [1/1] (0.00ns)   --->   "%prod_addr_11 = getelementptr i16 %prod, i64 0, i64 11" [../source/tut3B_Function/matrix_mult.cpp:21]   --->   Operation 864 'getelementptr' 'prod_addr_11' <Predicate = true> <Delay = 0.00>
ST_21 : Operation 865 [1/1] (2.07ns)   --->   "%add_ln21_43 = add i16 %add_ln21_42, i16 %add_ln21_40" [../source/tut3B_Function/matrix_mult.cpp:21]   --->   Operation 865 'add' 'add_ln21_43' <Predicate = true> <Delay = 2.07> <CoreInst = "Adder">   --->   Core 1 'Adder' <Latency = 0> <II = 1> <Delay = 2.07> <FuncUnit> <Opcode : 'add' 'sub'> <InPorts = 2> <OutPorts = 1>
ST_21 : Operation 866 [1/1] ( I:0.00ns O:0.00ns )   --->   "%store_ln21 = store i16 %add_ln21_43, i5 %prod_addr_10" [../source/tut3B_Function/matrix_mult.cpp:21]   --->   Operation 866 'store' 'store_ln21' <Predicate = true> <Delay = 0.00> <CoreInst = "RAM">   --->   Core 81 'RAM' <Latency = 0> <II = 1> <Delay = 1.86> <Storage> <Opcode : 'load' 'store'> <Ports = 2> <Width = 16> <Depth = 25> <RAM>
ST_21 : Operation 867 [1/1] (2.07ns)   --->   "%add_ln21_47 = add i16 %add_ln21_46, i16 %add_ln21_44" [../source/tut3B_Function/matrix_mult.cpp:21]   --->   Operation 867 'add' 'add_ln21_47' <Predicate = true> <Delay = 2.07> <CoreInst = "Adder">   --->   Core 1 'Adder' <Latency = 0> <II = 1> <Delay = 2.07> <FuncUnit> <Opcode : 'add' 'sub'> <InPorts = 2> <OutPorts = 1>
ST_21 : Operation 868 [1/1] ( I:0.00ns O:0.00ns )   --->   "%store_ln21 = store i16 %add_ln21_47, i5 %prod_addr_11" [../source/tut3B_Function/matrix_mult.cpp:21]   --->   Operation 868 'store' 'store_ln21' <Predicate = true> <Delay = 0.00> <CoreInst = "RAM">   --->   Core 81 'RAM' <Latency = 0> <II = 1> <Delay = 1.86> <Storage> <Opcode : 'load' 'store'> <Ports = 2> <Width = 16> <Depth = 25> <RAM>
ST_21 : Operation 869 [1/1] (2.07ns)   --->   "%add_ln21_51 = add i16 %add_ln21_50, i16 %add_ln21_48" [../source/tut3B_Function/matrix_mult.cpp:21]   --->   Operation 869 'add' 'add_ln21_51' <Predicate = true> <Delay = 2.07> <CoreInst = "Adder">   --->   Core 1 'Adder' <Latency = 0> <II = 1> <Delay = 2.07> <FuncUnit> <Opcode : 'add' 'sub'> <InPorts = 2> <OutPorts = 1>
ST_21 : Operation 870 [1/1] (2.07ns)   --->   "%add_ln21_55 = add i16 %add_ln21_54, i16 %add_ln21_52" [../source/tut3B_Function/matrix_mult.cpp:21]   --->   Operation 870 'add' 'add_ln21_55' <Predicate = true> <Delay = 2.07> <CoreInst = "Adder">   --->   Core 1 'Adder' <Latency = 0> <II = 1> <Delay = 2.07> <FuncUnit> <Opcode : 'add' 'sub'> <InPorts = 2> <OutPorts = 1>
ST_21 : Operation 871 [1/2] (2.10ns) (root node of the DSP)   --->   "%add_ln21_58 = add i16 %add_ln21_57, i16 %mul_ln21_74" [../source/tut3B_Function/matrix_mult.cpp:21]   --->   Operation 871 'add' 'add_ln21_58' <Predicate = true> <Delay = 2.10> <CoreInst = "DSP48">   --->   Core 116 'DSP48' <Latency = 3> <II = 1> <Delay = 2.15> <IPBlock> <Opcode : 'add' 'sub' 'mul' 'select'> <InPorts = 0> <OutPorts = 1> <Sync> <CReg>
ST_21 : Operation 872 [1/2] (2.10ns) (root node of the DSP)   --->   "%add_ln21_62 = add i16 %add_ln21_61, i16 %mul_ln21_79" [../source/tut3B_Function/matrix_mult.cpp:21]   --->   Operation 872 'add' 'add_ln21_62' <Predicate = true> <Delay = 2.10> <CoreInst = "DSP48">   --->   Core 116 'DSP48' <Latency = 3> <II = 1> <Delay = 2.15> <IPBlock> <Opcode : 'add' 'sub' 'mul' 'select'> <InPorts = 0> <OutPorts = 1> <Sync> <CReg>
ST_21 : Operation 873 [1/2] (2.10ns) (root node of the DSP)   --->   "%add_ln21_66 = add i16 %add_ln21_65, i16 %mul_ln21_84" [../source/tut3B_Function/matrix_mult.cpp:21]   --->   Operation 873 'add' 'add_ln21_66' <Predicate = true> <Delay = 2.10> <CoreInst = "DSP48">   --->   Core 116 'DSP48' <Latency = 3> <II = 1> <Delay = 2.15> <IPBlock> <Opcode : 'add' 'sub' 'mul' 'select'> <InPorts = 0> <OutPorts = 1> <Sync> <CReg>
ST_21 : Operation 874 [1/2] (2.10ns) (root node of the DSP)   --->   "%add_ln21_70 = add i16 %add_ln21_69, i16 %mul_ln21_89" [../source/tut3B_Function/matrix_mult.cpp:21]   --->   Operation 874 'add' 'add_ln21_70' <Predicate = true> <Delay = 2.10> <CoreInst = "DSP48">   --->   Core 116 'DSP48' <Latency = 3> <II = 1> <Delay = 2.15> <IPBlock> <Opcode : 'add' 'sub' 'mul' 'select'> <InPorts = 0> <OutPorts = 1> <Sync> <CReg>
ST_21 : Operation 875 [1/2] (2.10ns) (root node of the DSP)   --->   "%add_ln21_74 = add i16 %add_ln21_73, i16 %mul_ln21_94" [../source/tut3B_Function/matrix_mult.cpp:21]   --->   Operation 875 'add' 'add_ln21_74' <Predicate = true> <Delay = 2.10> <CoreInst = "DSP48">   --->   Core 116 'DSP48' <Latency = 3> <II = 1> <Delay = 2.15> <IPBlock> <Opcode : 'add' 'sub' 'mul' 'select'> <InPorts = 0> <OutPorts = 1> <Sync> <CReg>
ST_21 : Operation 876 [1/2] (2.10ns) (root node of the DSP)   --->   "%add_ln21_78 = add i16 %add_ln21_77, i16 %mul_ln21_99" [../source/tut3B_Function/matrix_mult.cpp:21]   --->   Operation 876 'add' 'add_ln21_78' <Predicate = true> <Delay = 2.10> <CoreInst = "DSP48">   --->   Core 116 'DSP48' <Latency = 3> <II = 1> <Delay = 2.15> <IPBlock> <Opcode : 'add' 'sub' 'mul' 'select'> <InPorts = 0> <OutPorts = 1> <Sync> <CReg>
ST_21 : Operation 877 [1/3] (0.00ns) (grouped into DSP with root node add_ln21_82)   --->   "%mul_ln21_104 = mul i16 %sext_ln21_47, i16 %sext_ln21_5" [../source/tut3B_Function/matrix_mult.cpp:21]   --->   Operation 877 'mul' 'mul_ln21_104' <Predicate = true> <Delay = 0.00> <CoreInst = "DSP48">   --->   Core 116 'DSP48' <Latency = 3> <II = 1> <Delay = 2.15> <IPBlock> <Opcode : 'add' 'sub' 'mul' 'select'> <InPorts = 0> <OutPorts = 1> <Sync> <CReg>
ST_21 : Operation 878 [2/2] (2.10ns) (root node of the DSP)   --->   "%add_ln21_82 = add i16 %add_ln21_81, i16 %mul_ln21_104" [../source/tut3B_Function/matrix_mult.cpp:21]   --->   Operation 878 'add' 'add_ln21_82' <Predicate = true> <Delay = 2.10> <CoreInst = "DSP48">   --->   Core 116 'DSP48' <Latency = 3> <II = 1> <Delay = 2.15> <IPBlock> <Opcode : 'add' 'sub' 'mul' 'select'> <InPorts = 0> <OutPorts = 1> <Sync> <CReg>
ST_21 : Operation 879 [1/3] (0.00ns) (grouped into DSP with root node add_ln21_86)   --->   "%mul_ln21_109 = mul i16 %sext_ln21_47, i16 %sext_ln21_12" [../source/tut3B_Function/matrix_mult.cpp:21]   --->   Operation 879 'mul' 'mul_ln21_109' <Predicate = true> <Delay = 0.00> <CoreInst = "DSP48">   --->   Core 116 'DSP48' <Latency = 3> <II = 1> <Delay = 2.15> <IPBlock> <Opcode : 'add' 'sub' 'mul' 'select'> <InPorts = 0> <OutPorts = 1> <Sync> <CReg>
ST_21 : Operation 880 [2/2] (2.10ns) (root node of the DSP)   --->   "%add_ln21_86 = add i16 %add_ln21_85, i16 %mul_ln21_109" [../source/tut3B_Function/matrix_mult.cpp:21]   --->   Operation 880 'add' 'add_ln21_86' <Predicate = true> <Delay = 2.10> <CoreInst = "DSP48">   --->   Core 116 'DSP48' <Latency = 3> <II = 1> <Delay = 2.15> <IPBlock> <Opcode : 'add' 'sub' 'mul' 'select'> <InPorts = 0> <OutPorts = 1> <Sync> <CReg>
ST_21 : Operation 881 [1/3] (0.00ns) (grouped into DSP with root node add_ln21_90)   --->   "%mul_ln21_114 = mul i16 %sext_ln21_47, i16 %sext_ln21_17" [../source/tut3B_Function/matrix_mult.cpp:21]   --->   Operation 881 'mul' 'mul_ln21_114' <Predicate = true> <Delay = 0.00> <CoreInst = "DSP48">   --->   Core 116 'DSP48' <Latency = 3> <II = 1> <Delay = 2.15> <IPBlock> <Opcode : 'add' 'sub' 'mul' 'select'> <InPorts = 0> <OutPorts = 1> <Sync> <CReg>
ST_21 : Operation 882 [2/2] (2.10ns) (root node of the DSP)   --->   "%add_ln21_90 = add i16 %add_ln21_89, i16 %mul_ln21_114" [../source/tut3B_Function/matrix_mult.cpp:21]   --->   Operation 882 'add' 'add_ln21_90' <Predicate = true> <Delay = 2.10> <CoreInst = "DSP48">   --->   Core 116 'DSP48' <Latency = 3> <II = 1> <Delay = 2.15> <IPBlock> <Opcode : 'add' 'sub' 'mul' 'select'> <InPorts = 0> <OutPorts = 1> <Sync> <CReg>
ST_21 : Operation 883 [1/3] (0.00ns) (grouped into DSP with root node add_ln21_94)   --->   "%mul_ln21_119 = mul i16 %sext_ln21_47, i16 %sext_ln21_22" [../source/tut3B_Function/matrix_mult.cpp:21]   --->   Operation 883 'mul' 'mul_ln21_119' <Predicate = true> <Delay = 0.00> <CoreInst = "DSP48">   --->   Core 116 'DSP48' <Latency = 3> <II = 1> <Delay = 2.15> <IPBlock> <Opcode : 'add' 'sub' 'mul' 'select'> <InPorts = 0> <OutPorts = 1> <Sync> <CReg>
ST_21 : Operation 884 [2/2] (2.10ns) (root node of the DSP)   --->   "%add_ln21_94 = add i16 %add_ln21_93, i16 %mul_ln21_119" [../source/tut3B_Function/matrix_mult.cpp:21]   --->   Operation 884 'add' 'add_ln21_94' <Predicate = true> <Delay = 2.10> <CoreInst = "DSP48">   --->   Core 116 'DSP48' <Latency = 3> <II = 1> <Delay = 2.15> <IPBlock> <Opcode : 'add' 'sub' 'mul' 'select'> <InPorts = 0> <OutPorts = 1> <Sync> <CReg>
ST_21 : Operation 885 [1/3] (0.00ns) (grouped into DSP with root node add_ln21_98)   --->   "%mul_ln21_124 = mul i16 %sext_ln21_47, i16 %sext_ln21_27" [../source/tut3B_Function/matrix_mult.cpp:21]   --->   Operation 885 'mul' 'mul_ln21_124' <Predicate = true> <Delay = 0.00> <CoreInst = "DSP48">   --->   Core 116 'DSP48' <Latency = 3> <II = 1> <Delay = 2.15> <IPBlock> <Opcode : 'add' 'sub' 'mul' 'select'> <InPorts = 0> <OutPorts = 1> <Sync> <CReg>
ST_21 : Operation 886 [2/2] (2.10ns) (root node of the DSP)   --->   "%add_ln21_98 = add i16 %add_ln21_97, i16 %mul_ln21_124" [../source/tut3B_Function/matrix_mult.cpp:21]   --->   Operation 886 'add' 'add_ln21_98' <Predicate = true> <Delay = 2.10> <CoreInst = "DSP48">   --->   Core 116 'DSP48' <Latency = 3> <II = 1> <Delay = 2.15> <IPBlock> <Opcode : 'add' 'sub' 'mul' 'select'> <InPorts = 0> <OutPorts = 1> <Sync> <CReg>

State 22 <SV = 21> <Delay = 2.10>
ST_22 : Operation 887 [1/1] (0.00ns)   --->   "%prod_addr_12 = getelementptr i16 %prod, i64 0, i64 12" [../source/tut3B_Function/matrix_mult.cpp:21]   --->   Operation 887 'getelementptr' 'prod_addr_12' <Predicate = true> <Delay = 0.00>
ST_22 : Operation 888 [1/1] (0.00ns)   --->   "%prod_addr_13 = getelementptr i16 %prod, i64 0, i64 13" [../source/tut3B_Function/matrix_mult.cpp:21]   --->   Operation 888 'getelementptr' 'prod_addr_13' <Predicate = true> <Delay = 0.00>
ST_22 : Operation 889 [1/1] ( I:0.00ns O:0.00ns )   --->   "%store_ln21 = store i16 %add_ln21_51, i5 %prod_addr_12" [../source/tut3B_Function/matrix_mult.cpp:21]   --->   Operation 889 'store' 'store_ln21' <Predicate = true> <Delay = 0.00> <CoreInst = "RAM">   --->   Core 81 'RAM' <Latency = 0> <II = 1> <Delay = 1.86> <Storage> <Opcode : 'load' 'store'> <Ports = 2> <Width = 16> <Depth = 25> <RAM>
ST_22 : Operation 890 [1/1] ( I:0.00ns O:0.00ns )   --->   "%store_ln21 = store i16 %add_ln21_55, i5 %prod_addr_13" [../source/tut3B_Function/matrix_mult.cpp:21]   --->   Operation 890 'store' 'store_ln21' <Predicate = true> <Delay = 0.00> <CoreInst = "RAM">   --->   Core 81 'RAM' <Latency = 0> <II = 1> <Delay = 1.86> <Storage> <Opcode : 'load' 'store'> <Ports = 2> <Width = 16> <Depth = 25> <RAM>
ST_22 : Operation 891 [1/1] (2.07ns)   --->   "%add_ln21_59 = add i16 %add_ln21_58, i16 %add_ln21_56" [../source/tut3B_Function/matrix_mult.cpp:21]   --->   Operation 891 'add' 'add_ln21_59' <Predicate = true> <Delay = 2.07> <CoreInst = "Adder">   --->   Core 1 'Adder' <Latency = 0> <II = 1> <Delay = 2.07> <FuncUnit> <Opcode : 'add' 'sub'> <InPorts = 2> <OutPorts = 1>
ST_22 : Operation 892 [1/1] (2.07ns)   --->   "%add_ln21_63 = add i16 %add_ln21_62, i16 %add_ln21_60" [../source/tut3B_Function/matrix_mult.cpp:21]   --->   Operation 892 'add' 'add_ln21_63' <Predicate = true> <Delay = 2.07> <CoreInst = "Adder">   --->   Core 1 'Adder' <Latency = 0> <II = 1> <Delay = 2.07> <FuncUnit> <Opcode : 'add' 'sub'> <InPorts = 2> <OutPorts = 1>
ST_22 : Operation 893 [1/1] (2.07ns)   --->   "%add_ln21_67 = add i16 %add_ln21_66, i16 %add_ln21_64" [../source/tut3B_Function/matrix_mult.cpp:21]   --->   Operation 893 'add' 'add_ln21_67' <Predicate = true> <Delay = 2.07> <CoreInst = "Adder">   --->   Core 1 'Adder' <Latency = 0> <II = 1> <Delay = 2.07> <FuncUnit> <Opcode : 'add' 'sub'> <InPorts = 2> <OutPorts = 1>
ST_22 : Operation 894 [1/1] (2.07ns)   --->   "%add_ln21_71 = add i16 %add_ln21_70, i16 %add_ln21_68" [../source/tut3B_Function/matrix_mult.cpp:21]   --->   Operation 894 'add' 'add_ln21_71' <Predicate = true> <Delay = 2.07> <CoreInst = "Adder">   --->   Core 1 'Adder' <Latency = 0> <II = 1> <Delay = 2.07> <FuncUnit> <Opcode : 'add' 'sub'> <InPorts = 2> <OutPorts = 1>
ST_22 : Operation 895 [1/1] (2.07ns)   --->   "%add_ln21_75 = add i16 %add_ln21_74, i16 %add_ln21_72" [../source/tut3B_Function/matrix_mult.cpp:21]   --->   Operation 895 'add' 'add_ln21_75' <Predicate = true> <Delay = 2.07> <CoreInst = "Adder">   --->   Core 1 'Adder' <Latency = 0> <II = 1> <Delay = 2.07> <FuncUnit> <Opcode : 'add' 'sub'> <InPorts = 2> <OutPorts = 1>
ST_22 : Operation 896 [1/1] (2.07ns)   --->   "%add_ln21_79 = add i16 %add_ln21_78, i16 %add_ln21_76" [../source/tut3B_Function/matrix_mult.cpp:21]   --->   Operation 896 'add' 'add_ln21_79' <Predicate = true> <Delay = 2.07> <CoreInst = "Adder">   --->   Core 1 'Adder' <Latency = 0> <II = 1> <Delay = 2.07> <FuncUnit> <Opcode : 'add' 'sub'> <InPorts = 2> <OutPorts = 1>
ST_22 : Operation 897 [1/2] (2.10ns) (root node of the DSP)   --->   "%add_ln21_82 = add i16 %add_ln21_81, i16 %mul_ln21_104" [../source/tut3B_Function/matrix_mult.cpp:21]   --->   Operation 897 'add' 'add_ln21_82' <Predicate = true> <Delay = 2.10> <CoreInst = "DSP48">   --->   Core 116 'DSP48' <Latency = 3> <II = 1> <Delay = 2.15> <IPBlock> <Opcode : 'add' 'sub' 'mul' 'select'> <InPorts = 0> <OutPorts = 1> <Sync> <CReg>
ST_22 : Operation 898 [1/2] (2.10ns) (root node of the DSP)   --->   "%add_ln21_86 = add i16 %add_ln21_85, i16 %mul_ln21_109" [../source/tut3B_Function/matrix_mult.cpp:21]   --->   Operation 898 'add' 'add_ln21_86' <Predicate = true> <Delay = 2.10> <CoreInst = "DSP48">   --->   Core 116 'DSP48' <Latency = 3> <II = 1> <Delay = 2.15> <IPBlock> <Opcode : 'add' 'sub' 'mul' 'select'> <InPorts = 0> <OutPorts = 1> <Sync> <CReg>
ST_22 : Operation 899 [1/2] (2.10ns) (root node of the DSP)   --->   "%add_ln21_90 = add i16 %add_ln21_89, i16 %mul_ln21_114" [../source/tut3B_Function/matrix_mult.cpp:21]   --->   Operation 899 'add' 'add_ln21_90' <Predicate = true> <Delay = 2.10> <CoreInst = "DSP48">   --->   Core 116 'DSP48' <Latency = 3> <II = 1> <Delay = 2.15> <IPBlock> <Opcode : 'add' 'sub' 'mul' 'select'> <InPorts = 0> <OutPorts = 1> <Sync> <CReg>
ST_22 : Operation 900 [1/2] (2.10ns) (root node of the DSP)   --->   "%add_ln21_94 = add i16 %add_ln21_93, i16 %mul_ln21_119" [../source/tut3B_Function/matrix_mult.cpp:21]   --->   Operation 900 'add' 'add_ln21_94' <Predicate = true> <Delay = 2.10> <CoreInst = "DSP48">   --->   Core 116 'DSP48' <Latency = 3> <II = 1> <Delay = 2.15> <IPBlock> <Opcode : 'add' 'sub' 'mul' 'select'> <InPorts = 0> <OutPorts = 1> <Sync> <CReg>
ST_22 : Operation 901 [1/2] (2.10ns) (root node of the DSP)   --->   "%add_ln21_98 = add i16 %add_ln21_97, i16 %mul_ln21_124" [../source/tut3B_Function/matrix_mult.cpp:21]   --->   Operation 901 'add' 'add_ln21_98' <Predicate = true> <Delay = 2.10> <CoreInst = "DSP48">   --->   Core 116 'DSP48' <Latency = 3> <II = 1> <Delay = 2.15> <IPBlock> <Opcode : 'add' 'sub' 'mul' 'select'> <InPorts = 0> <OutPorts = 1> <Sync> <CReg>

State 23 <SV = 22> <Delay = 2.07>
ST_23 : Operation 902 [1/1] (0.00ns)   --->   "%prod_addr_14 = getelementptr i16 %prod, i64 0, i64 14" [../source/tut3B_Function/matrix_mult.cpp:21]   --->   Operation 902 'getelementptr' 'prod_addr_14' <Predicate = true> <Delay = 0.00>
ST_23 : Operation 903 [1/1] (0.00ns)   --->   "%prod_addr_15 = getelementptr i16 %prod, i64 0, i64 15" [../source/tut3B_Function/matrix_mult.cpp:21]   --->   Operation 903 'getelementptr' 'prod_addr_15' <Predicate = true> <Delay = 0.00>
ST_23 : Operation 904 [1/1] ( I:0.00ns O:0.00ns )   --->   "%store_ln21 = store i16 %add_ln21_59, i5 %prod_addr_14" [../source/tut3B_Function/matrix_mult.cpp:21]   --->   Operation 904 'store' 'store_ln21' <Predicate = true> <Delay = 0.00> <CoreInst = "RAM">   --->   Core 81 'RAM' <Latency = 0> <II = 1> <Delay = 1.86> <Storage> <Opcode : 'load' 'store'> <Ports = 2> <Width = 16> <Depth = 25> <RAM>
ST_23 : Operation 905 [1/1] ( I:0.00ns O:0.00ns )   --->   "%store_ln21 = store i16 %add_ln21_63, i5 %prod_addr_15" [../source/tut3B_Function/matrix_mult.cpp:21]   --->   Operation 905 'store' 'store_ln21' <Predicate = true> <Delay = 0.00> <CoreInst = "RAM">   --->   Core 81 'RAM' <Latency = 0> <II = 1> <Delay = 1.86> <Storage> <Opcode : 'load' 'store'> <Ports = 2> <Width = 16> <Depth = 25> <RAM>
ST_23 : Operation 906 [1/1] (2.07ns)   --->   "%add_ln21_83 = add i16 %add_ln21_82, i16 %add_ln21_80" [../source/tut3B_Function/matrix_mult.cpp:21]   --->   Operation 906 'add' 'add_ln21_83' <Predicate = true> <Delay = 2.07> <CoreInst = "Adder">   --->   Core 1 'Adder' <Latency = 0> <II = 1> <Delay = 2.07> <FuncUnit> <Opcode : 'add' 'sub'> <InPorts = 2> <OutPorts = 1>
ST_23 : Operation 907 [1/1] (2.07ns)   --->   "%add_ln21_87 = add i16 %add_ln21_86, i16 %add_ln21_84" [../source/tut3B_Function/matrix_mult.cpp:21]   --->   Operation 907 'add' 'add_ln21_87' <Predicate = true> <Delay = 2.07> <CoreInst = "Adder">   --->   Core 1 'Adder' <Latency = 0> <II = 1> <Delay = 2.07> <FuncUnit> <Opcode : 'add' 'sub'> <InPorts = 2> <OutPorts = 1>
ST_23 : Operation 908 [1/1] (2.07ns)   --->   "%add_ln21_91 = add i16 %add_ln21_90, i16 %add_ln21_88" [../source/tut3B_Function/matrix_mult.cpp:21]   --->   Operation 908 'add' 'add_ln21_91' <Predicate = true> <Delay = 2.07> <CoreInst = "Adder">   --->   Core 1 'Adder' <Latency = 0> <II = 1> <Delay = 2.07> <FuncUnit> <Opcode : 'add' 'sub'> <InPorts = 2> <OutPorts = 1>
ST_23 : Operation 909 [1/1] (2.07ns)   --->   "%add_ln21_95 = add i16 %add_ln21_94, i16 %add_ln21_92" [../source/tut3B_Function/matrix_mult.cpp:21]   --->   Operation 909 'add' 'add_ln21_95' <Predicate = true> <Delay = 2.07> <CoreInst = "Adder">   --->   Core 1 'Adder' <Latency = 0> <II = 1> <Delay = 2.07> <FuncUnit> <Opcode : 'add' 'sub'> <InPorts = 2> <OutPorts = 1>
ST_23 : Operation 910 [1/1] (2.07ns)   --->   "%add_ln21_99 = add i16 %add_ln21_98, i16 %add_ln21_96" [../source/tut3B_Function/matrix_mult.cpp:21]   --->   Operation 910 'add' 'add_ln21_99' <Predicate = true> <Delay = 2.07> <CoreInst = "Adder">   --->   Core 1 'Adder' <Latency = 0> <II = 1> <Delay = 2.07> <FuncUnit> <Opcode : 'add' 'sub'> <InPorts = 2> <OutPorts = 1>

State 24 <SV = 23> <Delay = 0.00>
ST_24 : Operation 911 [1/1] (0.00ns)   --->   "%prod_addr_16 = getelementptr i16 %prod, i64 0, i64 16" [../source/tut3B_Function/matrix_mult.cpp:21]   --->   Operation 911 'getelementptr' 'prod_addr_16' <Predicate = true> <Delay = 0.00>
ST_24 : Operation 912 [1/1] (0.00ns)   --->   "%prod_addr_17 = getelementptr i16 %prod, i64 0, i64 17" [../source/tut3B_Function/matrix_mult.cpp:21]   --->   Operation 912 'getelementptr' 'prod_addr_17' <Predicate = true> <Delay = 0.00>
ST_24 : Operation 913 [1/1] ( I:0.00ns O:0.00ns )   --->   "%store_ln21 = store i16 %add_ln21_67, i5 %prod_addr_16" [../source/tut3B_Function/matrix_mult.cpp:21]   --->   Operation 913 'store' 'store_ln21' <Predicate = true> <Delay = 0.00> <CoreInst = "RAM">   --->   Core 81 'RAM' <Latency = 0> <II = 1> <Delay = 1.86> <Storage> <Opcode : 'load' 'store'> <Ports = 2> <Width = 16> <Depth = 25> <RAM>
ST_24 : Operation 914 [1/1] ( I:0.00ns O:0.00ns )   --->   "%store_ln21 = store i16 %add_ln21_71, i5 %prod_addr_17" [../source/tut3B_Function/matrix_mult.cpp:21]   --->   Operation 914 'store' 'store_ln21' <Predicate = true> <Delay = 0.00> <CoreInst = "RAM">   --->   Core 81 'RAM' <Latency = 0> <II = 1> <Delay = 1.86> <Storage> <Opcode : 'load' 'store'> <Ports = 2> <Width = 16> <Depth = 25> <RAM>

State 25 <SV = 24> <Delay = 0.00>
ST_25 : Operation 915 [1/1] (0.00ns)   --->   "%prod_addr_18 = getelementptr i16 %prod, i64 0, i64 18" [../source/tut3B_Function/matrix_mult.cpp:21]   --->   Operation 915 'getelementptr' 'prod_addr_18' <Predicate = true> <Delay = 0.00>
ST_25 : Operation 916 [1/1] (0.00ns)   --->   "%prod_addr_19 = getelementptr i16 %prod, i64 0, i64 19" [../source/tut3B_Function/matrix_mult.cpp:21]   --->   Operation 916 'getelementptr' 'prod_addr_19' <Predicate = true> <Delay = 0.00>
ST_25 : Operation 917 [1/1] ( I:0.00ns O:0.00ns )   --->   "%store_ln21 = store i16 %add_ln21_75, i5 %prod_addr_18" [../source/tut3B_Function/matrix_mult.cpp:21]   --->   Operation 917 'store' 'store_ln21' <Predicate = true> <Delay = 0.00> <CoreInst = "RAM">   --->   Core 81 'RAM' <Latency = 0> <II = 1> <Delay = 1.86> <Storage> <Opcode : 'load' 'store'> <Ports = 2> <Width = 16> <Depth = 25> <RAM>
ST_25 : Operation 918 [1/1] ( I:0.00ns O:0.00ns )   --->   "%store_ln21 = store i16 %add_ln21_79, i5 %prod_addr_19" [../source/tut3B_Function/matrix_mult.cpp:21]   --->   Operation 918 'store' 'store_ln21' <Predicate = true> <Delay = 0.00> <CoreInst = "RAM">   --->   Core 81 'RAM' <Latency = 0> <II = 1> <Delay = 1.86> <Storage> <Opcode : 'load' 'store'> <Ports = 2> <Width = 16> <Depth = 25> <RAM>

State 26 <SV = 25> <Delay = 0.00>
ST_26 : Operation 919 [1/1] (0.00ns)   --->   "%prod_addr_20 = getelementptr i16 %prod, i64 0, i64 20" [../source/tut3B_Function/matrix_mult.cpp:21]   --->   Operation 919 'getelementptr' 'prod_addr_20' <Predicate = true> <Delay = 0.00>
ST_26 : Operation 920 [1/1] (0.00ns)   --->   "%prod_addr_21 = getelementptr i16 %prod, i64 0, i64 21" [../source/tut3B_Function/matrix_mult.cpp:21]   --->   Operation 920 'getelementptr' 'prod_addr_21' <Predicate = true> <Delay = 0.00>
ST_26 : Operation 921 [1/1] ( I:0.00ns O:0.00ns )   --->   "%store_ln21 = store i16 %add_ln21_83, i5 %prod_addr_20" [../source/tut3B_Function/matrix_mult.cpp:21]   --->   Operation 921 'store' 'store_ln21' <Predicate = true> <Delay = 0.00> <CoreInst = "RAM">   --->   Core 81 'RAM' <Latency = 0> <II = 1> <Delay = 1.86> <Storage> <Opcode : 'load' 'store'> <Ports = 2> <Width = 16> <Depth = 25> <RAM>
ST_26 : Operation 922 [1/1] ( I:0.00ns O:0.00ns )   --->   "%store_ln21 = store i16 %add_ln21_87, i5 %prod_addr_21" [../source/tut3B_Function/matrix_mult.cpp:21]   --->   Operation 922 'store' 'store_ln21' <Predicate = true> <Delay = 0.00> <CoreInst = "RAM">   --->   Core 81 'RAM' <Latency = 0> <II = 1> <Delay = 1.86> <Storage> <Opcode : 'load' 'store'> <Ports = 2> <Width = 16> <Depth = 25> <RAM>

State 27 <SV = 26> <Delay = 0.00>
ST_27 : Operation 923 [1/1] (0.00ns)   --->   "%prod_addr_22 = getelementptr i16 %prod, i64 0, i64 22" [../source/tut3B_Function/matrix_mult.cpp:21]   --->   Operation 923 'getelementptr' 'prod_addr_22' <Predicate = true> <Delay = 0.00>
ST_27 : Operation 924 [1/1] (0.00ns)   --->   "%prod_addr_23 = getelementptr i16 %prod, i64 0, i64 23" [../source/tut3B_Function/matrix_mult.cpp:21]   --->   Operation 924 'getelementptr' 'prod_addr_23' <Predicate = true> <Delay = 0.00>
ST_27 : Operation 925 [1/1] ( I:0.00ns O:0.00ns )   --->   "%store_ln21 = store i16 %add_ln21_91, i5 %prod_addr_22" [../source/tut3B_Function/matrix_mult.cpp:21]   --->   Operation 925 'store' 'store_ln21' <Predicate = true> <Delay = 0.00> <CoreInst = "RAM">   --->   Core 81 'RAM' <Latency = 0> <II = 1> <Delay = 1.86> <Storage> <Opcode : 'load' 'store'> <Ports = 2> <Width = 16> <Depth = 25> <RAM>
ST_27 : Operation 926 [1/1] ( I:0.00ns O:0.00ns )   --->   "%store_ln21 = store i16 %add_ln21_95, i5 %prod_addr_23" [../source/tut3B_Function/matrix_mult.cpp:21]   --->   Operation 926 'store' 'store_ln21' <Predicate = true> <Delay = 0.00> <CoreInst = "RAM">   --->   Core 81 'RAM' <Latency = 0> <II = 1> <Delay = 1.86> <Storage> <Opcode : 'load' 'store'> <Ports = 2> <Width = 16> <Depth = 25> <RAM>

State 28 <SV = 27> <Delay = 0.00>
ST_28 : Operation 927 [1/1] (0.00ns)   --->   "%prod_addr_24 = getelementptr i16 %prod, i64 0, i64 24" [../source/tut3B_Function/matrix_mult.cpp:21]   --->   Operation 927 'getelementptr' 'prod_addr_24' <Predicate = true> <Delay = 0.00>
ST_28 : Operation 928 [1/1] (0.00ns)   --->   "%specpipeline_ln8 = specpipeline void @_ssdm_op_SpecPipeline, i32 1, i32 0, i32 0, i32 0, i32 4294967295, void @empty_0" [../source/tut3B_Function/matrix_mult.cpp:8]   --->   Operation 928 'specpipeline' 'specpipeline_ln8' <Predicate = true> <Delay = 0.00>
ST_28 : Operation 929 [1/1] (0.00ns)   --->   "%spectopmodule_ln3 = spectopmodule void @_ssdm_op_SpecTopModule, void @empty_1" [../source/tut3B_Function/matrix_mult.cpp:3]   --->   Operation 929 'spectopmodule' 'spectopmodule_ln3' <Predicate = true> <Delay = 0.00>
ST_28 : Operation 930 [1/1] (0.00ns)   --->   "%specinterface_ln0 = specinterface void @_ssdm_op_SpecInterface, i8 %a, void @empty, i32 0, i32 0, void @empty_0, i32 4294967295, i32 0, void @empty_0, void @empty_0, void @empty_0, i32 0, i32 0, i32 0, i32 0, void @empty_0, void @empty_0, i32 4294967295, i32 0, i32 0, i32 0"   --->   Operation 930 'specinterface' 'specinterface_ln0' <Predicate = true> <Delay = 0.00>
ST_28 : Operation 931 [1/1] (0.00ns)   --->   "%specbitsmap_ln0 = specbitsmap void @_ssdm_op_SpecBitsMap, i8 %a"   --->   Operation 931 'specbitsmap' 'specbitsmap_ln0' <Predicate = true> <Delay = 0.00>
ST_28 : Operation 932 [1/1] (0.00ns)   --->   "%specinterface_ln0 = specinterface void @_ssdm_op_SpecInterface, i8 %b, void @empty, i32 0, i32 0, void @empty_0, i32 4294967295, i32 0, void @empty_0, void @empty_0, void @empty_0, i32 0, i32 0, i32 0, i32 0, void @empty_0, void @empty_0, i32 4294967295, i32 0, i32 0, i32 0"   --->   Operation 932 'specinterface' 'specinterface_ln0' <Predicate = true> <Delay = 0.00>
ST_28 : Operation 933 [1/1] (0.00ns)   --->   "%specbitsmap_ln0 = specbitsmap void @_ssdm_op_SpecBitsMap, i8 %b"   --->   Operation 933 'specbitsmap' 'specbitsmap_ln0' <Predicate = true> <Delay = 0.00>
ST_28 : Operation 934 [1/1] (0.00ns)   --->   "%specinterface_ln0 = specinterface void @_ssdm_op_SpecInterface, i16 %prod, void @empty, i32 0, i32 0, void @empty_0, i32 4294967295, i32 0, void @empty_0, void @empty_0, void @empty_0, i32 0, i32 0, i32 0, i32 0, void @empty_0, void @empty_0, i32 4294967295, i32 0, i32 0, i32 0"   --->   Operation 934 'specinterface' 'specinterface_ln0' <Predicate = true> <Delay = 0.00>
ST_28 : Operation 935 [1/1] (0.00ns)   --->   "%specbitsmap_ln0 = specbitsmap void @_ssdm_op_SpecBitsMap, i16 %prod"   --->   Operation 935 'specbitsmap' 'specbitsmap_ln0' <Predicate = true> <Delay = 0.00>
ST_28 : Operation 936 [1/1] ( I:0.00ns O:0.00ns )   --->   "%store_ln21 = store i16 %add_ln21_99, i5 %prod_addr_24" [../source/tut3B_Function/matrix_mult.cpp:21]   --->   Operation 936 'store' 'store_ln21' <Predicate = true> <Delay = 0.00> <CoreInst = "RAM">   --->   Core 81 'RAM' <Latency = 0> <II = 1> <Delay = 1.86> <Storage> <Opcode : 'load' 'store'> <Ports = 2> <Width = 16> <Depth = 25> <RAM>
ST_28 : Operation 937 [1/1] (0.00ns)   --->   "%ret_ln25 = ret" [../source/tut3B_Function/matrix_mult.cpp:25]   --->   Operation 937 'ret' 'ret_ln25' <Predicate = true> <Delay = 0.00>


============================================================
+ Verbose Summary: Timing violations
============================================================
Target clock period: 5.000ns, clock uncertainty: 1.350ns.

 <State 1>: 0.000ns
The critical path consists of the following:

 <State 2>: 5.415ns
The critical path consists of the following:
	'load' operation 8 bit ('a_load_3', ../source/tut3B_Function/matrix_mult.cpp:21) on array 'a' [99]  (0.000 ns)
	'mul' operation 16 bit ('mul_ln21_3', ../source/tut3B_Function/matrix_mult.cpp:21) [110]  (5.415 ns)

 <State 3>: 5.415ns
The critical path consists of the following:
	'mul' operation 16 bit ('mul_ln21_3', ../source/tut3B_Function/matrix_mult.cpp:21) [110]  (5.415 ns)

 <State 4>: 5.415ns
The critical path consists of the following:
	'mul' operation 16 bit ('mul_ln21_3', ../source/tut3B_Function/matrix_mult.cpp:21) [110]  (5.415 ns)

 <State 5>: 5.415ns
The critical path consists of the following:
	'mul' operation 16 bit ('mul_ln21_3', ../source/tut3B_Function/matrix_mult.cpp:21) [110]  (5.415 ns)

 <State 6>: 5.415ns
The critical path consists of the following:
	'mul' operation 16 bit ('mul_ln21_3', ../source/tut3B_Function/matrix_mult.cpp:21) [110]  (5.415 ns)

 <State 7>: 5.415ns
The critical path consists of the following:
	'mul' operation 16 bit ('mul_ln21_13', ../source/tut3B_Function/matrix_mult.cpp:21) [150]  (5.415 ns)

 <State 8>: 5.415ns
The critical path consists of the following:
	'mul' operation 16 bit ('mul_ln21_1', ../source/tut3B_Function/matrix_mult.cpp:21) [108]  (5.415 ns)

 <State 9>: 5.415ns
The critical path consists of the following:
	'mul' operation 16 bit ('mul_ln21_1', ../source/tut3B_Function/matrix_mult.cpp:21) [108]  (5.415 ns)

 <State 10>: 5.415ns
The critical path consists of the following:
	'mul' operation 16 bit ('mul_ln21_1', ../source/tut3B_Function/matrix_mult.cpp:21) [108]  (5.415 ns)

 <State 11>: 5.415ns
The critical path consists of the following:
	'mul' operation 16 bit ('mul_ln21_1', ../source/tut3B_Function/matrix_mult.cpp:21) [108]  (5.415 ns)

 <State 12>: 5.415ns
The critical path consists of the following:
	'mul' operation 16 bit ('mul_ln21_1', ../source/tut3B_Function/matrix_mult.cpp:21) [108]  (5.415 ns)

 <State 13>: 5.415ns
The critical path consists of the following:
	'mul' operation 16 bit ('mul_ln21_16', ../source/tut3B_Function/matrix_mult.cpp:21) [168]  (5.415 ns)

 <State 14>: 5.415ns
The critical path consists of the following:
	'mul' operation 16 bit ('mul_ln21_36', ../source/tut3B_Function/matrix_mult.cpp:21) [228]  (5.415 ns)

 <State 15>: 5.415ns
The critical path consists of the following:
	'mul' operation 16 bit ('mul_ln21_56', ../source/tut3B_Function/matrix_mult.cpp:21) [278]  (5.415 ns)

 <State 16>: 5.415ns
The critical path consists of the following:
	'mul' operation 16 bit ('mul_ln21_76', ../source/tut3B_Function/matrix_mult.cpp:21) [328]  (5.415 ns)

 <State 17>: 5.415ns
The critical path consists of the following:
	'mul' operation 16 bit ('mul_ln21_96', ../source/tut3B_Function/matrix_mult.cpp:21) [368]  (5.415 ns)

 <State 18>: 5.415ns
The critical path consists of the following:
	'mul' operation 16 bit ('mul_ln21_116', ../source/tut3B_Function/matrix_mult.cpp:21) [418]  (5.415 ns)

 <State 19>: 2.100ns
The critical path consists of the following:
	'add' operation 16 bit of DSP[244] ('add_ln21_34', ../source/tut3B_Function/matrix_mult.cpp:21) [244]  (2.100 ns)

 <State 20>: 2.100ns
The critical path consists of the following:
	'add' operation 16 bit of DSP[274] ('add_ln21_42', ../source/tut3B_Function/matrix_mult.cpp:21) [274]  (2.100 ns)

 <State 21>: 2.100ns
The critical path consists of the following:
	'add' operation 16 bit of DSP[314] ('add_ln21_58', ../source/tut3B_Function/matrix_mult.cpp:21) [314]  (2.100 ns)

 <State 22>: 2.100ns
The critical path consists of the following:
	'add' operation 16 bit of DSP[394] ('add_ln21_82', ../source/tut3B_Function/matrix_mult.cpp:21) [394]  (2.100 ns)

 <State 23>: 2.077ns
The critical path consists of the following:
	'add' operation 16 bit ('add_ln21_83', ../source/tut3B_Function/matrix_mult.cpp:21) [395]  (2.077 ns)

 <State 24>: 0.000ns
The critical path consists of the following:

 <State 25>: 0.000ns
The critical path consists of the following:

 <State 26>: 0.000ns
The critical path consists of the following:

 <State 27>: 0.000ns
The critical path consists of the following:

 <State 28>: 0.000ns
The critical path consists of the following:


============================================================
+ Verbose Summary: Binding
============================================================
N/A
* FSMD analyzer results:
  - Output states:
 - Input state : 
  - Chain level:
	State 1
	State 2
	State 3
	State 4
	State 5
	State 6
	State 7
	State 8
	State 9
	State 10
	State 11
	State 12
	State 13
	State 14
	State 15
	State 16
	State 17
	State 18
	State 19
	State 20
	State 21
	State 22
	State 23
	State 24
	State 25
	State 26
	State 27
	State 28


============================================================
+ Verbose Summary: Datapath Resource usage 
============================================================
N/A
