

================================================================
== Vitis HLS Report for 'matrix_mult'
================================================================
* Date:           Tue Oct  6 19:32:13 2026

* Version:        2026.1 (Build 6493734 on Jun 16 2026)
* Project:        matrix_mult
* Solution:       hls
* Product family: zynq
* Target device:  xc7z020-clg484-1


================================================================
== Performance Estimates
================================================================
+ Timing: 
    * Summary: 
    +--------+---------+----------+------------+
    |  Clock |  Target | Estimated| Uncertainty|
    +--------+---------+----------+------------+
    |ap_clk  |  5.00 ns|  5.415 ns|     1.35 ns|
    +--------+---------+----------+------------+

+ Latency: 
    * Summary: 
    +---------+---------+----------+----------+-----+-----+---------+
    |  Latency (cycles) |  Latency (absolute) |  Interval | Pipeline|
    |   min   |   max   |    min   |    max   | min | max |   Type  |
    +---------+---------+----------+----------+-----+-----+---------+
    |       27|       27|  0.146 us|  0.146 us|   13|   13|      yes|
    +---------+---------+----------+----------+-----+-----+---------+

    + Detail: 
        * Instance: 
        N/A

        * Loop: 
        N/A



================================================================
== Utilization Estimates
================================================================
* Summary: 
+-----------------+---------+-----+--------+-------+-----+
|       Name      | BRAM_18K| DSP |   FF   |  LUT  | URAM|
+-----------------+---------+-----+--------+-------+-----+
|DSP              |        -|   75|       -|      -|    -|
|Expression       |        -|    -|       0|    577|    -|
|FIFO             |        -|    -|       -|      -|    -|
|Instance         |        -|    0|    5100|   3850|    -|
|Memory           |        -|    -|       -|      -|    -|
|Multiplexer      |        -|    -|       0|    648|    -|
|Register         |        -|    -|    3096|      -|    -|
+-----------------+---------+-----+--------+-------+-----+
|Total            |        0|   75|    8196|   5075|    0|
+-----------------+---------+-----+--------+-------+-----+
|Available        |      280|  220|  106400|  53200|    0|
+-----------------+---------+-----+--------+-------+-----+
|Utilization (%)  |        0|   34|       7|      9|    0|
+-----------------+---------+-----+--------+-------+-----+

+ Detail: 
    * Instance: 
    +----------------------+------------------+---------+----+-----+----+-----+
    |       Instance       |      Module      | BRAM_18K| DSP|  FF | LUT| URAM|
    +----------------------+------------------+---------+----+-----+----+-----+
    |mul_8s_8s_16_5_1_U1   |mul_8s_8s_16_5_1  |        0|   0|  102|  77|    0|
    |mul_8s_8s_16_5_1_U2   |mul_8s_8s_16_5_1  |        0|   0|  102|  77|    0|
    |mul_8s_8s_16_5_1_U3   |mul_8s_8s_16_5_1  |        0|   0|  102|  77|    0|
    |mul_8s_8s_16_5_1_U4   |mul_8s_8s_16_5_1  |        0|   0|  102|  77|    0|
    |mul_8s_8s_16_5_1_U5   |mul_8s_8s_16_5_1  |        0|   0|  102|  77|    0|
    |mul_8s_8s_16_5_1_U6   |mul_8s_8s_16_5_1  |        0|   0|  102|  77|    0|
    |mul_8s_8s_16_5_1_U7   |mul_8s_8s_16_5_1  |        0|   0|  102|  77|    0|
    |mul_8s_8s_16_5_1_U8   |mul_8s_8s_16_5_1  |        0|   0|  102|  77|    0|
    |mul_8s_8s_16_5_1_U9   |mul_8s_8s_16_5_1  |        0|   0|  102|  77|    0|
    |mul_8s_8s_16_5_1_U10  |mul_8s_8s_16_5_1  |        0|   0|  102|  77|    0|
    |mul_8s_8s_16_5_1_U11  |mul_8s_8s_16_5_1  |        0|   0|  102|  77|    0|
    |mul_8s_8s_16_5_1_U12  |mul_8s_8s_16_5_1  |        0|   0|  102|  77|    0|
    |mul_8s_8s_16_5_1_U13  |mul_8s_8s_16_5_1  |        0|   0|  102|  77|    0|
    |mul_8s_8s_16_5_1_U14  |mul_8s_8s_16_5_1  |        0|   0|  102|  77|    0|
    |mul_8s_8s_16_5_1_U15  |mul_8s_8s_16_5_1  |        0|   0|  102|  77|    0|
    |mul_8s_8s_16_5_1_U16  |mul_8s_8s_16_5_1  |        0|   0|  102|  77|    0|
    |mul_8s_8s_16_5_1_U17  |mul_8s_8s_16_5_1  |        0|   0|  102|  77|    0|
    |mul_8s_8s_16_5_1_U18  |mul_8s_8s_16_5_1  |        0|   0|  102|  77|    0|
    |mul_8s_8s_16_5_1_U19  |mul_8s_8s_16_5_1  |        0|   0|  102|  77|    0|
    |mul_8s_8s_16_5_1_U20  |mul_8s_8s_16_5_1  |        0|   0|  102|  77|    0|
    |mul_8s_8s_16_5_1_U21  |mul_8s_8s_16_5_1  |        0|   0|  102|  77|    0|
    |mul_8s_8s_16_5_1_U22  |mul_8s_8s_16_5_1  |        0|   0|  102|  77|    0|
    |mul_8s_8s_16_5_1_U23  |mul_8s_8s_16_5_1  |        0|   0|  102|  77|    0|
    |mul_8s_8s_16_5_1_U24  |mul_8s_8s_16_5_1  |        0|   0|  102|  77|    0|
    |mul_8s_8s_16_5_1_U25  |mul_8s_8s_16_5_1  |        0|   0|  102|  77|    0|
    |mul_8s_8s_16_5_1_U26  |mul_8s_8s_16_5_1  |        0|   0|  102|  77|    0|
    |mul_8s_8s_16_5_1_U27  |mul_8s_8s_16_5_1  |        0|   0|  102|  77|    0|
    |mul_8s_8s_16_5_1_U28  |mul_8s_8s_16_5_1  |        0|   0|  102|  77|    0|
    |mul_8s_8s_16_5_1_U29  |mul_8s_8s_16_5_1  |        0|   0|  102|  77|    0|
    |mul_8s_8s_16_5_1_U30  |mul_8s_8s_16_5_1  |        0|   0|  102|  77|    0|
    |mul_8s_8s_16_5_1_U31  |mul_8s_8s_16_5_1  |        0|   0|  102|  77|    0|
    |mul_8s_8s_16_5_1_U32  |mul_8s_8s_16_5_1  |        0|   0|  102|  77|    0|
    |mul_8s_8s_16_5_1_U33  |mul_8s_8s_16_5_1  |        0|   0|  102|  77|    0|
    |mul_8s_8s_16_5_1_U34  |mul_8s_8s_16_5_1  |        0|   0|  102|  77|    0|
    |mul_8s_8s_16_5_1_U35  |mul_8s_8s_16_5_1  |        0|   0|  102|  77|    0|
    |mul_8s_8s_16_5_1_U36  |mul_8s_8s_16_5_1  |        0|   0|  102|  77|    0|
    |mul_8s_8s_16_5_1_U37  |mul_8s_8s_16_5_1  |        0|   0|  102|  77|    0|
    |mul_8s_8s_16_5_1_U38  |mul_8s_8s_16_5_1  |        0|   0|  102|  77|    0|
    |mul_8s_8s_16_5_1_U39  |mul_8s_8s_16_5_1  |        0|   0|  102|  77|    0|
    |mul_8s_8s_16_5_1_U40  |mul_8s_8s_16_5_1  |        0|   0|  102|  77|    0|
    |mul_8s_8s_16_5_1_U41  |mul_8s_8s_16_5_1  |        0|   0|  102|  77|    0|
    |mul_8s_8s_16_5_1_U42  |mul_8s_8s_16_5_1  |        0|   0|  102|  77|    0|
    |mul_8s_8s_16_5_1_U43  |mul_8s_8s_16_5_1  |        0|   0|  102|  77|    0|
    |mul_8s_8s_16_5_1_U44  |mul_8s_8s_16_5_1  |        0|   0|  102|  77|    0|
    |mul_8s_8s_16_5_1_U45  |mul_8s_8s_16_5_1  |        0|   0|  102|  77|    0|
    |mul_8s_8s_16_5_1_U46  |mul_8s_8s_16_5_1  |        0|   0|  102|  77|    0|
    |mul_8s_8s_16_5_1_U47  |mul_8s_8s_16_5_1  |        0|   0|  102|  77|    0|
    |mul_8s_8s_16_5_1_U48  |mul_8s_8s_16_5_1  |        0|   0|  102|  77|    0|
    |mul_8s_8s_16_5_1_U49  |mul_8s_8s_16_5_1  |        0|   0|  102|  77|    0|
    |mul_8s_8s_16_5_1_U50  |mul_8s_8s_16_5_1  |        0|   0|  102|  77|    0|
    +----------------------+------------------+---------+----+-----+----+-----+
    |Total                 |                  |        0|   0| 5100|3850|    0|
    +----------------------+------------------+---------+----+-----+----+-----+

    * DSP: 
    +----------------------------------+-----------------------------+--------------+
    |             Instance             |            Module           |  Expression  |
    +----------------------------------+-----------------------------+--------------+
    |mac_muladd_8s_8s_16s_16_4_1_U51   |mac_muladd_8s_8s_16s_16_4_1  |  i0 + i1 * i2|
    |mac_muladd_8s_8s_16s_16_4_1_U52   |mac_muladd_8s_8s_16s_16_4_1  |  i0 + i1 * i2|
    |mac_muladd_8s_8s_16s_16_4_1_U53   |mac_muladd_8s_8s_16s_16_4_1  |  i0 + i1 * i2|
    |mac_muladd_8s_8s_16s_16_4_1_U54   |mac_muladd_8s_8s_16s_16_4_1  |  i0 + i1 * i2|
    |mac_muladd_8s_8s_16s_16_4_1_U55   |mac_muladd_8s_8s_16s_16_4_1  |  i0 + i1 * i2|
    |mac_muladd_8s_8s_16s_16_4_1_U56   |mac_muladd_8s_8s_16s_16_4_1  |  i0 + i1 * i2|
    |mac_muladd_8s_8s_16s_16_4_1_U57   |mac_muladd_8s_8s_16s_16_4_1  |  i0 + i1 * i2|
    |mac_muladd_8s_8s_16s_16_4_1_U58   |mac_muladd_8s_8s_16s_16_4_1  |  i0 + i1 * i2|
    |mac_muladd_8s_8s_16s_16_4_1_U59   |mac_muladd_8s_8s_16s_16_4_1  |  i0 + i1 * i2|
    |mac_muladd_8s_8s_16s_16_4_1_U60   |mac_muladd_8s_8s_16s_16_4_1  |  i0 + i1 * i2|
    |mac_muladd_8s_8s_16s_16_4_1_U61   |mac_muladd_8s_8s_16s_16_4_1  |  i0 + i1 * i2|
    |mac_muladd_8s_8s_16s_16_4_1_U62   |mac_muladd_8s_8s_16s_16_4_1  |  i0 + i1 * i2|
    |mac_muladd_8s_8s_16s_16_4_1_U63   |mac_muladd_8s_8s_16s_16_4_1  |  i0 + i1 * i2|
    |mac_muladd_8s_8s_16s_16_4_1_U64   |mac_muladd_8s_8s_16s_16_4_1  |  i0 + i1 * i2|
    |mac_muladd_8s_8s_16s_16_4_1_U65   |mac_muladd_8s_8s_16s_16_4_1  |  i0 + i1 * i2|
    |mac_muladd_8s_8s_16s_16_4_1_U66   |mac_muladd_8s_8s_16s_16_4_1  |  i0 + i1 * i2|
    |mac_muladd_8s_8s_16s_16_4_1_U67   |mac_muladd_8s_8s_16s_16_4_1  |  i0 + i1 * i2|
    |mac_muladd_8s_8s_16s_16_4_1_U68   |mac_muladd_8s_8s_16s_16_4_1  |  i0 + i1 * i2|
    |mac_muladd_8s_8s_16s_16_4_1_U69   |mac_muladd_8s_8s_16s_16_4_1  |  i0 + i1 * i2|
    |mac_muladd_8s_8s_16s_16_4_1_U70   |mac_muladd_8s_8s_16s_16_4_1  |  i0 + i1 * i2|
    |mac_muladd_8s_8s_16s_16_4_1_U71   |mac_muladd_8s_8s_16s_16_4_1  |  i0 + i1 * i2|
    |mac_muladd_8s_8s_16s_16_4_1_U72   |mac_muladd_8s_8s_16s_16_4_1  |  i0 + i1 * i2|
    |mac_muladd_8s_8s_16s_16_4_1_U73   |mac_muladd_8s_8s_16s_16_4_1  |  i0 + i1 * i2|
    |mac_muladd_8s_8s_16s_16_4_1_U74   |mac_muladd_8s_8s_16s_16_4_1  |  i0 + i1 * i2|
    |mac_muladd_8s_8s_16s_16_4_1_U75   |mac_muladd_8s_8s_16s_16_4_1  |  i0 + i1 * i2|
    |mac_muladd_8s_8s_16s_16_4_1_U76   |mac_muladd_8s_8s_16s_16_4_1  |  i0 + i1 * i2|
    |mac_muladd_8s_8s_16s_16_4_1_U77   |mac_muladd_8s_8s_16s_16_4_1  |  i0 + i1 * i2|
    |mac_muladd_8s_8s_16s_16_4_1_U78   |mac_muladd_8s_8s_16s_16_4_1  |  i0 + i1 * i2|
    |mac_muladd_8s_8s_16s_16_4_1_U79   |mac_muladd_8s_8s_16s_16_4_1  |  i0 + i1 * i2|
    |mac_muladd_8s_8s_16s_16_4_1_U80   |mac_muladd_8s_8s_16s_16_4_1  |  i0 + i1 * i2|
    |mac_muladd_8s_8s_16s_16_4_1_U81   |mac_muladd_8s_8s_16s_16_4_1  |  i0 + i1 * i2|
    |mac_muladd_8s_8s_16s_16_4_1_U82   |mac_muladd_8s_8s_16s_16_4_1  |  i0 + i1 * i2|
    |mac_muladd_8s_8s_16s_16_4_1_U83   |mac_muladd_8s_8s_16s_16_4_1  |  i0 + i1 * i2|
    |mac_muladd_8s_8s_16s_16_4_1_U84   |mac_muladd_8s_8s_16s_16_4_1  |  i0 + i1 * i2|
    |mac_muladd_8s_8s_16s_16_4_1_U85   |mac_muladd_8s_8s_16s_16_4_1  |  i0 + i1 * i2|
    |mac_muladd_8s_8s_16s_16_4_1_U86   |mac_muladd_8s_8s_16s_16_4_1  |  i0 + i1 * i2|
    |mac_muladd_8s_8s_16s_16_4_1_U87   |mac_muladd_8s_8s_16s_16_4_1  |  i0 + i1 * i2|
    |mac_muladd_8s_8s_16s_16_4_1_U88   |mac_muladd_8s_8s_16s_16_4_1  |  i0 + i1 * i2|
    |mac_muladd_8s_8s_16s_16_4_1_U89   |mac_muladd_8s_8s_16s_16_4_1  |  i0 + i1 * i2|
    |mac_muladd_8s_8s_16s_16_4_1_U90   |mac_muladd_8s_8s_16s_16_4_1  |  i0 + i1 * i2|
    |mac_muladd_8s_8s_16s_16_4_1_U91   |mac_muladd_8s_8s_16s_16_4_1  |  i0 + i1 * i2|
    |mac_muladd_8s_8s_16s_16_4_1_U92   |mac_muladd_8s_8s_16s_16_4_1  |  i0 + i1 * i2|
    |mac_muladd_8s_8s_16s_16_4_1_U93   |mac_muladd_8s_8s_16s_16_4_1  |  i0 + i1 * i2|
    |mac_muladd_8s_8s_16s_16_4_1_U94   |mac_muladd_8s_8s_16s_16_4_1  |  i0 + i1 * i2|
    |mac_muladd_8s_8s_16s_16_4_1_U95   |mac_muladd_8s_8s_16s_16_4_1  |  i0 + i1 * i2|
    |mac_muladd_8s_8s_16s_16_4_1_U96   |mac_muladd_8s_8s_16s_16_4_1  |  i0 + i1 * i2|
    |mac_muladd_8s_8s_16s_16_4_1_U97   |mac_muladd_8s_8s_16s_16_4_1  |  i0 + i1 * i2|
    |mac_muladd_8s_8s_16s_16_4_1_U98   |mac_muladd_8s_8s_16s_16_4_1  |  i0 + i1 * i2|
    |mac_muladd_8s_8s_16s_16_4_1_U99   |mac_muladd_8s_8s_16s_16_4_1  |  i0 + i1 * i2|
    |mac_muladd_8s_8s_16s_16_4_1_U100  |mac_muladd_8s_8s_16s_16_4_1  |  i0 + i1 * i2|
    |mac_muladd_8s_8s_16s_16_4_1_U101  |mac_muladd_8s_8s_16s_16_4_1  |  i0 + i1 * i2|
    |mac_muladd_8s_8s_16s_16_4_1_U102  |mac_muladd_8s_8s_16s_16_4_1  |  i0 + i1 * i2|
    |mac_muladd_8s_8s_16s_16_4_1_U103  |mac_muladd_8s_8s_16s_16_4_1  |  i0 + i1 * i2|
    |mac_muladd_8s_8s_16s_16_4_1_U104  |mac_muladd_8s_8s_16s_16_4_1  |  i0 + i1 * i2|
    |mac_muladd_8s_8s_16s_16_4_1_U105  |mac_muladd_8s_8s_16s_16_4_1  |  i0 + i1 * i2|
    |mac_muladd_8s_8s_16s_16_4_1_U106  |mac_muladd_8s_8s_16s_16_4_1  |  i0 + i1 * i2|
    |mac_muladd_8s_8s_16s_16_4_1_U107  |mac_muladd_8s_8s_16s_16_4_1  |  i0 + i1 * i2|
    |mac_muladd_8s_8s_16s_16_4_1_U108  |mac_muladd_8s_8s_16s_16_4_1  |  i0 + i1 * i2|
    |mac_muladd_8s_8s_16s_16_4_1_U109  |mac_muladd_8s_8s_16s_16_4_1  |  i0 + i1 * i2|
    |mac_muladd_8s_8s_16s_16_4_1_U110  |mac_muladd_8s_8s_16s_16_4_1  |  i0 + i1 * i2|
    |mac_muladd_8s_8s_16s_16_4_1_U111  |mac_muladd_8s_8s_16s_16_4_1  |  i0 + i1 * i2|
    |mac_muladd_8s_8s_16s_16_4_1_U112  |mac_muladd_8s_8s_16s_16_4_1  |  i0 + i1 * i2|
    |mac_muladd_8s_8s_16s_16_4_1_U113  |mac_muladd_8s_8s_16s_16_4_1  |  i0 + i1 * i2|
    |mac_muladd_8s_8s_16s_16_4_1_U114  |mac_muladd_8s_8s_16s_16_4_1  |  i0 + i1 * i2|
    |mac_muladd_8s_8s_16s_16_4_1_U115  |mac_muladd_8s_8s_16s_16_4_1  |  i0 + i1 * i2|
    |mac_muladd_8s_8s_16s_16_4_1_U116  |mac_muladd_8s_8s_16s_16_4_1  |  i0 + i1 * i2|
    |mac_muladd_8s_8s_16s_16_4_1_U117  |mac_muladd_8s_8s_16s_16_4_1  |  i0 + i1 * i2|
    |mac_muladd_8s_8s_16s_16_4_1_U118  |mac_muladd_8s_8s_16s_16_4_1  |  i0 + i1 * i2|
    |mac_muladd_8s_8s_16s_16_4_1_U119  |mac_muladd_8s_8s_16s_16_4_1  |  i0 + i1 * i2|
    |mac_muladd_8s_8s_16s_16_4_1_U120  |mac_muladd_8s_8s_16s_16_4_1  |  i0 + i1 * i2|
    |mac_muladd_8s_8s_16s_16_4_1_U121  |mac_muladd_8s_8s_16s_16_4_1  |  i0 + i1 * i2|
    |mac_muladd_8s_8s_16s_16_4_1_U122  |mac_muladd_8s_8s_16s_16_4_1  |  i0 + i1 * i2|
    |mac_muladd_8s_8s_16s_16_4_1_U123  |mac_muladd_8s_8s_16s_16_4_1  |  i0 + i1 * i2|
    |mac_muladd_8s_8s_16s_16_4_1_U124  |mac_muladd_8s_8s_16s_16_4_1  |  i0 + i1 * i2|
    |mac_muladd_8s_8s_16s_16_4_1_U125  |mac_muladd_8s_8s_16s_16_4_1  |  i0 + i1 * i2|
    +----------------------------------+-----------------------------+--------------+

    * Memory: 
    N/A

    * FIFO: 
    N/A

    * Expression: 
    +------------------------+----------+----+---+----+------------+------------+
    |      Variable Name     | Operation| DSP| FF| LUT| Bitwidth P0| Bitwidth P1|
    +------------------------+----------+----+---+----+------------+------------+
    |add_ln21_11_fu_1250_p2  |         +|   0|  0|  23|          16|          16|
    |add_ln21_15_fu_1258_p2  |         +|   0|  0|  23|          16|          16|
    |add_ln21_19_fu_1267_p2  |         +|   0|  0|  23|          16|          16|
    |add_ln21_23_fu_1272_p2  |         +|   0|  0|  23|          16|          16|
    |add_ln21_27_fu_1281_p2  |         +|   0|  0|  23|          16|          16|
    |add_ln21_31_fu_1286_p2  |         +|   0|  0|  23|          16|          16|
    |add_ln21_35_fu_1295_p2  |         +|   0|  0|  23|          16|          16|
    |add_ln21_39_fu_1300_p2  |         +|   0|  0|  23|          16|          16|
    |add_ln21_3_fu_1240_p2   |         +|   0|  0|  23|          16|          16|
    |add_ln21_43_fu_1305_p2  |         +|   0|  0|  23|          16|          16|
    |add_ln21_47_fu_1310_p2  |         +|   0|  0|  23|          16|          16|
    |add_ln21_51_fu_1315_p2  |         +|   0|  0|  23|          16|          16|
    |add_ln21_55_fu_1319_p2  |         +|   0|  0|  23|          16|          16|
    |add_ln21_59_fu_1323_p2  |         +|   0|  0|  23|          16|          16|
    |add_ln21_63_fu_1327_p2  |         +|   0|  0|  23|          16|          16|
    |add_ln21_67_fu_1331_p2  |         +|   0|  0|  23|          16|          16|
    |add_ln21_71_fu_1335_p2  |         +|   0|  0|  23|          16|          16|
    |add_ln21_75_fu_1339_p2  |         +|   0|  0|  23|          16|          16|
    |add_ln21_79_fu_1343_p2  |         +|   0|  0|  23|          16|          16|
    |add_ln21_7_fu_1245_p2   |         +|   0|  0|  23|          16|          16|
    |add_ln21_83_fu_1347_p2  |         +|   0|  0|  23|          16|          16|
    |add_ln21_87_fu_1351_p2  |         +|   0|  0|  23|          16|          16|
    |add_ln21_91_fu_1355_p2  |         +|   0|  0|  23|          16|          16|
    |add_ln21_95_fu_1359_p2  |         +|   0|  0|  23|          16|          16|
    |add_ln21_99_fu_1363_p2  |         +|   0|  0|  23|          16|          16|
    |ap_enable_pp0           |       xor|   0|  0|   2|           1|           2|
    +------------------------+----------+----+---+----+------------+------------+
    |Total                   |          |   0|  0| 577|         401|         402|
    +------------------------+----------+----+---+----+------------+------------+

    * Multiplexer: 
    +-------------------------+----+-----------+-----+-----------+
    |           Name          | LUT| Input Size| Bits| Total Bits|
    +-------------------------+----+-----------+-----+-----------+
    |a_address0_local         |  65|         14|    5|         70|
    |a_address1_local         |  65|         13|    5|         65|
    |ap_NS_fsm                |  65|         14|    1|         14|
    |ap_enable_reg_pp0_iter0  |   9|          2|    1|          2|
    |ap_enable_reg_pp0_iter2  |   9|          2|    1|          2|
    |b_address0_local         |  65|         14|    5|         70|
    |b_address1_local         |  65|         13|    5|         65|
    |prod_address0_local      |  65|         14|    5|         70|
    |prod_address1_local      |  65|         13|    5|         65|
    |prod_d0_local            |  65|         14|   16|        224|
    |prod_d1_local            |  65|         13|   16|        208|
    |reg_778                  |   9|          2|    8|         16|
    |reg_783                  |   9|          2|    8|         16|
    |reg_792                  |   9|          2|    8|         16|
    |reg_805                  |   9|          2|    8|         16|
    |reg_810                  |   9|          2|    8|         16|
    +-------------------------+----+-----------+-----+-----------+
    |Total                    | 648|        136|  105|        935|
    +-------------------------+----+-----------+-----+-----------+

    * Register: 
    +-----------------------------+----+----+-----+-----------+
    |             Name            | FF | LUT| Bits| Const Bits|
    +-----------------------------+----+----+-----+-----------+
    |add_ln21_10_reg_2799         |  16|   0|   16|          0|
    |add_ln21_11_reg_2848         |  16|   0|   16|          0|
    |add_ln21_12_reg_2804         |  16|   0|   16|          0|
    |add_ln21_13_reg_2447         |  16|   0|   16|          0|
    |add_ln21_14_reg_2853         |  16|   0|   16|          0|
    |add_ln21_16_reg_2858         |  16|   0|   16|          0|
    |add_ln21_17_reg_2572         |  16|   0|   16|          0|
    |add_ln21_18_reg_2912         |  16|   0|   16|          0|
    |add_ln21_1_reg_2328          |  16|   0|   16|          0|
    |add_ln21_20_reg_2809         |  16|   0|   16|          0|
    |add_ln21_21_reg_2338         |  16|   0|   16|          0|
    |add_ln21_22_reg_2917         |  16|   0|   16|          0|
    |add_ln21_24_reg_2814         |  16|   0|   16|          0|
    |add_ln21_25_reg_2343         |  16|   0|   16|          0|
    |add_ln21_26_reg_2971         |  16|   0|   16|          0|
    |add_ln21_28_reg_2863         |  16|   0|   16|          0|
    |add_ln21_29_reg_2452         |  16|   0|   16|          0|
    |add_ln21_2_reg_2789          |  16|   0|   16|          0|
    |add_ln21_30_reg_2976         |  16|   0|   16|          0|
    |add_ln21_32_reg_2868         |  16|   0|   16|          0|
    |add_ln21_33_reg_2457         |  16|   0|   16|          0|
    |add_ln21_34_reg_3020         |  16|   0|   16|          0|
    |add_ln21_36_reg_2873         |  16|   0|   16|          0|
    |add_ln21_37_reg_2586         |  16|   0|   16|          0|
    |add_ln21_38_reg_3025         |  16|   0|   16|          0|
    |add_ln21_40_reg_2878         |  16|   0|   16|          0|
    |add_ln21_41_reg_2462         |  16|   0|   16|          0|
    |add_ln21_42_reg_3059         |  16|   0|   16|          0|
    |add_ln21_44_reg_2931         |  16|   0|   16|          0|
    |add_ln21_45_reg_2467         |  16|   0|   16|          0|
    |add_ln21_46_reg_3064         |  16|   0|   16|          0|
    |add_ln21_48_reg_2936         |  16|   0|   16|          0|
    |add_ln21_49_reg_2591         |  16|   0|   16|          0|
    |add_ln21_4_reg_2726          |  16|   0|   16|          0|
    |add_ln21_50_reg_3069         |  16|   0|   16|          0|
    |add_ln21_51_reg_3089         |  16|   0|   16|          0|
    |add_ln21_52_reg_2941         |  16|   0|   16|          0|
    |add_ln21_53_reg_2596         |  16|   0|   16|          0|
    |add_ln21_54_reg_3074         |  16|   0|   16|          0|
    |add_ln21_55_reg_3094         |  16|   0|   16|          0|
    |add_ln21_56_reg_2946         |  16|   0|   16|          0|
    |add_ln21_57_reg_2601         |  16|   0|   16|          0|
    |add_ln21_58_reg_3099         |  16|   0|   16|          0|
    |add_ln21_59_reg_3129         |  16|   0|   16|          0|
    |add_ln21_5_reg_2333          |  16|   0|   16|          0|
    |add_ln21_60_reg_2990         |  16|   0|   16|          0|
    |add_ln21_61_reg_2615         |  16|   0|   16|          0|
    |add_ln21_62_reg_3104         |  16|   0|   16|          0|
    |add_ln21_63_reg_3134         |  16|   0|   16|          0|
    |add_ln21_64_reg_2995         |  16|   0|   16|          0|
    |add_ln21_65_reg_2682         |  16|   0|   16|          0|
    |add_ln21_66_reg_3109         |  16|   0|   16|          0|
    |add_ln21_67_reg_3139         |  16|   0|   16|          0|
    |add_ln21_68_reg_3000         |  16|   0|   16|          0|
    |add_ln21_69_reg_2687         |  16|   0|   16|          0|
    |add_ln21_6_reg_2794          |  16|   0|   16|          0|
    |add_ln21_70_reg_3114         |  16|   0|   16|          0|
    |add_ln21_71_reg_3144         |  16|   0|   16|          0|
    |add_ln21_72_reg_3005         |  16|   0|   16|          0|
    |add_ln21_73_reg_2692         |  16|   0|   16|          0|
    |add_ln21_74_reg_3119         |  16|   0|   16|          0|
    |add_ln21_75_reg_3149         |  16|   0|   16|          0|
    |add_ln21_76_reg_3030         |  16|   0|   16|          0|
    |add_ln21_77_reg_2697         |  16|   0|   16|          0|
    |add_ln21_78_reg_3124         |  16|   0|   16|          0|
    |add_ln21_79_reg_3154         |  16|   0|   16|          0|
    |add_ln21_80_reg_3044         |  16|   0|   16|          0|
    |add_ln21_81_reg_2711         |  16|   0|   16|          0|
    |add_ln21_82_reg_3159         |  16|   0|   16|          0|
    |add_ln21_83_reg_3184         |  16|   0|   16|          0|
    |add_ln21_84_reg_3049         |  16|   0|   16|          0|
    |add_ln21_85_reg_2716         |  16|   0|   16|          0|
    |add_ln21_86_reg_3164         |  16|   0|   16|          0|
    |add_ln21_87_reg_3189         |  16|   0|   16|          0|
    |add_ln21_88_reg_3054         |  16|   0|   16|          0|
    |add_ln21_89_reg_2774         |  16|   0|   16|          0|
    |add_ln21_8_reg_2731          |  16|   0|   16|          0|
    |add_ln21_90_reg_3169         |  16|   0|   16|          0|
    |add_ln21_91_reg_3194         |  16|   0|   16|          0|
    |add_ln21_92_reg_3079         |  16|   0|   16|          0|
    |add_ln21_93_reg_2779         |  16|   0|   16|          0|
    |add_ln21_94_reg_3174         |  16|   0|   16|          0|
    |add_ln21_95_reg_3199         |  16|   0|   16|          0|
    |add_ln21_96_reg_3084         |  16|   0|   16|          0|
    |add_ln21_97_reg_2784         |  16|   0|   16|          0|
    |add_ln21_98_reg_3179         |  16|   0|   16|          0|
    |add_ln21_99_reg_3204         |  16|   0|   16|          0|
    |add_ln21_9_reg_2442          |  16|   0|   16|          0|
    |add_ln21_reg_2721            |  16|   0|   16|          0|
    |ap_CS_fsm                    |  13|   0|   13|          0|
    |ap_enable_reg_pp0_iter0_reg  |   1|   0|    1|          0|
    |ap_enable_reg_pp0_iter1      |   1|   0|    1|          0|
    |ap_enable_reg_pp0_iter2      |   1|   0|    1|          0|
    |b_load_16_reg_2015           |   8|   0|    8|          0|
    |b_load_21_reg_2020           |   8|   0|    8|          0|
    |mul_ln21_101_reg_2956        |  16|   0|   16|          0|
    |mul_ln21_103_reg_2472        |  16|   0|   16|          0|
    |mul_ln21_106_reg_2961        |  16|   0|   16|          0|
    |mul_ln21_108_reg_2477        |  16|   0|   16|          0|
    |mul_ln21_111_reg_2966        |  16|   0|   16|          0|
    |mul_ln21_113_reg_2482        |  16|   0|   16|          0|
    |mul_ln21_116_reg_3010        |  16|   0|   16|          0|
    |mul_ln21_118_reg_2487        |  16|   0|   16|          0|
    |mul_ln21_11_reg_2558         |  16|   0|   16|          0|
    |mul_ln21_121_reg_3015        |  16|   0|   16|          0|
    |mul_ln21_123_reg_2620        |  16|   0|   16|          0|
    |mul_ln21_13_reg_2082         |  16|   0|   16|          0|
    |mul_ln21_16_reg_2644         |  16|   0|   16|          0|
    |mul_ln21_18_reg_2087         |  16|   0|   16|          0|
    |mul_ln21_1_reg_2530          |  16|   0|   16|          0|
    |mul_ln21_21_reg_2658         |  16|   0|   16|          0|
    |mul_ln21_23_reg_2194         |  16|   0|   16|          0|
    |mul_ln21_26_reg_2663         |  16|   0|   16|          0|
    |mul_ln21_28_reg_2025         |  16|   0|   16|          0|
    |mul_ln21_31_reg_2668         |  16|   0|   16|          0|
    |mul_ln21_33_reg_2030         |  16|   0|   16|          0|
    |mul_ln21_36_reg_2754         |  16|   0|   16|          0|
    |mul_ln21_38_reg_2101         |  16|   0|   16|          0|
    |mul_ln21_3_reg_2005          |  16|   0|   16|          0|
    |mul_ln21_41_reg_2759         |  16|   0|   16|          0|
    |mul_ln21_43_reg_2106         |  16|   0|   16|          0|
    |mul_ln21_46_reg_2764         |  16|   0|   16|          0|
    |mul_ln21_48_reg_2199         |  16|   0|   16|          0|
    |mul_ln21_51_reg_2769         |  16|   0|   16|          0|
    |mul_ln21_53_reg_2213         |  16|   0|   16|          0|
    |mul_ln21_56_reg_2819         |  16|   0|   16|          0|
    |mul_ln21_58_reg_2218         |  16|   0|   16|          0|
    |mul_ln21_61_reg_2824         |  16|   0|   16|          0|
    |mul_ln21_63_reg_2279         |  16|   0|   16|          0|
    |mul_ln21_66_reg_2829         |  16|   0|   16|          0|
    |mul_ln21_68_reg_2284         |  16|   0|   16|          0|
    |mul_ln21_6_reg_2544          |  16|   0|   16|          0|
    |mul_ln21_71_reg_2834         |  16|   0|   16|          0|
    |mul_ln21_73_reg_2289         |  16|   0|   16|          0|
    |mul_ln21_76_reg_2883         |  16|   0|   16|          0|
    |mul_ln21_78_reg_2303         |  16|   0|   16|          0|
    |mul_ln21_81_reg_2888         |  16|   0|   16|          0|
    |mul_ln21_83_reg_2357         |  16|   0|   16|          0|
    |mul_ln21_86_reg_2893         |  16|   0|   16|          0|
    |mul_ln21_88_reg_2362         |  16|   0|   16|          0|
    |mul_ln21_8_reg_2010          |  16|   0|   16|          0|
    |mul_ln21_91_reg_2898         |  16|   0|   16|          0|
    |mul_ln21_93_reg_2367         |  16|   0|   16|          0|
    |mul_ln21_96_reg_2951         |  16|   0|   16|          0|
    |mul_ln21_98_reg_2372         |  16|   0|   16|          0|
    |reg_778                      |   8|   0|    8|          0|
    |reg_783                      |   8|   0|    8|          0|
    |reg_788                      |   8|   0|    8|          0|
    |reg_792                      |   8|   0|    8|          0|
    |reg_797                      |   8|   0|    8|          0|
    |reg_801                      |   8|   0|    8|          0|
    |reg_805                      |   8|   0|    8|          0|
    |reg_810                      |   8|   0|    8|          0|
    |reg_815                      |   8|   0|    8|          0|
    |sext_ln21_10_reg_2424        |  16|   0|   16|          0|
    |sext_ln21_11_reg_2158        |  16|   0|   16|          0|
    |sext_ln21_12_reg_2535        |  16|   0|   16|          0|
    |sext_ln21_13_reg_1862        |  16|   0|   16|          0|
    |sext_ln21_14_reg_2073        |  16|   0|   16|          0|
    |sext_ln21_15_reg_2433        |  16|   0|   16|          0|
    |sext_ln21_16_reg_2167        |  16|   0|   16|          0|
    |sext_ln21_17_reg_2549        |  16|   0|   16|          0|
    |sext_ln21_18_reg_1900        |  16|   0|   16|          0|
    |sext_ln21_19_reg_2176        |  16|   0|   16|          0|
    |sext_ln21_1_reg_2415         |  16|   0|   16|          0|
    |sext_ln21_20_reg_2563        |  16|   0|   16|          0|
    |sext_ln21_21_reg_2243        |  16|   0|   16|          0|
    |sext_ln21_22_reg_2635        |  16|   0|   16|          0|
    |sext_ln21_23_reg_1909        |  16|   0|   16|          0|
    |sext_ln21_24_reg_2185        |  16|   0|   16|          0|
    |sext_ln21_25_reg_2649        |  16|   0|   16|          0|
    |sext_ln21_26_reg_2252        |  16|   0|   16|          0|
    |sext_ln21_27_reg_2736        |  16|   0|   16|          0|
    |sext_ln21_28_reg_1938        |  16|   0|   16|          0|
    |sext_ln21_29_reg_2261        |  16|   0|   16|          0|
    |sext_ln21_2_reg_2140         |  16|   0|   16|          0|
    |sext_ln21_30_reg_2577        |  16|   0|   16|          0|
    |sext_ln21_31_reg_2270        |  16|   0|   16|          0|
    |sext_ln21_32_reg_2745        |  16|   0|   16|          0|
    |sext_ln21_33_reg_1871        |  16|   0|   16|          0|
    |sext_ln21_34_reg_2092        |  16|   0|   16|          0|
    |sext_ln21_35_reg_2673        |  16|   0|   16|          0|
    |sext_ln21_36_reg_2348        |  16|   0|   16|          0|
    |sext_ln21_37_reg_2922        |  16|   0|   16|          0|
    |sext_ln21_38_reg_1947        |  16|   0|   16|          0|
    |sext_ln21_39_reg_2204        |  16|   0|   16|          0|
    |sext_ln21_3_reg_2149         |  16|   0|   16|          0|
    |sext_ln21_40_reg_2839        |  16|   0|   16|          0|
    |sext_ln21_41_reg_2606        |  16|   0|   16|          0|
    |sext_ln21_43_reg_1976        |  16|   0|   16|          0|
    |sext_ln21_44_reg_2294        |  16|   0|   16|          0|
    |sext_ln21_45_reg_2903        |  16|   0|   16|          0|
    |sext_ln21_46_reg_2702        |  16|   0|   16|          0|
    |sext_ln21_48_reg_2111        |  16|   0|   16|          0|
    |sext_ln21_49_reg_2377        |  16|   0|   16|          0|
    |sext_ln21_4_reg_2512         |  16|   0|   16|          0|
    |sext_ln21_5_reg_2521         |  16|   0|   16|          0|
    |sext_ln21_6_reg_1844         |  16|   0|   16|          0|
    |sext_ln21_7_reg_1853         |  16|   0|   16|          0|
    |sext_ln21_8_reg_2055         |  16|   0|   16|          0|
    |sext_ln21_9_reg_2064         |  16|   0|   16|          0|
    |sext_ln21_reg_2406           |  16|   0|   16|          0|
    +-----------------------------+----+----+-----+-----------+
    |Total                        |3096|   0| 3096|          0|
    +-----------------------------+----+----+-----+-----------+



================================================================
== Interface
================================================================
* Summary: 
+---------------+-----+-----+------------+--------------+--------------+
|   RTL Ports   | Dir | Bits|  Protocol  | Source Object|    C Type    |
+---------------+-----+-----+------------+--------------+--------------+
|ap_clk         |   in|    1|  ap_ctrl_hs|   matrix_mult|  return value|
|ap_rst         |   in|    1|  ap_ctrl_hs|   matrix_mult|  return value|
|ap_start       |   in|    1|  ap_ctrl_hs|   matrix_mult|  return value|
|ap_done        |  out|    1|  ap_ctrl_hs|   matrix_mult|  return value|
|ap_idle        |  out|    1|  ap_ctrl_hs|   matrix_mult|  return value|
|ap_ready       |  out|    1|  ap_ctrl_hs|   matrix_mult|  return value|
|a_address0     |  out|    5|   ap_memory|             a|         array|
|a_ce0          |  out|    1|   ap_memory|             a|         array|
|a_q0           |   in|    8|   ap_memory|             a|         array|
|a_address1     |  out|    5|   ap_memory|             a|         array|
|a_ce1          |  out|    1|   ap_memory|             a|         array|
|a_q1           |   in|    8|   ap_memory|             a|         array|
|b_address0     |  out|    5|   ap_memory|             b|         array|
|b_ce0          |  out|    1|   ap_memory|             b|         array|
|b_q0           |   in|    8|   ap_memory|             b|         array|
|b_address1     |  out|    5|   ap_memory|             b|         array|
|b_ce1          |  out|    1|   ap_memory|             b|         array|
|b_q1           |   in|    8|   ap_memory|             b|         array|
|prod_address0  |  out|    5|   ap_memory|          prod|         array|
|prod_ce0       |  out|    1|   ap_memory|          prod|         array|
|prod_we0       |  out|    1|   ap_memory|          prod|         array|
|prod_d0        |  out|   16|   ap_memory|          prod|         array|
|prod_address1  |  out|    5|   ap_memory|          prod|         array|
|prod_ce1       |  out|    1|   ap_memory|          prod|         array|
|prod_we1       |  out|    1|   ap_memory|          prod|         array|
|prod_d1        |  out|   16|   ap_memory|          prod|         array|
+---------------+-----+-----+------------+--------------+--------------+

============================================================
+ Verbose Summary: Synthesis Manager
============================================================
InlineROM: 1
ExposeGlobal: 0
============================================================
+ Verbose Summary: CDFG Model
============================================================
IsTopModel: 1
ResetActiveHigh: 1
IsCombinational: 2
IsDatapathOnly: 2
HasWiredReturn: 1
HasMFsm: 2
HasVarLatency: 0
IsPipeline: 1
IsRtlPipelined: 1
IsInstanceOverlapped: 0
IsDontTouch: 0
HasImplIP: 0
IsGatedGlobalClock: 0

+ Individual pipeline summary: 
  * Pipeline-0: initiation interval (II) = 13, depth = 28


============================================================
+ Verbose Summary: Schedule
============================================================
* Number of FSM states : 28
* Pipeline : 1
  Pipeline-0 : II = 13, D = 28, States = { 1 2 3 4 5 6 7 8 9 10 11 12 13 14 15 16 17 18 19 20 21 22 23 24 25 26 27 28 }
* Dataflow Pipeline: 0

* FSM state transitions: 
1 --> 2 
2 --> 3 
3 --> 4 
4 --> 5 
5 --> 6 
6 --> 7 
7 --> 8 
8 --> 9 
9 --> 10 
10 --> 11 
11 --> 12 
12 --> 13 
13 --> 14 
14 --> 15 
15 --> 16 
16 --> 17 
17 --> 18 
18 --> 19 
19 --> 20 
20 --> 21 
21 --> 22 
22 --> 23 
23 --> 24 
24 --> 25 
25 --> 26 
26 --> 27 
27 --> 28 
28 --> 

* FSM state operations: 

State 1 <SV = 0> <Delay = 0.00>
ST_1 : Operation 29 [1/1] (0.00ns)   --->   "%a_addr_3 = getelementptr i8 %a, i64 0, i64 3" [../source/tut3B_Function/matrix_mult.cpp:21]   --->   Operation 29 'getelementptr' 'a_addr_3' <Predicate = true> <Delay = 0.00>
ST_1 : Operation 30 [1/1] (0.00ns)   --->   "%a_addr_8 = getelementptr i8 %a, i64 0, i64 8" [../source/tut3B_Function/matrix_mult.cpp:21]   --->   Operation 30 'getelementptr' 'a_addr_8' <Predicate = true> <Delay = 0.00>
ST_1 : Operation 31 [1/1] (0.00ns)   --->   "%b_addr_3 = getelementptr i8 %b, i64 0, i64 15" [../source/tut3B_Function/matrix_mult.cpp:21]   --->   Operation 31 'getelementptr' 'b_addr_3' <Predicate = true> <Delay = 0.00>
ST_1 : Operation 32 [1/1] (0.00ns)   --->   "%b_addr_8 = getelementptr i8 %b, i64 0, i64 16" [../source/tut3B_Function/matrix_mult.cpp:21]   --->   Operation 32 'getelementptr' 'b_addr_8' <Predicate = true> <Delay = 0.00>
ST_1 : Operation 33 [2/2] (0.00ns)   --->   "%a_load_3 = load i5 %a_addr_3" [../source/tut3B_Function/matrix_mult.cpp:21]   --->   Operation 33 'load' 'a_load_3' <Predicate = true> <Delay = 0.00> <CoreInst = "RAM">   --->   Core 81 'RAM' <Latency = 1> <II = 1> <Delay = 2.32> <Storage> <Opcode : 'load' 'store'> <Ports = 2> <Width = 8> <Depth = 25> <RAM>
ST_1 : Operation 34 [2/2] (0.00ns)   --->   "%b_load_3 = load i5 %b_addr_3" [../source/tut3B_Function/matrix_mult.cpp:21]   --->   Operation 34 'load' 'b_load_3' <Predicate = true> <Delay = 0.00> <CoreInst = "RAM">   --->   Core 81 'RAM' <Latency = 1> <II = 1> <Delay = 2.32> <Storage> <Opcode : 'load' 'store'> <Ports = 2> <Width = 8> <Depth = 25> <RAM>
ST_1 : Operation 35 [2/2] (0.00ns)   --->   "%b_load_8 = load i5 %b_addr_8" [../source/tut3B_Function/matrix_mult.cpp:21]   --->   Operation 35 'load' 'b_load_8' <Predicate = true> <Delay = 0.00> <CoreInst = "RAM">   --->   Core 81 'RAM' <Latency = 1> <II = 1> <Delay = 2.32> <Storage> <Opcode : 'load' 'store'> <Ports = 2> <Width = 8> <Depth = 25> <RAM>
ST_1 : Operation 36 [2/2] (0.00ns)   --->   "%a_load_8 = load i5 %a_addr_8" [../source/tut3B_Function/matrix_mult.cpp:21]   --->   Operation 36 'load' 'a_load_8' <Predicate = true> <Delay = 0.00> <CoreInst = "RAM">   --->   Core 81 'RAM' <Latency = 1> <II = 1> <Delay = 2.32> <Storage> <Opcode : 'load' 'store'> <Ports = 2> <Width = 8> <Depth = 25> <RAM>

State 2 <SV = 1> <Delay = 5.41>
ST_2 : Operation 37 [1/1] (0.00ns)   --->   "%a_addr_13 = getelementptr i8 %a, i64 0, i64 13" [../source/tut3B_Function/matrix_mult.cpp:21]   --->   Operation 37 'getelementptr' 'a_addr_13' <Predicate = true> <Delay = 0.00>
ST_2 : Operation 38 [1/1] (0.00ns)   --->   "%a_addr_18 = getelementptr i8 %a, i64 0, i64 18" [../source/tut3B_Function/matrix_mult.cpp:21]   --->   Operation 38 'getelementptr' 'a_addr_18' <Predicate = true> <Delay = 0.00>
ST_2 : Operation 39 [1/1] (0.00ns)   --->   "%b_addr_13 = getelementptr i8 %b, i64 0, i64 17" [../source/tut3B_Function/matrix_mult.cpp:21]   --->   Operation 39 'getelementptr' 'b_addr_13' <Predicate = true> <Delay = 0.00>
ST_2 : Operation 40 [1/1] (0.00ns)   --->   "%b_addr_18 = getelementptr i8 %b, i64 0, i64 18" [../source/tut3B_Function/matrix_mult.cpp:21]   --->   Operation 40 'getelementptr' 'b_addr_18' <Predicate = true> <Delay = 0.00>
ST_2 : Operation 41 [1/2] ( I:0.00ns O:0.00ns )   --->   "%a_load_3 = load i5 %a_addr_3" [../source/tut3B_Function/matrix_mult.cpp:21]   --->   Operation 41 'load' 'a_load_3' <Predicate = true> <Delay = 0.00> <CoreInst = "RAM">   --->   Core 81 'RAM' <Latency = 1> <II = 1> <Delay = 2.32> <Storage> <Opcode : 'load' 'store'> <Ports = 2> <Width = 8> <Depth = 25> <RAM>
ST_2 : Operation 42 [1/1] (0.00ns)   --->   "%sext_ln21_6 = sext i8 %a_load_3" [../source/tut3B_Function/matrix_mult.cpp:21]   --->   Operation 42 'sext' 'sext_ln21_6' <Predicate = true> <Delay = 0.00>
ST_2 : Operation 43 [1/2] ( I:0.00ns O:0.00ns )   --->   "%b_load_3 = load i5 %b_addr_3" [../source/tut3B_Function/matrix_mult.cpp:21]   --->   Operation 43 'load' 'b_load_3' <Predicate = true> <Delay = 0.00> <CoreInst = "RAM">   --->   Core 81 'RAM' <Latency = 1> <II = 1> <Delay = 2.32> <Storage> <Opcode : 'load' 'store'> <Ports = 2> <Width = 8> <Depth = 25> <RAM>
ST_2 : Operation 44 [1/1] (0.00ns)   --->   "%sext_ln21_7 = sext i8 %b_load_3" [../source/tut3B_Function/matrix_mult.cpp:21]   --->   Operation 44 'sext' 'sext_ln21_7' <Predicate = true> <Delay = 0.00>
ST_2 : Operation 45 [5/5] (5.41ns)   --->   "%mul_ln21_3 = mul i16 %sext_ln21_7, i16 %sext_ln21_6" [../source/tut3B_Function/matrix_mult.cpp:21]   --->   Operation 45 'mul' 'mul_ln21_3' <Predicate = true> <Delay = 5.41> <CoreInst = "Multiplier">   --->   Core 3 'Multiplier' <Latency = 4> <II = 1> <Delay = 5.41> <FuncUnit> <Opcode : 'mul'> <InPorts = 2> <OutPorts = 1>
ST_2 : Operation 46 [1/2] ( I:0.00ns O:0.00ns )   --->   "%b_load_8 = load i5 %b_addr_8" [../source/tut3B_Function/matrix_mult.cpp:21]   --->   Operation 46 'load' 'b_load_8' <Predicate = true> <Delay = 0.00> <CoreInst = "RAM">   --->   Core 81 'RAM' <Latency = 1> <II = 1> <Delay = 2.32> <Storage> <Opcode : 'load' 'store'> <Ports = 2> <Width = 8> <Depth = 25> <RAM>
ST_2 : Operation 47 [1/1] (0.00ns)   --->   "%sext_ln21_13 = sext i8 %b_load_8" [../source/tut3B_Function/matrix_mult.cpp:21]   --->   Operation 47 'sext' 'sext_ln21_13' <Predicate = true> <Delay = 0.00>
ST_2 : Operation 48 [5/5] (5.41ns)   --->   "%mul_ln21_8 = mul i16 %sext_ln21_13, i16 %sext_ln21_6" [../source/tut3B_Function/matrix_mult.cpp:21]   --->   Operation 48 'mul' 'mul_ln21_8' <Predicate = true> <Delay = 5.41> <CoreInst = "Multiplier">   --->   Core 3 'Multiplier' <Latency = 4> <II = 1> <Delay = 5.41> <FuncUnit> <Opcode : 'mul'> <InPorts = 2> <OutPorts = 1>
ST_2 : Operation 49 [2/2] (0.00ns)   --->   "%b_load_13 = load i5 %b_addr_13" [../source/tut3B_Function/matrix_mult.cpp:21]   --->   Operation 49 'load' 'b_load_13' <Predicate = true> <Delay = 0.00> <CoreInst = "RAM">   --->   Core 81 'RAM' <Latency = 1> <II = 1> <Delay = 2.32> <Storage> <Opcode : 'load' 'store'> <Ports = 2> <Width = 8> <Depth = 25> <RAM>
ST_2 : Operation 50 [2/2] (0.00ns)   --->   "%b_load_18 = load i5 %b_addr_18" [../source/tut3B_Function/matrix_mult.cpp:21]   --->   Operation 50 'load' 'b_load_18' <Predicate = true> <Delay = 0.00> <CoreInst = "RAM">   --->   Core 81 'RAM' <Latency = 1> <II = 1> <Delay = 2.32> <Storage> <Opcode : 'load' 'store'> <Ports = 2> <Width = 8> <Depth = 25> <RAM>
ST_2 : Operation 51 [1/2] ( I:0.00ns O:0.00ns )   --->   "%a_load_8 = load i5 %a_addr_8" [../source/tut3B_Function/matrix_mult.cpp:21]   --->   Operation 51 'load' 'a_load_8' <Predicate = true> <Delay = 0.00> <CoreInst = "RAM">   --->   Core 81 'RAM' <Latency = 1> <II = 1> <Delay = 2.32> <Storage> <Opcode : 'load' 'store'> <Ports = 2> <Width = 8> <Depth = 25> <RAM>
ST_2 : Operation 52 [1/1] (0.00ns)   --->   "%sext_ln21_33 = sext i8 %a_load_8" [../source/tut3B_Function/matrix_mult.cpp:21]   --->   Operation 52 'sext' 'sext_ln21_33' <Predicate = true> <Delay = 0.00>
ST_2 : Operation 53 [5/5] (5.41ns)   --->   "%mul_ln21_28 = mul i16 %sext_ln21_33, i16 %sext_ln21_7" [../source/tut3B_Function/matrix_mult.cpp:21]   --->   Operation 53 'mul' 'mul_ln21_28' <Predicate = true> <Delay = 5.41> <CoreInst = "Multiplier">   --->   Core 3 'Multiplier' <Latency = 4> <II = 1> <Delay = 5.41> <FuncUnit> <Opcode : 'mul'> <InPorts = 2> <OutPorts = 1>
ST_2 : Operation 54 [5/5] (5.41ns)   --->   "%mul_ln21_33 = mul i16 %sext_ln21_33, i16 %sext_ln21_13" [../source/tut3B_Function/matrix_mult.cpp:21]   --->   Operation 54 'mul' 'mul_ln21_33' <Predicate = true> <Delay = 5.41> <CoreInst = "Multiplier">   --->   Core 3 'Multiplier' <Latency = 4> <II = 1> <Delay = 5.41> <FuncUnit> <Opcode : 'mul'> <InPorts = 2> <OutPorts = 1>
ST_2 : Operation 55 [2/2] (0.00ns)   --->   "%a_load_13 = load i5 %a_addr_13" [../source/tut3B_Function/matrix_mult.cpp:21]   --->   Operation 55 'load' 'a_load_13' <Predicate = true> <Delay = 0.00> <CoreInst = "RAM">   --->   Core 81 'RAM' <Latency = 1> <II = 1> <Delay = 2.32> <Storage> <Opcode : 'load' 'store'> <Ports = 2> <Width = 8> <Depth = 25> <RAM>
ST_2 : Operation 56 [2/2] (0.00ns)   --->   "%a_load_18 = load i5 %a_addr_18" [../source/tut3B_Function/matrix_mult.cpp:21]   --->   Operation 56 'load' 'a_load_18' <Predicate = true> <Delay = 0.00> <CoreInst = "RAM">   --->   Core 81 'RAM' <Latency = 1> <II = 1> <Delay = 2.32> <Storage> <Opcode : 'load' 'store'> <Ports = 2> <Width = 8> <Depth = 25> <RAM>

State 3 <SV = 2> <Delay = 5.41>
ST_3 : Operation 57 [1/1] (0.00ns)   --->   "%a_addr_1 = getelementptr i8 %a, i64 0, i64 1" [../source/tut3B_Function/matrix_mult.cpp:21]   --->   Operation 57 'getelementptr' 'a_addr_1' <Predicate = true> <Delay = 0.00>
ST_3 : Operation 58 [1/1] (0.00ns)   --->   "%a_addr_23 = getelementptr i8 %a, i64 0, i64 23" [../source/tut3B_Function/matrix_mult.cpp:21]   --->   Operation 58 'getelementptr' 'a_addr_23' <Predicate = true> <Delay = 0.00>
ST_3 : Operation 59 [1/1] (0.00ns)   --->   "%b_addr_1 = getelementptr i8 %b, i64 0, i64 5" [../source/tut3B_Function/matrix_mult.cpp:21]   --->   Operation 59 'getelementptr' 'b_addr_1' <Predicate = true> <Delay = 0.00>
ST_3 : Operation 60 [1/1] (0.00ns)   --->   "%b_addr_23 = getelementptr i8 %b, i64 0, i64 19" [../source/tut3B_Function/matrix_mult.cpp:21]   --->   Operation 60 'getelementptr' 'b_addr_23' <Predicate = true> <Delay = 0.00>
ST_3 : Operation 61 [2/2] (0.00ns)   --->   "%a_load_1 = load i5 %a_addr_1" [../source/tut3B_Function/matrix_mult.cpp:21]   --->   Operation 61 'load' 'a_load_1' <Predicate = true> <Delay = 0.00> <CoreInst = "RAM">   --->   Core 81 'RAM' <Latency = 1> <II = 1> <Delay = 2.32> <Storage> <Opcode : 'load' 'store'> <Ports = 2> <Width = 8> <Depth = 25> <RAM>
ST_3 : Operation 62 [2/2] (0.00ns)   --->   "%b_load_1 = load i5 %b_addr_1" [../source/tut3B_Function/matrix_mult.cpp:21]   --->   Operation 62 'load' 'b_load_1' <Predicate = true> <Delay = 0.00> <CoreInst = "RAM">   --->   Core 81 'RAM' <Latency = 1> <II = 1> <Delay = 2.32> <Storage> <Opcode : 'load' 'store'> <Ports = 2> <Width = 8> <Depth = 25> <RAM>
ST_3 : Operation 63 [4/5] (5.41ns)   --->   "%mul_ln21_3 = mul i16 %sext_ln21_7, i16 %sext_ln21_6" [../source/tut3B_Function/matrix_mult.cpp:21]   --->   Operation 63 'mul' 'mul_ln21_3' <Predicate = true> <Delay = 5.41> <CoreInst = "Multiplier">   --->   Core 3 'Multiplier' <Latency = 4> <II = 1> <Delay = 5.41> <FuncUnit> <Opcode : 'mul'> <InPorts = 2> <OutPorts = 1>
ST_3 : Operation 64 [4/5] (5.41ns)   --->   "%mul_ln21_8 = mul i16 %sext_ln21_13, i16 %sext_ln21_6" [../source/tut3B_Function/matrix_mult.cpp:21]   --->   Operation 64 'mul' 'mul_ln21_8' <Predicate = true> <Delay = 5.41> <CoreInst = "Multiplier">   --->   Core 3 'Multiplier' <Latency = 4> <II = 1> <Delay = 5.41> <FuncUnit> <Opcode : 'mul'> <InPorts = 2> <OutPorts = 1>
ST_3 : Operation 65 [1/2] ( I:0.00ns O:0.00ns )   --->   "%b_load_13 = load i5 %b_addr_13" [../source/tut3B_Function/matrix_mult.cpp:21]   --->   Operation 65 'load' 'b_load_13' <Predicate = true> <Delay = 0.00> <CoreInst = "RAM">   --->   Core 81 'RAM' <Latency = 1> <II = 1> <Delay = 2.32> <Storage> <Opcode : 'load' 'store'> <Ports = 2> <Width = 8> <Depth = 25> <RAM>
ST_3 : Operation 66 [1/1] (0.00ns)   --->   "%sext_ln21_18 = sext i8 %b_load_13" [../source/tut3B_Function/matrix_mult.cpp:21]   --->   Operation 66 'sext' 'sext_ln21_18' <Predicate = true> <Delay = 0.00>
ST_3 : Operation 67 [5/5] (5.41ns)   --->   "%mul_ln21_13 = mul i16 %sext_ln21_18, i16 %sext_ln21_6" [../source/tut3B_Function/matrix_mult.cpp:21]   --->   Operation 67 'mul' 'mul_ln21_13' <Predicate = true> <Delay = 5.41> <CoreInst = "Multiplier">   --->   Core 3 'Multiplier' <Latency = 4> <II = 1> <Delay = 5.41> <FuncUnit> <Opcode : 'mul'> <InPorts = 2> <OutPorts = 1>
ST_3 : Operation 68 [1/2] ( I:0.00ns O:0.00ns )   --->   "%b_load_18 = load i5 %b_addr_18" [../source/tut3B_Function/matrix_mult.cpp:21]   --->   Operation 68 'load' 'b_load_18' <Predicate = true> <Delay = 0.00> <CoreInst = "RAM">   --->   Core 81 'RAM' <Latency = 1> <II = 1> <Delay = 2.32> <Storage> <Opcode : 'load' 'store'> <Ports = 2> <Width = 8> <Depth = 25> <RAM>
ST_3 : Operation 69 [1/1] (0.00ns)   --->   "%sext_ln21_23 = sext i8 %b_load_18" [../source/tut3B_Function/matrix_mult.cpp:21]   --->   Operation 69 'sext' 'sext_ln21_23' <Predicate = true> <Delay = 0.00>
ST_3 : Operation 70 [5/5] (5.41ns)   --->   "%mul_ln21_18 = mul i16 %sext_ln21_23, i16 %sext_ln21_6" [../source/tut3B_Function/matrix_mult.cpp:21]   --->   Operation 70 'mul' 'mul_ln21_18' <Predicate = true> <Delay = 5.41> <CoreInst = "Multiplier">   --->   Core 3 'Multiplier' <Latency = 4> <II = 1> <Delay = 5.41> <FuncUnit> <Opcode : 'mul'> <InPorts = 2> <OutPorts = 1>
ST_3 : Operation 71 [2/2] (0.00ns)   --->   "%b_load_23 = load i5 %b_addr_23" [../source/tut3B_Function/matrix_mult.cpp:21]   --->   Operation 71 'load' 'b_load_23' <Predicate = true> <Delay = 0.00> <CoreInst = "RAM">   --->   Core 81 'RAM' <Latency = 1> <II = 1> <Delay = 2.32> <Storage> <Opcode : 'load' 'store'> <Ports = 2> <Width = 8> <Depth = 25> <RAM>
ST_3 : Operation 72 [4/5] (5.41ns)   --->   "%mul_ln21_28 = mul i16 %sext_ln21_33, i16 %sext_ln21_7" [../source/tut3B_Function/matrix_mult.cpp:21]   --->   Operation 72 'mul' 'mul_ln21_28' <Predicate = true> <Delay = 5.41> <CoreInst = "Multiplier">   --->   Core 3 'Multiplier' <Latency = 4> <II = 1> <Delay = 5.41> <FuncUnit> <Opcode : 'mul'> <InPorts = 2> <OutPorts = 1>
ST_3 : Operation 73 [4/5] (5.41ns)   --->   "%mul_ln21_33 = mul i16 %sext_ln21_33, i16 %sext_ln21_13" [../source/tut3B_Function/matrix_mult.cpp:21]   --->   Operation 73 'mul' 'mul_ln21_33' <Predicate = true> <Delay = 5.41> <CoreInst = "Multiplier">   --->   Core 3 'Multiplier' <Latency = 4> <II = 1> <Delay = 5.41> <FuncUnit> <Opcode : 'mul'> <InPorts = 2> <OutPorts = 1>
ST_3 : Operation 74 [5/5] (5.41ns)   --->   "%mul_ln21_38 = mul i16 %sext_ln21_33, i16 %sext_ln21_18" [../source/tut3B_Function/matrix_mult.cpp:21]   --->   Operation 74 'mul' 'mul_ln21_38' <Predicate = true> <Delay = 5.41> <CoreInst = "Multiplier">   --->   Core 3 'Multiplier' <Latency = 4> <II = 1> <Delay = 5.41> <FuncUnit> <Opcode : 'mul'> <InPorts = 2> <OutPorts = 1>
ST_3 : Operation 75 [5/5] (5.41ns)   --->   "%mul_ln21_43 = mul i16 %sext_ln21_33, i16 %sext_ln21_23" [../source/tut3B_Function/matrix_mult.cpp:21]   --->   Operation 75 'mul' 'mul_ln21_43' <Predicate = true> <Delay = 5.41> <CoreInst = "Multiplier">   --->   Core 3 'Multiplier' <Latency = 4> <II = 1> <Delay = 5.41> <FuncUnit> <Opcode : 'mul'> <InPorts = 2> <OutPorts = 1>
ST_3 : Operation 76 [1/2] ( I:0.00ns O:0.00ns )   --->   "%a_load_13 = load i5 %a_addr_13" [../source/tut3B_Function/matrix_mult.cpp:21]   --->   Operation 76 'load' 'a_load_13' <Predicate = true> <Delay = 0.00> <CoreInst = "RAM">   --->   Core 81 'RAM' <Latency = 1> <II = 1> <Delay = 2.32> <Storage> <Opcode : 'load' 'store'> <Ports = 2> <Width = 8> <Depth = 25> <RAM>
ST_3 : Operation 77 [1/2] ( I:0.00ns O:0.00ns )   --->   "%a_load_18 = load i5 %a_addr_18" [../source/tut3B_Function/matrix_mult.cpp:21]   --->   Operation 77 'load' 'a_load_18' <Predicate = true> <Delay = 0.00> <CoreInst = "RAM">   --->   Core 81 'RAM' <Latency = 1> <II = 1> <Delay = 2.32> <Storage> <Opcode : 'load' 'store'> <Ports = 2> <Width = 8> <Depth = 25> <RAM>
ST_3 : Operation 78 [2/2] (0.00ns)   --->   "%a_load_23 = load i5 %a_addr_23" [../source/tut3B_Function/matrix_mult.cpp:21]   --->   Operation 78 'load' 'a_load_23' <Predicate = true> <Delay = 0.00> <CoreInst = "RAM">   --->   Core 81 'RAM' <Latency = 1> <II = 1> <Delay = 2.32> <Storage> <Opcode : 'load' 'store'> <Ports = 2> <Width = 8> <Depth = 25> <RAM>

State 4 <SV = 3> <Delay = 5.41>
ST_4 : Operation 79 [1/1] (0.00ns)   --->   "%a_addr_6 = getelementptr i8 %a, i64 0, i64 6" [../source/tut3B_Function/matrix_mult.cpp:21]   --->   Operation 79 'getelementptr' 'a_addr_6' <Predicate = true> <Delay = 0.00>
ST_4 : Operation 80 [1/1] (0.00ns)   --->   "%a_addr_11 = getelementptr i8 %a, i64 0, i64 11" [../source/tut3B_Function/matrix_mult.cpp:21]   --->   Operation 80 'getelementptr' 'a_addr_11' <Predicate = true> <Delay = 0.00>
ST_4 : Operation 81 [1/1] (0.00ns)   --->   "%b_addr_6 = getelementptr i8 %b, i64 0, i64 6" [../source/tut3B_Function/matrix_mult.cpp:21]   --->   Operation 81 'getelementptr' 'b_addr_6' <Predicate = true> <Delay = 0.00>
ST_4 : Operation 82 [1/1] (0.00ns)   --->   "%b_addr_11 = getelementptr i8 %b, i64 0, i64 7" [../source/tut3B_Function/matrix_mult.cpp:21]   --->   Operation 82 'getelementptr' 'b_addr_11' <Predicate = true> <Delay = 0.00>
ST_4 : Operation 83 [1/2] ( I:0.00ns O:0.00ns )   --->   "%a_load_1 = load i5 %a_addr_1" [../source/tut3B_Function/matrix_mult.cpp:21]   --->   Operation 83 'load' 'a_load_1' <Predicate = true> <Delay = 0.00> <CoreInst = "RAM">   --->   Core 81 'RAM' <Latency = 1> <II = 1> <Delay = 2.32> <Storage> <Opcode : 'load' 'store'> <Ports = 2> <Width = 8> <Depth = 25> <RAM>
ST_4 : Operation 84 [1/2] ( I:0.00ns O:0.00ns )   --->   "%b_load_1 = load i5 %b_addr_1" [../source/tut3B_Function/matrix_mult.cpp:21]   --->   Operation 84 'load' 'b_load_1' <Predicate = true> <Delay = 0.00> <CoreInst = "RAM">   --->   Core 81 'RAM' <Latency = 1> <II = 1> <Delay = 2.32> <Storage> <Opcode : 'load' 'store'> <Ports = 2> <Width = 8> <Depth = 25> <RAM>
ST_4 : Operation 85 [3/5] (5.41ns)   --->   "%mul_ln21_3 = mul i16 %sext_ln21_7, i16 %sext_ln21_6" [../source/tut3B_Function/matrix_mult.cpp:21]   --->   Operation 85 'mul' 'mul_ln21_3' <Predicate = true> <Delay = 5.41> <CoreInst = "Multiplier">   --->   Core 3 'Multiplier' <Latency = 4> <II = 1> <Delay = 5.41> <FuncUnit> <Opcode : 'mul'> <InPorts = 2> <OutPorts = 1>
ST_4 : Operation 86 [2/2] (0.00ns)   --->   "%b_load_6 = load i5 %b_addr_6" [../source/tut3B_Function/matrix_mult.cpp:21]   --->   Operation 86 'load' 'b_load_6' <Predicate = true> <Delay = 0.00> <CoreInst = "RAM">   --->   Core 81 'RAM' <Latency = 1> <II = 1> <Delay = 2.32> <Storage> <Opcode : 'load' 'store'> <Ports = 2> <Width = 8> <Depth = 25> <RAM>
ST_4 : Operation 87 [3/5] (5.41ns)   --->   "%mul_ln21_8 = mul i16 %sext_ln21_13, i16 %sext_ln21_6" [../source/tut3B_Function/matrix_mult.cpp:21]   --->   Operation 87 'mul' 'mul_ln21_8' <Predicate = true> <Delay = 5.41> <CoreInst = "Multiplier">   --->   Core 3 'Multiplier' <Latency = 4> <II = 1> <Delay = 5.41> <FuncUnit> <Opcode : 'mul'> <InPorts = 2> <OutPorts = 1>
ST_4 : Operation 88 [2/2] (0.00ns)   --->   "%b_load_11 = load i5 %b_addr_11" [../source/tut3B_Function/matrix_mult.cpp:21]   --->   Operation 88 'load' 'b_load_11' <Predicate = true> <Delay = 0.00> <CoreInst = "RAM">   --->   Core 81 'RAM' <Latency = 1> <II = 1> <Delay = 2.32> <Storage> <Opcode : 'load' 'store'> <Ports = 2> <Width = 8> <Depth = 25> <RAM>
ST_4 : Operation 89 [4/5] (5.41ns)   --->   "%mul_ln21_13 = mul i16 %sext_ln21_18, i16 %sext_ln21_6" [../source/tut3B_Function/matrix_mult.cpp:21]   --->   Operation 89 'mul' 'mul_ln21_13' <Predicate = true> <Delay = 5.41> <CoreInst = "Multiplier">   --->   Core 3 'Multiplier' <Latency = 4> <II = 1> <Delay = 5.41> <FuncUnit> <Opcode : 'mul'> <InPorts = 2> <OutPorts = 1>
ST_4 : Operation 90 [4/5] (5.41ns)   --->   "%mul_ln21_18 = mul i16 %sext_ln21_23, i16 %sext_ln21_6" [../source/tut3B_Function/matrix_mult.cpp:21]   --->   Operation 90 'mul' 'mul_ln21_18' <Predicate = true> <Delay = 5.41> <CoreInst = "Multiplier">   --->   Core 3 'Multiplier' <Latency = 4> <II = 1> <Delay = 5.41> <FuncUnit> <Opcode : 'mul'> <InPorts = 2> <OutPorts = 1>
ST_4 : Operation 91 [1/2] ( I:0.00ns O:0.00ns )   --->   "%b_load_23 = load i5 %b_addr_23" [../source/tut3B_Function/matrix_mult.cpp:21]   --->   Operation 91 'load' 'b_load_23' <Predicate = true> <Delay = 0.00> <CoreInst = "RAM">   --->   Core 81 'RAM' <Latency = 1> <II = 1> <Delay = 2.32> <Storage> <Opcode : 'load' 'store'> <Ports = 2> <Width = 8> <Depth = 25> <RAM>
ST_4 : Operation 92 [1/1] (0.00ns)   --->   "%sext_ln21_28 = sext i8 %b_load_23" [../source/tut3B_Function/matrix_mult.cpp:21]   --->   Operation 92 'sext' 'sext_ln21_28' <Predicate = true> <Delay = 0.00>
ST_4 : Operation 93 [5/5] (5.41ns)   --->   "%mul_ln21_23 = mul i16 %sext_ln21_28, i16 %sext_ln21_6" [../source/tut3B_Function/matrix_mult.cpp:21]   --->   Operation 93 'mul' 'mul_ln21_23' <Predicate = true> <Delay = 5.41> <CoreInst = "Multiplier">   --->   Core 3 'Multiplier' <Latency = 4> <II = 1> <Delay = 5.41> <FuncUnit> <Opcode : 'mul'> <InPorts = 2> <OutPorts = 1>
ST_4 : Operation 94 [2/2] (0.00ns)   --->   "%a_load_6 = load i5 %a_addr_6" [../source/tut3B_Function/matrix_mult.cpp:21]   --->   Operation 94 'load' 'a_load_6' <Predicate = true> <Delay = 0.00> <CoreInst = "RAM">   --->   Core 81 'RAM' <Latency = 1> <II = 1> <Delay = 2.32> <Storage> <Opcode : 'load' 'store'> <Ports = 2> <Width = 8> <Depth = 25> <RAM>
ST_4 : Operation 95 [3/5] (5.41ns)   --->   "%mul_ln21_28 = mul i16 %sext_ln21_33, i16 %sext_ln21_7" [../source/tut3B_Function/matrix_mult.cpp:21]   --->   Operation 95 'mul' 'mul_ln21_28' <Predicate = true> <Delay = 5.41> <CoreInst = "Multiplier">   --->   Core 3 'Multiplier' <Latency = 4> <II = 1> <Delay = 5.41> <FuncUnit> <Opcode : 'mul'> <InPorts = 2> <OutPorts = 1>
ST_4 : Operation 96 [3/5] (5.41ns)   --->   "%mul_ln21_33 = mul i16 %sext_ln21_33, i16 %sext_ln21_13" [../source/tut3B_Function/matrix_mult.cpp:21]   --->   Operation 96 'mul' 'mul_ln21_33' <Predicate = true> <Delay = 5.41> <CoreInst = "Multiplier">   --->   Core 3 'Multiplier' <Latency = 4> <II = 1> <Delay = 5.41> <FuncUnit> <Opcode : 'mul'> <InPorts = 2> <OutPorts = 1>
ST_4 : Operation 97 [4/5] (5.41ns)   --->   "%mul_ln21_38 = mul i16 %sext_ln21_33, i16 %sext_ln21_18" [../source/tut3B_Function/matrix_mult.cpp:21]   --->   Operation 97 'mul' 'mul_ln21_38' <Predicate = true> <Delay = 5.41> <CoreInst = "Multiplier">   --->   Core 3 'Multiplier' <Latency = 4> <II = 1> <Delay = 5.41> <FuncUnit> <Opcode : 'mul'> <InPorts = 2> <OutPorts = 1>
ST_4 : Operation 98 [4/5] (5.41ns)   --->   "%mul_ln21_43 = mul i16 %sext_ln21_33, i16 %sext_ln21_23" [../source/tut3B_Function/matrix_mult.cpp:21]   --->   Operation 98 'mul' 'mul_ln21_43' <Predicate = true> <Delay = 5.41> <CoreInst = "Multiplier">   --->   Core 3 'Multiplier' <Latency = 4> <II = 1> <Delay = 5.41> <FuncUnit> <Opcode : 'mul'> <InPorts = 2> <OutPorts = 1>
ST_4 : Operation 99 [5/5] (5.41ns)   --->   "%mul_ln21_48 = mul i16 %sext_ln21_33, i16 %sext_ln21_28" [../source/tut3B_Function/matrix_mult.cpp:21]   --->   Operation 99 'mul' 'mul_ln21_48' <Predicate = true> <Delay = 5.41> <CoreInst = "Multiplier">   --->   Core 3 'Multiplier' <Latency = 4> <II = 1> <Delay = 5.41> <FuncUnit> <Opcode : 'mul'> <InPorts = 2> <OutPorts = 1>
ST_4 : Operation 100 [2/2] (0.00ns)   --->   "%a_load_11 = load i5 %a_addr_11" [../source/tut3B_Function/matrix_mult.cpp:21]   --->   Operation 100 'load' 'a_load_11' <Predicate = true> <Delay = 0.00> <CoreInst = "RAM">   --->   Core 81 'RAM' <Latency = 1> <II = 1> <Delay = 2.32> <Storage> <Opcode : 'load' 'store'> <Ports = 2> <Width = 8> <Depth = 25> <RAM>
ST_4 : Operation 101 [1/1] (0.00ns)   --->   "%sext_ln21_38 = sext i8 %a_load_13" [../source/tut3B_Function/matrix_mult.cpp:21]   --->   Operation 101 'sext' 'sext_ln21_38' <Predicate = true> <Delay = 0.00>
ST_4 : Operation 102 [5/5] (5.41ns)   --->   "%mul_ln21_53 = mul i16 %sext_ln21_38, i16 %sext_ln21_7" [../source/tut3B_Function/matrix_mult.cpp:21]   --->   Operation 102 'mul' 'mul_ln21_53' <Predicate = true> <Delay = 5.41> <CoreInst = "Multiplier">   --->   Core 3 'Multiplier' <Latency = 4> <II = 1> <Delay = 5.41> <FuncUnit> <Opcode : 'mul'> <InPorts = 2> <OutPorts = 1>
ST_4 : Operation 103 [5/5] (5.41ns)   --->   "%mul_ln21_58 = mul i16 %sext_ln21_38, i16 %sext_ln21_13" [../source/tut3B_Function/matrix_mult.cpp:21]   --->   Operation 103 'mul' 'mul_ln21_58' <Predicate = true> <Delay = 5.41> <CoreInst = "Multiplier">   --->   Core 3 'Multiplier' <Latency = 4> <II = 1> <Delay = 5.41> <FuncUnit> <Opcode : 'mul'> <InPorts = 2> <OutPorts = 1>
ST_4 : Operation 104 [1/2] ( I:0.00ns O:0.00ns )   --->   "%a_load_23 = load i5 %a_addr_23" [../source/tut3B_Function/matrix_mult.cpp:21]   --->   Operation 104 'load' 'a_load_23' <Predicate = true> <Delay = 0.00> <CoreInst = "RAM">   --->   Core 81 'RAM' <Latency = 1> <II = 1> <Delay = 2.32> <Storage> <Opcode : 'load' 'store'> <Ports = 2> <Width = 8> <Depth = 25> <RAM>

State 5 <SV = 4> <Delay = 5.41>
ST_5 : Operation 105 [1/1] (0.00ns)   --->   "%a_addr_16 = getelementptr i8 %a, i64 0, i64 16" [../source/tut3B_Function/matrix_mult.cpp:21]   --->   Operation 105 'getelementptr' 'a_addr_16' <Predicate = true> <Delay = 0.00>
ST_5 : Operation 106 [1/1] (0.00ns)   --->   "%a_addr_21 = getelementptr i8 %a, i64 0, i64 21" [../source/tut3B_Function/matrix_mult.cpp:21]   --->   Operation 106 'getelementptr' 'a_addr_21' <Predicate = true> <Delay = 0.00>
ST_5 : Operation 107 [1/1] (0.00ns)   --->   "%b_addr_16 = getelementptr i8 %b, i64 0, i64 8" [../source/tut3B_Function/matrix_mult.cpp:21]   --->   Operation 107 'getelementptr' 'b_addr_16' <Predicate = true> <Delay = 0.00>
ST_5 : Operation 108 [1/1] (0.00ns)   --->   "%b_addr_21 = getelementptr i8 %b, i64 0, i64 9" [../source/tut3B_Function/matrix_mult.cpp:21]   --->   Operation 108 'getelementptr' 'b_addr_21' <Predicate = true> <Delay = 0.00>
ST_5 : Operation 109 [2/5] (5.41ns)   --->   "%mul_ln21_3 = mul i16 %sext_ln21_7, i16 %sext_ln21_6" [../source/tut3B_Function/matrix_mult.cpp:21]   --->   Operation 109 'mul' 'mul_ln21_3' <Predicate = true> <Delay = 5.41> <CoreInst = "Multiplier">   --->   Core 3 'Multiplier' <Latency = 4> <II = 1> <Delay = 5.41> <FuncUnit> <Opcode : 'mul'> <InPorts = 2> <OutPorts = 1>
ST_5 : Operation 110 [1/2] ( I:0.00ns O:0.00ns )   --->   "%b_load_6 = load i5 %b_addr_6" [../source/tut3B_Function/matrix_mult.cpp:21]   --->   Operation 110 'load' 'b_load_6' <Predicate = true> <Delay = 0.00> <CoreInst = "RAM">   --->   Core 81 'RAM' <Latency = 1> <II = 1> <Delay = 2.32> <Storage> <Opcode : 'load' 'store'> <Ports = 2> <Width = 8> <Depth = 25> <RAM>
ST_5 : Operation 111 [2/5] (5.41ns)   --->   "%mul_ln21_8 = mul i16 %sext_ln21_13, i16 %sext_ln21_6" [../source/tut3B_Function/matrix_mult.cpp:21]   --->   Operation 111 'mul' 'mul_ln21_8' <Predicate = true> <Delay = 5.41> <CoreInst = "Multiplier">   --->   Core 3 'Multiplier' <Latency = 4> <II = 1> <Delay = 5.41> <FuncUnit> <Opcode : 'mul'> <InPorts = 2> <OutPorts = 1>
ST_5 : Operation 112 [1/2] ( I:0.00ns O:0.00ns )   --->   "%b_load_11 = load i5 %b_addr_11" [../source/tut3B_Function/matrix_mult.cpp:21]   --->   Operation 112 'load' 'b_load_11' <Predicate = true> <Delay = 0.00> <CoreInst = "RAM">   --->   Core 81 'RAM' <Latency = 1> <II = 1> <Delay = 2.32> <Storage> <Opcode : 'load' 'store'> <Ports = 2> <Width = 8> <Depth = 25> <RAM>
ST_5 : Operation 113 [3/5] (5.41ns)   --->   "%mul_ln21_13 = mul i16 %sext_ln21_18, i16 %sext_ln21_6" [../source/tut3B_Function/matrix_mult.cpp:21]   --->   Operation 113 'mul' 'mul_ln21_13' <Predicate = true> <Delay = 5.41> <CoreInst = "Multiplier">   --->   Core 3 'Multiplier' <Latency = 4> <II = 1> <Delay = 5.41> <FuncUnit> <Opcode : 'mul'> <InPorts = 2> <OutPorts = 1>
ST_5 : Operation 114 [2/2] (0.00ns)   --->   "%b_load_16 = load i5 %b_addr_16" [../source/tut3B_Function/matrix_mult.cpp:21]   --->   Operation 114 'load' 'b_load_16' <Predicate = true> <Delay = 0.00> <CoreInst = "RAM">   --->   Core 81 'RAM' <Latency = 1> <II = 1> <Delay = 2.32> <Storage> <Opcode : 'load' 'store'> <Ports = 2> <Width = 8> <Depth = 25> <RAM>
ST_5 : Operation 115 [3/5] (5.41ns)   --->   "%mul_ln21_18 = mul i16 %sext_ln21_23, i16 %sext_ln21_6" [../source/tut3B_Function/matrix_mult.cpp:21]   --->   Operation 115 'mul' 'mul_ln21_18' <Predicate = true> <Delay = 5.41> <CoreInst = "Multiplier">   --->   Core 3 'Multiplier' <Latency = 4> <II = 1> <Delay = 5.41> <FuncUnit> <Opcode : 'mul'> <InPorts = 2> <OutPorts = 1>
ST_5 : Operation 116 [2/2] (0.00ns)   --->   "%b_load_21 = load i5 %b_addr_21" [../source/tut3B_Function/matrix_mult.cpp:21]   --->   Operation 116 'load' 'b_load_21' <Predicate = true> <Delay = 0.00> <CoreInst = "RAM">   --->   Core 81 'RAM' <Latency = 1> <II = 1> <Delay = 2.32> <Storage> <Opcode : 'load' 'store'> <Ports = 2> <Width = 8> <Depth = 25> <RAM>
ST_5 : Operation 117 [4/5] (5.41ns)   --->   "%mul_ln21_23 = mul i16 %sext_ln21_28, i16 %sext_ln21_6" [../source/tut3B_Function/matrix_mult.cpp:21]   --->   Operation 117 'mul' 'mul_ln21_23' <Predicate = true> <Delay = 5.41> <CoreInst = "Multiplier">   --->   Core 3 'Multiplier' <Latency = 4> <II = 1> <Delay = 5.41> <FuncUnit> <Opcode : 'mul'> <InPorts = 2> <OutPorts = 1>
ST_5 : Operation 118 [1/2] ( I:0.00ns O:0.00ns )   --->   "%a_load_6 = load i5 %a_addr_6" [../source/tut3B_Function/matrix_mult.cpp:21]   --->   Operation 118 'load' 'a_load_6' <Predicate = true> <Delay = 0.00> <CoreInst = "RAM">   --->   Core 81 'RAM' <Latency = 1> <II = 1> <Delay = 2.32> <Storage> <Opcode : 'load' 'store'> <Ports = 2> <Width = 8> <Depth = 25> <RAM>
ST_5 : Operation 119 [2/5] (5.41ns)   --->   "%mul_ln21_28 = mul i16 %sext_ln21_33, i16 %sext_ln21_7" [../source/tut3B_Function/matrix_mult.cpp:21]   --->   Operation 119 'mul' 'mul_ln21_28' <Predicate = true> <Delay = 5.41> <CoreInst = "Multiplier">   --->   Core 3 'Multiplier' <Latency = 4> <II = 1> <Delay = 5.41> <FuncUnit> <Opcode : 'mul'> <InPorts = 2> <OutPorts = 1>
ST_5 : Operation 120 [2/5] (5.41ns)   --->   "%mul_ln21_33 = mul i16 %sext_ln21_33, i16 %sext_ln21_13" [../source/tut3B_Function/matrix_mult.cpp:21]   --->   Operation 120 'mul' 'mul_ln21_33' <Predicate = true> <Delay = 5.41> <CoreInst = "Multiplier">   --->   Core 3 'Multiplier' <Latency = 4> <II = 1> <Delay = 5.41> <FuncUnit> <Opcode : 'mul'> <InPorts = 2> <OutPorts = 1>
ST_5 : Operation 121 [3/5] (5.41ns)   --->   "%mul_ln21_38 = mul i16 %sext_ln21_33, i16 %sext_ln21_18" [../source/tut3B_Function/matrix_mult.cpp:21]   --->   Operation 121 'mul' 'mul_ln21_38' <Predicate = true> <Delay = 5.41> <CoreInst = "Multiplier">   --->   Core 3 'Multiplier' <Latency = 4> <II = 1> <Delay = 5.41> <FuncUnit> <Opcode : 'mul'> <InPorts = 2> <OutPorts = 1>
ST_5 : Operation 122 [3/5] (5.41ns)   --->   "%mul_ln21_43 = mul i16 %sext_ln21_33, i16 %sext_ln21_23" [../source/tut3B_Function/matrix_mult.cpp:21]   --->   Operation 122 'mul' 'mul_ln21_43' <Predicate = true> <Delay = 5.41> <CoreInst = "Multiplier">   --->   Core 3 'Multiplier' <Latency = 4> <II = 1> <Delay = 5.41> <FuncUnit> <Opcode : 'mul'> <InPorts = 2> <OutPorts = 1>
ST_5 : Operation 123 [4/5] (5.41ns)   --->   "%mul_ln21_48 = mul i16 %sext_ln21_33, i16 %sext_ln21_28" [../source/tut3B_Function/matrix_mult.cpp:21]   --->   Operation 123 'mul' 'mul_ln21_48' <Predicate = true> <Delay = 5.41> <CoreInst = "Multiplier">   --->   Core 3 'Multiplier' <Latency = 4> <II = 1> <Delay = 5.41> <FuncUnit> <Opcode : 'mul'> <InPorts = 2> <OutPorts = 1>
ST_5 : Operation 124 [1/2] ( I:0.00ns O:0.00ns )   --->   "%a_load_11 = load i5 %a_addr_11" [../source/tut3B_Function/matrix_mult.cpp:21]   --->   Operation 124 'load' 'a_load_11' <Predicate = true> <Delay = 0.00> <CoreInst = "RAM">   --->   Core 81 'RAM' <Latency = 1> <II = 1> <Delay = 2.32> <Storage> <Opcode : 'load' 'store'> <Ports = 2> <Width = 8> <Depth = 25> <RAM>
ST_5 : Operation 125 [4/5] (5.41ns)   --->   "%mul_ln21_53 = mul i16 %sext_ln21_38, i16 %sext_ln21_7" [../source/tut3B_Function/matrix_mult.cpp:21]   --->   Operation 125 'mul' 'mul_ln21_53' <Predicate = true> <Delay = 5.41> <CoreInst = "Multiplier">   --->   Core 3 'Multiplier' <Latency = 4> <II = 1> <Delay = 5.41> <FuncUnit> <Opcode : 'mul'> <InPorts = 2> <OutPorts = 1>
ST_5 : Operation 126 [4/5] (5.41ns)   --->   "%mul_ln21_58 = mul i16 %sext_ln21_38, i16 %sext_ln21_13" [../source/tut3B_Function/matrix_mult.cpp:21]   --->   Operation 126 'mul' 'mul_ln21_58' <Predicate = true> <Delay = 5.41> <CoreInst = "Multiplier">   --->   Core 3 'Multiplier' <Latency = 4> <II = 1> <Delay = 5.41> <FuncUnit> <Opcode : 'mul'> <InPorts = 2> <OutPorts = 1>
ST_5 : Operation 127 [5/5] (5.41ns)   --->   "%mul_ln21_63 = mul i16 %sext_ln21_38, i16 %sext_ln21_18" [../source/tut3B_Function/matrix_mult.cpp:21]   --->   Operation 127 'mul' 'mul_ln21_63' <Predicate = true> <Delay = 5.41> <CoreInst = "Multiplier">   --->   Core 3 'Multiplier' <Latency = 4> <II = 1> <Delay = 5.41> <FuncUnit> <Opcode : 'mul'> <InPorts = 2> <OutPorts = 1>
ST_5 : Operation 128 [5/5] (5.41ns)   --->   "%mul_ln21_68 = mul i16 %sext_ln21_38, i16 %sext_ln21_23" [../source/tut3B_Function/matrix_mult.cpp:21]   --->   Operation 128 'mul' 'mul_ln21_68' <Predicate = true> <Delay = 5.41> <CoreInst = "Multiplier">   --->   Core 3 'Multiplier' <Latency = 4> <II = 1> <Delay = 5.41> <FuncUnit> <Opcode : 'mul'> <InPorts = 2> <OutPorts = 1>
ST_5 : Operation 129 [5/5] (5.41ns)   --->   "%mul_ln21_73 = mul i16 %sext_ln21_38, i16 %sext_ln21_28" [../source/tut3B_Function/matrix_mult.cpp:21]   --->   Operation 129 'mul' 'mul_ln21_73' <Predicate = true> <Delay = 5.41> <CoreInst = "Multiplier">   --->   Core 3 'Multiplier' <Latency = 4> <II = 1> <Delay = 5.41> <FuncUnit> <Opcode : 'mul'> <InPorts = 2> <OutPorts = 1>
ST_5 : Operation 130 [2/2] (0.00ns)   --->   "%a_load_16 = load i5 %a_addr_16" [../source/tut3B_Function/matrix_mult.cpp:21]   --->   Operation 130 'load' 'a_load_16' <Predicate = true> <Delay = 0.00> <CoreInst = "RAM">   --->   Core 81 'RAM' <Latency = 1> <II = 1> <Delay = 2.32> <Storage> <Opcode : 'load' 'store'> <Ports = 2> <Width = 8> <Depth = 25> <RAM>
ST_5 : Operation 131 [1/1] (0.00ns)   --->   "%sext_ln21_43 = sext i8 %a_load_18" [../source/tut3B_Function/matrix_mult.cpp:21]   --->   Operation 131 'sext' 'sext_ln21_43' <Predicate = true> <Delay = 0.00>
ST_5 : Operation 132 [5/5] (5.41ns)   --->   "%mul_ln21_78 = mul i16 %sext_ln21_43, i16 %sext_ln21_7" [../source/tut3B_Function/matrix_mult.cpp:21]   --->   Operation 132 'mul' 'mul_ln21_78' <Predicate = true> <Delay = 5.41> <CoreInst = "Multiplier">   --->   Core 3 'Multiplier' <Latency = 4> <II = 1> <Delay = 5.41> <FuncUnit> <Opcode : 'mul'> <InPorts = 2> <OutPorts = 1>
ST_5 : Operation 133 [2/2] (0.00ns)   --->   "%a_load_21 = load i5 %a_addr_21" [../source/tut3B_Function/matrix_mult.cpp:21]   --->   Operation 133 'load' 'a_load_21' <Predicate = true> <Delay = 0.00> <CoreInst = "RAM">   --->   Core 81 'RAM' <Latency = 1> <II = 1> <Delay = 2.32> <Storage> <Opcode : 'load' 'store'> <Ports = 2> <Width = 8> <Depth = 25> <RAM>

State 6 <SV = 5> <Delay = 5.41>
ST_6 : Operation 134 [1/1] (0.00ns)   --->   "%a_addr_4 = getelementptr i8 %a, i64 0, i64 4" [../source/tut3B_Function/matrix_mult.cpp:21]   --->   Operation 134 'getelementptr' 'a_addr_4' <Predicate = true> <Delay = 0.00>
ST_6 : Operation 135 [1/1] (0.00ns)   --->   "%a_addr_9 = getelementptr i8 %a, i64 0, i64 9" [../source/tut3B_Function/matrix_mult.cpp:21]   --->   Operation 135 'getelementptr' 'a_addr_9' <Predicate = true> <Delay = 0.00>
ST_6 : Operation 136 [1/1] (0.00ns)   --->   "%b_addr_4 = getelementptr i8 %b, i64 0, i64 20" [../source/tut3B_Function/matrix_mult.cpp:21]   --->   Operation 136 'getelementptr' 'b_addr_4' <Predicate = true> <Delay = 0.00>
ST_6 : Operation 137 [1/1] (0.00ns)   --->   "%b_addr_9 = getelementptr i8 %b, i64 0, i64 21" [../source/tut3B_Function/matrix_mult.cpp:21]   --->   Operation 137 'getelementptr' 'b_addr_9' <Predicate = true> <Delay = 0.00>
ST_6 : Operation 138 [2/2] (0.00ns)   --->   "%a_load_4 = load i5 %a_addr_4" [../source/tut3B_Function/matrix_mult.cpp:21]   --->   Operation 138 'load' 'a_load_4' <Predicate = true> <Delay = 0.00> <CoreInst = "RAM">   --->   Core 81 'RAM' <Latency = 1> <II = 1> <Delay = 2.32> <Storage> <Opcode : 'load' 'store'> <Ports = 2> <Width = 8> <Depth = 25> <RAM>
ST_6 : Operation 139 [2/2] (0.00ns)   --->   "%b_load_4 = load i5 %b_addr_4" [../source/tut3B_Function/matrix_mult.cpp:21]   --->   Operation 139 'load' 'b_load_4' <Predicate = true> <Delay = 0.00> <CoreInst = "RAM">   --->   Core 81 'RAM' <Latency = 1> <II = 1> <Delay = 2.32> <Storage> <Opcode : 'load' 'store'> <Ports = 2> <Width = 8> <Depth = 25> <RAM>
ST_6 : Operation 140 [1/5] (5.41ns)   --->   "%mul_ln21_3 = mul i16 %sext_ln21_7, i16 %sext_ln21_6" [../source/tut3B_Function/matrix_mult.cpp:21]   --->   Operation 140 'mul' 'mul_ln21_3' <Predicate = true> <Delay = 5.41> <CoreInst = "Multiplier">   --->   Core 3 'Multiplier' <Latency = 4> <II = 1> <Delay = 5.41> <FuncUnit> <Opcode : 'mul'> <InPorts = 2> <OutPorts = 1>
ST_6 : Operation 141 [2/2] (0.00ns)   --->   "%b_load_9 = load i5 %b_addr_9" [../source/tut3B_Function/matrix_mult.cpp:21]   --->   Operation 141 'load' 'b_load_9' <Predicate = true> <Delay = 0.00> <CoreInst = "RAM">   --->   Core 81 'RAM' <Latency = 1> <II = 1> <Delay = 2.32> <Storage> <Opcode : 'load' 'store'> <Ports = 2> <Width = 8> <Depth = 25> <RAM>
ST_6 : Operation 142 [1/5] (5.41ns)   --->   "%mul_ln21_8 = mul i16 %sext_ln21_13, i16 %sext_ln21_6" [../source/tut3B_Function/matrix_mult.cpp:21]   --->   Operation 142 'mul' 'mul_ln21_8' <Predicate = true> <Delay = 5.41> <CoreInst = "Multiplier">   --->   Core 3 'Multiplier' <Latency = 4> <II = 1> <Delay = 5.41> <FuncUnit> <Opcode : 'mul'> <InPorts = 2> <OutPorts = 1>
ST_6 : Operation 143 [2/5] (5.41ns)   --->   "%mul_ln21_13 = mul i16 %sext_ln21_18, i16 %sext_ln21_6" [../source/tut3B_Function/matrix_mult.cpp:21]   --->   Operation 143 'mul' 'mul_ln21_13' <Predicate = true> <Delay = 5.41> <CoreInst = "Multiplier">   --->   Core 3 'Multiplier' <Latency = 4> <II = 1> <Delay = 5.41> <FuncUnit> <Opcode : 'mul'> <InPorts = 2> <OutPorts = 1>
ST_6 : Operation 144 [1/2] ( I:0.00ns O:0.00ns )   --->   "%b_load_16 = load i5 %b_addr_16" [../source/tut3B_Function/matrix_mult.cpp:21]   --->   Operation 144 'load' 'b_load_16' <Predicate = true> <Delay = 0.00> <CoreInst = "RAM">   --->   Core 81 'RAM' <Latency = 1> <II = 1> <Delay = 2.32> <Storage> <Opcode : 'load' 'store'> <Ports = 2> <Width = 8> <Depth = 25> <RAM>
ST_6 : Operation 145 [2/5] (5.41ns)   --->   "%mul_ln21_18 = mul i16 %sext_ln21_23, i16 %sext_ln21_6" [../source/tut3B_Function/matrix_mult.cpp:21]   --->   Operation 145 'mul' 'mul_ln21_18' <Predicate = true> <Delay = 5.41> <CoreInst = "Multiplier">   --->   Core 3 'Multiplier' <Latency = 4> <II = 1> <Delay = 5.41> <FuncUnit> <Opcode : 'mul'> <InPorts = 2> <OutPorts = 1>
ST_6 : Operation 146 [1/2] ( I:0.00ns O:0.00ns )   --->   "%b_load_21 = load i5 %b_addr_21" [../source/tut3B_Function/matrix_mult.cpp:21]   --->   Operation 146 'load' 'b_load_21' <Predicate = true> <Delay = 0.00> <CoreInst = "RAM">   --->   Core 81 'RAM' <Latency = 1> <II = 1> <Delay = 2.32> <Storage> <Opcode : 'load' 'store'> <Ports = 2> <Width = 8> <Depth = 25> <RAM>
ST_6 : Operation 147 [3/5] (5.41ns)   --->   "%mul_ln21_23 = mul i16 %sext_ln21_28, i16 %sext_ln21_6" [../source/tut3B_Function/matrix_mult.cpp:21]   --->   Operation 147 'mul' 'mul_ln21_23' <Predicate = true> <Delay = 5.41> <CoreInst = "Multiplier">   --->   Core 3 'Multiplier' <Latency = 4> <II = 1> <Delay = 5.41> <FuncUnit> <Opcode : 'mul'> <InPorts = 2> <OutPorts = 1>
ST_6 : Operation 148 [2/2] (0.00ns)   --->   "%a_load_9 = load i5 %a_addr_9" [../source/tut3B_Function/matrix_mult.cpp:21]   --->   Operation 148 'load' 'a_load_9' <Predicate = true> <Delay = 0.00> <CoreInst = "RAM">   --->   Core 81 'RAM' <Latency = 1> <II = 1> <Delay = 2.32> <Storage> <Opcode : 'load' 'store'> <Ports = 2> <Width = 8> <Depth = 25> <RAM>
ST_6 : Operation 149 [1/5] (5.41ns)   --->   "%mul_ln21_28 = mul i16 %sext_ln21_33, i16 %sext_ln21_7" [../source/tut3B_Function/matrix_mult.cpp:21]   --->   Operation 149 'mul' 'mul_ln21_28' <Predicate = true> <Delay = 5.41> <CoreInst = "Multiplier">   --->   Core 3 'Multiplier' <Latency = 4> <II = 1> <Delay = 5.41> <FuncUnit> <Opcode : 'mul'> <InPorts = 2> <OutPorts = 1>
ST_6 : Operation 150 [1/5] (5.41ns)   --->   "%mul_ln21_33 = mul i16 %sext_ln21_33, i16 %sext_ln21_13" [../source/tut3B_Function/matrix_mult.cpp:21]   --->   Operation 150 'mul' 'mul_ln21_33' <Predicate = true> <Delay = 5.41> <CoreInst = "Multiplier">   --->   Core 3 'Multiplier' <Latency = 4> <II = 1> <Delay = 5.41> <FuncUnit> <Opcode : 'mul'> <InPorts = 2> <OutPorts = 1>
ST_6 : Operation 151 [2/5] (5.41ns)   --->   "%mul_ln21_38 = mul i16 %sext_ln21_33, i16 %sext_ln21_18" [../source/tut3B_Function/matrix_mult.cpp:21]   --->   Operation 151 'mul' 'mul_ln21_38' <Predicate = true> <Delay = 5.41> <CoreInst = "Multiplier">   --->   Core 3 'Multiplier' <Latency = 4> <II = 1> <Delay = 5.41> <FuncUnit> <Opcode : 'mul'> <InPorts = 2> <OutPorts = 1>
ST_6 : Operation 152 [2/5] (5.41ns)   --->   "%mul_ln21_43 = mul i16 %sext_ln21_33, i16 %sext_ln21_23" [../source/tut3B_Function/matrix_mult.cpp:21]   --->   Operation 152 'mul' 'mul_ln21_43' <Predicate = true> <Delay = 5.41> <CoreInst = "Multiplier">   --->   Core 3 'Multiplier' <Latency = 4> <II = 1> <Delay = 5.41> <FuncUnit> <Opcode : 'mul'> <InPorts = 2> <OutPorts = 1>
ST_6 : Operation 153 [3/5] (5.41ns)   --->   "%mul_ln21_48 = mul i16 %sext_ln21_33, i16 %sext_ln21_28" [../source/tut3B_Function/matrix_mult.cpp:21]   --->   Operation 153 'mul' 'mul_ln21_48' <Predicate = true> <Delay = 5.41> <CoreInst = "Multiplier">   --->   Core 3 'Multiplier' <Latency = 4> <II = 1> <Delay = 5.41> <FuncUnit> <Opcode : 'mul'> <InPorts = 2> <OutPorts = 1>
ST_6 : Operation 154 [3/5] (5.41ns)   --->   "%mul_ln21_53 = mul i16 %sext_ln21_38, i16 %sext_ln21_7" [../source/tut3B_Function/matrix_mult.cpp:21]   --->   Operation 154 'mul' 'mul_ln21_53' <Predicate = true> <Delay = 5.41> <CoreInst = "Multiplier">   --->   Core 3 'Multiplier' <Latency = 4> <II = 1> <Delay = 5.41> <FuncUnit> <Opcode : 'mul'> <InPorts = 2> <OutPorts = 1>
ST_6 : Operation 155 [3/5] (5.41ns)   --->   "%mul_ln21_58 = mul i16 %sext_ln21_38, i16 %sext_ln21_13" [../source/tut3B_Function/matrix_mult.cpp:21]   --->   Operation 155 'mul' 'mul_ln21_58' <Predicate = true> <Delay = 5.41> <CoreInst = "Multiplier">   --->   Core 3 'Multiplier' <Latency = 4> <II = 1> <Delay = 5.41> <FuncUnit> <Opcode : 'mul'> <InPorts = 2> <OutPorts = 1>
ST_6 : Operation 156 [4/5] (5.41ns)   --->   "%mul_ln21_63 = mul i16 %sext_ln21_38, i16 %sext_ln21_18" [../source/tut3B_Function/matrix_mult.cpp:21]   --->   Operation 156 'mul' 'mul_ln21_63' <Predicate = true> <Delay = 5.41> <CoreInst = "Multiplier">   --->   Core 3 'Multiplier' <Latency = 4> <II = 1> <Delay = 5.41> <FuncUnit> <Opcode : 'mul'> <InPorts = 2> <OutPorts = 1>
ST_6 : Operation 157 [4/5] (5.41ns)   --->   "%mul_ln21_68 = mul i16 %sext_ln21_38, i16 %sext_ln21_23" [../source/tut3B_Function/matrix_mult.cpp:21]   --->   Operation 157 'mul' 'mul_ln21_68' <Predicate = true> <Delay = 5.41> <CoreInst = "Multiplier">   --->   Core 3 'Multiplier' <Latency = 4> <II = 1> <Delay = 5.41> <FuncUnit> <Opcode : 'mul'> <InPorts = 2> <OutPorts = 1>
ST_6 : Operation 158 [4/5] (5.41ns)   --->   "%mul_ln21_73 = mul i16 %sext_ln21_38, i16 %sext_ln21_28" [../source/tut3B_Function/matrix_mult.cpp:21]   --->   Operation 158 'mul' 'mul_ln21_73' <Predicate = true> <Delay = 5.41> <CoreInst = "Multiplier">   --->   Core 3 'Multiplier' <Latency = 4> <II = 1> <Delay = 5.41> <FuncUnit> <Opcode : 'mul'> <InPorts = 2> <OutPorts = 1>
ST_6 : Operation 159 [1/2] ( I:0.00ns O:0.00ns )   --->   "%a_load_16 = load i5 %a_addr_16" [../source/tut3B_Function/matrix_mult.cpp:21]   --->   Operation 159 'load' 'a_load_16' <Predicate = true> <Delay = 0.00> <CoreInst = "RAM">   --->   Core 81 'RAM' <Latency = 1> <II = 1> <Delay = 2.32> <Storage> <Opcode : 'load' 'store'> <Ports = 2> <Width = 8> <Depth = 25> <RAM>
ST_6 : Operation 160 [4/5] (5.41ns)   --->   "%mul_ln21_78 = mul i16 %sext_ln21_43, i16 %sext_ln21_7" [../source/tut3B_Function/matrix_mult.cpp:21]   --->   Operation 160 'mul' 'mul_ln21_78' <Predicate = true> <Delay = 5.41> <CoreInst = "Multiplier">   --->   Core 3 'Multiplier' <Latency = 4> <II = 1> <Delay = 5.41> <FuncUnit> <Opcode : 'mul'> <InPorts = 2> <OutPorts = 1>
ST_6 : Operation 161 [5/5] (5.41ns)   --->   "%mul_ln21_83 = mul i16 %sext_ln21_43, i16 %sext_ln21_13" [../source/tut3B_Function/matrix_mult.cpp:21]   --->   Operation 161 'mul' 'mul_ln21_83' <Predicate = true> <Delay = 5.41> <CoreInst = "Multiplier">   --->   Core 3 'Multiplier' <Latency = 4> <II = 1> <Delay = 5.41> <FuncUnit> <Opcode : 'mul'> <InPorts = 2> <OutPorts = 1>
ST_6 : Operation 162 [5/5] (5.41ns)   --->   "%mul_ln21_88 = mul i16 %sext_ln21_43, i16 %sext_ln21_18" [../source/tut3B_Function/matrix_mult.cpp:21]   --->   Operation 162 'mul' 'mul_ln21_88' <Predicate = true> <Delay = 5.41> <CoreInst = "Multiplier">   --->   Core 3 'Multiplier' <Latency = 4> <II = 1> <Delay = 5.41> <FuncUnit> <Opcode : 'mul'> <InPorts = 2> <OutPorts = 1>
ST_6 : Operation 163 [5/5] (5.41ns)   --->   "%mul_ln21_93 = mul i16 %sext_ln21_43, i16 %sext_ln21_23" [../source/tut3B_Function/matrix_mult.cpp:21]   --->   Operation 163 'mul' 'mul_ln21_93' <Predicate = true> <Delay = 5.41> <CoreInst = "Multiplier">   --->   Core 3 'Multiplier' <Latency = 4> <II = 1> <Delay = 5.41> <FuncUnit> <Opcode : 'mul'> <InPorts = 2> <OutPorts = 1>
ST_6 : Operation 164 [5/5] (5.41ns)   --->   "%mul_ln21_98 = mul i16 %sext_ln21_43, i16 %sext_ln21_28" [../source/tut3B_Function/matrix_mult.cpp:21]   --->   Operation 164 'mul' 'mul_ln21_98' <Predicate = true> <Delay = 5.41> <CoreInst = "Multiplier">   --->   Core 3 'Multiplier' <Latency = 4> <II = 1> <Delay = 5.41> <FuncUnit> <Opcode : 'mul'> <InPorts = 2> <OutPorts = 1>
ST_6 : Operation 165 [1/2] ( I:0.00ns O:0.00ns )   --->   "%a_load_21 = load i5 %a_addr_21" [../source/tut3B_Function/matrix_mult.cpp:21]   --->   Operation 165 'load' 'a_load_21' <Predicate = true> <Delay = 0.00> <CoreInst = "RAM">   --->   Core 81 'RAM' <Latency = 1> <II = 1> <Delay = 2.32> <Storage> <Opcode : 'load' 'store'> <Ports = 2> <Width = 8> <Depth = 25> <RAM>

State 7 <SV = 6> <Delay = 5.41>
ST_7 : Operation 166 [1/1] (0.00ns)   --->   "%a_addr_14 = getelementptr i8 %a, i64 0, i64 14" [../source/tut3B_Function/matrix_mult.cpp:21]   --->   Operation 166 'getelementptr' 'a_addr_14' <Predicate = true> <Delay = 0.00>
ST_7 : Operation 167 [1/1] (0.00ns)   --->   "%a_addr_19 = getelementptr i8 %a, i64 0, i64 19" [../source/tut3B_Function/matrix_mult.cpp:21]   --->   Operation 167 'getelementptr' 'a_addr_19' <Predicate = true> <Delay = 0.00>
ST_7 : Operation 168 [1/1] (0.00ns)   --->   "%b_addr_14 = getelementptr i8 %b, i64 0, i64 22" [../source/tut3B_Function/matrix_mult.cpp:21]   --->   Operation 168 'getelementptr' 'b_addr_14' <Predicate = true> <Delay = 0.00>
ST_7 : Operation 169 [1/1] (0.00ns)   --->   "%b_addr_19 = getelementptr i8 %b, i64 0, i64 23" [../source/tut3B_Function/matrix_mult.cpp:21]   --->   Operation 169 'getelementptr' 'b_addr_19' <Predicate = true> <Delay = 0.00>
ST_7 : Operation 170 [1/2] ( I:0.00ns O:0.00ns )   --->   "%a_load_4 = load i5 %a_addr_4" [../source/tut3B_Function/matrix_mult.cpp:21]   --->   Operation 170 'load' 'a_load_4' <Predicate = true> <Delay = 0.00> <CoreInst = "RAM">   --->   Core 81 'RAM' <Latency = 1> <II = 1> <Delay = 2.32> <Storage> <Opcode : 'load' 'store'> <Ports = 2> <Width = 8> <Depth = 25> <RAM>
ST_7 : Operation 171 [1/1] (0.00ns)   --->   "%sext_ln21_8 = sext i8 %a_load_4" [../source/tut3B_Function/matrix_mult.cpp:21]   --->   Operation 171 'sext' 'sext_ln21_8' <Predicate = true> <Delay = 0.00>
ST_7 : Operation 172 [1/2] ( I:0.00ns O:0.00ns )   --->   "%b_load_4 = load i5 %b_addr_4" [../source/tut3B_Function/matrix_mult.cpp:21]   --->   Operation 172 'load' 'b_load_4' <Predicate = true> <Delay = 0.00> <CoreInst = "RAM">   --->   Core 81 'RAM' <Latency = 1> <II = 1> <Delay = 2.32> <Storage> <Opcode : 'load' 'store'> <Ports = 2> <Width = 8> <Depth = 25> <RAM>
ST_7 : Operation 173 [1/1] (0.00ns)   --->   "%sext_ln21_9 = sext i8 %b_load_4" [../source/tut3B_Function/matrix_mult.cpp:21]   --->   Operation 173 'sext' 'sext_ln21_9' <Predicate = true> <Delay = 0.00>
ST_7 : Operation 174 [3/3] (1.05ns) (grouped into DSP with root node add_ln21_1)   --->   "%mul_ln21_2 = mul i16 %sext_ln21_9, i16 %sext_ln21_8" [../source/tut3B_Function/matrix_mult.cpp:21]   --->   Operation 174 'mul' 'mul_ln21_2' <Predicate = true> <Delay = 1.05> <CoreInst = "DSP48">   --->   Core 116 'DSP48' <Latency = 3> <II = 1> <Delay = 2.15> <IPBlock> <Opcode : 'add' 'sub' 'mul' 'select'> <InPorts = 0> <OutPorts = 1> <Sync> <CReg>
ST_7 : Operation 175 [1/2] ( I:0.00ns O:0.00ns )   --->   "%b_load_9 = load i5 %b_addr_9" [../source/tut3B_Function/matrix_mult.cpp:21]   --->   Operation 175 'load' 'b_load_9' <Predicate = true> <Delay = 0.00> <CoreInst = "RAM">   --->   Core 81 'RAM' <Latency = 1> <II = 1> <Delay = 2.32> <Storage> <Opcode : 'load' 'store'> <Ports = 2> <Width = 8> <Depth = 25> <RAM>
ST_7 : Operation 176 [1/1] (0.00ns)   --->   "%sext_ln21_14 = sext i8 %b_load_9" [../source/tut3B_Function/matrix_mult.cpp:21]   --->   Operation 176 'sext' 'sext_ln21_14' <Predicate = true> <Delay = 0.00>
ST_7 : Operation 177 [3/3] (1.05ns) (grouped into DSP with root node add_ln21_5)   --->   "%mul_ln21_7 = mul i16 %sext_ln21_14, i16 %sext_ln21_8" [../source/tut3B_Function/matrix_mult.cpp:21]   --->   Operation 177 'mul' 'mul_ln21_7' <Predicate = true> <Delay = 1.05> <CoreInst = "DSP48">   --->   Core 116 'DSP48' <Latency = 3> <II = 1> <Delay = 2.15> <IPBlock> <Opcode : 'add' 'sub' 'mul' 'select'> <InPorts = 0> <OutPorts = 1> <Sync> <CReg>
ST_7 : Operation 178 [2/2] (0.00ns)   --->   "%b_load_14 = load i5 %b_addr_14" [../source/tut3B_Function/matrix_mult.cpp:21]   --->   Operation 178 'load' 'b_load_14' <Predicate = true> <Delay = 0.00> <CoreInst = "RAM">   --->   Core 81 'RAM' <Latency = 1> <II = 1> <Delay = 2.32> <Storage> <Opcode : 'load' 'store'> <Ports = 2> <Width = 8> <Depth = 25> <RAM>
ST_7 : Operation 179 [1/5] (5.41ns)   --->   "%mul_ln21_13 = mul i16 %sext_ln21_18, i16 %sext_ln21_6" [../source/tut3B_Function/matrix_mult.cpp:21]   --->   Operation 179 'mul' 'mul_ln21_13' <Predicate = true> <Delay = 5.41> <CoreInst = "Multiplier">   --->   Core 3 'Multiplier' <Latency = 4> <II = 1> <Delay = 5.41> <FuncUnit> <Opcode : 'mul'> <InPorts = 2> <OutPorts = 1>
ST_7 : Operation 180 [2/2] (0.00ns)   --->   "%b_load_19 = load i5 %b_addr_19" [../source/tut3B_Function/matrix_mult.cpp:21]   --->   Operation 180 'load' 'b_load_19' <Predicate = true> <Delay = 0.00> <CoreInst = "RAM">   --->   Core 81 'RAM' <Latency = 1> <II = 1> <Delay = 2.32> <Storage> <Opcode : 'load' 'store'> <Ports = 2> <Width = 8> <Depth = 25> <RAM>
ST_7 : Operation 181 [1/5] (5.41ns)   --->   "%mul_ln21_18 = mul i16 %sext_ln21_23, i16 %sext_ln21_6" [../source/tut3B_Function/matrix_mult.cpp:21]   --->   Operation 181 'mul' 'mul_ln21_18' <Predicate = true> <Delay = 5.41> <CoreInst = "Multiplier">   --->   Core 3 'Multiplier' <Latency = 4> <II = 1> <Delay = 5.41> <FuncUnit> <Opcode : 'mul'> <InPorts = 2> <OutPorts = 1>
ST_7 : Operation 182 [2/5] (5.41ns)   --->   "%mul_ln21_23 = mul i16 %sext_ln21_28, i16 %sext_ln21_6" [../source/tut3B_Function/matrix_mult.cpp:21]   --->   Operation 182 'mul' 'mul_ln21_23' <Predicate = true> <Delay = 5.41> <CoreInst = "Multiplier">   --->   Core 3 'Multiplier' <Latency = 4> <II = 1> <Delay = 5.41> <FuncUnit> <Opcode : 'mul'> <InPorts = 2> <OutPorts = 1>
ST_7 : Operation 183 [1/2] ( I:0.00ns O:0.00ns )   --->   "%a_load_9 = load i5 %a_addr_9" [../source/tut3B_Function/matrix_mult.cpp:21]   --->   Operation 183 'load' 'a_load_9' <Predicate = true> <Delay = 0.00> <CoreInst = "RAM">   --->   Core 81 'RAM' <Latency = 1> <II = 1> <Delay = 2.32> <Storage> <Opcode : 'load' 'store'> <Ports = 2> <Width = 8> <Depth = 25> <RAM>
ST_7 : Operation 184 [1/1] (0.00ns)   --->   "%sext_ln21_34 = sext i8 %a_load_9" [../source/tut3B_Function/matrix_mult.cpp:21]   --->   Operation 184 'sext' 'sext_ln21_34' <Predicate = true> <Delay = 0.00>
ST_7 : Operation 185 [3/3] (1.05ns) (grouped into DSP with root node add_ln21_21)   --->   "%mul_ln21_27 = mul i16 %sext_ln21_34, i16 %sext_ln21_9" [../source/tut3B_Function/matrix_mult.cpp:21]   --->   Operation 185 'mul' 'mul_ln21_27' <Predicate = true> <Delay = 1.05> <CoreInst = "DSP48">   --->   Core 116 'DSP48' <Latency = 3> <II = 1> <Delay = 2.15> <IPBlock> <Opcode : 'add' 'sub' 'mul' 'select'> <InPorts = 0> <OutPorts = 1> <Sync> <CReg>
ST_7 : Operation 186 [3/3] (1.05ns) (grouped into DSP with root node add_ln21_25)   --->   "%mul_ln21_32 = mul i16 %sext_ln21_34, i16 %sext_ln21_14" [../source/tut3B_Function/matrix_mult.cpp:21]   --->   Operation 186 'mul' 'mul_ln21_32' <Predicate = true> <Delay = 1.05> <CoreInst = "DSP48">   --->   Core 116 'DSP48' <Latency = 3> <II = 1> <Delay = 2.15> <IPBlock> <Opcode : 'add' 'sub' 'mul' 'select'> <InPorts = 0> <OutPorts = 1> <Sync> <CReg>
ST_7 : Operation 187 [1/5] (5.41ns)   --->   "%mul_ln21_38 = mul i16 %sext_ln21_33, i16 %sext_ln21_18" [../source/tut3B_Function/matrix_mult.cpp:21]   --->   Operation 187 'mul' 'mul_ln21_38' <Predicate = true> <Delay = 5.41> <CoreInst = "Multiplier">   --->   Core 3 'Multiplier' <Latency = 4> <II = 1> <Delay = 5.41> <FuncUnit> <Opcode : 'mul'> <InPorts = 2> <OutPorts = 1>
ST_7 : Operation 188 [1/5] (5.41ns)   --->   "%mul_ln21_43 = mul i16 %sext_ln21_33, i16 %sext_ln21_23" [../source/tut3B_Function/matrix_mult.cpp:21]   --->   Operation 188 'mul' 'mul_ln21_43' <Predicate = true> <Delay = 5.41> <CoreInst = "Multiplier">   --->   Core 3 'Multiplier' <Latency = 4> <II = 1> <Delay = 5.41> <FuncUnit> <Opcode : 'mul'> <InPorts = 2> <OutPorts = 1>
ST_7 : Operation 189 [2/5] (5.41ns)   --->   "%mul_ln21_48 = mul i16 %sext_ln21_33, i16 %sext_ln21_28" [../source/tut3B_Function/matrix_mult.cpp:21]   --->   Operation 189 'mul' 'mul_ln21_48' <Predicate = true> <Delay = 5.41> <CoreInst = "Multiplier">   --->   Core 3 'Multiplier' <Latency = 4> <II = 1> <Delay = 5.41> <FuncUnit> <Opcode : 'mul'> <InPorts = 2> <OutPorts = 1>
ST_7 : Operation 190 [2/2] (0.00ns)   --->   "%a_load_14 = load i5 %a_addr_14" [../source/tut3B_Function/matrix_mult.cpp:21]   --->   Operation 190 'load' 'a_load_14' <Predicate = true> <Delay = 0.00> <CoreInst = "RAM">   --->   Core 81 'RAM' <Latency = 1> <II = 1> <Delay = 2.32> <Storage> <Opcode : 'load' 'store'> <Ports = 2> <Width = 8> <Depth = 25> <RAM>
ST_7 : Operation 191 [2/5] (5.41ns)   --->   "%mul_ln21_53 = mul i16 %sext_ln21_38, i16 %sext_ln21_7" [../source/tut3B_Function/matrix_mult.cpp:21]   --->   Operation 191 'mul' 'mul_ln21_53' <Predicate = true> <Delay = 5.41> <CoreInst = "Multiplier">   --->   Core 3 'Multiplier' <Latency = 4> <II = 1> <Delay = 5.41> <FuncUnit> <Opcode : 'mul'> <InPorts = 2> <OutPorts = 1>
ST_7 : Operation 192 [2/5] (5.41ns)   --->   "%mul_ln21_58 = mul i16 %sext_ln21_38, i16 %sext_ln21_13" [../source/tut3B_Function/matrix_mult.cpp:21]   --->   Operation 192 'mul' 'mul_ln21_58' <Predicate = true> <Delay = 5.41> <CoreInst = "Multiplier">   --->   Core 3 'Multiplier' <Latency = 4> <II = 1> <Delay = 5.41> <FuncUnit> <Opcode : 'mul'> <InPorts = 2> <OutPorts = 1>
ST_7 : Operation 193 [3/5] (5.41ns)   --->   "%mul_ln21_63 = mul i16 %sext_ln21_38, i16 %sext_ln21_18" [../source/tut3B_Function/matrix_mult.cpp:21]   --->   Operation 193 'mul' 'mul_ln21_63' <Predicate = true> <Delay = 5.41> <CoreInst = "Multiplier">   --->   Core 3 'Multiplier' <Latency = 4> <II = 1> <Delay = 5.41> <FuncUnit> <Opcode : 'mul'> <InPorts = 2> <OutPorts = 1>
ST_7 : Operation 194 [3/5] (5.41ns)   --->   "%mul_ln21_68 = mul i16 %sext_ln21_38, i16 %sext_ln21_23" [../source/tut3B_Function/matrix_mult.cpp:21]   --->   Operation 194 'mul' 'mul_ln21_68' <Predicate = true> <Delay = 5.41> <CoreInst = "Multiplier">   --->   Core 3 'Multiplier' <Latency = 4> <II = 1> <Delay = 5.41> <FuncUnit> <Opcode : 'mul'> <InPorts = 2> <OutPorts = 1>
ST_7 : Operation 195 [3/5] (5.41ns)   --->   "%mul_ln21_73 = mul i16 %sext_ln21_38, i16 %sext_ln21_28" [../source/tut3B_Function/matrix_mult.cpp:21]   --->   Operation 195 'mul' 'mul_ln21_73' <Predicate = true> <Delay = 5.41> <CoreInst = "Multiplier">   --->   Core 3 'Multiplier' <Latency = 4> <II = 1> <Delay = 5.41> <FuncUnit> <Opcode : 'mul'> <InPorts = 2> <OutPorts = 1>
ST_7 : Operation 196 [2/2] (0.00ns)   --->   "%a_load_19 = load i5 %a_addr_19" [../source/tut3B_Function/matrix_mult.cpp:21]   --->   Operation 196 'load' 'a_load_19' <Predicate = true> <Delay = 0.00> <CoreInst = "RAM">   --->   Core 81 'RAM' <Latency = 1> <II = 1> <Delay = 2.32> <Storage> <Opcode : 'load' 'store'> <Ports = 2> <Width = 8> <Depth = 25> <RAM>
ST_7 : Operation 197 [3/5] (5.41ns)   --->   "%mul_ln21_78 = mul i16 %sext_ln21_43, i16 %sext_ln21_7" [../source/tut3B_Function/matrix_mult.cpp:21]   --->   Operation 197 'mul' 'mul_ln21_78' <Predicate = true> <Delay = 5.41> <CoreInst = "Multiplier">   --->   Core 3 'Multiplier' <Latency = 4> <II = 1> <Delay = 5.41> <FuncUnit> <Opcode : 'mul'> <InPorts = 2> <OutPorts = 1>
ST_7 : Operation 198 [4/5] (5.41ns)   --->   "%mul_ln21_83 = mul i16 %sext_ln21_43, i16 %sext_ln21_13" [../source/tut3B_Function/matrix_mult.cpp:21]   --->   Operation 198 'mul' 'mul_ln21_83' <Predicate = true> <Delay = 5.41> <CoreInst = "Multiplier">   --->   Core 3 'Multiplier' <Latency = 4> <II = 1> <Delay = 5.41> <FuncUnit> <Opcode : 'mul'> <InPorts = 2> <OutPorts = 1>
ST_7 : Operation 199 [4/5] (5.41ns)   --->   "%mul_ln21_88 = mul i16 %sext_ln21_43, i16 %sext_ln21_18" [../source/tut3B_Function/matrix_mult.cpp:21]   --->   Operation 199 'mul' 'mul_ln21_88' <Predicate = true> <Delay = 5.41> <CoreInst = "Multiplier">   --->   Core 3 'Multiplier' <Latency = 4> <II = 1> <Delay = 5.41> <FuncUnit> <Opcode : 'mul'> <InPorts = 2> <OutPorts = 1>
ST_7 : Operation 200 [4/5] (5.41ns)   --->   "%mul_ln21_93 = mul i16 %sext_ln21_43, i16 %sext_ln21_23" [../source/tut3B_Function/matrix_mult.cpp:21]   --->   Operation 200 'mul' 'mul_ln21_93' <Predicate = true> <Delay = 5.41> <CoreInst = "Multiplier">   --->   Core 3 'Multiplier' <Latency = 4> <II = 1> <Delay = 5.41> <FuncUnit> <Opcode : 'mul'> <InPorts = 2> <OutPorts = 1>
ST_7 : Operation 201 [4/5] (5.41ns)   --->   "%mul_ln21_98 = mul i16 %sext_ln21_43, i16 %sext_ln21_28" [../source/tut3B_Function/matrix_mult.cpp:21]   --->   Operation 201 'mul' 'mul_ln21_98' <Predicate = true> <Delay = 5.41> <CoreInst = "Multiplier">   --->   Core 3 'Multiplier' <Latency = 4> <II = 1> <Delay = 5.41> <FuncUnit> <Opcode : 'mul'> <InPorts = 2> <OutPorts = 1>
ST_7 : Operation 202 [1/1] (0.00ns)   --->   "%sext_ln21_48 = sext i8 %a_load_23" [../source/tut3B_Function/matrix_mult.cpp:21]   --->   Operation 202 'sext' 'sext_ln21_48' <Predicate = true> <Delay = 0.00>
ST_7 : Operation 203 [5/5] (5.41ns)   --->   "%mul_ln21_103 = mul i16 %sext_ln21_48, i16 %sext_ln21_7" [../source/tut3B_Function/matrix_mult.cpp:21]   --->   Operation 203 'mul' 'mul_ln21_103' <Predicate = true> <Delay = 5.41> <CoreInst = "Multiplier">   --->   Core 3 'Multiplier' <Latency = 4> <II = 1> <Delay = 5.41> <FuncUnit> <Opcode : 'mul'> <InPorts = 2> <OutPorts = 1>
ST_7 : Operation 204 [5/5] (5.41ns)   --->   "%mul_ln21_108 = mul i16 %sext_ln21_48, i16 %sext_ln21_13" [../source/tut3B_Function/matrix_mult.cpp:21]   --->   Operation 204 'mul' 'mul_ln21_108' <Predicate = true> <Delay = 5.41> <CoreInst = "Multiplier">   --->   Core 3 'Multiplier' <Latency = 4> <II = 1> <Delay = 5.41> <FuncUnit> <Opcode : 'mul'> <InPorts = 2> <OutPorts = 1>
ST_7 : Operation 205 [5/5] (5.41ns)   --->   "%mul_ln21_113 = mul i16 %sext_ln21_48, i16 %sext_ln21_18" [../source/tut3B_Function/matrix_mult.cpp:21]   --->   Operation 205 'mul' 'mul_ln21_113' <Predicate = true> <Delay = 5.41> <CoreInst = "Multiplier">   --->   Core 3 'Multiplier' <Latency = 4> <II = 1> <Delay = 5.41> <FuncUnit> <Opcode : 'mul'> <InPorts = 2> <OutPorts = 1>
ST_7 : Operation 206 [5/5] (5.41ns)   --->   "%mul_ln21_118 = mul i16 %sext_ln21_48, i16 %sext_ln21_23" [../source/tut3B_Function/matrix_mult.cpp:21]   --->   Operation 206 'mul' 'mul_ln21_118' <Predicate = true> <Delay = 5.41> <CoreInst = "Multiplier">   --->   Core 3 'Multiplier' <Latency = 4> <II = 1> <Delay = 5.41> <FuncUnit> <Opcode : 'mul'> <InPorts = 2> <OutPorts = 1>

State 8 <SV = 7> <Delay = 5.41>
ST_8 : Operation 207 [1/1] (0.00ns)   --->   "%a_addr = getelementptr i8 %a, i64 0, i64 0" [../source/tut3B_Function/matrix_mult.cpp:21]   --->   Operation 207 'getelementptr' 'a_addr' <Predicate = true> <Delay = 0.00>
ST_8 : Operation 208 [1/1] (0.00ns)   --->   "%a_addr_24 = getelementptr i8 %a, i64 0, i64 24" [../source/tut3B_Function/matrix_mult.cpp:21]   --->   Operation 208 'getelementptr' 'a_addr_24' <Predicate = true> <Delay = 0.00>
ST_8 : Operation 209 [1/1] (0.00ns)   --->   "%b_addr = getelementptr i8 %b, i64 0, i64 0" [../source/tut3B_Function/matrix_mult.cpp:21]   --->   Operation 209 'getelementptr' 'b_addr' <Predicate = true> <Delay = 0.00>
ST_8 : Operation 210 [1/1] (0.00ns)   --->   "%b_addr_24 = getelementptr i8 %b, i64 0, i64 24" [../source/tut3B_Function/matrix_mult.cpp:21]   --->   Operation 210 'getelementptr' 'b_addr_24' <Predicate = true> <Delay = 0.00>
ST_8 : Operation 211 [2/2] (0.00ns)   --->   "%a_load = load i5 %a_addr" [../source/tut3B_Function/matrix_mult.cpp:21]   --->   Operation 211 'load' 'a_load' <Predicate = true> <Delay = 0.00> <CoreInst = "RAM">   --->   Core 81 'RAM' <Latency = 1> <II = 1> <Delay = 2.32> <Storage> <Opcode : 'load' 'store'> <Ports = 2> <Width = 8> <Depth = 25> <RAM>
ST_8 : Operation 212 [2/2] (0.00ns)   --->   "%b_load = load i5 %b_addr" [../source/tut3B_Function/matrix_mult.cpp:21]   --->   Operation 212 'load' 'b_load' <Predicate = true> <Delay = 0.00> <CoreInst = "RAM">   --->   Core 81 'RAM' <Latency = 1> <II = 1> <Delay = 2.32> <Storage> <Opcode : 'load' 'store'> <Ports = 2> <Width = 8> <Depth = 25> <RAM>
ST_8 : Operation 213 [1/1] (0.00ns)   --->   "%sext_ln21_2 = sext i8 %a_load_1" [../source/tut3B_Function/matrix_mult.cpp:21]   --->   Operation 213 'sext' 'sext_ln21_2' <Predicate = true> <Delay = 0.00>
ST_8 : Operation 214 [1/1] (0.00ns)   --->   "%sext_ln21_3 = sext i8 %b_load_1" [../source/tut3B_Function/matrix_mult.cpp:21]   --->   Operation 214 'sext' 'sext_ln21_3' <Predicate = true> <Delay = 0.00>
ST_8 : Operation 215 [5/5] (5.41ns)   --->   "%mul_ln21_1 = mul i16 %sext_ln21_3, i16 %sext_ln21_2" [../source/tut3B_Function/matrix_mult.cpp:21]   --->   Operation 215 'mul' 'mul_ln21_1' <Predicate = true> <Delay = 5.41> <CoreInst = "Multiplier">   --->   Core 3 'Multiplier' <Latency = 4> <II = 1> <Delay = 5.41> <FuncUnit> <Opcode : 'mul'> <InPorts = 2> <OutPorts = 1>
ST_8 : Operation 216 [2/3] (1.05ns) (grouped into DSP with root node add_ln21_1)   --->   "%mul_ln21_2 = mul i16 %sext_ln21_9, i16 %sext_ln21_8" [../source/tut3B_Function/matrix_mult.cpp:21]   --->   Operation 216 'mul' 'mul_ln21_2' <Predicate = true> <Delay = 1.05> <CoreInst = "DSP48">   --->   Core 116 'DSP48' <Latency = 3> <II = 1> <Delay = 2.15> <IPBlock> <Opcode : 'add' 'sub' 'mul' 'select'> <InPorts = 0> <OutPorts = 1> <Sync> <CReg>
ST_8 : Operation 217 [1/1] (0.00ns)   --->   "%sext_ln21_11 = sext i8 %b_load_6" [../source/tut3B_Function/matrix_mult.cpp:21]   --->   Operation 217 'sext' 'sext_ln21_11' <Predicate = true> <Delay = 0.00>
ST_8 : Operation 218 [5/5] (5.41ns)   --->   "%mul_ln21_6 = mul i16 %sext_ln21_11, i16 %sext_ln21_2" [../source/tut3B_Function/matrix_mult.cpp:21]   --->   Operation 218 'mul' 'mul_ln21_6' <Predicate = true> <Delay = 5.41> <CoreInst = "Multiplier">   --->   Core 3 'Multiplier' <Latency = 4> <II = 1> <Delay = 5.41> <FuncUnit> <Opcode : 'mul'> <InPorts = 2> <OutPorts = 1>
ST_8 : Operation 219 [2/3] (1.05ns) (grouped into DSP with root node add_ln21_5)   --->   "%mul_ln21_7 = mul i16 %sext_ln21_14, i16 %sext_ln21_8" [../source/tut3B_Function/matrix_mult.cpp:21]   --->   Operation 219 'mul' 'mul_ln21_7' <Predicate = true> <Delay = 1.05> <CoreInst = "DSP48">   --->   Core 116 'DSP48' <Latency = 3> <II = 1> <Delay = 2.15> <IPBlock> <Opcode : 'add' 'sub' 'mul' 'select'> <InPorts = 0> <OutPorts = 1> <Sync> <CReg>
ST_8 : Operation 220 [1/1] (0.00ns)   --->   "%sext_ln21_16 = sext i8 %b_load_11" [../source/tut3B_Function/matrix_mult.cpp:21]   --->   Operation 220 'sext' 'sext_ln21_16' <Predicate = true> <Delay = 0.00>
ST_8 : Operation 221 [1/2] ( I:0.00ns O:0.00ns )   --->   "%b_load_14 = load i5 %b_addr_14" [../source/tut3B_Function/matrix_mult.cpp:21]   --->   Operation 221 'load' 'b_load_14' <Predicate = true> <Delay = 0.00> <CoreInst = "RAM">   --->   Core 81 'RAM' <Latency = 1> <II = 1> <Delay = 2.32> <Storage> <Opcode : 'load' 'store'> <Ports = 2> <Width = 8> <Depth = 25> <RAM>
ST_8 : Operation 222 [1/1] (0.00ns)   --->   "%sext_ln21_19 = sext i8 %b_load_14" [../source/tut3B_Function/matrix_mult.cpp:21]   --->   Operation 222 'sext' 'sext_ln21_19' <Predicate = true> <Delay = 0.00>
ST_8 : Operation 223 [5/5] (5.41ns)   --->   "%mul_ln21_11 = mul i16 %sext_ln21_16, i16 %sext_ln21_2" [../source/tut3B_Function/matrix_mult.cpp:21]   --->   Operation 223 'mul' 'mul_ln21_11' <Predicate = true> <Delay = 5.41> <CoreInst = "Multiplier">   --->   Core 3 'Multiplier' <Latency = 4> <II = 1> <Delay = 5.41> <FuncUnit> <Opcode : 'mul'> <InPorts = 2> <OutPorts = 1>
ST_8 : Operation 224 [3/3] (1.05ns) (grouped into DSP with root node add_ln21_9)   --->   "%mul_ln21_12 = mul i16 %sext_ln21_19, i16 %sext_ln21_8" [../source/tut3B_Function/matrix_mult.cpp:21]   --->   Operation 224 'mul' 'mul_ln21_12' <Predicate = true> <Delay = 1.05> <CoreInst = "DSP48">   --->   Core 116 'DSP48' <Latency = 3> <II = 1> <Delay = 2.15> <IPBlock> <Opcode : 'add' 'sub' 'mul' 'select'> <InPorts = 0> <OutPorts = 1> <Sync> <CReg>
ST_8 : Operation 225 [1/2] ( I:0.00ns O:0.00ns )   --->   "%b_load_19 = load i5 %b_addr_19" [../source/tut3B_Function/matrix_mult.cpp:21]   --->   Operation 225 'load' 'b_load_19' <Predicate = true> <Delay = 0.00> <CoreInst = "RAM">   --->   Core 81 'RAM' <Latency = 1> <II = 1> <Delay = 2.32> <Storage> <Opcode : 'load' 'store'> <Ports = 2> <Width = 8> <Depth = 25> <RAM>
ST_8 : Operation 226 [1/1] (0.00ns)   --->   "%sext_ln21_24 = sext i8 %b_load_19" [../source/tut3B_Function/matrix_mult.cpp:21]   --->   Operation 226 'sext' 'sext_ln21_24' <Predicate = true> <Delay = 0.00>
ST_8 : Operation 227 [3/3] (1.05ns) (grouped into DSP with root node add_ln21_13)   --->   "%mul_ln21_17 = mul i16 %sext_ln21_24, i16 %sext_ln21_8" [../source/tut3B_Function/matrix_mult.cpp:21]   --->   Operation 227 'mul' 'mul_ln21_17' <Predicate = true> <Delay = 1.05> <CoreInst = "DSP48">   --->   Core 116 'DSP48' <Latency = 3> <II = 1> <Delay = 2.15> <IPBlock> <Opcode : 'add' 'sub' 'mul' 'select'> <InPorts = 0> <OutPorts = 1> <Sync> <CReg>
ST_8 : Operation 228 [2/2] (0.00ns)   --->   "%b_load_24 = load i5 %b_addr_24" [../source/tut3B_Function/matrix_mult.cpp:21]   --->   Operation 228 'load' 'b_load_24' <Predicate = true> <Delay = 0.00> <CoreInst = "RAM">   --->   Core 81 'RAM' <Latency = 1> <II = 1> <Delay = 2.32> <Storage> <Opcode : 'load' 'store'> <Ports = 2> <Width = 8> <Depth = 25> <RAM>
ST_8 : Operation 229 [1/5] (5.41ns)   --->   "%mul_ln21_23 = mul i16 %sext_ln21_28, i16 %sext_ln21_6" [../source/tut3B_Function/matrix_mult.cpp:21]   --->   Operation 229 'mul' 'mul_ln21_23' <Predicate = true> <Delay = 5.41> <CoreInst = "Multiplier">   --->   Core 3 'Multiplier' <Latency = 4> <II = 1> <Delay = 5.41> <FuncUnit> <Opcode : 'mul'> <InPorts = 2> <OutPorts = 1>
ST_8 : Operation 230 [2/3] (1.05ns) (grouped into DSP with root node add_ln21_21)   --->   "%mul_ln21_27 = mul i16 %sext_ln21_34, i16 %sext_ln21_9" [../source/tut3B_Function/matrix_mult.cpp:21]   --->   Operation 230 'mul' 'mul_ln21_27' <Predicate = true> <Delay = 1.05> <CoreInst = "DSP48">   --->   Core 116 'DSP48' <Latency = 3> <II = 1> <Delay = 2.15> <IPBlock> <Opcode : 'add' 'sub' 'mul' 'select'> <InPorts = 0> <OutPorts = 1> <Sync> <CReg>
ST_8 : Operation 231 [2/3] (1.05ns) (grouped into DSP with root node add_ln21_25)   --->   "%mul_ln21_32 = mul i16 %sext_ln21_34, i16 %sext_ln21_14" [../source/tut3B_Function/matrix_mult.cpp:21]   --->   Operation 231 'mul' 'mul_ln21_32' <Predicate = true> <Delay = 1.05> <CoreInst = "DSP48">   --->   Core 116 'DSP48' <Latency = 3> <II = 1> <Delay = 2.15> <IPBlock> <Opcode : 'add' 'sub' 'mul' 'select'> <InPorts = 0> <OutPorts = 1> <Sync> <CReg>
ST_8 : Operation 232 [3/3] (1.05ns) (grouped into DSP with root node add_ln21_29)   --->   "%mul_ln21_37 = mul i16 %sext_ln21_34, i16 %sext_ln21_19" [../source/tut3B_Function/matrix_mult.cpp:21]   --->   Operation 232 'mul' 'mul_ln21_37' <Predicate = true> <Delay = 1.05> <CoreInst = "DSP48">   --->   Core 116 'DSP48' <Latency = 3> <II = 1> <Delay = 2.15> <IPBlock> <Opcode : 'add' 'sub' 'mul' 'select'> <InPorts = 0> <OutPorts = 1> <Sync> <CReg>
ST_8 : Operation 233 [3/3] (1.05ns) (grouped into DSP with root node add_ln21_33)   --->   "%mul_ln21_42 = mul i16 %sext_ln21_34, i16 %sext_ln21_24" [../source/tut3B_Function/matrix_mult.cpp:21]   --->   Operation 233 'mul' 'mul_ln21_42' <Predicate = true> <Delay = 1.05> <CoreInst = "DSP48">   --->   Core 116 'DSP48' <Latency = 3> <II = 1> <Delay = 2.15> <IPBlock> <Opcode : 'add' 'sub' 'mul' 'select'> <InPorts = 0> <OutPorts = 1> <Sync> <CReg>
ST_8 : Operation 234 [1/5] (5.41ns)   --->   "%mul_ln21_48 = mul i16 %sext_ln21_33, i16 %sext_ln21_28" [../source/tut3B_Function/matrix_mult.cpp:21]   --->   Operation 234 'mul' 'mul_ln21_48' <Predicate = true> <Delay = 5.41> <CoreInst = "Multiplier">   --->   Core 3 'Multiplier' <Latency = 4> <II = 1> <Delay = 5.41> <FuncUnit> <Opcode : 'mul'> <InPorts = 2> <OutPorts = 1>
ST_8 : Operation 235 [1/2] ( I:0.00ns O:0.00ns )   --->   "%a_load_14 = load i5 %a_addr_14" [../source/tut3B_Function/matrix_mult.cpp:21]   --->   Operation 235 'load' 'a_load_14' <Predicate = true> <Delay = 0.00> <CoreInst = "RAM">   --->   Core 81 'RAM' <Latency = 1> <II = 1> <Delay = 2.32> <Storage> <Opcode : 'load' 'store'> <Ports = 2> <Width = 8> <Depth = 25> <RAM>
ST_8 : Operation 236 [1/1] (0.00ns)   --->   "%sext_ln21_39 = sext i8 %a_load_14" [../source/tut3B_Function/matrix_mult.cpp:21]   --->   Operation 236 'sext' 'sext_ln21_39' <Predicate = true> <Delay = 0.00>
ST_8 : Operation 237 [3/3] (1.05ns) (grouped into DSP with root node add_ln21_41)   --->   "%mul_ln21_52 = mul i16 %sext_ln21_39, i16 %sext_ln21_9" [../source/tut3B_Function/matrix_mult.cpp:21]   --->   Operation 237 'mul' 'mul_ln21_52' <Predicate = true> <Delay = 1.05> <CoreInst = "DSP48">   --->   Core 116 'DSP48' <Latency = 3> <II = 1> <Delay = 2.15> <IPBlock> <Opcode : 'add' 'sub' 'mul' 'select'> <InPorts = 0> <OutPorts = 1> <Sync> <CReg>
ST_8 : Operation 238 [1/5] (5.41ns)   --->   "%mul_ln21_53 = mul i16 %sext_ln21_38, i16 %sext_ln21_7" [../source/tut3B_Function/matrix_mult.cpp:21]   --->   Operation 238 'mul' 'mul_ln21_53' <Predicate = true> <Delay = 5.41> <CoreInst = "Multiplier">   --->   Core 3 'Multiplier' <Latency = 4> <II = 1> <Delay = 5.41> <FuncUnit> <Opcode : 'mul'> <InPorts = 2> <OutPorts = 1>
ST_8 : Operation 239 [3/3] (1.05ns) (grouped into DSP with root node add_ln21_45)   --->   "%mul_ln21_57 = mul i16 %sext_ln21_39, i16 %sext_ln21_14" [../source/tut3B_Function/matrix_mult.cpp:21]   --->   Operation 239 'mul' 'mul_ln21_57' <Predicate = true> <Delay = 1.05> <CoreInst = "DSP48">   --->   Core 116 'DSP48' <Latency = 3> <II = 1> <Delay = 2.15> <IPBlock> <Opcode : 'add' 'sub' 'mul' 'select'> <InPorts = 0> <OutPorts = 1> <Sync> <CReg>
ST_8 : Operation 240 [1/5] (5.41ns)   --->   "%mul_ln21_58 = mul i16 %sext_ln21_38, i16 %sext_ln21_13" [../source/tut3B_Function/matrix_mult.cpp:21]   --->   Operation 240 'mul' 'mul_ln21_58' <Predicate = true> <Delay = 5.41> <CoreInst = "Multiplier">   --->   Core 3 'Multiplier' <Latency = 4> <II = 1> <Delay = 5.41> <FuncUnit> <Opcode : 'mul'> <InPorts = 2> <OutPorts = 1>
ST_8 : Operation 241 [2/5] (5.41ns)   --->   "%mul_ln21_63 = mul i16 %sext_ln21_38, i16 %sext_ln21_18" [../source/tut3B_Function/matrix_mult.cpp:21]   --->   Operation 241 'mul' 'mul_ln21_63' <Predicate = true> <Delay = 5.41> <CoreInst = "Multiplier">   --->   Core 3 'Multiplier' <Latency = 4> <II = 1> <Delay = 5.41> <FuncUnit> <Opcode : 'mul'> <InPorts = 2> <OutPorts = 1>
ST_8 : Operation 242 [2/5] (5.41ns)   --->   "%mul_ln21_68 = mul i16 %sext_ln21_38, i16 %sext_ln21_23" [../source/tut3B_Function/matrix_mult.cpp:21]   --->   Operation 242 'mul' 'mul_ln21_68' <Predicate = true> <Delay = 5.41> <CoreInst = "Multiplier">   --->   Core 3 'Multiplier' <Latency = 4> <II = 1> <Delay = 5.41> <FuncUnit> <Opcode : 'mul'> <InPorts = 2> <OutPorts = 1>
ST_8 : Operation 243 [2/5] (5.41ns)   --->   "%mul_ln21_73 = mul i16 %sext_ln21_38, i16 %sext_ln21_28" [../source/tut3B_Function/matrix_mult.cpp:21]   --->   Operation 243 'mul' 'mul_ln21_73' <Predicate = true> <Delay = 5.41> <CoreInst = "Multiplier">   --->   Core 3 'Multiplier' <Latency = 4> <II = 1> <Delay = 5.41> <FuncUnit> <Opcode : 'mul'> <InPorts = 2> <OutPorts = 1>
ST_8 : Operation 244 [1/2] ( I:0.00ns O:0.00ns )   --->   "%a_load_19 = load i5 %a_addr_19" [../source/tut3B_Function/matrix_mult.cpp:21]   --->   Operation 244 'load' 'a_load_19' <Predicate = true> <Delay = 0.00> <CoreInst = "RAM">   --->   Core 81 'RAM' <Latency = 1> <II = 1> <Delay = 2.32> <Storage> <Opcode : 'load' 'store'> <Ports = 2> <Width = 8> <Depth = 25> <RAM>
ST_8 : Operation 245 [2/5] (5.41ns)   --->   "%mul_ln21_78 = mul i16 %sext_ln21_43, i16 %sext_ln21_7" [../source/tut3B_Function/matrix_mult.cpp:21]   --->   Operation 245 'mul' 'mul_ln21_78' <Predicate = true> <Delay = 5.41> <CoreInst = "Multiplier">   --->   Core 3 'Multiplier' <Latency = 4> <II = 1> <Delay = 5.41> <FuncUnit> <Opcode : 'mul'> <InPorts = 2> <OutPorts = 1>
ST_8 : Operation 246 [3/5] (5.41ns)   --->   "%mul_ln21_83 = mul i16 %sext_ln21_43, i16 %sext_ln21_13" [../source/tut3B_Function/matrix_mult.cpp:21]   --->   Operation 246 'mul' 'mul_ln21_83' <Predicate = true> <Delay = 5.41> <CoreInst = "Multiplier">   --->   Core 3 'Multiplier' <Latency = 4> <II = 1> <Delay = 5.41> <FuncUnit> <Opcode : 'mul'> <InPorts = 2> <OutPorts = 1>
ST_8 : Operation 247 [3/5] (5.41ns)   --->   "%mul_ln21_88 = mul i16 %sext_ln21_43, i16 %sext_ln21_18" [../source/tut3B_Function/matrix_mult.cpp:21]   --->   Operation 247 'mul' 'mul_ln21_88' <Predicate = true> <Delay = 5.41> <CoreInst = "Multiplier">   --->   Core 3 'Multiplier' <Latency = 4> <II = 1> <Delay = 5.41> <FuncUnit> <Opcode : 'mul'> <InPorts = 2> <OutPorts = 1>
ST_8 : Operation 248 [3/5] (5.41ns)   --->   "%mul_ln21_93 = mul i16 %sext_ln21_43, i16 %sext_ln21_23" [../source/tut3B_Function/matrix_mult.cpp:21]   --->   Operation 248 'mul' 'mul_ln21_93' <Predicate = true> <Delay = 5.41> <CoreInst = "Multiplier">   --->   Core 3 'Multiplier' <Latency = 4> <II = 1> <Delay = 5.41> <FuncUnit> <Opcode : 'mul'> <InPorts = 2> <OutPorts = 1>
ST_8 : Operation 249 [3/5] (5.41ns)   --->   "%mul_ln21_98 = mul i16 %sext_ln21_43, i16 %sext_ln21_28" [../source/tut3B_Function/matrix_mult.cpp:21]   --->   Operation 249 'mul' 'mul_ln21_98' <Predicate = true> <Delay = 5.41> <CoreInst = "Multiplier">   --->   Core 3 'Multiplier' <Latency = 4> <II = 1> <Delay = 5.41> <FuncUnit> <Opcode : 'mul'> <InPorts = 2> <OutPorts = 1>
ST_8 : Operation 250 [2/2] (0.00ns)   --->   "%a_load_24 = load i5 %a_addr_24" [../source/tut3B_Function/matrix_mult.cpp:21]   --->   Operation 250 'load' 'a_load_24' <Predicate = true> <Delay = 0.00> <CoreInst = "RAM">   --->   Core 81 'RAM' <Latency = 1> <II = 1> <Delay = 2.32> <Storage> <Opcode : 'load' 'store'> <Ports = 2> <Width = 8> <Depth = 25> <RAM>
ST_8 : Operation 251 [4/5] (5.41ns)   --->   "%mul_ln21_103 = mul i16 %sext_ln21_48, i16 %sext_ln21_7" [../source/tut3B_Function/matrix_mult.cpp:21]   --->   Operation 251 'mul' 'mul_ln21_103' <Predicate = true> <Delay = 5.41> <CoreInst = "Multiplier">   --->   Core 3 'Multiplier' <Latency = 4> <II = 1> <Delay = 5.41> <FuncUnit> <Opcode : 'mul'> <InPorts = 2> <OutPorts = 1>
ST_8 : Operation 252 [4/5] (5.41ns)   --->   "%mul_ln21_108 = mul i16 %sext_ln21_48, i16 %sext_ln21_13" [../source/tut3B_Function/matrix_mult.cpp:21]   --->   Operation 252 'mul' 'mul_ln21_108' <Predicate = true> <Delay = 5.41> <CoreInst = "Multiplier">   --->   Core 3 'Multiplier' <Latency = 4> <II = 1> <Delay = 5.41> <FuncUnit> <Opcode : 'mul'> <InPorts = 2> <OutPorts = 1>
ST_8 : Operation 253 [4/5] (5.41ns)   --->   "%mul_ln21_113 = mul i16 %sext_ln21_48, i16 %sext_ln21_18" [../source/tut3B_Function/matrix_mult.cpp:21]   --->   Operation 253 'mul' 'mul_ln21_113' <Predicate = true> <Delay = 5.41> <CoreInst = "Multiplier">   --->   Core 3 'Multiplier' <Latency = 4> <II = 1> <Delay = 5.41> <FuncUnit> <Opcode : 'mul'> <InPorts = 2> <OutPorts = 1>
ST_8 : Operation 254 [4/5] (5.41ns)   --->   "%mul_ln21_118 = mul i16 %sext_ln21_48, i16 %sext_ln21_23" [../source/tut3B_Function/matrix_mult.cpp:21]   --->   Operation 254 'mul' 'mul_ln21_118' <Predicate = true> <Delay = 5.41> <CoreInst = "Multiplier">   --->   Core 3 'Multiplier' <Latency = 4> <II = 1> <Delay = 5.41> <FuncUnit> <Opcode : 'mul'> <InPorts = 2> <OutPorts = 1>
ST_8 : Operation 255 [5/5] (5.41ns)   --->   "%mul_ln21_123 = mul i16 %sext_ln21_48, i16 %sext_ln21_28" [../source/tut3B_Function/matrix_mult.cpp:21]   --->   Operation 255 'mul' 'mul_ln21_123' <Predicate = true> <Delay = 5.41> <CoreInst = "Multiplier">   --->   Core 3 'Multiplier' <Latency = 4> <II = 1> <Delay = 5.41> <FuncUnit> <Opcode : 'mul'> <InPorts = 2> <OutPorts = 1>

State 9 <SV = 8> <Delay = 5.41>
ST_9 : Operation 256 [1/1] (0.00ns)   --->   "%a_addr_2 = getelementptr i8 %a, i64 0, i64 2" [../source/tut3B_Function/matrix_mult.cpp:21]   --->   Operation 256 'getelementptr' 'a_addr_2' <Predicate = true> <Delay = 0.00>
ST_9 : Operation 257 [1/1] (0.00ns)   --->   "%a_addr_5 = getelementptr i8 %a, i64 0, i64 5" [../source/tut3B_Function/matrix_mult.cpp:21]   --->   Operation 257 'getelementptr' 'a_addr_5' <Predicate = true> <Delay = 0.00>
ST_9 : Operation 258 [1/1] (0.00ns)   --->   "%b_addr_2 = getelementptr i8 %b, i64 0, i64 10" [../source/tut3B_Function/matrix_mult.cpp:21]   --->   Operation 258 'getelementptr' 'b_addr_2' <Predicate = true> <Delay = 0.00>
ST_9 : Operation 259 [1/1] (0.00ns)   --->   "%b_addr_5 = getelementptr i8 %b, i64 0, i64 1" [../source/tut3B_Function/matrix_mult.cpp:21]   --->   Operation 259 'getelementptr' 'b_addr_5' <Predicate = true> <Delay = 0.00>
ST_9 : Operation 260 [1/2] ( I:0.00ns O:0.00ns )   --->   "%a_load = load i5 %a_addr" [../source/tut3B_Function/matrix_mult.cpp:21]   --->   Operation 260 'load' 'a_load' <Predicate = true> <Delay = 0.00> <CoreInst = "RAM">   --->   Core 81 'RAM' <Latency = 1> <II = 1> <Delay = 2.32> <Storage> <Opcode : 'load' 'store'> <Ports = 2> <Width = 8> <Depth = 25> <RAM>
ST_9 : Operation 261 [1/2] ( I:0.00ns O:0.00ns )   --->   "%b_load = load i5 %b_addr" [../source/tut3B_Function/matrix_mult.cpp:21]   --->   Operation 261 'load' 'b_load' <Predicate = true> <Delay = 0.00> <CoreInst = "RAM">   --->   Core 81 'RAM' <Latency = 1> <II = 1> <Delay = 2.32> <Storage> <Opcode : 'load' 'store'> <Ports = 2> <Width = 8> <Depth = 25> <RAM>
ST_9 : Operation 262 [2/2] (0.00ns)   --->   "%a_load_2 = load i5 %a_addr_2" [../source/tut3B_Function/matrix_mult.cpp:21]   --->   Operation 262 'load' 'a_load_2' <Predicate = true> <Delay = 0.00> <CoreInst = "RAM">   --->   Core 81 'RAM' <Latency = 1> <II = 1> <Delay = 2.32> <Storage> <Opcode : 'load' 'store'> <Ports = 2> <Width = 8> <Depth = 25> <RAM>
ST_9 : Operation 263 [2/2] (0.00ns)   --->   "%b_load_2 = load i5 %b_addr_2" [../source/tut3B_Function/matrix_mult.cpp:21]   --->   Operation 263 'load' 'b_load_2' <Predicate = true> <Delay = 0.00> <CoreInst = "RAM">   --->   Core 81 'RAM' <Latency = 1> <II = 1> <Delay = 2.32> <Storage> <Opcode : 'load' 'store'> <Ports = 2> <Width = 8> <Depth = 25> <RAM>
ST_9 : Operation 264 [4/5] (5.41ns)   --->   "%mul_ln21_1 = mul i16 %sext_ln21_3, i16 %sext_ln21_2" [../source/tut3B_Function/matrix_mult.cpp:21]   --->   Operation 264 'mul' 'mul_ln21_1' <Predicate = true> <Delay = 5.41> <CoreInst = "Multiplier">   --->   Core 3 'Multiplier' <Latency = 4> <II = 1> <Delay = 5.41> <FuncUnit> <Opcode : 'mul'> <InPorts = 2> <OutPorts = 1>
ST_9 : Operation 265 [1/3] (0.00ns) (grouped into DSP with root node add_ln21_1)   --->   "%mul_ln21_2 = mul i16 %sext_ln21_9, i16 %sext_ln21_8" [../source/tut3B_Function/matrix_mult.cpp:21]   --->   Operation 265 'mul' 'mul_ln21_2' <Predicate = true> <Delay = 0.00> <CoreInst = "DSP48">   --->   Core 116 'DSP48' <Latency = 3> <II = 1> <Delay = 2.15> <IPBlock> <Opcode : 'add' 'sub' 'mul' 'select'> <InPorts = 0> <OutPorts = 1> <Sync> <CReg>
ST_9 : Operation 266 [2/2] (2.10ns) (root node of the DSP)   --->   "%add_ln21_1 = add i16 %mul_ln21_3, i16 %mul_ln21_2" [../source/tut3B_Function/matrix_mult.cpp:21]   --->   Operation 266 'add' 'add_ln21_1' <Predicate = true> <Delay = 2.10> <CoreInst = "DSP48">   --->   Core 116 'DSP48' <Latency = 3> <II = 1> <Delay = 2.15> <IPBlock> <Opcode : 'add' 'sub' 'mul' 'select'> <InPorts = 0> <OutPorts = 1> <Sync> <CReg>
ST_9 : Operation 267 [2/2] (0.00ns)   --->   "%b_load_5 = load i5 %b_addr_5" [../source/tut3B_Function/matrix_mult.cpp:21]   --->   Operation 267 'load' 'b_load_5' <Predicate = true> <Delay = 0.00> <CoreInst = "RAM">   --->   Core 81 'RAM' <Latency = 1> <II = 1> <Delay = 2.32> <Storage> <Opcode : 'load' 'store'> <Ports = 2> <Width = 8> <Depth = 25> <RAM>
ST_9 : Operation 268 [4/5] (5.41ns)   --->   "%mul_ln21_6 = mul i16 %sext_ln21_11, i16 %sext_ln21_2" [../source/tut3B_Function/matrix_mult.cpp:21]   --->   Operation 268 'mul' 'mul_ln21_6' <Predicate = true> <Delay = 5.41> <CoreInst = "Multiplier">   --->   Core 3 'Multiplier' <Latency = 4> <II = 1> <Delay = 5.41> <FuncUnit> <Opcode : 'mul'> <InPorts = 2> <OutPorts = 1>
ST_9 : Operation 269 [1/3] (0.00ns) (grouped into DSP with root node add_ln21_5)   --->   "%mul_ln21_7 = mul i16 %sext_ln21_14, i16 %sext_ln21_8" [../source/tut3B_Function/matrix_mult.cpp:21]   --->   Operation 269 'mul' 'mul_ln21_7' <Predicate = true> <Delay = 0.00> <CoreInst = "DSP48">   --->   Core 116 'DSP48' <Latency = 3> <II = 1> <Delay = 2.15> <IPBlock> <Opcode : 'add' 'sub' 'mul' 'select'> <InPorts = 0> <OutPorts = 1> <Sync> <CReg>
ST_9 : Operation 270 [2/2] (2.10ns) (root node of the DSP)   --->   "%add_ln21_5 = add i16 %mul_ln21_8, i16 %mul_ln21_7" [../source/tut3B_Function/matrix_mult.cpp:21]   --->   Operation 270 'add' 'add_ln21_5' <Predicate = true> <Delay = 2.10> <CoreInst = "DSP48">   --->   Core 116 'DSP48' <Latency = 3> <II = 1> <Delay = 2.15> <IPBlock> <Opcode : 'add' 'sub' 'mul' 'select'> <InPorts = 0> <OutPorts = 1> <Sync> <CReg>
ST_9 : Operation 271 [4/5] (5.41ns)   --->   "%mul_ln21_11 = mul i16 %sext_ln21_16, i16 %sext_ln21_2" [../source/tut3B_Function/matrix_mult.cpp:21]   --->   Operation 271 'mul' 'mul_ln21_11' <Predicate = true> <Delay = 5.41> <CoreInst = "Multiplier">   --->   Core 3 'Multiplier' <Latency = 4> <II = 1> <Delay = 5.41> <FuncUnit> <Opcode : 'mul'> <InPorts = 2> <OutPorts = 1>
ST_9 : Operation 272 [2/3] (1.05ns) (grouped into DSP with root node add_ln21_9)   --->   "%mul_ln21_12 = mul i16 %sext_ln21_19, i16 %sext_ln21_8" [../source/tut3B_Function/matrix_mult.cpp:21]   --->   Operation 272 'mul' 'mul_ln21_12' <Predicate = true> <Delay = 1.05> <CoreInst = "DSP48">   --->   Core 116 'DSP48' <Latency = 3> <II = 1> <Delay = 2.15> <IPBlock> <Opcode : 'add' 'sub' 'mul' 'select'> <InPorts = 0> <OutPorts = 1> <Sync> <CReg>
ST_9 : Operation 273 [1/1] (0.00ns)   --->   "%sext_ln21_21 = sext i8 %b_load_16" [../source/tut3B_Function/matrix_mult.cpp:21]   --->   Operation 273 'sext' 'sext_ln21_21' <Predicate = true> <Delay = 0.00>
ST_9 : Operation 274 [5/5] (5.41ns)   --->   "%mul_ln21_16 = mul i16 %sext_ln21_21, i16 %sext_ln21_2" [../source/tut3B_Function/matrix_mult.cpp:21]   --->   Operation 274 'mul' 'mul_ln21_16' <Predicate = true> <Delay = 5.41> <CoreInst = "Multiplier">   --->   Core 3 'Multiplier' <Latency = 4> <II = 1> <Delay = 5.41> <FuncUnit> <Opcode : 'mul'> <InPorts = 2> <OutPorts = 1>
ST_9 : Operation 275 [2/3] (1.05ns) (grouped into DSP with root node add_ln21_13)   --->   "%mul_ln21_17 = mul i16 %sext_ln21_24, i16 %sext_ln21_8" [../source/tut3B_Function/matrix_mult.cpp:21]   --->   Operation 275 'mul' 'mul_ln21_17' <Predicate = true> <Delay = 1.05> <CoreInst = "DSP48">   --->   Core 116 'DSP48' <Latency = 3> <II = 1> <Delay = 2.15> <IPBlock> <Opcode : 'add' 'sub' 'mul' 'select'> <InPorts = 0> <OutPorts = 1> <Sync> <CReg>
ST_9 : Operation 276 [1/1] (0.00ns)   --->   "%sext_ln21_26 = sext i8 %b_load_21" [../source/tut3B_Function/matrix_mult.cpp:21]   --->   Operation 276 'sext' 'sext_ln21_26' <Predicate = true> <Delay = 0.00>
ST_9 : Operation 277 [1/2] ( I:0.00ns O:0.00ns )   --->   "%b_load_24 = load i5 %b_addr_24" [../source/tut3B_Function/matrix_mult.cpp:21]   --->   Operation 277 'load' 'b_load_24' <Predicate = true> <Delay = 0.00> <CoreInst = "RAM">   --->   Core 81 'RAM' <Latency = 1> <II = 1> <Delay = 2.32> <Storage> <Opcode : 'load' 'store'> <Ports = 2> <Width = 8> <Depth = 25> <RAM>
ST_9 : Operation 278 [1/1] (0.00ns)   --->   "%sext_ln21_29 = sext i8 %b_load_24" [../source/tut3B_Function/matrix_mult.cpp:21]   --->   Operation 278 'sext' 'sext_ln21_29' <Predicate = true> <Delay = 0.00>
ST_9 : Operation 279 [5/5] (5.41ns)   --->   "%mul_ln21_21 = mul i16 %sext_ln21_26, i16 %sext_ln21_2" [../source/tut3B_Function/matrix_mult.cpp:21]   --->   Operation 279 'mul' 'mul_ln21_21' <Predicate = true> <Delay = 5.41> <CoreInst = "Multiplier">   --->   Core 3 'Multiplier' <Latency = 4> <II = 1> <Delay = 5.41> <FuncUnit> <Opcode : 'mul'> <InPorts = 2> <OutPorts = 1>
ST_9 : Operation 280 [3/3] (1.05ns) (grouped into DSP with root node add_ln21_17)   --->   "%mul_ln21_22 = mul i16 %sext_ln21_29, i16 %sext_ln21_8" [../source/tut3B_Function/matrix_mult.cpp:21]   --->   Operation 280 'mul' 'mul_ln21_22' <Predicate = true> <Delay = 1.05> <CoreInst = "DSP48">   --->   Core 116 'DSP48' <Latency = 3> <II = 1> <Delay = 2.15> <IPBlock> <Opcode : 'add' 'sub' 'mul' 'select'> <InPorts = 0> <OutPorts = 1> <Sync> <CReg>
ST_9 : Operation 281 [2/2] (0.00ns)   --->   "%a_load_5 = load i5 %a_addr_5" [../source/tut3B_Function/matrix_mult.cpp:21]   --->   Operation 281 'load' 'a_load_5' <Predicate = true> <Delay = 0.00> <CoreInst = "RAM">   --->   Core 81 'RAM' <Latency = 1> <II = 1> <Delay = 2.32> <Storage> <Opcode : 'load' 'store'> <Ports = 2> <Width = 8> <Depth = 25> <RAM>
ST_9 : Operation 282 [1/1] (0.00ns)   --->   "%sext_ln21_31 = sext i8 %a_load_6" [../source/tut3B_Function/matrix_mult.cpp:21]   --->   Operation 282 'sext' 'sext_ln21_31' <Predicate = true> <Delay = 0.00>
ST_9 : Operation 283 [5/5] (5.41ns)   --->   "%mul_ln21_26 = mul i16 %sext_ln21_31, i16 %sext_ln21_3" [../source/tut3B_Function/matrix_mult.cpp:21]   --->   Operation 283 'mul' 'mul_ln21_26' <Predicate = true> <Delay = 5.41> <CoreInst = "Multiplier">   --->   Core 3 'Multiplier' <Latency = 4> <II = 1> <Delay = 5.41> <FuncUnit> <Opcode : 'mul'> <InPorts = 2> <OutPorts = 1>
ST_9 : Operation 284 [1/3] (0.00ns) (grouped into DSP with root node add_ln21_21)   --->   "%mul_ln21_27 = mul i16 %sext_ln21_34, i16 %sext_ln21_9" [../source/tut3B_Function/matrix_mult.cpp:21]   --->   Operation 284 'mul' 'mul_ln21_27' <Predicate = true> <Delay = 0.00> <CoreInst = "DSP48">   --->   Core 116 'DSP48' <Latency = 3> <II = 1> <Delay = 2.15> <IPBlock> <Opcode : 'add' 'sub' 'mul' 'select'> <InPorts = 0> <OutPorts = 1> <Sync> <CReg>
ST_9 : Operation 285 [2/2] (2.10ns) (root node of the DSP)   --->   "%add_ln21_21 = add i16 %mul_ln21_28, i16 %mul_ln21_27" [../source/tut3B_Function/matrix_mult.cpp:21]   --->   Operation 285 'add' 'add_ln21_21' <Predicate = true> <Delay = 2.10> <CoreInst = "DSP48">   --->   Core 116 'DSP48' <Latency = 3> <II = 1> <Delay = 2.15> <IPBlock> <Opcode : 'add' 'sub' 'mul' 'select'> <InPorts = 0> <OutPorts = 1> <Sync> <CReg>
ST_9 : Operation 286 [5/5] (5.41ns)   --->   "%mul_ln21_31 = mul i16 %sext_ln21_31, i16 %sext_ln21_11" [../source/tut3B_Function/matrix_mult.cpp:21]   --->   Operation 286 'mul' 'mul_ln21_31' <Predicate = true> <Delay = 5.41> <CoreInst = "Multiplier">   --->   Core 3 'Multiplier' <Latency = 4> <II = 1> <Delay = 5.41> <FuncUnit> <Opcode : 'mul'> <InPorts = 2> <OutPorts = 1>
ST_9 : Operation 287 [1/3] (0.00ns) (grouped into DSP with root node add_ln21_25)   --->   "%mul_ln21_32 = mul i16 %sext_ln21_34, i16 %sext_ln21_14" [../source/tut3B_Function/matrix_mult.cpp:21]   --->   Operation 287 'mul' 'mul_ln21_32' <Predicate = true> <Delay = 0.00> <CoreInst = "DSP48">   --->   Core 116 'DSP48' <Latency = 3> <II = 1> <Delay = 2.15> <IPBlock> <Opcode : 'add' 'sub' 'mul' 'select'> <InPorts = 0> <OutPorts = 1> <Sync> <CReg>
ST_9 : Operation 288 [2/2] (2.10ns) (root node of the DSP)   --->   "%add_ln21_25 = add i16 %mul_ln21_33, i16 %mul_ln21_32" [../source/tut3B_Function/matrix_mult.cpp:21]   --->   Operation 288 'add' 'add_ln21_25' <Predicate = true> <Delay = 2.10> <CoreInst = "DSP48">   --->   Core 116 'DSP48' <Latency = 3> <II = 1> <Delay = 2.15> <IPBlock> <Opcode : 'add' 'sub' 'mul' 'select'> <InPorts = 0> <OutPorts = 1> <Sync> <CReg>
ST_9 : Operation 289 [2/3] (1.05ns) (grouped into DSP with root node add_ln21_29)   --->   "%mul_ln21_37 = mul i16 %sext_ln21_34, i16 %sext_ln21_19" [../source/tut3B_Function/matrix_mult.cpp:21]   --->   Operation 289 'mul' 'mul_ln21_37' <Predicate = true> <Delay = 1.05> <CoreInst = "DSP48">   --->   Core 116 'DSP48' <Latency = 3> <II = 1> <Delay = 2.15> <IPBlock> <Opcode : 'add' 'sub' 'mul' 'select'> <InPorts = 0> <OutPorts = 1> <Sync> <CReg>
ST_9 : Operation 290 [2/3] (1.05ns) (grouped into DSP with root node add_ln21_33)   --->   "%mul_ln21_42 = mul i16 %sext_ln21_34, i16 %sext_ln21_24" [../source/tut3B_Function/matrix_mult.cpp:21]   --->   Operation 290 'mul' 'mul_ln21_42' <Predicate = true> <Delay = 1.05> <CoreInst = "DSP48">   --->   Core 116 'DSP48' <Latency = 3> <II = 1> <Delay = 2.15> <IPBlock> <Opcode : 'add' 'sub' 'mul' 'select'> <InPorts = 0> <OutPorts = 1> <Sync> <CReg>
ST_9 : Operation 291 [3/3] (1.05ns) (grouped into DSP with root node add_ln21_37)   --->   "%mul_ln21_47 = mul i16 %sext_ln21_34, i16 %sext_ln21_29" [../source/tut3B_Function/matrix_mult.cpp:21]   --->   Operation 291 'mul' 'mul_ln21_47' <Predicate = true> <Delay = 1.05> <CoreInst = "DSP48">   --->   Core 116 'DSP48' <Latency = 3> <II = 1> <Delay = 2.15> <IPBlock> <Opcode : 'add' 'sub' 'mul' 'select'> <InPorts = 0> <OutPorts = 1> <Sync> <CReg>
ST_9 : Operation 292 [2/3] (1.05ns) (grouped into DSP with root node add_ln21_41)   --->   "%mul_ln21_52 = mul i16 %sext_ln21_39, i16 %sext_ln21_9" [../source/tut3B_Function/matrix_mult.cpp:21]   --->   Operation 292 'mul' 'mul_ln21_52' <Predicate = true> <Delay = 1.05> <CoreInst = "DSP48">   --->   Core 116 'DSP48' <Latency = 3> <II = 1> <Delay = 2.15> <IPBlock> <Opcode : 'add' 'sub' 'mul' 'select'> <InPorts = 0> <OutPorts = 1> <Sync> <CReg>
ST_9 : Operation 293 [2/3] (1.05ns) (grouped into DSP with root node add_ln21_45)   --->   "%mul_ln21_57 = mul i16 %sext_ln21_39, i16 %sext_ln21_14" [../source/tut3B_Function/matrix_mult.cpp:21]   --->   Operation 293 'mul' 'mul_ln21_57' <Predicate = true> <Delay = 1.05> <CoreInst = "DSP48">   --->   Core 116 'DSP48' <Latency = 3> <II = 1> <Delay = 2.15> <IPBlock> <Opcode : 'add' 'sub' 'mul' 'select'> <InPorts = 0> <OutPorts = 1> <Sync> <CReg>
ST_9 : Operation 294 [3/3] (1.05ns) (grouped into DSP with root node add_ln21_49)   --->   "%mul_ln21_62 = mul i16 %sext_ln21_39, i16 %sext_ln21_19" [../source/tut3B_Function/matrix_mult.cpp:21]   --->   Operation 294 'mul' 'mul_ln21_62' <Predicate = true> <Delay = 1.05> <CoreInst = "DSP48">   --->   Core 116 'DSP48' <Latency = 3> <II = 1> <Delay = 2.15> <IPBlock> <Opcode : 'add' 'sub' 'mul' 'select'> <InPorts = 0> <OutPorts = 1> <Sync> <CReg>
ST_9 : Operation 295 [1/5] (5.41ns)   --->   "%mul_ln21_63 = mul i16 %sext_ln21_38, i16 %sext_ln21_18" [../source/tut3B_Function/matrix_mult.cpp:21]   --->   Operation 295 'mul' 'mul_ln21_63' <Predicate = true> <Delay = 5.41> <CoreInst = "Multiplier">   --->   Core 3 'Multiplier' <Latency = 4> <II = 1> <Delay = 5.41> <FuncUnit> <Opcode : 'mul'> <InPorts = 2> <OutPorts = 1>
ST_9 : Operation 296 [3/3] (1.05ns) (grouped into DSP with root node add_ln21_53)   --->   "%mul_ln21_67 = mul i16 %sext_ln21_39, i16 %sext_ln21_24" [../source/tut3B_Function/matrix_mult.cpp:21]   --->   Operation 296 'mul' 'mul_ln21_67' <Predicate = true> <Delay = 1.05> <CoreInst = "DSP48">   --->   Core 116 'DSP48' <Latency = 3> <II = 1> <Delay = 2.15> <IPBlock> <Opcode : 'add' 'sub' 'mul' 'select'> <InPorts = 0> <OutPorts = 1> <Sync> <CReg>
ST_9 : Operation 297 [1/5] (5.41ns)   --->   "%mul_ln21_68 = mul i16 %sext_ln21_38, i16 %sext_ln21_23" [../source/tut3B_Function/matrix_mult.cpp:21]   --->   Operation 297 'mul' 'mul_ln21_68' <Predicate = true> <Delay = 5.41> <CoreInst = "Multiplier">   --->   Core 3 'Multiplier' <Latency = 4> <II = 1> <Delay = 5.41> <FuncUnit> <Opcode : 'mul'> <InPorts = 2> <OutPorts = 1>
ST_9 : Operation 298 [3/3] (1.05ns) (grouped into DSP with root node add_ln21_57)   --->   "%mul_ln21_72 = mul i16 %sext_ln21_39, i16 %sext_ln21_29" [../source/tut3B_Function/matrix_mult.cpp:21]   --->   Operation 298 'mul' 'mul_ln21_72' <Predicate = true> <Delay = 1.05> <CoreInst = "DSP48">   --->   Core 116 'DSP48' <Latency = 3> <II = 1> <Delay = 2.15> <IPBlock> <Opcode : 'add' 'sub' 'mul' 'select'> <InPorts = 0> <OutPorts = 1> <Sync> <CReg>
ST_9 : Operation 299 [1/5] (5.41ns)   --->   "%mul_ln21_73 = mul i16 %sext_ln21_38, i16 %sext_ln21_28" [../source/tut3B_Function/matrix_mult.cpp:21]   --->   Operation 299 'mul' 'mul_ln21_73' <Predicate = true> <Delay = 5.41> <CoreInst = "Multiplier">   --->   Core 3 'Multiplier' <Latency = 4> <II = 1> <Delay = 5.41> <FuncUnit> <Opcode : 'mul'> <InPorts = 2> <OutPorts = 1>
ST_9 : Operation 300 [1/1] (0.00ns)   --->   "%sext_ln21_44 = sext i8 %a_load_19" [../source/tut3B_Function/matrix_mult.cpp:21]   --->   Operation 300 'sext' 'sext_ln21_44' <Predicate = true> <Delay = 0.00>
ST_9 : Operation 301 [3/3] (1.05ns) (grouped into DSP with root node add_ln21_61)   --->   "%mul_ln21_77 = mul i16 %sext_ln21_44, i16 %sext_ln21_9" [../source/tut3B_Function/matrix_mult.cpp:21]   --->   Operation 301 'mul' 'mul_ln21_77' <Predicate = true> <Delay = 1.05> <CoreInst = "DSP48">   --->   Core 116 'DSP48' <Latency = 3> <II = 1> <Delay = 2.15> <IPBlock> <Opcode : 'add' 'sub' 'mul' 'select'> <InPorts = 0> <OutPorts = 1> <Sync> <CReg>
ST_9 : Operation 302 [1/5] (5.41ns)   --->   "%mul_ln21_78 = mul i16 %sext_ln21_43, i16 %sext_ln21_7" [../source/tut3B_Function/matrix_mult.cpp:21]   --->   Operation 302 'mul' 'mul_ln21_78' <Predicate = true> <Delay = 5.41> <CoreInst = "Multiplier">   --->   Core 3 'Multiplier' <Latency = 4> <II = 1> <Delay = 5.41> <FuncUnit> <Opcode : 'mul'> <InPorts = 2> <OutPorts = 1>
ST_9 : Operation 303 [2/5] (5.41ns)   --->   "%mul_ln21_83 = mul i16 %sext_ln21_43, i16 %sext_ln21_13" [../source/tut3B_Function/matrix_mult.cpp:21]   --->   Operation 303 'mul' 'mul_ln21_83' <Predicate = true> <Delay = 5.41> <CoreInst = "Multiplier">   --->   Core 3 'Multiplier' <Latency = 4> <II = 1> <Delay = 5.41> <FuncUnit> <Opcode : 'mul'> <InPorts = 2> <OutPorts = 1>
ST_9 : Operation 304 [2/5] (5.41ns)   --->   "%mul_ln21_88 = mul i16 %sext_ln21_43, i16 %sext_ln21_18" [../source/tut3B_Function/matrix_mult.cpp:21]   --->   Operation 304 'mul' 'mul_ln21_88' <Predicate = true> <Delay = 5.41> <CoreInst = "Multiplier">   --->   Core 3 'Multiplier' <Latency = 4> <II = 1> <Delay = 5.41> <FuncUnit> <Opcode : 'mul'> <InPorts = 2> <OutPorts = 1>
ST_9 : Operation 305 [2/5] (5.41ns)   --->   "%mul_ln21_93 = mul i16 %sext_ln21_43, i16 %sext_ln21_23" [../source/tut3B_Function/matrix_mult.cpp:21]   --->   Operation 305 'mul' 'mul_ln21_93' <Predicate = true> <Delay = 5.41> <CoreInst = "Multiplier">   --->   Core 3 'Multiplier' <Latency = 4> <II = 1> <Delay = 5.41> <FuncUnit> <Opcode : 'mul'> <InPorts = 2> <OutPorts = 1>
ST_9 : Operation 306 [2/5] (5.41ns)   --->   "%mul_ln21_98 = mul i16 %sext_ln21_43, i16 %sext_ln21_28" [../source/tut3B_Function/matrix_mult.cpp:21]   --->   Operation 306 'mul' 'mul_ln21_98' <Predicate = true> <Delay = 5.41> <CoreInst = "Multiplier">   --->   Core 3 'Multiplier' <Latency = 4> <II = 1> <Delay = 5.41> <FuncUnit> <Opcode : 'mul'> <InPorts = 2> <OutPorts = 1>
ST_9 : Operation 307 [1/2] ( I:0.00ns O:0.00ns )   --->   "%a_load_24 = load i5 %a_addr_24" [../source/tut3B_Function/matrix_mult.cpp:21]   --->   Operation 307 'load' 'a_load_24' <Predicate = true> <Delay = 0.00> <CoreInst = "RAM">   --->   Core 81 'RAM' <Latency = 1> <II = 1> <Delay = 2.32> <Storage> <Opcode : 'load' 'store'> <Ports = 2> <Width = 8> <Depth = 25> <RAM>
ST_9 : Operation 308 [3/5] (5.41ns)   --->   "%mul_ln21_103 = mul i16 %sext_ln21_48, i16 %sext_ln21_7" [../source/tut3B_Function/matrix_mult.cpp:21]   --->   Operation 308 'mul' 'mul_ln21_103' <Predicate = true> <Delay = 5.41> <CoreInst = "Multiplier">   --->   Core 3 'Multiplier' <Latency = 4> <II = 1> <Delay = 5.41> <FuncUnit> <Opcode : 'mul'> <InPorts = 2> <OutPorts = 1>
ST_9 : Operation 309 [3/5] (5.41ns)   --->   "%mul_ln21_108 = mul i16 %sext_ln21_48, i16 %sext_ln21_13" [../source/tut3B_Function/matrix_mult.cpp:21]   --->   Operation 309 'mul' 'mul_ln21_108' <Predicate = true> <Delay = 5.41> <CoreInst = "Multiplier">   --->   Core 3 'Multiplier' <Latency = 4> <II = 1> <Delay = 5.41> <FuncUnit> <Opcode : 'mul'> <InPorts = 2> <OutPorts = 1>
ST_9 : Operation 310 [3/5] (5.41ns)   --->   "%mul_ln21_113 = mul i16 %sext_ln21_48, i16 %sext_ln21_18" [../source/tut3B_Function/matrix_mult.cpp:21]   --->   Operation 310 'mul' 'mul_ln21_113' <Predicate = true> <Delay = 5.41> <CoreInst = "Multiplier">   --->   Core 3 'Multiplier' <Latency = 4> <II = 1> <Delay = 5.41> <FuncUnit> <Opcode : 'mul'> <InPorts = 2> <OutPorts = 1>
ST_9 : Operation 311 [3/5] (5.41ns)   --->   "%mul_ln21_118 = mul i16 %sext_ln21_48, i16 %sext_ln21_23" [../source/tut3B_Function/matrix_mult.cpp:21]   --->   Operation 311 'mul' 'mul_ln21_118' <Predicate = true> <Delay = 5.41> <CoreInst = "Multiplier">   --->   Core 3 'Multiplier' <Latency = 4> <II = 1> <Delay = 5.41> <FuncUnit> <Opcode : 'mul'> <InPorts = 2> <OutPorts = 1>
ST_9 : Operation 312 [4/5] (5.41ns)   --->   "%mul_ln21_123 = mul i16 %sext_ln21_48, i16 %sext_ln21_28" [../source/tut3B_Function/matrix_mult.cpp:21]   --->   Operation 312 'mul' 'mul_ln21_123' <Predicate = true> <Delay = 5.41> <CoreInst = "Multiplier">   --->   Core 3 'Multiplier' <Latency = 4> <II = 1> <Delay = 5.41> <FuncUnit> <Opcode : 'mul'> <InPorts = 2> <OutPorts = 1>

State 10 <SV = 9> <Delay = 5.41>
ST_10 : Operation 313 [1/1] (0.00ns)   --->   "%a_addr_7 = getelementptr i8 %a, i64 0, i64 7" [../source/tut3B_Function/matrix_mult.cpp:21]   --->   Operation 313 'getelementptr' 'a_addr_7' <Predicate = true> <Delay = 0.00>
ST_10 : Operation 314 [1/1] (0.00ns)   --->   "%a_addr_10 = getelementptr i8 %a, i64 0, i64 10" [../source/tut3B_Function/matrix_mult.cpp:21]   --->   Operation 314 'getelementptr' 'a_addr_10' <Predicate = true> <Delay = 0.00>
ST_10 : Operation 315 [1/1] (0.00ns)   --->   "%b_addr_7 = getelementptr i8 %b, i64 0, i64 11" [../source/tut3B_Function/matrix_mult.cpp:21]   --->   Operation 315 'getelementptr' 'b_addr_7' <Predicate = true> <Delay = 0.00>
ST_10 : Operation 316 [1/1] (0.00ns)   --->   "%b_addr_10 = getelementptr i8 %b, i64 0, i64 2" [../source/tut3B_Function/matrix_mult.cpp:21]   --->   Operation 316 'getelementptr' 'b_addr_10' <Predicate = true> <Delay = 0.00>
ST_10 : Operation 317 [1/2] ( I:0.00ns O:0.00ns )   --->   "%a_load_2 = load i5 %a_addr_2" [../source/tut3B_Function/matrix_mult.cpp:21]   --->   Operation 317 'load' 'a_load_2' <Predicate = true> <Delay = 0.00> <CoreInst = "RAM">   --->   Core 81 'RAM' <Latency = 1> <II = 1> <Delay = 2.32> <Storage> <Opcode : 'load' 'store'> <Ports = 2> <Width = 8> <Depth = 25> <RAM>
ST_10 : Operation 318 [1/2] ( I:0.00ns O:0.00ns )   --->   "%b_load_2 = load i5 %b_addr_2" [../source/tut3B_Function/matrix_mult.cpp:21]   --->   Operation 318 'load' 'b_load_2' <Predicate = true> <Delay = 0.00> <CoreInst = "RAM">   --->   Core 81 'RAM' <Latency = 1> <II = 1> <Delay = 2.32> <Storage> <Opcode : 'load' 'store'> <Ports = 2> <Width = 8> <Depth = 25> <RAM>
ST_10 : Operation 319 [3/5] (5.41ns)   --->   "%mul_ln21_1 = mul i16 %sext_ln21_3, i16 %sext_ln21_2" [../source/tut3B_Function/matrix_mult.cpp:21]   --->   Operation 319 'mul' 'mul_ln21_1' <Predicate = true> <Delay = 5.41> <CoreInst = "Multiplier">   --->   Core 3 'Multiplier' <Latency = 4> <II = 1> <Delay = 5.41> <FuncUnit> <Opcode : 'mul'> <InPorts = 2> <OutPorts = 1>
ST_10 : Operation 320 [1/2] (2.10ns) (root node of the DSP)   --->   "%add_ln21_1 = add i16 %mul_ln21_3, i16 %mul_ln21_2" [../source/tut3B_Function/matrix_mult.cpp:21]   --->   Operation 320 'add' 'add_ln21_1' <Predicate = true> <Delay = 2.10> <CoreInst = "DSP48">   --->   Core 116 'DSP48' <Latency = 3> <II = 1> <Delay = 2.15> <IPBlock> <Opcode : 'add' 'sub' 'mul' 'select'> <InPorts = 0> <OutPorts = 1> <Sync> <CReg>
ST_10 : Operation 321 [1/2] ( I:0.00ns O:0.00ns )   --->   "%b_load_5 = load i5 %b_addr_5" [../source/tut3B_Function/matrix_mult.cpp:21]   --->   Operation 321 'load' 'b_load_5' <Predicate = true> <Delay = 0.00> <CoreInst = "RAM">   --->   Core 81 'RAM' <Latency = 1> <II = 1> <Delay = 2.32> <Storage> <Opcode : 'load' 'store'> <Ports = 2> <Width = 8> <Depth = 25> <RAM>
ST_10 : Operation 322 [2/2] (0.00ns)   --->   "%b_load_7 = load i5 %b_addr_7" [../source/tut3B_Function/matrix_mult.cpp:21]   --->   Operation 322 'load' 'b_load_7' <Predicate = true> <Delay = 0.00> <CoreInst = "RAM">   --->   Core 81 'RAM' <Latency = 1> <II = 1> <Delay = 2.32> <Storage> <Opcode : 'load' 'store'> <Ports = 2> <Width = 8> <Depth = 25> <RAM>
ST_10 : Operation 323 [3/5] (5.41ns)   --->   "%mul_ln21_6 = mul i16 %sext_ln21_11, i16 %sext_ln21_2" [../source/tut3B_Function/matrix_mult.cpp:21]   --->   Operation 323 'mul' 'mul_ln21_6' <Predicate = true> <Delay = 5.41> <CoreInst = "Multiplier">   --->   Core 3 'Multiplier' <Latency = 4> <II = 1> <Delay = 5.41> <FuncUnit> <Opcode : 'mul'> <InPorts = 2> <OutPorts = 1>
ST_10 : Operation 324 [1/2] (2.10ns) (root node of the DSP)   --->   "%add_ln21_5 = add i16 %mul_ln21_8, i16 %mul_ln21_7" [../source/tut3B_Function/matrix_mult.cpp:21]   --->   Operation 324 'add' 'add_ln21_5' <Predicate = true> <Delay = 2.10> <CoreInst = "DSP48">   --->   Core 116 'DSP48' <Latency = 3> <II = 1> <Delay = 2.15> <IPBlock> <Opcode : 'add' 'sub' 'mul' 'select'> <InPorts = 0> <OutPorts = 1> <Sync> <CReg>
ST_10 : Operation 325 [2/2] (0.00ns)   --->   "%b_load_10 = load i5 %b_addr_10" [../source/tut3B_Function/matrix_mult.cpp:21]   --->   Operation 325 'load' 'b_load_10' <Predicate = true> <Delay = 0.00> <CoreInst = "RAM">   --->   Core 81 'RAM' <Latency = 1> <II = 1> <Delay = 2.32> <Storage> <Opcode : 'load' 'store'> <Ports = 2> <Width = 8> <Depth = 25> <RAM>
ST_10 : Operation 326 [3/5] (5.41ns)   --->   "%mul_ln21_11 = mul i16 %sext_ln21_16, i16 %sext_ln21_2" [../source/tut3B_Function/matrix_mult.cpp:21]   --->   Operation 326 'mul' 'mul_ln21_11' <Predicate = true> <Delay = 5.41> <CoreInst = "Multiplier">   --->   Core 3 'Multiplier' <Latency = 4> <II = 1> <Delay = 5.41> <FuncUnit> <Opcode : 'mul'> <InPorts = 2> <OutPorts = 1>
ST_10 : Operation 327 [1/3] (0.00ns) (grouped into DSP with root node add_ln21_9)   --->   "%mul_ln21_12 = mul i16 %sext_ln21_19, i16 %sext_ln21_8" [../source/tut3B_Function/matrix_mult.cpp:21]   --->   Operation 327 'mul' 'mul_ln21_12' <Predicate = true> <Delay = 0.00> <CoreInst = "DSP48">   --->   Core 116 'DSP48' <Latency = 3> <II = 1> <Delay = 2.15> <IPBlock> <Opcode : 'add' 'sub' 'mul' 'select'> <InPorts = 0> <OutPorts = 1> <Sync> <CReg>
ST_10 : Operation 328 [2/2] (2.10ns) (root node of the DSP)   --->   "%add_ln21_9 = add i16 %mul_ln21_13, i16 %mul_ln21_12" [../source/tut3B_Function/matrix_mult.cpp:21]   --->   Operation 328 'add' 'add_ln21_9' <Predicate = true> <Delay = 2.10> <CoreInst = "DSP48">   --->   Core 116 'DSP48' <Latency = 3> <II = 1> <Delay = 2.15> <IPBlock> <Opcode : 'add' 'sub' 'mul' 'select'> <InPorts = 0> <OutPorts = 1> <Sync> <CReg>
ST_10 : Operation 329 [4/5] (5.41ns)   --->   "%mul_ln21_16 = mul i16 %sext_ln21_21, i16 %sext_ln21_2" [../source/tut3B_Function/matrix_mult.cpp:21]   --->   Operation 329 'mul' 'mul_ln21_16' <Predicate = true> <Delay = 5.41> <CoreInst = "Multiplier">   --->   Core 3 'Multiplier' <Latency = 4> <II = 1> <Delay = 5.41> <FuncUnit> <Opcode : 'mul'> <InPorts = 2> <OutPorts = 1>
ST_10 : Operation 330 [1/3] (0.00ns) (grouped into DSP with root node add_ln21_13)   --->   "%mul_ln21_17 = mul i16 %sext_ln21_24, i16 %sext_ln21_8" [../source/tut3B_Function/matrix_mult.cpp:21]   --->   Operation 330 'mul' 'mul_ln21_17' <Predicate = true> <Delay = 0.00> <CoreInst = "DSP48">   --->   Core 116 'DSP48' <Latency = 3> <II = 1> <Delay = 2.15> <IPBlock> <Opcode : 'add' 'sub' 'mul' 'select'> <InPorts = 0> <OutPorts = 1> <Sync> <CReg>
ST_10 : Operation 331 [2/2] (2.10ns) (root node of the DSP)   --->   "%add_ln21_13 = add i16 %mul_ln21_18, i16 %mul_ln21_17" [../source/tut3B_Function/matrix_mult.cpp:21]   --->   Operation 331 'add' 'add_ln21_13' <Predicate = true> <Delay = 2.10> <CoreInst = "DSP48">   --->   Core 116 'DSP48' <Latency = 3> <II = 1> <Delay = 2.15> <IPBlock> <Opcode : 'add' 'sub' 'mul' 'select'> <InPorts = 0> <OutPorts = 1> <Sync> <CReg>
ST_10 : Operation 332 [4/5] (5.41ns)   --->   "%mul_ln21_21 = mul i16 %sext_ln21_26, i16 %sext_ln21_2" [../source/tut3B_Function/matrix_mult.cpp:21]   --->   Operation 332 'mul' 'mul_ln21_21' <Predicate = true> <Delay = 5.41> <CoreInst = "Multiplier">   --->   Core 3 'Multiplier' <Latency = 4> <II = 1> <Delay = 5.41> <FuncUnit> <Opcode : 'mul'> <InPorts = 2> <OutPorts = 1>
ST_10 : Operation 333 [2/3] (1.05ns) (grouped into DSP with root node add_ln21_17)   --->   "%mul_ln21_22 = mul i16 %sext_ln21_29, i16 %sext_ln21_8" [../source/tut3B_Function/matrix_mult.cpp:21]   --->   Operation 333 'mul' 'mul_ln21_22' <Predicate = true> <Delay = 1.05> <CoreInst = "DSP48">   --->   Core 116 'DSP48' <Latency = 3> <II = 1> <Delay = 2.15> <IPBlock> <Opcode : 'add' 'sub' 'mul' 'select'> <InPorts = 0> <OutPorts = 1> <Sync> <CReg>
ST_10 : Operation 334 [1/2] ( I:0.00ns O:0.00ns )   --->   "%a_load_5 = load i5 %a_addr_5" [../source/tut3B_Function/matrix_mult.cpp:21]   --->   Operation 334 'load' 'a_load_5' <Predicate = true> <Delay = 0.00> <CoreInst = "RAM">   --->   Core 81 'RAM' <Latency = 1> <II = 1> <Delay = 2.32> <Storage> <Opcode : 'load' 'store'> <Ports = 2> <Width = 8> <Depth = 25> <RAM>
ST_10 : Operation 335 [2/2] (0.00ns)   --->   "%a_load_7 = load i5 %a_addr_7" [../source/tut3B_Function/matrix_mult.cpp:21]   --->   Operation 335 'load' 'a_load_7' <Predicate = true> <Delay = 0.00> <CoreInst = "RAM">   --->   Core 81 'RAM' <Latency = 1> <II = 1> <Delay = 2.32> <Storage> <Opcode : 'load' 'store'> <Ports = 2> <Width = 8> <Depth = 25> <RAM>
ST_10 : Operation 336 [4/5] (5.41ns)   --->   "%mul_ln21_26 = mul i16 %sext_ln21_31, i16 %sext_ln21_3" [../source/tut3B_Function/matrix_mult.cpp:21]   --->   Operation 336 'mul' 'mul_ln21_26' <Predicate = true> <Delay = 5.41> <CoreInst = "Multiplier">   --->   Core 3 'Multiplier' <Latency = 4> <II = 1> <Delay = 5.41> <FuncUnit> <Opcode : 'mul'> <InPorts = 2> <OutPorts = 1>
ST_10 : Operation 337 [1/2] (2.10ns) (root node of the DSP)   --->   "%add_ln21_21 = add i16 %mul_ln21_28, i16 %mul_ln21_27" [../source/tut3B_Function/matrix_mult.cpp:21]   --->   Operation 337 'add' 'add_ln21_21' <Predicate = true> <Delay = 2.10> <CoreInst = "DSP48">   --->   Core 116 'DSP48' <Latency = 3> <II = 1> <Delay = 2.15> <IPBlock> <Opcode : 'add' 'sub' 'mul' 'select'> <InPorts = 0> <OutPorts = 1> <Sync> <CReg>
ST_10 : Operation 338 [4/5] (5.41ns)   --->   "%mul_ln21_31 = mul i16 %sext_ln21_31, i16 %sext_ln21_11" [../source/tut3B_Function/matrix_mult.cpp:21]   --->   Operation 338 'mul' 'mul_ln21_31' <Predicate = true> <Delay = 5.41> <CoreInst = "Multiplier">   --->   Core 3 'Multiplier' <Latency = 4> <II = 1> <Delay = 5.41> <FuncUnit> <Opcode : 'mul'> <InPorts = 2> <OutPorts = 1>
ST_10 : Operation 339 [1/2] (2.10ns) (root node of the DSP)   --->   "%add_ln21_25 = add i16 %mul_ln21_33, i16 %mul_ln21_32" [../source/tut3B_Function/matrix_mult.cpp:21]   --->   Operation 339 'add' 'add_ln21_25' <Predicate = true> <Delay = 2.10> <CoreInst = "DSP48">   --->   Core 116 'DSP48' <Latency = 3> <II = 1> <Delay = 2.15> <IPBlock> <Opcode : 'add' 'sub' 'mul' 'select'> <InPorts = 0> <OutPorts = 1> <Sync> <CReg>
ST_10 : Operation 340 [5/5] (5.41ns)   --->   "%mul_ln21_36 = mul i16 %sext_ln21_31, i16 %sext_ln21_16" [../source/tut3B_Function/matrix_mult.cpp:21]   --->   Operation 340 'mul' 'mul_ln21_36' <Predicate = true> <Delay = 5.41> <CoreInst = "Multiplier">   --->   Core 3 'Multiplier' <Latency = 4> <II = 1> <Delay = 5.41> <FuncUnit> <Opcode : 'mul'> <InPorts = 2> <OutPorts = 1>
ST_10 : Operation 341 [1/3] (0.00ns) (grouped into DSP with root node add_ln21_29)   --->   "%mul_ln21_37 = mul i16 %sext_ln21_34, i16 %sext_ln21_19" [../source/tut3B_Function/matrix_mult.cpp:21]   --->   Operation 341 'mul' 'mul_ln21_37' <Predicate = true> <Delay = 0.00> <CoreInst = "DSP48">   --->   Core 116 'DSP48' <Latency = 3> <II = 1> <Delay = 2.15> <IPBlock> <Opcode : 'add' 'sub' 'mul' 'select'> <InPorts = 0> <OutPorts = 1> <Sync> <CReg>
ST_10 : Operation 342 [2/2] (2.10ns) (root node of the DSP)   --->   "%add_ln21_29 = add i16 %mul_ln21_38, i16 %mul_ln21_37" [../source/tut3B_Function/matrix_mult.cpp:21]   --->   Operation 342 'add' 'add_ln21_29' <Predicate = true> <Delay = 2.10> <CoreInst = "DSP48">   --->   Core 116 'DSP48' <Latency = 3> <II = 1> <Delay = 2.15> <IPBlock> <Opcode : 'add' 'sub' 'mul' 'select'> <InPorts = 0> <OutPorts = 1> <Sync> <CReg>
ST_10 : Operation 343 [5/5] (5.41ns)   --->   "%mul_ln21_41 = mul i16 %sext_ln21_31, i16 %sext_ln21_21" [../source/tut3B_Function/matrix_mult.cpp:21]   --->   Operation 343 'mul' 'mul_ln21_41' <Predicate = true> <Delay = 5.41> <CoreInst = "Multiplier">   --->   Core 3 'Multiplier' <Latency = 4> <II = 1> <Delay = 5.41> <FuncUnit> <Opcode : 'mul'> <InPorts = 2> <OutPorts = 1>
ST_10 : Operation 344 [1/3] (0.00ns) (grouped into DSP with root node add_ln21_33)   --->   "%mul_ln21_42 = mul i16 %sext_ln21_34, i16 %sext_ln21_24" [../source/tut3B_Function/matrix_mult.cpp:21]   --->   Operation 344 'mul' 'mul_ln21_42' <Predicate = true> <Delay = 0.00> <CoreInst = "DSP48">   --->   Core 116 'DSP48' <Latency = 3> <II = 1> <Delay = 2.15> <IPBlock> <Opcode : 'add' 'sub' 'mul' 'select'> <InPorts = 0> <OutPorts = 1> <Sync> <CReg>
ST_10 : Operation 345 [2/2] (2.10ns) (root node of the DSP)   --->   "%add_ln21_33 = add i16 %mul_ln21_43, i16 %mul_ln21_42" [../source/tut3B_Function/matrix_mult.cpp:21]   --->   Operation 345 'add' 'add_ln21_33' <Predicate = true> <Delay = 2.10> <CoreInst = "DSP48">   --->   Core 116 'DSP48' <Latency = 3> <II = 1> <Delay = 2.15> <IPBlock> <Opcode : 'add' 'sub' 'mul' 'select'> <InPorts = 0> <OutPorts = 1> <Sync> <CReg>
ST_10 : Operation 346 [5/5] (5.41ns)   --->   "%mul_ln21_46 = mul i16 %sext_ln21_31, i16 %sext_ln21_26" [../source/tut3B_Function/matrix_mult.cpp:21]   --->   Operation 346 'mul' 'mul_ln21_46' <Predicate = true> <Delay = 5.41> <CoreInst = "Multiplier">   --->   Core 3 'Multiplier' <Latency = 4> <II = 1> <Delay = 5.41> <FuncUnit> <Opcode : 'mul'> <InPorts = 2> <OutPorts = 1>
ST_10 : Operation 347 [2/3] (1.05ns) (grouped into DSP with root node add_ln21_37)   --->   "%mul_ln21_47 = mul i16 %sext_ln21_34, i16 %sext_ln21_29" [../source/tut3B_Function/matrix_mult.cpp:21]   --->   Operation 347 'mul' 'mul_ln21_47' <Predicate = true> <Delay = 1.05> <CoreInst = "DSP48">   --->   Core 116 'DSP48' <Latency = 3> <II = 1> <Delay = 2.15> <IPBlock> <Opcode : 'add' 'sub' 'mul' 'select'> <InPorts = 0> <OutPorts = 1> <Sync> <CReg>
ST_10 : Operation 348 [2/2] (0.00ns)   --->   "%a_load_10 = load i5 %a_addr_10" [../source/tut3B_Function/matrix_mult.cpp:21]   --->   Operation 348 'load' 'a_load_10' <Predicate = true> <Delay = 0.00> <CoreInst = "RAM">   --->   Core 81 'RAM' <Latency = 1> <II = 1> <Delay = 2.32> <Storage> <Opcode : 'load' 'store'> <Ports = 2> <Width = 8> <Depth = 25> <RAM>
ST_10 : Operation 349 [1/1] (0.00ns)   --->   "%sext_ln21_36 = sext i8 %a_load_11" [../source/tut3B_Function/matrix_mult.cpp:21]   --->   Operation 349 'sext' 'sext_ln21_36' <Predicate = true> <Delay = 0.00>
ST_10 : Operation 350 [5/5] (5.41ns)   --->   "%mul_ln21_51 = mul i16 %sext_ln21_36, i16 %sext_ln21_3" [../source/tut3B_Function/matrix_mult.cpp:21]   --->   Operation 350 'mul' 'mul_ln21_51' <Predicate = true> <Delay = 5.41> <CoreInst = "Multiplier">   --->   Core 3 'Multiplier' <Latency = 4> <II = 1> <Delay = 5.41> <FuncUnit> <Opcode : 'mul'> <InPorts = 2> <OutPorts = 1>
ST_10 : Operation 351 [1/3] (0.00ns) (grouped into DSP with root node add_ln21_41)   --->   "%mul_ln21_52 = mul i16 %sext_ln21_39, i16 %sext_ln21_9" [../source/tut3B_Function/matrix_mult.cpp:21]   --->   Operation 351 'mul' 'mul_ln21_52' <Predicate = true> <Delay = 0.00> <CoreInst = "DSP48">   --->   Core 116 'DSP48' <Latency = 3> <II = 1> <Delay = 2.15> <IPBlock> <Opcode : 'add' 'sub' 'mul' 'select'> <InPorts = 0> <OutPorts = 1> <Sync> <CReg>
ST_10 : Operation 352 [2/2] (2.10ns) (root node of the DSP)   --->   "%add_ln21_41 = add i16 %mul_ln21_53, i16 %mul_ln21_52" [../source/tut3B_Function/matrix_mult.cpp:21]   --->   Operation 352 'add' 'add_ln21_41' <Predicate = true> <Delay = 2.10> <CoreInst = "DSP48">   --->   Core 116 'DSP48' <Latency = 3> <II = 1> <Delay = 2.15> <IPBlock> <Opcode : 'add' 'sub' 'mul' 'select'> <InPorts = 0> <OutPorts = 1> <Sync> <CReg>
ST_10 : Operation 353 [1/3] (0.00ns) (grouped into DSP with root node add_ln21_45)   --->   "%mul_ln21_57 = mul i16 %sext_ln21_39, i16 %sext_ln21_14" [../source/tut3B_Function/matrix_mult.cpp:21]   --->   Operation 353 'mul' 'mul_ln21_57' <Predicate = true> <Delay = 0.00> <CoreInst = "DSP48">   --->   Core 116 'DSP48' <Latency = 3> <II = 1> <Delay = 2.15> <IPBlock> <Opcode : 'add' 'sub' 'mul' 'select'> <InPorts = 0> <OutPorts = 1> <Sync> <CReg>
ST_10 : Operation 354 [2/2] (2.10ns) (root node of the DSP)   --->   "%add_ln21_45 = add i16 %mul_ln21_58, i16 %mul_ln21_57" [../source/tut3B_Function/matrix_mult.cpp:21]   --->   Operation 354 'add' 'add_ln21_45' <Predicate = true> <Delay = 2.10> <CoreInst = "DSP48">   --->   Core 116 'DSP48' <Latency = 3> <II = 1> <Delay = 2.15> <IPBlock> <Opcode : 'add' 'sub' 'mul' 'select'> <InPorts = 0> <OutPorts = 1> <Sync> <CReg>
ST_10 : Operation 355 [2/3] (1.05ns) (grouped into DSP with root node add_ln21_49)   --->   "%mul_ln21_62 = mul i16 %sext_ln21_39, i16 %sext_ln21_19" [../source/tut3B_Function/matrix_mult.cpp:21]   --->   Operation 355 'mul' 'mul_ln21_62' <Predicate = true> <Delay = 1.05> <CoreInst = "DSP48">   --->   Core 116 'DSP48' <Latency = 3> <II = 1> <Delay = 2.15> <IPBlock> <Opcode : 'add' 'sub' 'mul' 'select'> <InPorts = 0> <OutPorts = 1> <Sync> <CReg>
ST_10 : Operation 356 [2/3] (1.05ns) (grouped into DSP with root node add_ln21_53)   --->   "%mul_ln21_67 = mul i16 %sext_ln21_39, i16 %sext_ln21_24" [../source/tut3B_Function/matrix_mult.cpp:21]   --->   Operation 356 'mul' 'mul_ln21_67' <Predicate = true> <Delay = 1.05> <CoreInst = "DSP48">   --->   Core 116 'DSP48' <Latency = 3> <II = 1> <Delay = 2.15> <IPBlock> <Opcode : 'add' 'sub' 'mul' 'select'> <InPorts = 0> <OutPorts = 1> <Sync> <CReg>
ST_10 : Operation 357 [2/3] (1.05ns) (grouped into DSP with root node add_ln21_57)   --->   "%mul_ln21_72 = mul i16 %sext_ln21_39, i16 %sext_ln21_29" [../source/tut3B_Function/matrix_mult.cpp:21]   --->   Operation 357 'mul' 'mul_ln21_72' <Predicate = true> <Delay = 1.05> <CoreInst = "DSP48">   --->   Core 116 'DSP48' <Latency = 3> <II = 1> <Delay = 2.15> <IPBlock> <Opcode : 'add' 'sub' 'mul' 'select'> <InPorts = 0> <OutPorts = 1> <Sync> <CReg>
ST_10 : Operation 358 [2/3] (1.05ns) (grouped into DSP with root node add_ln21_61)   --->   "%mul_ln21_77 = mul i16 %sext_ln21_44, i16 %sext_ln21_9" [../source/tut3B_Function/matrix_mult.cpp:21]   --->   Operation 358 'mul' 'mul_ln21_77' <Predicate = true> <Delay = 1.05> <CoreInst = "DSP48">   --->   Core 116 'DSP48' <Latency = 3> <II = 1> <Delay = 2.15> <IPBlock> <Opcode : 'add' 'sub' 'mul' 'select'> <InPorts = 0> <OutPorts = 1> <Sync> <CReg>
ST_10 : Operation 359 [3/3] (1.05ns) (grouped into DSP with root node add_ln21_65)   --->   "%mul_ln21_82 = mul i16 %sext_ln21_44, i16 %sext_ln21_14" [../source/tut3B_Function/matrix_mult.cpp:21]   --->   Operation 359 'mul' 'mul_ln21_82' <Predicate = true> <Delay = 1.05> <CoreInst = "DSP48">   --->   Core 116 'DSP48' <Latency = 3> <II = 1> <Delay = 2.15> <IPBlock> <Opcode : 'add' 'sub' 'mul' 'select'> <InPorts = 0> <OutPorts = 1> <Sync> <CReg>
ST_10 : Operation 360 [1/5] (5.41ns)   --->   "%mul_ln21_83 = mul i16 %sext_ln21_43, i16 %sext_ln21_13" [../source/tut3B_Function/matrix_mult.cpp:21]   --->   Operation 360 'mul' 'mul_ln21_83' <Predicate = true> <Delay = 5.41> <CoreInst = "Multiplier">   --->   Core 3 'Multiplier' <Latency = 4> <II = 1> <Delay = 5.41> <FuncUnit> <Opcode : 'mul'> <InPorts = 2> <OutPorts = 1>
ST_10 : Operation 361 [3/3] (1.05ns) (grouped into DSP with root node add_ln21_69)   --->   "%mul_ln21_87 = mul i16 %sext_ln21_44, i16 %sext_ln21_19" [../source/tut3B_Function/matrix_mult.cpp:21]   --->   Operation 361 'mul' 'mul_ln21_87' <Predicate = true> <Delay = 1.05> <CoreInst = "DSP48">   --->   Core 116 'DSP48' <Latency = 3> <II = 1> <Delay = 2.15> <IPBlock> <Opcode : 'add' 'sub' 'mul' 'select'> <InPorts = 0> <OutPorts = 1> <Sync> <CReg>
ST_10 : Operation 362 [1/5] (5.41ns)   --->   "%mul_ln21_88 = mul i16 %sext_ln21_43, i16 %sext_ln21_18" [../source/tut3B_Function/matrix_mult.cpp:21]   --->   Operation 362 'mul' 'mul_ln21_88' <Predicate = true> <Delay = 5.41> <CoreInst = "Multiplier">   --->   Core 3 'Multiplier' <Latency = 4> <II = 1> <Delay = 5.41> <FuncUnit> <Opcode : 'mul'> <InPorts = 2> <OutPorts = 1>
ST_10 : Operation 363 [3/3] (1.05ns) (grouped into DSP with root node add_ln21_73)   --->   "%mul_ln21_92 = mul i16 %sext_ln21_44, i16 %sext_ln21_24" [../source/tut3B_Function/matrix_mult.cpp:21]   --->   Operation 363 'mul' 'mul_ln21_92' <Predicate = true> <Delay = 1.05> <CoreInst = "DSP48">   --->   Core 116 'DSP48' <Latency = 3> <II = 1> <Delay = 2.15> <IPBlock> <Opcode : 'add' 'sub' 'mul' 'select'> <InPorts = 0> <OutPorts = 1> <Sync> <CReg>
ST_10 : Operation 364 [1/5] (5.41ns)   --->   "%mul_ln21_93 = mul i16 %sext_ln21_43, i16 %sext_ln21_23" [../source/tut3B_Function/matrix_mult.cpp:21]   --->   Operation 364 'mul' 'mul_ln21_93' <Predicate = true> <Delay = 5.41> <CoreInst = "Multiplier">   --->   Core 3 'Multiplier' <Latency = 4> <II = 1> <Delay = 5.41> <FuncUnit> <Opcode : 'mul'> <InPorts = 2> <OutPorts = 1>
ST_10 : Operation 365 [3/3] (1.05ns) (grouped into DSP with root node add_ln21_77)   --->   "%mul_ln21_97 = mul i16 %sext_ln21_44, i16 %sext_ln21_29" [../source/tut3B_Function/matrix_mult.cpp:21]   --->   Operation 365 'mul' 'mul_ln21_97' <Predicate = true> <Delay = 1.05> <CoreInst = "DSP48">   --->   Core 116 'DSP48' <Latency = 3> <II = 1> <Delay = 2.15> <IPBlock> <Opcode : 'add' 'sub' 'mul' 'select'> <InPorts = 0> <OutPorts = 1> <Sync> <CReg>
ST_10 : Operation 366 [1/5] (5.41ns)   --->   "%mul_ln21_98 = mul i16 %sext_ln21_43, i16 %sext_ln21_28" [../source/tut3B_Function/matrix_mult.cpp:21]   --->   Operation 366 'mul' 'mul_ln21_98' <Predicate = true> <Delay = 5.41> <CoreInst = "Multiplier">   --->   Core 3 'Multiplier' <Latency = 4> <II = 1> <Delay = 5.41> <FuncUnit> <Opcode : 'mul'> <InPorts = 2> <OutPorts = 1>
ST_10 : Operation 367 [1/1] (0.00ns)   --->   "%sext_ln21_49 = sext i8 %a_load_24" [../source/tut3B_Function/matrix_mult.cpp:21]   --->   Operation 367 'sext' 'sext_ln21_49' <Predicate = true> <Delay = 0.00>
ST_10 : Operation 368 [3/3] (1.05ns) (grouped into DSP with root node add_ln21_81)   --->   "%mul_ln21_102 = mul i16 %sext_ln21_49, i16 %sext_ln21_9" [../source/tut3B_Function/matrix_mult.cpp:21]   --->   Operation 368 'mul' 'mul_ln21_102' <Predicate = true> <Delay = 1.05> <CoreInst = "DSP48">   --->   Core 116 'DSP48' <Latency = 3> <II = 1> <Delay = 2.15> <IPBlock> <Opcode : 'add' 'sub' 'mul' 'select'> <InPorts = 0> <OutPorts = 1> <Sync> <CReg>
ST_10 : Operation 369 [2/5] (5.41ns)   --->   "%mul_ln21_103 = mul i16 %sext_ln21_48, i16 %sext_ln21_7" [../source/tut3B_Function/matrix_mult.cpp:21]   --->   Operation 369 'mul' 'mul_ln21_103' <Predicate = true> <Delay = 5.41> <CoreInst = "Multiplier">   --->   Core 3 'Multiplier' <Latency = 4> <II = 1> <Delay = 5.41> <FuncUnit> <Opcode : 'mul'> <InPorts = 2> <OutPorts = 1>
ST_10 : Operation 370 [3/3] (1.05ns) (grouped into DSP with root node add_ln21_85)   --->   "%mul_ln21_107 = mul i16 %sext_ln21_49, i16 %sext_ln21_14" [../source/tut3B_Function/matrix_mult.cpp:21]   --->   Operation 370 'mul' 'mul_ln21_107' <Predicate = true> <Delay = 1.05> <CoreInst = "DSP48">   --->   Core 116 'DSP48' <Latency = 3> <II = 1> <Delay = 2.15> <IPBlock> <Opcode : 'add' 'sub' 'mul' 'select'> <InPorts = 0> <OutPorts = 1> <Sync> <CReg>
ST_10 : Operation 371 [2/5] (5.41ns)   --->   "%mul_ln21_108 = mul i16 %sext_ln21_48, i16 %sext_ln21_13" [../source/tut3B_Function/matrix_mult.cpp:21]   --->   Operation 371 'mul' 'mul_ln21_108' <Predicate = true> <Delay = 5.41> <CoreInst = "Multiplier">   --->   Core 3 'Multiplier' <Latency = 4> <II = 1> <Delay = 5.41> <FuncUnit> <Opcode : 'mul'> <InPorts = 2> <OutPorts = 1>
ST_10 : Operation 372 [2/5] (5.41ns)   --->   "%mul_ln21_113 = mul i16 %sext_ln21_48, i16 %sext_ln21_18" [../source/tut3B_Function/matrix_mult.cpp:21]   --->   Operation 372 'mul' 'mul_ln21_113' <Predicate = true> <Delay = 5.41> <CoreInst = "Multiplier">   --->   Core 3 'Multiplier' <Latency = 4> <II = 1> <Delay = 5.41> <FuncUnit> <Opcode : 'mul'> <InPorts = 2> <OutPorts = 1>
ST_10 : Operation 373 [2/5] (5.41ns)   --->   "%mul_ln21_118 = mul i16 %sext_ln21_48, i16 %sext_ln21_23" [../source/tut3B_Function/matrix_mult.cpp:21]   --->   Operation 373 'mul' 'mul_ln21_118' <Predicate = true> <Delay = 5.41> <CoreInst = "Multiplier">   --->   Core 3 'Multiplier' <Latency = 4> <II = 1> <Delay = 5.41> <FuncUnit> <Opcode : 'mul'> <InPorts = 2> <OutPorts = 1>
ST_10 : Operation 374 [3/5] (5.41ns)   --->   "%mul_ln21_123 = mul i16 %sext_ln21_48, i16 %sext_ln21_28" [../source/tut3B_Function/matrix_mult.cpp:21]   --->   Operation 374 'mul' 'mul_ln21_123' <Predicate = true> <Delay = 5.41> <CoreInst = "Multiplier">   --->   Core 3 'Multiplier' <Latency = 4> <II = 1> <Delay = 5.41> <FuncUnit> <Opcode : 'mul'> <InPorts = 2> <OutPorts = 1>

State 11 <SV = 10> <Delay = 5.41>
ST_11 : Operation 375 [1/1] (0.00ns)   --->   "%a_addr_12 = getelementptr i8 %a, i64 0, i64 12" [../source/tut3B_Function/matrix_mult.cpp:21]   --->   Operation 375 'getelementptr' 'a_addr_12' <Predicate = true> <Delay = 0.00>
ST_11 : Operation 376 [1/1] (0.00ns)   --->   "%a_addr_15 = getelementptr i8 %a, i64 0, i64 15" [../source/tut3B_Function/matrix_mult.cpp:21]   --->   Operation 376 'getelementptr' 'a_addr_15' <Predicate = true> <Delay = 0.00>
ST_11 : Operation 377 [1/1] (0.00ns)   --->   "%b_addr_12 = getelementptr i8 %b, i64 0, i64 12" [../source/tut3B_Function/matrix_mult.cpp:21]   --->   Operation 377 'getelementptr' 'b_addr_12' <Predicate = true> <Delay = 0.00>
ST_11 : Operation 378 [1/1] (0.00ns)   --->   "%b_addr_15 = getelementptr i8 %b, i64 0, i64 3" [../source/tut3B_Function/matrix_mult.cpp:21]   --->   Operation 378 'getelementptr' 'b_addr_15' <Predicate = true> <Delay = 0.00>
ST_11 : Operation 379 [1/1] (0.00ns)   --->   "%sext_ln21 = sext i8 %a_load" [../source/tut3B_Function/matrix_mult.cpp:21]   --->   Operation 379 'sext' 'sext_ln21' <Predicate = true> <Delay = 0.00>
ST_11 : Operation 380 [1/1] (0.00ns)   --->   "%sext_ln21_1 = sext i8 %b_load" [../source/tut3B_Function/matrix_mult.cpp:21]   --->   Operation 380 'sext' 'sext_ln21_1' <Predicate = true> <Delay = 0.00>
ST_11 : Operation 381 [3/3] (1.05ns) (grouped into DSP with root node add_ln21)   --->   "%mul_ln21 = mul i16 %sext_ln21_1, i16 %sext_ln21" [../source/tut3B_Function/matrix_mult.cpp:21]   --->   Operation 381 'mul' 'mul_ln21' <Predicate = true> <Delay = 1.05> <CoreInst = "DSP48">   --->   Core 116 'DSP48' <Latency = 3> <II = 1> <Delay = 2.15> <IPBlock> <Opcode : 'add' 'sub' 'mul' 'select'> <InPorts = 0> <OutPorts = 1> <Sync> <CReg>
ST_11 : Operation 382 [2/5] (5.41ns)   --->   "%mul_ln21_1 = mul i16 %sext_ln21_3, i16 %sext_ln21_2" [../source/tut3B_Function/matrix_mult.cpp:21]   --->   Operation 382 'mul' 'mul_ln21_1' <Predicate = true> <Delay = 5.41> <CoreInst = "Multiplier">   --->   Core 3 'Multiplier' <Latency = 4> <II = 1> <Delay = 5.41> <FuncUnit> <Opcode : 'mul'> <InPorts = 2> <OutPorts = 1>
ST_11 : Operation 383 [1/1] (0.00ns)   --->   "%sext_ln21_10 = sext i8 %b_load_5" [../source/tut3B_Function/matrix_mult.cpp:21]   --->   Operation 383 'sext' 'sext_ln21_10' <Predicate = true> <Delay = 0.00>
ST_11 : Operation 384 [1/2] ( I:0.00ns O:0.00ns )   --->   "%b_load_7 = load i5 %b_addr_7" [../source/tut3B_Function/matrix_mult.cpp:21]   --->   Operation 384 'load' 'b_load_7' <Predicate = true> <Delay = 0.00> <CoreInst = "RAM">   --->   Core 81 'RAM' <Latency = 1> <II = 1> <Delay = 2.32> <Storage> <Opcode : 'load' 'store'> <Ports = 2> <Width = 8> <Depth = 25> <RAM>
ST_11 : Operation 385 [3/3] (1.05ns) (grouped into DSP with root node add_ln21_4)   --->   "%mul_ln21_5 = mul i16 %sext_ln21_10, i16 %sext_ln21" [../source/tut3B_Function/matrix_mult.cpp:21]   --->   Operation 385 'mul' 'mul_ln21_5' <Predicate = true> <Delay = 1.05> <CoreInst = "DSP48">   --->   Core 116 'DSP48' <Latency = 3> <II = 1> <Delay = 2.15> <IPBlock> <Opcode : 'add' 'sub' 'mul' 'select'> <InPorts = 0> <OutPorts = 1> <Sync> <CReg>
ST_11 : Operation 386 [2/5] (5.41ns)   --->   "%mul_ln21_6 = mul i16 %sext_ln21_11, i16 %sext_ln21_2" [../source/tut3B_Function/matrix_mult.cpp:21]   --->   Operation 386 'mul' 'mul_ln21_6' <Predicate = true> <Delay = 5.41> <CoreInst = "Multiplier">   --->   Core 3 'Multiplier' <Latency = 4> <II = 1> <Delay = 5.41> <FuncUnit> <Opcode : 'mul'> <InPorts = 2> <OutPorts = 1>
ST_11 : Operation 387 [1/2] ( I:0.00ns O:0.00ns )   --->   "%b_load_10 = load i5 %b_addr_10" [../source/tut3B_Function/matrix_mult.cpp:21]   --->   Operation 387 'load' 'b_load_10' <Predicate = true> <Delay = 0.00> <CoreInst = "RAM">   --->   Core 81 'RAM' <Latency = 1> <II = 1> <Delay = 2.32> <Storage> <Opcode : 'load' 'store'> <Ports = 2> <Width = 8> <Depth = 25> <RAM>
ST_11 : Operation 388 [1/1] (0.00ns)   --->   "%sext_ln21_15 = sext i8 %b_load_10" [../source/tut3B_Function/matrix_mult.cpp:21]   --->   Operation 388 'sext' 'sext_ln21_15' <Predicate = true> <Delay = 0.00>
ST_11 : Operation 389 [2/2] (0.00ns)   --->   "%b_load_12 = load i5 %b_addr_12" [../source/tut3B_Function/matrix_mult.cpp:21]   --->   Operation 389 'load' 'b_load_12' <Predicate = true> <Delay = 0.00> <CoreInst = "RAM">   --->   Core 81 'RAM' <Latency = 1> <II = 1> <Delay = 2.32> <Storage> <Opcode : 'load' 'store'> <Ports = 2> <Width = 8> <Depth = 25> <RAM>
ST_11 : Operation 390 [3/3] (1.05ns) (grouped into DSP with root node add_ln21_8)   --->   "%mul_ln21_10 = mul i16 %sext_ln21_15, i16 %sext_ln21" [../source/tut3B_Function/matrix_mult.cpp:21]   --->   Operation 390 'mul' 'mul_ln21_10' <Predicate = true> <Delay = 1.05> <CoreInst = "DSP48">   --->   Core 116 'DSP48' <Latency = 3> <II = 1> <Delay = 2.15> <IPBlock> <Opcode : 'add' 'sub' 'mul' 'select'> <InPorts = 0> <OutPorts = 1> <Sync> <CReg>
ST_11 : Operation 391 [2/5] (5.41ns)   --->   "%mul_ln21_11 = mul i16 %sext_ln21_16, i16 %sext_ln21_2" [../source/tut3B_Function/matrix_mult.cpp:21]   --->   Operation 391 'mul' 'mul_ln21_11' <Predicate = true> <Delay = 5.41> <CoreInst = "Multiplier">   --->   Core 3 'Multiplier' <Latency = 4> <II = 1> <Delay = 5.41> <FuncUnit> <Opcode : 'mul'> <InPorts = 2> <OutPorts = 1>
ST_11 : Operation 392 [1/2] (2.10ns) (root node of the DSP)   --->   "%add_ln21_9 = add i16 %mul_ln21_13, i16 %mul_ln21_12" [../source/tut3B_Function/matrix_mult.cpp:21]   --->   Operation 392 'add' 'add_ln21_9' <Predicate = true> <Delay = 2.10> <CoreInst = "DSP48">   --->   Core 116 'DSP48' <Latency = 3> <II = 1> <Delay = 2.15> <IPBlock> <Opcode : 'add' 'sub' 'mul' 'select'> <InPorts = 0> <OutPorts = 1> <Sync> <CReg>
ST_11 : Operation 393 [2/2] (0.00ns)   --->   "%b_load_15 = load i5 %b_addr_15" [../source/tut3B_Function/matrix_mult.cpp:21]   --->   Operation 393 'load' 'b_load_15' <Predicate = true> <Delay = 0.00> <CoreInst = "RAM">   --->   Core 81 'RAM' <Latency = 1> <II = 1> <Delay = 2.32> <Storage> <Opcode : 'load' 'store'> <Ports = 2> <Width = 8> <Depth = 25> <RAM>
ST_11 : Operation 394 [3/5] (5.41ns)   --->   "%mul_ln21_16 = mul i16 %sext_ln21_21, i16 %sext_ln21_2" [../source/tut3B_Function/matrix_mult.cpp:21]   --->   Operation 394 'mul' 'mul_ln21_16' <Predicate = true> <Delay = 5.41> <CoreInst = "Multiplier">   --->   Core 3 'Multiplier' <Latency = 4> <II = 1> <Delay = 5.41> <FuncUnit> <Opcode : 'mul'> <InPorts = 2> <OutPorts = 1>
ST_11 : Operation 395 [1/2] (2.10ns) (root node of the DSP)   --->   "%add_ln21_13 = add i16 %mul_ln21_18, i16 %mul_ln21_17" [../source/tut3B_Function/matrix_mult.cpp:21]   --->   Operation 395 'add' 'add_ln21_13' <Predicate = true> <Delay = 2.10> <CoreInst = "DSP48">   --->   Core 116 'DSP48' <Latency = 3> <II = 1> <Delay = 2.15> <IPBlock> <Opcode : 'add' 'sub' 'mul' 'select'> <InPorts = 0> <OutPorts = 1> <Sync> <CReg>
ST_11 : Operation 396 [3/5] (5.41ns)   --->   "%mul_ln21_21 = mul i16 %sext_ln21_26, i16 %sext_ln21_2" [../source/tut3B_Function/matrix_mult.cpp:21]   --->   Operation 396 'mul' 'mul_ln21_21' <Predicate = true> <Delay = 5.41> <CoreInst = "Multiplier">   --->   Core 3 'Multiplier' <Latency = 4> <II = 1> <Delay = 5.41> <FuncUnit> <Opcode : 'mul'> <InPorts = 2> <OutPorts = 1>
ST_11 : Operation 397 [1/3] (0.00ns) (grouped into DSP with root node add_ln21_17)   --->   "%mul_ln21_22 = mul i16 %sext_ln21_29, i16 %sext_ln21_8" [../source/tut3B_Function/matrix_mult.cpp:21]   --->   Operation 397 'mul' 'mul_ln21_22' <Predicate = true> <Delay = 0.00> <CoreInst = "DSP48">   --->   Core 116 'DSP48' <Latency = 3> <II = 1> <Delay = 2.15> <IPBlock> <Opcode : 'add' 'sub' 'mul' 'select'> <InPorts = 0> <OutPorts = 1> <Sync> <CReg>
ST_11 : Operation 398 [2/2] (2.10ns) (root node of the DSP)   --->   "%add_ln21_17 = add i16 %mul_ln21_23, i16 %mul_ln21_22" [../source/tut3B_Function/matrix_mult.cpp:21]   --->   Operation 398 'add' 'add_ln21_17' <Predicate = true> <Delay = 2.10> <CoreInst = "DSP48">   --->   Core 116 'DSP48' <Latency = 3> <II = 1> <Delay = 2.15> <IPBlock> <Opcode : 'add' 'sub' 'mul' 'select'> <InPorts = 0> <OutPorts = 1> <Sync> <CReg>
ST_11 : Operation 399 [1/2] ( I:0.00ns O:0.00ns )   --->   "%a_load_7 = load i5 %a_addr_7" [../source/tut3B_Function/matrix_mult.cpp:21]   --->   Operation 399 'load' 'a_load_7' <Predicate = true> <Delay = 0.00> <CoreInst = "RAM">   --->   Core 81 'RAM' <Latency = 1> <II = 1> <Delay = 2.32> <Storage> <Opcode : 'load' 'store'> <Ports = 2> <Width = 8> <Depth = 25> <RAM>
ST_11 : Operation 400 [3/5] (5.41ns)   --->   "%mul_ln21_26 = mul i16 %sext_ln21_31, i16 %sext_ln21_3" [../source/tut3B_Function/matrix_mult.cpp:21]   --->   Operation 400 'mul' 'mul_ln21_26' <Predicate = true> <Delay = 5.41> <CoreInst = "Multiplier">   --->   Core 3 'Multiplier' <Latency = 4> <II = 1> <Delay = 5.41> <FuncUnit> <Opcode : 'mul'> <InPorts = 2> <OutPorts = 1>
ST_11 : Operation 401 [3/5] (5.41ns)   --->   "%mul_ln21_31 = mul i16 %sext_ln21_31, i16 %sext_ln21_11" [../source/tut3B_Function/matrix_mult.cpp:21]   --->   Operation 401 'mul' 'mul_ln21_31' <Predicate = true> <Delay = 5.41> <CoreInst = "Multiplier">   --->   Core 3 'Multiplier' <Latency = 4> <II = 1> <Delay = 5.41> <FuncUnit> <Opcode : 'mul'> <InPorts = 2> <OutPorts = 1>
ST_11 : Operation 402 [4/5] (5.41ns)   --->   "%mul_ln21_36 = mul i16 %sext_ln21_31, i16 %sext_ln21_16" [../source/tut3B_Function/matrix_mult.cpp:21]   --->   Operation 402 'mul' 'mul_ln21_36' <Predicate = true> <Delay = 5.41> <CoreInst = "Multiplier">   --->   Core 3 'Multiplier' <Latency = 4> <II = 1> <Delay = 5.41> <FuncUnit> <Opcode : 'mul'> <InPorts = 2> <OutPorts = 1>
ST_11 : Operation 403 [1/2] (2.10ns) (root node of the DSP)   --->   "%add_ln21_29 = add i16 %mul_ln21_38, i16 %mul_ln21_37" [../source/tut3B_Function/matrix_mult.cpp:21]   --->   Operation 403 'add' 'add_ln21_29' <Predicate = true> <Delay = 2.10> <CoreInst = "DSP48">   --->   Core 116 'DSP48' <Latency = 3> <II = 1> <Delay = 2.15> <IPBlock> <Opcode : 'add' 'sub' 'mul' 'select'> <InPorts = 0> <OutPorts = 1> <Sync> <CReg>
ST_11 : Operation 404 [4/5] (5.41ns)   --->   "%mul_ln21_41 = mul i16 %sext_ln21_31, i16 %sext_ln21_21" [../source/tut3B_Function/matrix_mult.cpp:21]   --->   Operation 404 'mul' 'mul_ln21_41' <Predicate = true> <Delay = 5.41> <CoreInst = "Multiplier">   --->   Core 3 'Multiplier' <Latency = 4> <II = 1> <Delay = 5.41> <FuncUnit> <Opcode : 'mul'> <InPorts = 2> <OutPorts = 1>
ST_11 : Operation 405 [1/2] (2.10ns) (root node of the DSP)   --->   "%add_ln21_33 = add i16 %mul_ln21_43, i16 %mul_ln21_42" [../source/tut3B_Function/matrix_mult.cpp:21]   --->   Operation 405 'add' 'add_ln21_33' <Predicate = true> <Delay = 2.10> <CoreInst = "DSP48">   --->   Core 116 'DSP48' <Latency = 3> <II = 1> <Delay = 2.15> <IPBlock> <Opcode : 'add' 'sub' 'mul' 'select'> <InPorts = 0> <OutPorts = 1> <Sync> <CReg>
ST_11 : Operation 406 [4/5] (5.41ns)   --->   "%mul_ln21_46 = mul i16 %sext_ln21_31, i16 %sext_ln21_26" [../source/tut3B_Function/matrix_mult.cpp:21]   --->   Operation 406 'mul' 'mul_ln21_46' <Predicate = true> <Delay = 5.41> <CoreInst = "Multiplier">   --->   Core 3 'Multiplier' <Latency = 4> <II = 1> <Delay = 5.41> <FuncUnit> <Opcode : 'mul'> <InPorts = 2> <OutPorts = 1>
ST_11 : Operation 407 [1/3] (0.00ns) (grouped into DSP with root node add_ln21_37)   --->   "%mul_ln21_47 = mul i16 %sext_ln21_34, i16 %sext_ln21_29" [../source/tut3B_Function/matrix_mult.cpp:21]   --->   Operation 407 'mul' 'mul_ln21_47' <Predicate = true> <Delay = 0.00> <CoreInst = "DSP48">   --->   Core 116 'DSP48' <Latency = 3> <II = 1> <Delay = 2.15> <IPBlock> <Opcode : 'add' 'sub' 'mul' 'select'> <InPorts = 0> <OutPorts = 1> <Sync> <CReg>
ST_11 : Operation 408 [2/2] (2.10ns) (root node of the DSP)   --->   "%add_ln21_37 = add i16 %mul_ln21_48, i16 %mul_ln21_47" [../source/tut3B_Function/matrix_mult.cpp:21]   --->   Operation 408 'add' 'add_ln21_37' <Predicate = true> <Delay = 2.10> <CoreInst = "DSP48">   --->   Core 116 'DSP48' <Latency = 3> <II = 1> <Delay = 2.15> <IPBlock> <Opcode : 'add' 'sub' 'mul' 'select'> <InPorts = 0> <OutPorts = 1> <Sync> <CReg>
ST_11 : Operation 409 [1/2] ( I:0.00ns O:0.00ns )   --->   "%a_load_10 = load i5 %a_addr_10" [../source/tut3B_Function/matrix_mult.cpp:21]   --->   Operation 409 'load' 'a_load_10' <Predicate = true> <Delay = 0.00> <CoreInst = "RAM">   --->   Core 81 'RAM' <Latency = 1> <II = 1> <Delay = 2.32> <Storage> <Opcode : 'load' 'store'> <Ports = 2> <Width = 8> <Depth = 25> <RAM>
ST_11 : Operation 410 [2/2] (0.00ns)   --->   "%a_load_12 = load i5 %a_addr_12" [../source/tut3B_Function/matrix_mult.cpp:21]   --->   Operation 410 'load' 'a_load_12' <Predicate = true> <Delay = 0.00> <CoreInst = "RAM">   --->   Core 81 'RAM' <Latency = 1> <II = 1> <Delay = 2.32> <Storage> <Opcode : 'load' 'store'> <Ports = 2> <Width = 8> <Depth = 25> <RAM>
ST_11 : Operation 411 [4/5] (5.41ns)   --->   "%mul_ln21_51 = mul i16 %sext_ln21_36, i16 %sext_ln21_3" [../source/tut3B_Function/matrix_mult.cpp:21]   --->   Operation 411 'mul' 'mul_ln21_51' <Predicate = true> <Delay = 5.41> <CoreInst = "Multiplier">   --->   Core 3 'Multiplier' <Latency = 4> <II = 1> <Delay = 5.41> <FuncUnit> <Opcode : 'mul'> <InPorts = 2> <OutPorts = 1>
ST_11 : Operation 412 [1/2] (2.10ns) (root node of the DSP)   --->   "%add_ln21_41 = add i16 %mul_ln21_53, i16 %mul_ln21_52" [../source/tut3B_Function/matrix_mult.cpp:21]   --->   Operation 412 'add' 'add_ln21_41' <Predicate = true> <Delay = 2.10> <CoreInst = "DSP48">   --->   Core 116 'DSP48' <Latency = 3> <II = 1> <Delay = 2.15> <IPBlock> <Opcode : 'add' 'sub' 'mul' 'select'> <InPorts = 0> <OutPorts = 1> <Sync> <CReg>
ST_11 : Operation 413 [5/5] (5.41ns)   --->   "%mul_ln21_56 = mul i16 %sext_ln21_36, i16 %sext_ln21_11" [../source/tut3B_Function/matrix_mult.cpp:21]   --->   Operation 413 'mul' 'mul_ln21_56' <Predicate = true> <Delay = 5.41> <CoreInst = "Multiplier">   --->   Core 3 'Multiplier' <Latency = 4> <II = 1> <Delay = 5.41> <FuncUnit> <Opcode : 'mul'> <InPorts = 2> <OutPorts = 1>
ST_11 : Operation 414 [1/2] (2.10ns) (root node of the DSP)   --->   "%add_ln21_45 = add i16 %mul_ln21_58, i16 %mul_ln21_57" [../source/tut3B_Function/matrix_mult.cpp:21]   --->   Operation 414 'add' 'add_ln21_45' <Predicate = true> <Delay = 2.10> <CoreInst = "DSP48">   --->   Core 116 'DSP48' <Latency = 3> <II = 1> <Delay = 2.15> <IPBlock> <Opcode : 'add' 'sub' 'mul' 'select'> <InPorts = 0> <OutPorts = 1> <Sync> <CReg>
ST_11 : Operation 415 [5/5] (5.41ns)   --->   "%mul_ln21_61 = mul i16 %sext_ln21_36, i16 %sext_ln21_16" [../source/tut3B_Function/matrix_mult.cpp:21]   --->   Operation 415 'mul' 'mul_ln21_61' <Predicate = true> <Delay = 5.41> <CoreInst = "Multiplier">   --->   Core 3 'Multiplier' <Latency = 4> <II = 1> <Delay = 5.41> <FuncUnit> <Opcode : 'mul'> <InPorts = 2> <OutPorts = 1>
ST_11 : Operation 416 [1/3] (0.00ns) (grouped into DSP with root node add_ln21_49)   --->   "%mul_ln21_62 = mul i16 %sext_ln21_39, i16 %sext_ln21_19" [../source/tut3B_Function/matrix_mult.cpp:21]   --->   Operation 416 'mul' 'mul_ln21_62' <Predicate = true> <Delay = 0.00> <CoreInst = "DSP48">   --->   Core 116 'DSP48' <Latency = 3> <II = 1> <Delay = 2.15> <IPBlock> <Opcode : 'add' 'sub' 'mul' 'select'> <InPorts = 0> <OutPorts = 1> <Sync> <CReg>
ST_11 : Operation 417 [2/2] (2.10ns) (root node of the DSP)   --->   "%add_ln21_49 = add i16 %mul_ln21_63, i16 %mul_ln21_62" [../source/tut3B_Function/matrix_mult.cpp:21]   --->   Operation 417 'add' 'add_ln21_49' <Predicate = true> <Delay = 2.10> <CoreInst = "DSP48">   --->   Core 116 'DSP48' <Latency = 3> <II = 1> <Delay = 2.15> <IPBlock> <Opcode : 'add' 'sub' 'mul' 'select'> <InPorts = 0> <OutPorts = 1> <Sync> <CReg>
ST_11 : Operation 418 [5/5] (5.41ns)   --->   "%mul_ln21_66 = mul i16 %sext_ln21_36, i16 %sext_ln21_21" [../source/tut3B_Function/matrix_mult.cpp:21]   --->   Operation 418 'mul' 'mul_ln21_66' <Predicate = true> <Delay = 5.41> <CoreInst = "Multiplier">   --->   Core 3 'Multiplier' <Latency = 4> <II = 1> <Delay = 5.41> <FuncUnit> <Opcode : 'mul'> <InPorts = 2> <OutPorts = 1>
ST_11 : Operation 419 [1/3] (0.00ns) (grouped into DSP with root node add_ln21_53)   --->   "%mul_ln21_67 = mul i16 %sext_ln21_39, i16 %sext_ln21_24" [../source/tut3B_Function/matrix_mult.cpp:21]   --->   Operation 419 'mul' 'mul_ln21_67' <Predicate = true> <Delay = 0.00> <CoreInst = "DSP48">   --->   Core 116 'DSP48' <Latency = 3> <II = 1> <Delay = 2.15> <IPBlock> <Opcode : 'add' 'sub' 'mul' 'select'> <InPorts = 0> <OutPorts = 1> <Sync> <CReg>
ST_11 : Operation 420 [2/2] (2.10ns) (root node of the DSP)   --->   "%add_ln21_53 = add i16 %mul_ln21_68, i16 %mul_ln21_67" [../source/tut3B_Function/matrix_mult.cpp:21]   --->   Operation 420 'add' 'add_ln21_53' <Predicate = true> <Delay = 2.10> <CoreInst = "DSP48">   --->   Core 116 'DSP48' <Latency = 3> <II = 1> <Delay = 2.15> <IPBlock> <Opcode : 'add' 'sub' 'mul' 'select'> <InPorts = 0> <OutPorts = 1> <Sync> <CReg>
ST_11 : Operation 421 [5/5] (5.41ns)   --->   "%mul_ln21_71 = mul i16 %sext_ln21_36, i16 %sext_ln21_26" [../source/tut3B_Function/matrix_mult.cpp:21]   --->   Operation 421 'mul' 'mul_ln21_71' <Predicate = true> <Delay = 5.41> <CoreInst = "Multiplier">   --->   Core 3 'Multiplier' <Latency = 4> <II = 1> <Delay = 5.41> <FuncUnit> <Opcode : 'mul'> <InPorts = 2> <OutPorts = 1>
ST_11 : Operation 422 [1/3] (0.00ns) (grouped into DSP with root node add_ln21_57)   --->   "%mul_ln21_72 = mul i16 %sext_ln21_39, i16 %sext_ln21_29" [../source/tut3B_Function/matrix_mult.cpp:21]   --->   Operation 422 'mul' 'mul_ln21_72' <Predicate = true> <Delay = 0.00> <CoreInst = "DSP48">   --->   Core 116 'DSP48' <Latency = 3> <II = 1> <Delay = 2.15> <IPBlock> <Opcode : 'add' 'sub' 'mul' 'select'> <InPorts = 0> <OutPorts = 1> <Sync> <CReg>
ST_11 : Operation 423 [2/2] (2.10ns) (root node of the DSP)   --->   "%add_ln21_57 = add i16 %mul_ln21_73, i16 %mul_ln21_72" [../source/tut3B_Function/matrix_mult.cpp:21]   --->   Operation 423 'add' 'add_ln21_57' <Predicate = true> <Delay = 2.10> <CoreInst = "DSP48">   --->   Core 116 'DSP48' <Latency = 3> <II = 1> <Delay = 2.15> <IPBlock> <Opcode : 'add' 'sub' 'mul' 'select'> <InPorts = 0> <OutPorts = 1> <Sync> <CReg>
ST_11 : Operation 424 [2/2] (0.00ns)   --->   "%a_load_15 = load i5 %a_addr_15" [../source/tut3B_Function/matrix_mult.cpp:21]   --->   Operation 424 'load' 'a_load_15' <Predicate = true> <Delay = 0.00> <CoreInst = "RAM">   --->   Core 81 'RAM' <Latency = 1> <II = 1> <Delay = 2.32> <Storage> <Opcode : 'load' 'store'> <Ports = 2> <Width = 8> <Depth = 25> <RAM>
ST_11 : Operation 425 [1/3] (0.00ns) (grouped into DSP with root node add_ln21_61)   --->   "%mul_ln21_77 = mul i16 %sext_ln21_44, i16 %sext_ln21_9" [../source/tut3B_Function/matrix_mult.cpp:21]   --->   Operation 425 'mul' 'mul_ln21_77' <Predicate = true> <Delay = 0.00> <CoreInst = "DSP48">   --->   Core 116 'DSP48' <Latency = 3> <II = 1> <Delay = 2.15> <IPBlock> <Opcode : 'add' 'sub' 'mul' 'select'> <InPorts = 0> <OutPorts = 1> <Sync> <CReg>
ST_11 : Operation 426 [2/2] (2.10ns) (root node of the DSP)   --->   "%add_ln21_61 = add i16 %mul_ln21_78, i16 %mul_ln21_77" [../source/tut3B_Function/matrix_mult.cpp:21]   --->   Operation 426 'add' 'add_ln21_61' <Predicate = true> <Delay = 2.10> <CoreInst = "DSP48">   --->   Core 116 'DSP48' <Latency = 3> <II = 1> <Delay = 2.15> <IPBlock> <Opcode : 'add' 'sub' 'mul' 'select'> <InPorts = 0> <OutPorts = 1> <Sync> <CReg>
ST_11 : Operation 427 [2/3] (1.05ns) (grouped into DSP with root node add_ln21_65)   --->   "%mul_ln21_82 = mul i16 %sext_ln21_44, i16 %sext_ln21_14" [../source/tut3B_Function/matrix_mult.cpp:21]   --->   Operation 427 'mul' 'mul_ln21_82' <Predicate = true> <Delay = 1.05> <CoreInst = "DSP48">   --->   Core 116 'DSP48' <Latency = 3> <II = 1> <Delay = 2.15> <IPBlock> <Opcode : 'add' 'sub' 'mul' 'select'> <InPorts = 0> <OutPorts = 1> <Sync> <CReg>
ST_11 : Operation 428 [2/3] (1.05ns) (grouped into DSP with root node add_ln21_69)   --->   "%mul_ln21_87 = mul i16 %sext_ln21_44, i16 %sext_ln21_19" [../source/tut3B_Function/matrix_mult.cpp:21]   --->   Operation 428 'mul' 'mul_ln21_87' <Predicate = true> <Delay = 1.05> <CoreInst = "DSP48">   --->   Core 116 'DSP48' <Latency = 3> <II = 1> <Delay = 2.15> <IPBlock> <Opcode : 'add' 'sub' 'mul' 'select'> <InPorts = 0> <OutPorts = 1> <Sync> <CReg>
ST_11 : Operation 429 [2/3] (1.05ns) (grouped into DSP with root node add_ln21_73)   --->   "%mul_ln21_92 = mul i16 %sext_ln21_44, i16 %sext_ln21_24" [../source/tut3B_Function/matrix_mult.cpp:21]   --->   Operation 429 'mul' 'mul_ln21_92' <Predicate = true> <Delay = 1.05> <CoreInst = "DSP48">   --->   Core 116 'DSP48' <Latency = 3> <II = 1> <Delay = 2.15> <IPBlock> <Opcode : 'add' 'sub' 'mul' 'select'> <InPorts = 0> <OutPorts = 1> <Sync> <CReg>
ST_11 : Operation 430 [2/3] (1.05ns) (grouped into DSP with root node add_ln21_77)   --->   "%mul_ln21_97 = mul i16 %sext_ln21_44, i16 %sext_ln21_29" [../source/tut3B_Function/matrix_mult.cpp:21]   --->   Operation 430 'mul' 'mul_ln21_97' <Predicate = true> <Delay = 1.05> <CoreInst = "DSP48">   --->   Core 116 'DSP48' <Latency = 3> <II = 1> <Delay = 2.15> <IPBlock> <Opcode : 'add' 'sub' 'mul' 'select'> <InPorts = 0> <OutPorts = 1> <Sync> <CReg>
ST_11 : Operation 431 [2/3] (1.05ns) (grouped into DSP with root node add_ln21_81)   --->   "%mul_ln21_102 = mul i16 %sext_ln21_49, i16 %sext_ln21_9" [../source/tut3B_Function/matrix_mult.cpp:21]   --->   Operation 431 'mul' 'mul_ln21_102' <Predicate = true> <Delay = 1.05> <CoreInst = "DSP48">   --->   Core 116 'DSP48' <Latency = 3> <II = 1> <Delay = 2.15> <IPBlock> <Opcode : 'add' 'sub' 'mul' 'select'> <InPorts = 0> <OutPorts = 1> <Sync> <CReg>
ST_11 : Operation 432 [1/5] (5.41ns)   --->   "%mul_ln21_103 = mul i16 %sext_ln21_48, i16 %sext_ln21_7" [../source/tut3B_Function/matrix_mult.cpp:21]   --->   Operation 432 'mul' 'mul_ln21_103' <Predicate = true> <Delay = 5.41> <CoreInst = "Multiplier">   --->   Core 3 'Multiplier' <Latency = 4> <II = 1> <Delay = 5.41> <FuncUnit> <Opcode : 'mul'> <InPorts = 2> <OutPorts = 1>
ST_11 : Operation 433 [2/3] (1.05ns) (grouped into DSP with root node add_ln21_85)   --->   "%mul_ln21_107 = mul i16 %sext_ln21_49, i16 %sext_ln21_14" [../source/tut3B_Function/matrix_mult.cpp:21]   --->   Operation 433 'mul' 'mul_ln21_107' <Predicate = true> <Delay = 1.05> <CoreInst = "DSP48">   --->   Core 116 'DSP48' <Latency = 3> <II = 1> <Delay = 2.15> <IPBlock> <Opcode : 'add' 'sub' 'mul' 'select'> <InPorts = 0> <OutPorts = 1> <Sync> <CReg>
ST_11 : Operation 434 [1/5] (5.41ns)   --->   "%mul_ln21_108 = mul i16 %sext_ln21_48, i16 %sext_ln21_13" [../source/tut3B_Function/matrix_mult.cpp:21]   --->   Operation 434 'mul' 'mul_ln21_108' <Predicate = true> <Delay = 5.41> <CoreInst = "Multiplier">   --->   Core 3 'Multiplier' <Latency = 4> <II = 1> <Delay = 5.41> <FuncUnit> <Opcode : 'mul'> <InPorts = 2> <OutPorts = 1>
ST_11 : Operation 435 [3/3] (1.05ns) (grouped into DSP with root node add_ln21_89)   --->   "%mul_ln21_112 = mul i16 %sext_ln21_49, i16 %sext_ln21_19" [../source/tut3B_Function/matrix_mult.cpp:21]   --->   Operation 435 'mul' 'mul_ln21_112' <Predicate = true> <Delay = 1.05> <CoreInst = "DSP48">   --->   Core 116 'DSP48' <Latency = 3> <II = 1> <Delay = 2.15> <IPBlock> <Opcode : 'add' 'sub' 'mul' 'select'> <InPorts = 0> <OutPorts = 1> <Sync> <CReg>
ST_11 : Operation 436 [1/5] (5.41ns)   --->   "%mul_ln21_113 = mul i16 %sext_ln21_48, i16 %sext_ln21_18" [../source/tut3B_Function/matrix_mult.cpp:21]   --->   Operation 436 'mul' 'mul_ln21_113' <Predicate = true> <Delay = 5.41> <CoreInst = "Multiplier">   --->   Core 3 'Multiplier' <Latency = 4> <II = 1> <Delay = 5.41> <FuncUnit> <Opcode : 'mul'> <InPorts = 2> <OutPorts = 1>
ST_11 : Operation 437 [3/3] (1.05ns) (grouped into DSP with root node add_ln21_93)   --->   "%mul_ln21_117 = mul i16 %sext_ln21_49, i16 %sext_ln21_24" [../source/tut3B_Function/matrix_mult.cpp:21]   --->   Operation 437 'mul' 'mul_ln21_117' <Predicate = true> <Delay = 1.05> <CoreInst = "DSP48">   --->   Core 116 'DSP48' <Latency = 3> <II = 1> <Delay = 2.15> <IPBlock> <Opcode : 'add' 'sub' 'mul' 'select'> <InPorts = 0> <OutPorts = 1> <Sync> <CReg>
ST_11 : Operation 438 [1/5] (5.41ns)   --->   "%mul_ln21_118 = mul i16 %sext_ln21_48, i16 %sext_ln21_23" [../source/tut3B_Function/matrix_mult.cpp:21]   --->   Operation 438 'mul' 'mul_ln21_118' <Predicate = true> <Delay = 5.41> <CoreInst = "Multiplier">   --->   Core 3 'Multiplier' <Latency = 4> <II = 1> <Delay = 5.41> <FuncUnit> <Opcode : 'mul'> <InPorts = 2> <OutPorts = 1>
ST_11 : Operation 439 [3/3] (1.05ns) (grouped into DSP with root node add_ln21_97)   --->   "%mul_ln21_122 = mul i16 %sext_ln21_49, i16 %sext_ln21_29" [../source/tut3B_Function/matrix_mult.cpp:21]   --->   Operation 439 'mul' 'mul_ln21_122' <Predicate = true> <Delay = 1.05> <CoreInst = "DSP48">   --->   Core 116 'DSP48' <Latency = 3> <II = 1> <Delay = 2.15> <IPBlock> <Opcode : 'add' 'sub' 'mul' 'select'> <InPorts = 0> <OutPorts = 1> <Sync> <CReg>
ST_11 : Operation 440 [2/5] (5.41ns)   --->   "%mul_ln21_123 = mul i16 %sext_ln21_48, i16 %sext_ln21_28" [../source/tut3B_Function/matrix_mult.cpp:21]   --->   Operation 440 'mul' 'mul_ln21_123' <Predicate = true> <Delay = 5.41> <CoreInst = "Multiplier">   --->   Core 3 'Multiplier' <Latency = 4> <II = 1> <Delay = 5.41> <FuncUnit> <Opcode : 'mul'> <InPorts = 2> <OutPorts = 1>

State 12 <SV = 11> <Delay = 5.41>
ST_12 : Operation 441 [1/1] (0.00ns)   --->   "%a_addr_17 = getelementptr i8 %a, i64 0, i64 17" [../source/tut3B_Function/matrix_mult.cpp:21]   --->   Operation 441 'getelementptr' 'a_addr_17' <Predicate = true> <Delay = 0.00>
ST_12 : Operation 442 [1/1] (0.00ns)   --->   "%a_addr_20 = getelementptr i8 %a, i64 0, i64 20" [../source/tut3B_Function/matrix_mult.cpp:21]   --->   Operation 442 'getelementptr' 'a_addr_20' <Predicate = true> <Delay = 0.00>
ST_12 : Operation 443 [1/1] (0.00ns)   --->   "%b_addr_17 = getelementptr i8 %b, i64 0, i64 13" [../source/tut3B_Function/matrix_mult.cpp:21]   --->   Operation 443 'getelementptr' 'b_addr_17' <Predicate = true> <Delay = 0.00>
ST_12 : Operation 444 [1/1] (0.00ns)   --->   "%b_addr_20 = getelementptr i8 %b, i64 0, i64 4" [../source/tut3B_Function/matrix_mult.cpp:21]   --->   Operation 444 'getelementptr' 'b_addr_20' <Predicate = true> <Delay = 0.00>
ST_12 : Operation 445 [1/1] (0.00ns)   --->   "%sext_ln21_4 = sext i8 %a_load_2" [../source/tut3B_Function/matrix_mult.cpp:21]   --->   Operation 445 'sext' 'sext_ln21_4' <Predicate = true> <Delay = 0.00>
ST_12 : Operation 446 [1/1] (0.00ns)   --->   "%sext_ln21_5 = sext i8 %b_load_2" [../source/tut3B_Function/matrix_mult.cpp:21]   --->   Operation 446 'sext' 'sext_ln21_5' <Predicate = true> <Delay = 0.00>
ST_12 : Operation 447 [2/3] (1.05ns) (grouped into DSP with root node add_ln21)   --->   "%mul_ln21 = mul i16 %sext_ln21_1, i16 %sext_ln21" [../source/tut3B_Function/matrix_mult.cpp:21]   --->   Operation 447 'mul' 'mul_ln21' <Predicate = true> <Delay = 1.05> <CoreInst = "DSP48">   --->   Core 116 'DSP48' <Latency = 3> <II = 1> <Delay = 2.15> <IPBlock> <Opcode : 'add' 'sub' 'mul' 'select'> <InPorts = 0> <OutPorts = 1> <Sync> <CReg>
ST_12 : Operation 448 [1/5] (5.41ns)   --->   "%mul_ln21_1 = mul i16 %sext_ln21_3, i16 %sext_ln21_2" [../source/tut3B_Function/matrix_mult.cpp:21]   --->   Operation 448 'mul' 'mul_ln21_1' <Predicate = true> <Delay = 5.41> <CoreInst = "Multiplier">   --->   Core 3 'Multiplier' <Latency = 4> <II = 1> <Delay = 5.41> <FuncUnit> <Opcode : 'mul'> <InPorts = 2> <OutPorts = 1>
ST_12 : Operation 449 [3/3] (1.05ns) (grouped into DSP with root node add_ln21_2)   --->   "%mul_ln21_4 = mul i16 %sext_ln21_5, i16 %sext_ln21_4" [../source/tut3B_Function/matrix_mult.cpp:21]   --->   Operation 449 'mul' 'mul_ln21_4' <Predicate = true> <Delay = 1.05> <CoreInst = "DSP48">   --->   Core 116 'DSP48' <Latency = 3> <II = 1> <Delay = 2.15> <IPBlock> <Opcode : 'add' 'sub' 'mul' 'select'> <InPorts = 0> <OutPorts = 1> <Sync> <CReg>
ST_12 : Operation 450 [1/1] (0.00ns)   --->   "%sext_ln21_12 = sext i8 %b_load_7" [../source/tut3B_Function/matrix_mult.cpp:21]   --->   Operation 450 'sext' 'sext_ln21_12' <Predicate = true> <Delay = 0.00>
ST_12 : Operation 451 [2/3] (1.05ns) (grouped into DSP with root node add_ln21_4)   --->   "%mul_ln21_5 = mul i16 %sext_ln21_10, i16 %sext_ln21" [../source/tut3B_Function/matrix_mult.cpp:21]   --->   Operation 451 'mul' 'mul_ln21_5' <Predicate = true> <Delay = 1.05> <CoreInst = "DSP48">   --->   Core 116 'DSP48' <Latency = 3> <II = 1> <Delay = 2.15> <IPBlock> <Opcode : 'add' 'sub' 'mul' 'select'> <InPorts = 0> <OutPorts = 1> <Sync> <CReg>
ST_12 : Operation 452 [1/5] (5.41ns)   --->   "%mul_ln21_6 = mul i16 %sext_ln21_11, i16 %sext_ln21_2" [../source/tut3B_Function/matrix_mult.cpp:21]   --->   Operation 452 'mul' 'mul_ln21_6' <Predicate = true> <Delay = 5.41> <CoreInst = "Multiplier">   --->   Core 3 'Multiplier' <Latency = 4> <II = 1> <Delay = 5.41> <FuncUnit> <Opcode : 'mul'> <InPorts = 2> <OutPorts = 1>
ST_12 : Operation 453 [3/3] (1.05ns) (grouped into DSP with root node add_ln21_6)   --->   "%mul_ln21_9 = mul i16 %sext_ln21_12, i16 %sext_ln21_4" [../source/tut3B_Function/matrix_mult.cpp:21]   --->   Operation 453 'mul' 'mul_ln21_9' <Predicate = true> <Delay = 1.05> <CoreInst = "DSP48">   --->   Core 116 'DSP48' <Latency = 3> <II = 1> <Delay = 2.15> <IPBlock> <Opcode : 'add' 'sub' 'mul' 'select'> <InPorts = 0> <OutPorts = 1> <Sync> <CReg>
ST_12 : Operation 454 [1/2] ( I:0.00ns O:0.00ns )   --->   "%b_load_12 = load i5 %b_addr_12" [../source/tut3B_Function/matrix_mult.cpp:21]   --->   Operation 454 'load' 'b_load_12' <Predicate = true> <Delay = 0.00> <CoreInst = "RAM">   --->   Core 81 'RAM' <Latency = 1> <II = 1> <Delay = 2.32> <Storage> <Opcode : 'load' 'store'> <Ports = 2> <Width = 8> <Depth = 25> <RAM>
ST_12 : Operation 455 [1/1] (0.00ns)   --->   "%sext_ln21_17 = sext i8 %b_load_12" [../source/tut3B_Function/matrix_mult.cpp:21]   --->   Operation 455 'sext' 'sext_ln21_17' <Predicate = true> <Delay = 0.00>
ST_12 : Operation 456 [2/3] (1.05ns) (grouped into DSP with root node add_ln21_8)   --->   "%mul_ln21_10 = mul i16 %sext_ln21_15, i16 %sext_ln21" [../source/tut3B_Function/matrix_mult.cpp:21]   --->   Operation 456 'mul' 'mul_ln21_10' <Predicate = true> <Delay = 1.05> <CoreInst = "DSP48">   --->   Core 116 'DSP48' <Latency = 3> <II = 1> <Delay = 2.15> <IPBlock> <Opcode : 'add' 'sub' 'mul' 'select'> <InPorts = 0> <OutPorts = 1> <Sync> <CReg>
ST_12 : Operation 457 [1/5] (5.41ns)   --->   "%mul_ln21_11 = mul i16 %sext_ln21_16, i16 %sext_ln21_2" [../source/tut3B_Function/matrix_mult.cpp:21]   --->   Operation 457 'mul' 'mul_ln21_11' <Predicate = true> <Delay = 5.41> <CoreInst = "Multiplier">   --->   Core 3 'Multiplier' <Latency = 4> <II = 1> <Delay = 5.41> <FuncUnit> <Opcode : 'mul'> <InPorts = 2> <OutPorts = 1>
ST_12 : Operation 458 [3/3] (1.05ns) (grouped into DSP with root node add_ln21_10)   --->   "%mul_ln21_14 = mul i16 %sext_ln21_17, i16 %sext_ln21_4" [../source/tut3B_Function/matrix_mult.cpp:21]   --->   Operation 458 'mul' 'mul_ln21_14' <Predicate = true> <Delay = 1.05> <CoreInst = "DSP48">   --->   Core 116 'DSP48' <Latency = 3> <II = 1> <Delay = 2.15> <IPBlock> <Opcode : 'add' 'sub' 'mul' 'select'> <InPorts = 0> <OutPorts = 1> <Sync> <CReg>
ST_12 : Operation 459 [1/2] ( I:0.00ns O:0.00ns )   --->   "%b_load_15 = load i5 %b_addr_15" [../source/tut3B_Function/matrix_mult.cpp:21]   --->   Operation 459 'load' 'b_load_15' <Predicate = true> <Delay = 0.00> <CoreInst = "RAM">   --->   Core 81 'RAM' <Latency = 1> <II = 1> <Delay = 2.32> <Storage> <Opcode : 'load' 'store'> <Ports = 2> <Width = 8> <Depth = 25> <RAM>
ST_12 : Operation 460 [1/1] (0.00ns)   --->   "%sext_ln21_20 = sext i8 %b_load_15" [../source/tut3B_Function/matrix_mult.cpp:21]   --->   Operation 460 'sext' 'sext_ln21_20' <Predicate = true> <Delay = 0.00>
ST_12 : Operation 461 [2/2] (0.00ns)   --->   "%b_load_17 = load i5 %b_addr_17" [../source/tut3B_Function/matrix_mult.cpp:21]   --->   Operation 461 'load' 'b_load_17' <Predicate = true> <Delay = 0.00> <CoreInst = "RAM">   --->   Core 81 'RAM' <Latency = 1> <II = 1> <Delay = 2.32> <Storage> <Opcode : 'load' 'store'> <Ports = 2> <Width = 8> <Depth = 25> <RAM>
ST_12 : Operation 462 [3/3] (1.05ns) (grouped into DSP with root node add_ln21_12)   --->   "%mul_ln21_15 = mul i16 %sext_ln21_20, i16 %sext_ln21" [../source/tut3B_Function/matrix_mult.cpp:21]   --->   Operation 462 'mul' 'mul_ln21_15' <Predicate = true> <Delay = 1.05> <CoreInst = "DSP48">   --->   Core 116 'DSP48' <Latency = 3> <II = 1> <Delay = 2.15> <IPBlock> <Opcode : 'add' 'sub' 'mul' 'select'> <InPorts = 0> <OutPorts = 1> <Sync> <CReg>
ST_12 : Operation 463 [2/5] (5.41ns)   --->   "%mul_ln21_16 = mul i16 %sext_ln21_21, i16 %sext_ln21_2" [../source/tut3B_Function/matrix_mult.cpp:21]   --->   Operation 463 'mul' 'mul_ln21_16' <Predicate = true> <Delay = 5.41> <CoreInst = "Multiplier">   --->   Core 3 'Multiplier' <Latency = 4> <II = 1> <Delay = 5.41> <FuncUnit> <Opcode : 'mul'> <InPorts = 2> <OutPorts = 1>
ST_12 : Operation 464 [2/2] (0.00ns)   --->   "%b_load_20 = load i5 %b_addr_20" [../source/tut3B_Function/matrix_mult.cpp:21]   --->   Operation 464 'load' 'b_load_20' <Predicate = true> <Delay = 0.00> <CoreInst = "RAM">   --->   Core 81 'RAM' <Latency = 1> <II = 1> <Delay = 2.32> <Storage> <Opcode : 'load' 'store'> <Ports = 2> <Width = 8> <Depth = 25> <RAM>
ST_12 : Operation 465 [2/5] (5.41ns)   --->   "%mul_ln21_21 = mul i16 %sext_ln21_26, i16 %sext_ln21_2" [../source/tut3B_Function/matrix_mult.cpp:21]   --->   Operation 465 'mul' 'mul_ln21_21' <Predicate = true> <Delay = 5.41> <CoreInst = "Multiplier">   --->   Core 3 'Multiplier' <Latency = 4> <II = 1> <Delay = 5.41> <FuncUnit> <Opcode : 'mul'> <InPorts = 2> <OutPorts = 1>
ST_12 : Operation 466 [1/2] (2.10ns) (root node of the DSP)   --->   "%add_ln21_17 = add i16 %mul_ln21_23, i16 %mul_ln21_22" [../source/tut3B_Function/matrix_mult.cpp:21]   --->   Operation 466 'add' 'add_ln21_17' <Predicate = true> <Delay = 2.10> <CoreInst = "DSP48">   --->   Core 116 'DSP48' <Latency = 3> <II = 1> <Delay = 2.15> <IPBlock> <Opcode : 'add' 'sub' 'mul' 'select'> <InPorts = 0> <OutPorts = 1> <Sync> <CReg>
ST_12 : Operation 467 [1/1] (0.00ns)   --->   "%sext_ln21_30 = sext i8 %a_load_5" [../source/tut3B_Function/matrix_mult.cpp:21]   --->   Operation 467 'sext' 'sext_ln21_30' <Predicate = true> <Delay = 0.00>
ST_12 : Operation 468 [3/3] (1.05ns) (grouped into DSP with root node add_ln21_20)   --->   "%mul_ln21_25 = mul i16 %sext_ln21_30, i16 %sext_ln21_1" [../source/tut3B_Function/matrix_mult.cpp:21]   --->   Operation 468 'mul' 'mul_ln21_25' <Predicate = true> <Delay = 1.05> <CoreInst = "DSP48">   --->   Core 116 'DSP48' <Latency = 3> <II = 1> <Delay = 2.15> <IPBlock> <Opcode : 'add' 'sub' 'mul' 'select'> <InPorts = 0> <OutPorts = 1> <Sync> <CReg>
ST_12 : Operation 469 [2/5] (5.41ns)   --->   "%mul_ln21_26 = mul i16 %sext_ln21_31, i16 %sext_ln21_3" [../source/tut3B_Function/matrix_mult.cpp:21]   --->   Operation 469 'mul' 'mul_ln21_26' <Predicate = true> <Delay = 5.41> <CoreInst = "Multiplier">   --->   Core 3 'Multiplier' <Latency = 4> <II = 1> <Delay = 5.41> <FuncUnit> <Opcode : 'mul'> <InPorts = 2> <OutPorts = 1>
ST_12 : Operation 470 [3/3] (1.05ns) (grouped into DSP with root node add_ln21_24)   --->   "%mul_ln21_30 = mul i16 %sext_ln21_30, i16 %sext_ln21_10" [../source/tut3B_Function/matrix_mult.cpp:21]   --->   Operation 470 'mul' 'mul_ln21_30' <Predicate = true> <Delay = 1.05> <CoreInst = "DSP48">   --->   Core 116 'DSP48' <Latency = 3> <II = 1> <Delay = 2.15> <IPBlock> <Opcode : 'add' 'sub' 'mul' 'select'> <InPorts = 0> <OutPorts = 1> <Sync> <CReg>
ST_12 : Operation 471 [2/5] (5.41ns)   --->   "%mul_ln21_31 = mul i16 %sext_ln21_31, i16 %sext_ln21_11" [../source/tut3B_Function/matrix_mult.cpp:21]   --->   Operation 471 'mul' 'mul_ln21_31' <Predicate = true> <Delay = 5.41> <CoreInst = "Multiplier">   --->   Core 3 'Multiplier' <Latency = 4> <II = 1> <Delay = 5.41> <FuncUnit> <Opcode : 'mul'> <InPorts = 2> <OutPorts = 1>
ST_12 : Operation 472 [3/5] (5.41ns)   --->   "%mul_ln21_36 = mul i16 %sext_ln21_31, i16 %sext_ln21_16" [../source/tut3B_Function/matrix_mult.cpp:21]   --->   Operation 472 'mul' 'mul_ln21_36' <Predicate = true> <Delay = 5.41> <CoreInst = "Multiplier">   --->   Core 3 'Multiplier' <Latency = 4> <II = 1> <Delay = 5.41> <FuncUnit> <Opcode : 'mul'> <InPorts = 2> <OutPorts = 1>
ST_12 : Operation 473 [3/5] (5.41ns)   --->   "%mul_ln21_41 = mul i16 %sext_ln21_31, i16 %sext_ln21_21" [../source/tut3B_Function/matrix_mult.cpp:21]   --->   Operation 473 'mul' 'mul_ln21_41' <Predicate = true> <Delay = 5.41> <CoreInst = "Multiplier">   --->   Core 3 'Multiplier' <Latency = 4> <II = 1> <Delay = 5.41> <FuncUnit> <Opcode : 'mul'> <InPorts = 2> <OutPorts = 1>
ST_12 : Operation 474 [3/5] (5.41ns)   --->   "%mul_ln21_46 = mul i16 %sext_ln21_31, i16 %sext_ln21_26" [../source/tut3B_Function/matrix_mult.cpp:21]   --->   Operation 474 'mul' 'mul_ln21_46' <Predicate = true> <Delay = 5.41> <CoreInst = "Multiplier">   --->   Core 3 'Multiplier' <Latency = 4> <II = 1> <Delay = 5.41> <FuncUnit> <Opcode : 'mul'> <InPorts = 2> <OutPorts = 1>
ST_12 : Operation 475 [1/2] (2.10ns) (root node of the DSP)   --->   "%add_ln21_37 = add i16 %mul_ln21_48, i16 %mul_ln21_47" [../source/tut3B_Function/matrix_mult.cpp:21]   --->   Operation 475 'add' 'add_ln21_37' <Predicate = true> <Delay = 2.10> <CoreInst = "DSP48">   --->   Core 116 'DSP48' <Latency = 3> <II = 1> <Delay = 2.15> <IPBlock> <Opcode : 'add' 'sub' 'mul' 'select'> <InPorts = 0> <OutPorts = 1> <Sync> <CReg>
ST_12 : Operation 476 [1/2] ( I:0.00ns O:0.00ns )   --->   "%a_load_12 = load i5 %a_addr_12" [../source/tut3B_Function/matrix_mult.cpp:21]   --->   Operation 476 'load' 'a_load_12' <Predicate = true> <Delay = 0.00> <CoreInst = "RAM">   --->   Core 81 'RAM' <Latency = 1> <II = 1> <Delay = 2.32> <Storage> <Opcode : 'load' 'store'> <Ports = 2> <Width = 8> <Depth = 25> <RAM>
ST_12 : Operation 477 [3/5] (5.41ns)   --->   "%mul_ln21_51 = mul i16 %sext_ln21_36, i16 %sext_ln21_3" [../source/tut3B_Function/matrix_mult.cpp:21]   --->   Operation 477 'mul' 'mul_ln21_51' <Predicate = true> <Delay = 5.41> <CoreInst = "Multiplier">   --->   Core 3 'Multiplier' <Latency = 4> <II = 1> <Delay = 5.41> <FuncUnit> <Opcode : 'mul'> <InPorts = 2> <OutPorts = 1>
ST_12 : Operation 478 [4/5] (5.41ns)   --->   "%mul_ln21_56 = mul i16 %sext_ln21_36, i16 %sext_ln21_11" [../source/tut3B_Function/matrix_mult.cpp:21]   --->   Operation 478 'mul' 'mul_ln21_56' <Predicate = true> <Delay = 5.41> <CoreInst = "Multiplier">   --->   Core 3 'Multiplier' <Latency = 4> <II = 1> <Delay = 5.41> <FuncUnit> <Opcode : 'mul'> <InPorts = 2> <OutPorts = 1>
ST_12 : Operation 479 [4/5] (5.41ns)   --->   "%mul_ln21_61 = mul i16 %sext_ln21_36, i16 %sext_ln21_16" [../source/tut3B_Function/matrix_mult.cpp:21]   --->   Operation 479 'mul' 'mul_ln21_61' <Predicate = true> <Delay = 5.41> <CoreInst = "Multiplier">   --->   Core 3 'Multiplier' <Latency = 4> <II = 1> <Delay = 5.41> <FuncUnit> <Opcode : 'mul'> <InPorts = 2> <OutPorts = 1>
ST_12 : Operation 480 [1/2] (2.10ns) (root node of the DSP)   --->   "%add_ln21_49 = add i16 %mul_ln21_63, i16 %mul_ln21_62" [../source/tut3B_Function/matrix_mult.cpp:21]   --->   Operation 480 'add' 'add_ln21_49' <Predicate = true> <Delay = 2.10> <CoreInst = "DSP48">   --->   Core 116 'DSP48' <Latency = 3> <II = 1> <Delay = 2.15> <IPBlock> <Opcode : 'add' 'sub' 'mul' 'select'> <InPorts = 0> <OutPorts = 1> <Sync> <CReg>
ST_12 : Operation 481 [4/5] (5.41ns)   --->   "%mul_ln21_66 = mul i16 %sext_ln21_36, i16 %sext_ln21_21" [../source/tut3B_Function/matrix_mult.cpp:21]   --->   Operation 481 'mul' 'mul_ln21_66' <Predicate = true> <Delay = 5.41> <CoreInst = "Multiplier">   --->   Core 3 'Multiplier' <Latency = 4> <II = 1> <Delay = 5.41> <FuncUnit> <Opcode : 'mul'> <InPorts = 2> <OutPorts = 1>
ST_12 : Operation 482 [1/2] (2.10ns) (root node of the DSP)   --->   "%add_ln21_53 = add i16 %mul_ln21_68, i16 %mul_ln21_67" [../source/tut3B_Function/matrix_mult.cpp:21]   --->   Operation 482 'add' 'add_ln21_53' <Predicate = true> <Delay = 2.10> <CoreInst = "DSP48">   --->   Core 116 'DSP48' <Latency = 3> <II = 1> <Delay = 2.15> <IPBlock> <Opcode : 'add' 'sub' 'mul' 'select'> <InPorts = 0> <OutPorts = 1> <Sync> <CReg>
ST_12 : Operation 483 [4/5] (5.41ns)   --->   "%mul_ln21_71 = mul i16 %sext_ln21_36, i16 %sext_ln21_26" [../source/tut3B_Function/matrix_mult.cpp:21]   --->   Operation 483 'mul' 'mul_ln21_71' <Predicate = true> <Delay = 5.41> <CoreInst = "Multiplier">   --->   Core 3 'Multiplier' <Latency = 4> <II = 1> <Delay = 5.41> <FuncUnit> <Opcode : 'mul'> <InPorts = 2> <OutPorts = 1>
ST_12 : Operation 484 [1/2] (2.10ns) (root node of the DSP)   --->   "%add_ln21_57 = add i16 %mul_ln21_73, i16 %mul_ln21_72" [../source/tut3B_Function/matrix_mult.cpp:21]   --->   Operation 484 'add' 'add_ln21_57' <Predicate = true> <Delay = 2.10> <CoreInst = "DSP48">   --->   Core 116 'DSP48' <Latency = 3> <II = 1> <Delay = 2.15> <IPBlock> <Opcode : 'add' 'sub' 'mul' 'select'> <InPorts = 0> <OutPorts = 1> <Sync> <CReg>
ST_12 : Operation 485 [1/2] ( I:0.00ns O:0.00ns )   --->   "%a_load_15 = load i5 %a_addr_15" [../source/tut3B_Function/matrix_mult.cpp:21]   --->   Operation 485 'load' 'a_load_15' <Predicate = true> <Delay = 0.00> <CoreInst = "RAM">   --->   Core 81 'RAM' <Latency = 1> <II = 1> <Delay = 2.32> <Storage> <Opcode : 'load' 'store'> <Ports = 2> <Width = 8> <Depth = 25> <RAM>
ST_12 : Operation 486 [1/1] (0.00ns)   --->   "%sext_ln21_41 = sext i8 %a_load_16" [../source/tut3B_Function/matrix_mult.cpp:21]   --->   Operation 486 'sext' 'sext_ln21_41' <Predicate = true> <Delay = 0.00>
ST_12 : Operation 487 [2/2] (0.00ns)   --->   "%a_load_17 = load i5 %a_addr_17" [../source/tut3B_Function/matrix_mult.cpp:21]   --->   Operation 487 'load' 'a_load_17' <Predicate = true> <Delay = 0.00> <CoreInst = "RAM">   --->   Core 81 'RAM' <Latency = 1> <II = 1> <Delay = 2.32> <Storage> <Opcode : 'load' 'store'> <Ports = 2> <Width = 8> <Depth = 25> <RAM>
ST_12 : Operation 488 [5/5] (5.41ns)   --->   "%mul_ln21_76 = mul i16 %sext_ln21_41, i16 %sext_ln21_3" [../source/tut3B_Function/matrix_mult.cpp:21]   --->   Operation 488 'mul' 'mul_ln21_76' <Predicate = true> <Delay = 5.41> <CoreInst = "Multiplier">   --->   Core 3 'Multiplier' <Latency = 4> <II = 1> <Delay = 5.41> <FuncUnit> <Opcode : 'mul'> <InPorts = 2> <OutPorts = 1>
ST_12 : Operation 489 [1/2] (2.10ns) (root node of the DSP)   --->   "%add_ln21_61 = add i16 %mul_ln21_78, i16 %mul_ln21_77" [../source/tut3B_Function/matrix_mult.cpp:21]   --->   Operation 489 'add' 'add_ln21_61' <Predicate = true> <Delay = 2.10> <CoreInst = "DSP48">   --->   Core 116 'DSP48' <Latency = 3> <II = 1> <Delay = 2.15> <IPBlock> <Opcode : 'add' 'sub' 'mul' 'select'> <InPorts = 0> <OutPorts = 1> <Sync> <CReg>
ST_12 : Operation 490 [5/5] (5.41ns)   --->   "%mul_ln21_81 = mul i16 %sext_ln21_41, i16 %sext_ln21_11" [../source/tut3B_Function/matrix_mult.cpp:21]   --->   Operation 490 'mul' 'mul_ln21_81' <Predicate = true> <Delay = 5.41> <CoreInst = "Multiplier">   --->   Core 3 'Multiplier' <Latency = 4> <II = 1> <Delay = 5.41> <FuncUnit> <Opcode : 'mul'> <InPorts = 2> <OutPorts = 1>
ST_12 : Operation 491 [1/3] (0.00ns) (grouped into DSP with root node add_ln21_65)   --->   "%mul_ln21_82 = mul i16 %sext_ln21_44, i16 %sext_ln21_14" [../source/tut3B_Function/matrix_mult.cpp:21]   --->   Operation 491 'mul' 'mul_ln21_82' <Predicate = true> <Delay = 0.00> <CoreInst = "DSP48">   --->   Core 116 'DSP48' <Latency = 3> <II = 1> <Delay = 2.15> <IPBlock> <Opcode : 'add' 'sub' 'mul' 'select'> <InPorts = 0> <OutPorts = 1> <Sync> <CReg>
ST_12 : Operation 492 [2/2] (2.10ns) (root node of the DSP)   --->   "%add_ln21_65 = add i16 %mul_ln21_83, i16 %mul_ln21_82" [../source/tut3B_Function/matrix_mult.cpp:21]   --->   Operation 492 'add' 'add_ln21_65' <Predicate = true> <Delay = 2.10> <CoreInst = "DSP48">   --->   Core 116 'DSP48' <Latency = 3> <II = 1> <Delay = 2.15> <IPBlock> <Opcode : 'add' 'sub' 'mul' 'select'> <InPorts = 0> <OutPorts = 1> <Sync> <CReg>
ST_12 : Operation 493 [5/5] (5.41ns)   --->   "%mul_ln21_86 = mul i16 %sext_ln21_41, i16 %sext_ln21_16" [../source/tut3B_Function/matrix_mult.cpp:21]   --->   Operation 493 'mul' 'mul_ln21_86' <Predicate = true> <Delay = 5.41> <CoreInst = "Multiplier">   --->   Core 3 'Multiplier' <Latency = 4> <II = 1> <Delay = 5.41> <FuncUnit> <Opcode : 'mul'> <InPorts = 2> <OutPorts = 1>
ST_12 : Operation 494 [1/3] (0.00ns) (grouped into DSP with root node add_ln21_69)   --->   "%mul_ln21_87 = mul i16 %sext_ln21_44, i16 %sext_ln21_19" [../source/tut3B_Function/matrix_mult.cpp:21]   --->   Operation 494 'mul' 'mul_ln21_87' <Predicate = true> <Delay = 0.00> <CoreInst = "DSP48">   --->   Core 116 'DSP48' <Latency = 3> <II = 1> <Delay = 2.15> <IPBlock> <Opcode : 'add' 'sub' 'mul' 'select'> <InPorts = 0> <OutPorts = 1> <Sync> <CReg>
ST_12 : Operation 495 [2/2] (2.10ns) (root node of the DSP)   --->   "%add_ln21_69 = add i16 %mul_ln21_88, i16 %mul_ln21_87" [../source/tut3B_Function/matrix_mult.cpp:21]   --->   Operation 495 'add' 'add_ln21_69' <Predicate = true> <Delay = 2.10> <CoreInst = "DSP48">   --->   Core 116 'DSP48' <Latency = 3> <II = 1> <Delay = 2.15> <IPBlock> <Opcode : 'add' 'sub' 'mul' 'select'> <InPorts = 0> <OutPorts = 1> <Sync> <CReg>
ST_12 : Operation 496 [5/5] (5.41ns)   --->   "%mul_ln21_91 = mul i16 %sext_ln21_41, i16 %sext_ln21_21" [../source/tut3B_Function/matrix_mult.cpp:21]   --->   Operation 496 'mul' 'mul_ln21_91' <Predicate = true> <Delay = 5.41> <CoreInst = "Multiplier">   --->   Core 3 'Multiplier' <Latency = 4> <II = 1> <Delay = 5.41> <FuncUnit> <Opcode : 'mul'> <InPorts = 2> <OutPorts = 1>
ST_12 : Operation 497 [1/3] (0.00ns) (grouped into DSP with root node add_ln21_73)   --->   "%mul_ln21_92 = mul i16 %sext_ln21_44, i16 %sext_ln21_24" [../source/tut3B_Function/matrix_mult.cpp:21]   --->   Operation 497 'mul' 'mul_ln21_92' <Predicate = true> <Delay = 0.00> <CoreInst = "DSP48">   --->   Core 116 'DSP48' <Latency = 3> <II = 1> <Delay = 2.15> <IPBlock> <Opcode : 'add' 'sub' 'mul' 'select'> <InPorts = 0> <OutPorts = 1> <Sync> <CReg>
ST_12 : Operation 498 [2/2] (2.10ns) (root node of the DSP)   --->   "%add_ln21_73 = add i16 %mul_ln21_93, i16 %mul_ln21_92" [../source/tut3B_Function/matrix_mult.cpp:21]   --->   Operation 498 'add' 'add_ln21_73' <Predicate = true> <Delay = 2.10> <CoreInst = "DSP48">   --->   Core 116 'DSP48' <Latency = 3> <II = 1> <Delay = 2.15> <IPBlock> <Opcode : 'add' 'sub' 'mul' 'select'> <InPorts = 0> <OutPorts = 1> <Sync> <CReg>
ST_12 : Operation 499 [1/3] (0.00ns) (grouped into DSP with root node add_ln21_77)   --->   "%mul_ln21_97 = mul i16 %sext_ln21_44, i16 %sext_ln21_29" [../source/tut3B_Function/matrix_mult.cpp:21]   --->   Operation 499 'mul' 'mul_ln21_97' <Predicate = true> <Delay = 0.00> <CoreInst = "DSP48">   --->   Core 116 'DSP48' <Latency = 3> <II = 1> <Delay = 2.15> <IPBlock> <Opcode : 'add' 'sub' 'mul' 'select'> <InPorts = 0> <OutPorts = 1> <Sync> <CReg>
ST_12 : Operation 500 [2/2] (2.10ns) (root node of the DSP)   --->   "%add_ln21_77 = add i16 %mul_ln21_98, i16 %mul_ln21_97" [../source/tut3B_Function/matrix_mult.cpp:21]   --->   Operation 500 'add' 'add_ln21_77' <Predicate = true> <Delay = 2.10> <CoreInst = "DSP48">   --->   Core 116 'DSP48' <Latency = 3> <II = 1> <Delay = 2.15> <IPBlock> <Opcode : 'add' 'sub' 'mul' 'select'> <InPorts = 0> <OutPorts = 1> <Sync> <CReg>
ST_12 : Operation 501 [2/2] (0.00ns)   --->   "%a_load_20 = load i5 %a_addr_20" [../source/tut3B_Function/matrix_mult.cpp:21]   --->   Operation 501 'load' 'a_load_20' <Predicate = true> <Delay = 0.00> <CoreInst = "RAM">   --->   Core 81 'RAM' <Latency = 1> <II = 1> <Delay = 2.32> <Storage> <Opcode : 'load' 'store'> <Ports = 2> <Width = 8> <Depth = 25> <RAM>
ST_12 : Operation 502 [1/3] (0.00ns) (grouped into DSP with root node add_ln21_81)   --->   "%mul_ln21_102 = mul i16 %sext_ln21_49, i16 %sext_ln21_9" [../source/tut3B_Function/matrix_mult.cpp:21]   --->   Operation 502 'mul' 'mul_ln21_102' <Predicate = true> <Delay = 0.00> <CoreInst = "DSP48">   --->   Core 116 'DSP48' <Latency = 3> <II = 1> <Delay = 2.15> <IPBlock> <Opcode : 'add' 'sub' 'mul' 'select'> <InPorts = 0> <OutPorts = 1> <Sync> <CReg>
ST_12 : Operation 503 [2/2] (2.10ns) (root node of the DSP)   --->   "%add_ln21_81 = add i16 %mul_ln21_103, i16 %mul_ln21_102" [../source/tut3B_Function/matrix_mult.cpp:21]   --->   Operation 503 'add' 'add_ln21_81' <Predicate = true> <Delay = 2.10> <CoreInst = "DSP48">   --->   Core 116 'DSP48' <Latency = 3> <II = 1> <Delay = 2.15> <IPBlock> <Opcode : 'add' 'sub' 'mul' 'select'> <InPorts = 0> <OutPorts = 1> <Sync> <CReg>
ST_12 : Operation 504 [1/3] (0.00ns) (grouped into DSP with root node add_ln21_85)   --->   "%mul_ln21_107 = mul i16 %sext_ln21_49, i16 %sext_ln21_14" [../source/tut3B_Function/matrix_mult.cpp:21]   --->   Operation 504 'mul' 'mul_ln21_107' <Predicate = true> <Delay = 0.00> <CoreInst = "DSP48">   --->   Core 116 'DSP48' <Latency = 3> <II = 1> <Delay = 2.15> <IPBlock> <Opcode : 'add' 'sub' 'mul' 'select'> <InPorts = 0> <OutPorts = 1> <Sync> <CReg>
ST_12 : Operation 505 [2/2] (2.10ns) (root node of the DSP)   --->   "%add_ln21_85 = add i16 %mul_ln21_108, i16 %mul_ln21_107" [../source/tut3B_Function/matrix_mult.cpp:21]   --->   Operation 505 'add' 'add_ln21_85' <Predicate = true> <Delay = 2.10> <CoreInst = "DSP48">   --->   Core 116 'DSP48' <Latency = 3> <II = 1> <Delay = 2.15> <IPBlock> <Opcode : 'add' 'sub' 'mul' 'select'> <InPorts = 0> <OutPorts = 1> <Sync> <CReg>
ST_12 : Operation 506 [2/3] (1.05ns) (grouped into DSP with root node add_ln21_89)   --->   "%mul_ln21_112 = mul i16 %sext_ln21_49, i16 %sext_ln21_19" [../source/tut3B_Function/matrix_mult.cpp:21]   --->   Operation 506 'mul' 'mul_ln21_112' <Predicate = true> <Delay = 1.05> <CoreInst = "DSP48">   --->   Core 116 'DSP48' <Latency = 3> <II = 1> <Delay = 2.15> <IPBlock> <Opcode : 'add' 'sub' 'mul' 'select'> <InPorts = 0> <OutPorts = 1> <Sync> <CReg>
ST_12 : Operation 507 [2/3] (1.05ns) (grouped into DSP with root node add_ln21_93)   --->   "%mul_ln21_117 = mul i16 %sext_ln21_49, i16 %sext_ln21_24" [../source/tut3B_Function/matrix_mult.cpp:21]   --->   Operation 507 'mul' 'mul_ln21_117' <Predicate = true> <Delay = 1.05> <CoreInst = "DSP48">   --->   Core 116 'DSP48' <Latency = 3> <II = 1> <Delay = 2.15> <IPBlock> <Opcode : 'add' 'sub' 'mul' 'select'> <InPorts = 0> <OutPorts = 1> <Sync> <CReg>
ST_12 : Operation 508 [2/3] (1.05ns) (grouped into DSP with root node add_ln21_97)   --->   "%mul_ln21_122 = mul i16 %sext_ln21_49, i16 %sext_ln21_29" [../source/tut3B_Function/matrix_mult.cpp:21]   --->   Operation 508 'mul' 'mul_ln21_122' <Predicate = true> <Delay = 1.05> <CoreInst = "DSP48">   --->   Core 116 'DSP48' <Latency = 3> <II = 1> <Delay = 2.15> <IPBlock> <Opcode : 'add' 'sub' 'mul' 'select'> <InPorts = 0> <OutPorts = 1> <Sync> <CReg>
ST_12 : Operation 509 [1/5] (5.41ns)   --->   "%mul_ln21_123 = mul i16 %sext_ln21_48, i16 %sext_ln21_28" [../source/tut3B_Function/matrix_mult.cpp:21]   --->   Operation 509 'mul' 'mul_ln21_123' <Predicate = true> <Delay = 5.41> <CoreInst = "Multiplier">   --->   Core 3 'Multiplier' <Latency = 4> <II = 1> <Delay = 5.41> <FuncUnit> <Opcode : 'mul'> <InPorts = 2> <OutPorts = 1>

State 13 <SV = 12> <Delay = 5.41>
ST_13 : Operation 510 [1/1] (0.00ns)   --->   "%a_addr_22 = getelementptr i8 %a, i64 0, i64 22" [../source/tut3B_Function/matrix_mult.cpp:21]   --->   Operation 510 'getelementptr' 'a_addr_22' <Predicate = true> <Delay = 0.00>
ST_13 : Operation 511 [1/1] (0.00ns)   --->   "%b_addr_22 = getelementptr i8 %b, i64 0, i64 14" [../source/tut3B_Function/matrix_mult.cpp:21]   --->   Operation 511 'getelementptr' 'b_addr_22' <Predicate = true> <Delay = 0.00>
ST_13 : Operation 512 [1/3] (0.00ns) (grouped into DSP with root node add_ln21)   --->   "%mul_ln21 = mul i16 %sext_ln21_1, i16 %sext_ln21" [../source/tut3B_Function/matrix_mult.cpp:21]   --->   Operation 512 'mul' 'mul_ln21' <Predicate = true> <Delay = 0.00> <CoreInst = "DSP48">   --->   Core 116 'DSP48' <Latency = 3> <II = 1> <Delay = 2.15> <IPBlock> <Opcode : 'add' 'sub' 'mul' 'select'> <InPorts = 0> <OutPorts = 1> <Sync> <CReg>
ST_13 : Operation 513 [2/3] (1.05ns) (grouped into DSP with root node add_ln21_2)   --->   "%mul_ln21_4 = mul i16 %sext_ln21_5, i16 %sext_ln21_4" [../source/tut3B_Function/matrix_mult.cpp:21]   --->   Operation 513 'mul' 'mul_ln21_4' <Predicate = true> <Delay = 1.05> <CoreInst = "DSP48">   --->   Core 116 'DSP48' <Latency = 3> <II = 1> <Delay = 2.15> <IPBlock> <Opcode : 'add' 'sub' 'mul' 'select'> <InPorts = 0> <OutPorts = 1> <Sync> <CReg>
ST_13 : Operation 514 [2/2] (2.10ns) (root node of the DSP)   --->   "%add_ln21 = add i16 %mul_ln21_1, i16 %mul_ln21" [../source/tut3B_Function/matrix_mult.cpp:21]   --->   Operation 514 'add' 'add_ln21' <Predicate = true> <Delay = 2.10> <CoreInst = "DSP48">   --->   Core 116 'DSP48' <Latency = 3> <II = 1> <Delay = 2.15> <IPBlock> <Opcode : 'add' 'sub' 'mul' 'select'> <InPorts = 0> <OutPorts = 1> <Sync> <CReg>
ST_13 : Operation 515 [1/3] (0.00ns) (grouped into DSP with root node add_ln21_4)   --->   "%mul_ln21_5 = mul i16 %sext_ln21_10, i16 %sext_ln21" [../source/tut3B_Function/matrix_mult.cpp:21]   --->   Operation 515 'mul' 'mul_ln21_5' <Predicate = true> <Delay = 0.00> <CoreInst = "DSP48">   --->   Core 116 'DSP48' <Latency = 3> <II = 1> <Delay = 2.15> <IPBlock> <Opcode : 'add' 'sub' 'mul' 'select'> <InPorts = 0> <OutPorts = 1> <Sync> <CReg>
ST_13 : Operation 516 [2/3] (1.05ns) (grouped into DSP with root node add_ln21_6)   --->   "%mul_ln21_9 = mul i16 %sext_ln21_12, i16 %sext_ln21_4" [../source/tut3B_Function/matrix_mult.cpp:21]   --->   Operation 516 'mul' 'mul_ln21_9' <Predicate = true> <Delay = 1.05> <CoreInst = "DSP48">   --->   Core 116 'DSP48' <Latency = 3> <II = 1> <Delay = 2.15> <IPBlock> <Opcode : 'add' 'sub' 'mul' 'select'> <InPorts = 0> <OutPorts = 1> <Sync> <CReg>
ST_13 : Operation 517 [2/2] (2.10ns) (root node of the DSP)   --->   "%add_ln21_4 = add i16 %mul_ln21_6, i16 %mul_ln21_5" [../source/tut3B_Function/matrix_mult.cpp:21]   --->   Operation 517 'add' 'add_ln21_4' <Predicate = true> <Delay = 2.10> <CoreInst = "DSP48">   --->   Core 116 'DSP48' <Latency = 3> <II = 1> <Delay = 2.15> <IPBlock> <Opcode : 'add' 'sub' 'mul' 'select'> <InPorts = 0> <OutPorts = 1> <Sync> <CReg>
ST_13 : Operation 518 [1/3] (0.00ns) (grouped into DSP with root node add_ln21_8)   --->   "%mul_ln21_10 = mul i16 %sext_ln21_15, i16 %sext_ln21" [../source/tut3B_Function/matrix_mult.cpp:21]   --->   Operation 518 'mul' 'mul_ln21_10' <Predicate = true> <Delay = 0.00> <CoreInst = "DSP48">   --->   Core 116 'DSP48' <Latency = 3> <II = 1> <Delay = 2.15> <IPBlock> <Opcode : 'add' 'sub' 'mul' 'select'> <InPorts = 0> <OutPorts = 1> <Sync> <CReg>
ST_13 : Operation 519 [2/3] (1.05ns) (grouped into DSP with root node add_ln21_10)   --->   "%mul_ln21_14 = mul i16 %sext_ln21_17, i16 %sext_ln21_4" [../source/tut3B_Function/matrix_mult.cpp:21]   --->   Operation 519 'mul' 'mul_ln21_14' <Predicate = true> <Delay = 1.05> <CoreInst = "DSP48">   --->   Core 116 'DSP48' <Latency = 3> <II = 1> <Delay = 2.15> <IPBlock> <Opcode : 'add' 'sub' 'mul' 'select'> <InPorts = 0> <OutPorts = 1> <Sync> <CReg>
ST_13 : Operation 520 [2/2] (2.10ns) (root node of the DSP)   --->   "%add_ln21_8 = add i16 %mul_ln21_11, i16 %mul_ln21_10" [../source/tut3B_Function/matrix_mult.cpp:21]   --->   Operation 520 'add' 'add_ln21_8' <Predicate = true> <Delay = 2.10> <CoreInst = "DSP48">   --->   Core 116 'DSP48' <Latency = 3> <II = 1> <Delay = 2.15> <IPBlock> <Opcode : 'add' 'sub' 'mul' 'select'> <InPorts = 0> <OutPorts = 1> <Sync> <CReg>
ST_13 : Operation 521 [1/2] ( I:0.00ns O:0.00ns )   --->   "%b_load_17 = load i5 %b_addr_17" [../source/tut3B_Function/matrix_mult.cpp:21]   --->   Operation 521 'load' 'b_load_17' <Predicate = true> <Delay = 0.00> <CoreInst = "RAM">   --->   Core 81 'RAM' <Latency = 1> <II = 1> <Delay = 2.32> <Storage> <Opcode : 'load' 'store'> <Ports = 2> <Width = 8> <Depth = 25> <RAM>
ST_13 : Operation 522 [1/1] (0.00ns)   --->   "%sext_ln21_22 = sext i8 %b_load_17" [../source/tut3B_Function/matrix_mult.cpp:21]   --->   Operation 522 'sext' 'sext_ln21_22' <Predicate = true> <Delay = 0.00>
ST_13 : Operation 523 [2/3] (1.05ns) (grouped into DSP with root node add_ln21_12)   --->   "%mul_ln21_15 = mul i16 %sext_ln21_20, i16 %sext_ln21" [../source/tut3B_Function/matrix_mult.cpp:21]   --->   Operation 523 'mul' 'mul_ln21_15' <Predicate = true> <Delay = 1.05> <CoreInst = "DSP48">   --->   Core 116 'DSP48' <Latency = 3> <II = 1> <Delay = 2.15> <IPBlock> <Opcode : 'add' 'sub' 'mul' 'select'> <InPorts = 0> <OutPorts = 1> <Sync> <CReg>
ST_13 : Operation 524 [1/5] (5.41ns)   --->   "%mul_ln21_16 = mul i16 %sext_ln21_21, i16 %sext_ln21_2" [../source/tut3B_Function/matrix_mult.cpp:21]   --->   Operation 524 'mul' 'mul_ln21_16' <Predicate = true> <Delay = 5.41> <CoreInst = "Multiplier">   --->   Core 3 'Multiplier' <Latency = 4> <II = 1> <Delay = 5.41> <FuncUnit> <Opcode : 'mul'> <InPorts = 2> <OutPorts = 1>
ST_13 : Operation 525 [3/3] (1.05ns) (grouped into DSP with root node add_ln21_14)   --->   "%mul_ln21_19 = mul i16 %sext_ln21_22, i16 %sext_ln21_4" [../source/tut3B_Function/matrix_mult.cpp:21]   --->   Operation 525 'mul' 'mul_ln21_19' <Predicate = true> <Delay = 1.05> <CoreInst = "DSP48">   --->   Core 116 'DSP48' <Latency = 3> <II = 1> <Delay = 2.15> <IPBlock> <Opcode : 'add' 'sub' 'mul' 'select'> <InPorts = 0> <OutPorts = 1> <Sync> <CReg>
ST_13 : Operation 526 [1/2] ( I:0.00ns O:0.00ns )   --->   "%b_load_20 = load i5 %b_addr_20" [../source/tut3B_Function/matrix_mult.cpp:21]   --->   Operation 526 'load' 'b_load_20' <Predicate = true> <Delay = 0.00> <CoreInst = "RAM">   --->   Core 81 'RAM' <Latency = 1> <II = 1> <Delay = 2.32> <Storage> <Opcode : 'load' 'store'> <Ports = 2> <Width = 8> <Depth = 25> <RAM>
ST_13 : Operation 527 [1/1] (0.00ns)   --->   "%sext_ln21_25 = sext i8 %b_load_20" [../source/tut3B_Function/matrix_mult.cpp:21]   --->   Operation 527 'sext' 'sext_ln21_25' <Predicate = true> <Delay = 0.00>
ST_13 : Operation 528 [2/2] (0.00ns)   --->   "%b_load_22 = load i5 %b_addr_22" [../source/tut3B_Function/matrix_mult.cpp:21]   --->   Operation 528 'load' 'b_load_22' <Predicate = true> <Delay = 0.00> <CoreInst = "RAM">   --->   Core 81 'RAM' <Latency = 1> <II = 1> <Delay = 2.32> <Storage> <Opcode : 'load' 'store'> <Ports = 2> <Width = 8> <Depth = 25> <RAM>
ST_13 : Operation 529 [3/3] (1.05ns) (grouped into DSP with root node add_ln21_16)   --->   "%mul_ln21_20 = mul i16 %sext_ln21_25, i16 %sext_ln21" [../source/tut3B_Function/matrix_mult.cpp:21]   --->   Operation 529 'mul' 'mul_ln21_20' <Predicate = true> <Delay = 1.05> <CoreInst = "DSP48">   --->   Core 116 'DSP48' <Latency = 3> <II = 1> <Delay = 2.15> <IPBlock> <Opcode : 'add' 'sub' 'mul' 'select'> <InPorts = 0> <OutPorts = 1> <Sync> <CReg>
ST_13 : Operation 530 [1/5] (5.41ns)   --->   "%mul_ln21_21 = mul i16 %sext_ln21_26, i16 %sext_ln21_2" [../source/tut3B_Function/matrix_mult.cpp:21]   --->   Operation 530 'mul' 'mul_ln21_21' <Predicate = true> <Delay = 5.41> <CoreInst = "Multiplier">   --->   Core 3 'Multiplier' <Latency = 4> <II = 1> <Delay = 5.41> <FuncUnit> <Opcode : 'mul'> <InPorts = 2> <OutPorts = 1>
ST_13 : Operation 531 [2/3] (1.05ns) (grouped into DSP with root node add_ln21_20)   --->   "%mul_ln21_25 = mul i16 %sext_ln21_30, i16 %sext_ln21_1" [../source/tut3B_Function/matrix_mult.cpp:21]   --->   Operation 531 'mul' 'mul_ln21_25' <Predicate = true> <Delay = 1.05> <CoreInst = "DSP48">   --->   Core 116 'DSP48' <Latency = 3> <II = 1> <Delay = 2.15> <IPBlock> <Opcode : 'add' 'sub' 'mul' 'select'> <InPorts = 0> <OutPorts = 1> <Sync> <CReg>
ST_13 : Operation 532 [1/5] (5.41ns)   --->   "%mul_ln21_26 = mul i16 %sext_ln21_31, i16 %sext_ln21_3" [../source/tut3B_Function/matrix_mult.cpp:21]   --->   Operation 532 'mul' 'mul_ln21_26' <Predicate = true> <Delay = 5.41> <CoreInst = "Multiplier">   --->   Core 3 'Multiplier' <Latency = 4> <II = 1> <Delay = 5.41> <FuncUnit> <Opcode : 'mul'> <InPorts = 2> <OutPorts = 1>
ST_13 : Operation 533 [2/3] (1.05ns) (grouped into DSP with root node add_ln21_24)   --->   "%mul_ln21_30 = mul i16 %sext_ln21_30, i16 %sext_ln21_10" [../source/tut3B_Function/matrix_mult.cpp:21]   --->   Operation 533 'mul' 'mul_ln21_30' <Predicate = true> <Delay = 1.05> <CoreInst = "DSP48">   --->   Core 116 'DSP48' <Latency = 3> <II = 1> <Delay = 2.15> <IPBlock> <Opcode : 'add' 'sub' 'mul' 'select'> <InPorts = 0> <OutPorts = 1> <Sync> <CReg>
ST_13 : Operation 534 [1/5] (5.41ns)   --->   "%mul_ln21_31 = mul i16 %sext_ln21_31, i16 %sext_ln21_11" [../source/tut3B_Function/matrix_mult.cpp:21]   --->   Operation 534 'mul' 'mul_ln21_31' <Predicate = true> <Delay = 5.41> <CoreInst = "Multiplier">   --->   Core 3 'Multiplier' <Latency = 4> <II = 1> <Delay = 5.41> <FuncUnit> <Opcode : 'mul'> <InPorts = 2> <OutPorts = 1>
ST_13 : Operation 535 [3/3] (1.05ns) (grouped into DSP with root node add_ln21_28)   --->   "%mul_ln21_35 = mul i16 %sext_ln21_30, i16 %sext_ln21_15" [../source/tut3B_Function/matrix_mult.cpp:21]   --->   Operation 535 'mul' 'mul_ln21_35' <Predicate = true> <Delay = 1.05> <CoreInst = "DSP48">   --->   Core 116 'DSP48' <Latency = 3> <II = 1> <Delay = 2.15> <IPBlock> <Opcode : 'add' 'sub' 'mul' 'select'> <InPorts = 0> <OutPorts = 1> <Sync> <CReg>
ST_13 : Operation 536 [2/5] (5.41ns)   --->   "%mul_ln21_36 = mul i16 %sext_ln21_31, i16 %sext_ln21_16" [../source/tut3B_Function/matrix_mult.cpp:21]   --->   Operation 536 'mul' 'mul_ln21_36' <Predicate = true> <Delay = 5.41> <CoreInst = "Multiplier">   --->   Core 3 'Multiplier' <Latency = 4> <II = 1> <Delay = 5.41> <FuncUnit> <Opcode : 'mul'> <InPorts = 2> <OutPorts = 1>
ST_13 : Operation 537 [3/3] (1.05ns) (grouped into DSP with root node add_ln21_32)   --->   "%mul_ln21_40 = mul i16 %sext_ln21_30, i16 %sext_ln21_20" [../source/tut3B_Function/matrix_mult.cpp:21]   --->   Operation 537 'mul' 'mul_ln21_40' <Predicate = true> <Delay = 1.05> <CoreInst = "DSP48">   --->   Core 116 'DSP48' <Latency = 3> <II = 1> <Delay = 2.15> <IPBlock> <Opcode : 'add' 'sub' 'mul' 'select'> <InPorts = 0> <OutPorts = 1> <Sync> <CReg>
ST_13 : Operation 538 [2/5] (5.41ns)   --->   "%mul_ln21_41 = mul i16 %sext_ln21_31, i16 %sext_ln21_21" [../source/tut3B_Function/matrix_mult.cpp:21]   --->   Operation 538 'mul' 'mul_ln21_41' <Predicate = true> <Delay = 5.41> <CoreInst = "Multiplier">   --->   Core 3 'Multiplier' <Latency = 4> <II = 1> <Delay = 5.41> <FuncUnit> <Opcode : 'mul'> <InPorts = 2> <OutPorts = 1>
ST_13 : Operation 539 [3/3] (1.05ns) (grouped into DSP with root node add_ln21_36)   --->   "%mul_ln21_45 = mul i16 %sext_ln21_30, i16 %sext_ln21_25" [../source/tut3B_Function/matrix_mult.cpp:21]   --->   Operation 539 'mul' 'mul_ln21_45' <Predicate = true> <Delay = 1.05> <CoreInst = "DSP48">   --->   Core 116 'DSP48' <Latency = 3> <II = 1> <Delay = 2.15> <IPBlock> <Opcode : 'add' 'sub' 'mul' 'select'> <InPorts = 0> <OutPorts = 1> <Sync> <CReg>
ST_13 : Operation 540 [2/5] (5.41ns)   --->   "%mul_ln21_46 = mul i16 %sext_ln21_31, i16 %sext_ln21_26" [../source/tut3B_Function/matrix_mult.cpp:21]   --->   Operation 540 'mul' 'mul_ln21_46' <Predicate = true> <Delay = 5.41> <CoreInst = "Multiplier">   --->   Core 3 'Multiplier' <Latency = 4> <II = 1> <Delay = 5.41> <FuncUnit> <Opcode : 'mul'> <InPorts = 2> <OutPorts = 1>
ST_13 : Operation 541 [1/1] (0.00ns)   --->   "%sext_ln21_35 = sext i8 %a_load_10" [../source/tut3B_Function/matrix_mult.cpp:21]   --->   Operation 541 'sext' 'sext_ln21_35' <Predicate = true> <Delay = 0.00>
ST_13 : Operation 542 [3/3] (1.05ns) (grouped into DSP with root node add_ln21_40)   --->   "%mul_ln21_50 = mul i16 %sext_ln21_35, i16 %sext_ln21_1" [../source/tut3B_Function/matrix_mult.cpp:21]   --->   Operation 542 'mul' 'mul_ln21_50' <Predicate = true> <Delay = 1.05> <CoreInst = "DSP48">   --->   Core 116 'DSP48' <Latency = 3> <II = 1> <Delay = 2.15> <IPBlock> <Opcode : 'add' 'sub' 'mul' 'select'> <InPorts = 0> <OutPorts = 1> <Sync> <CReg>
ST_13 : Operation 543 [2/5] (5.41ns)   --->   "%mul_ln21_51 = mul i16 %sext_ln21_36, i16 %sext_ln21_3" [../source/tut3B_Function/matrix_mult.cpp:21]   --->   Operation 543 'mul' 'mul_ln21_51' <Predicate = true> <Delay = 5.41> <CoreInst = "Multiplier">   --->   Core 3 'Multiplier' <Latency = 4> <II = 1> <Delay = 5.41> <FuncUnit> <Opcode : 'mul'> <InPorts = 2> <OutPorts = 1>
ST_13 : Operation 544 [3/5] (5.41ns)   --->   "%mul_ln21_56 = mul i16 %sext_ln21_36, i16 %sext_ln21_11" [../source/tut3B_Function/matrix_mult.cpp:21]   --->   Operation 544 'mul' 'mul_ln21_56' <Predicate = true> <Delay = 5.41> <CoreInst = "Multiplier">   --->   Core 3 'Multiplier' <Latency = 4> <II = 1> <Delay = 5.41> <FuncUnit> <Opcode : 'mul'> <InPorts = 2> <OutPorts = 1>
ST_13 : Operation 545 [3/5] (5.41ns)   --->   "%mul_ln21_61 = mul i16 %sext_ln21_36, i16 %sext_ln21_16" [../source/tut3B_Function/matrix_mult.cpp:21]   --->   Operation 545 'mul' 'mul_ln21_61' <Predicate = true> <Delay = 5.41> <CoreInst = "Multiplier">   --->   Core 3 'Multiplier' <Latency = 4> <II = 1> <Delay = 5.41> <FuncUnit> <Opcode : 'mul'> <InPorts = 2> <OutPorts = 1>
ST_13 : Operation 546 [3/5] (5.41ns)   --->   "%mul_ln21_66 = mul i16 %sext_ln21_36, i16 %sext_ln21_21" [../source/tut3B_Function/matrix_mult.cpp:21]   --->   Operation 546 'mul' 'mul_ln21_66' <Predicate = true> <Delay = 5.41> <CoreInst = "Multiplier">   --->   Core 3 'Multiplier' <Latency = 4> <II = 1> <Delay = 5.41> <FuncUnit> <Opcode : 'mul'> <InPorts = 2> <OutPorts = 1>
ST_13 : Operation 547 [3/5] (5.41ns)   --->   "%mul_ln21_71 = mul i16 %sext_ln21_36, i16 %sext_ln21_26" [../source/tut3B_Function/matrix_mult.cpp:21]   --->   Operation 547 'mul' 'mul_ln21_71' <Predicate = true> <Delay = 5.41> <CoreInst = "Multiplier">   --->   Core 3 'Multiplier' <Latency = 4> <II = 1> <Delay = 5.41> <FuncUnit> <Opcode : 'mul'> <InPorts = 2> <OutPorts = 1>
ST_13 : Operation 548 [1/2] ( I:0.00ns O:0.00ns )   --->   "%a_load_17 = load i5 %a_addr_17" [../source/tut3B_Function/matrix_mult.cpp:21]   --->   Operation 548 'load' 'a_load_17' <Predicate = true> <Delay = 0.00> <CoreInst = "RAM">   --->   Core 81 'RAM' <Latency = 1> <II = 1> <Delay = 2.32> <Storage> <Opcode : 'load' 'store'> <Ports = 2> <Width = 8> <Depth = 25> <RAM>
ST_13 : Operation 549 [4/5] (5.41ns)   --->   "%mul_ln21_76 = mul i16 %sext_ln21_41, i16 %sext_ln21_3" [../source/tut3B_Function/matrix_mult.cpp:21]   --->   Operation 549 'mul' 'mul_ln21_76' <Predicate = true> <Delay = 5.41> <CoreInst = "Multiplier">   --->   Core 3 'Multiplier' <Latency = 4> <II = 1> <Delay = 5.41> <FuncUnit> <Opcode : 'mul'> <InPorts = 2> <OutPorts = 1>
ST_13 : Operation 550 [4/5] (5.41ns)   --->   "%mul_ln21_81 = mul i16 %sext_ln21_41, i16 %sext_ln21_11" [../source/tut3B_Function/matrix_mult.cpp:21]   --->   Operation 550 'mul' 'mul_ln21_81' <Predicate = true> <Delay = 5.41> <CoreInst = "Multiplier">   --->   Core 3 'Multiplier' <Latency = 4> <II = 1> <Delay = 5.41> <FuncUnit> <Opcode : 'mul'> <InPorts = 2> <OutPorts = 1>
ST_13 : Operation 551 [1/2] (2.10ns) (root node of the DSP)   --->   "%add_ln21_65 = add i16 %mul_ln21_83, i16 %mul_ln21_82" [../source/tut3B_Function/matrix_mult.cpp:21]   --->   Operation 551 'add' 'add_ln21_65' <Predicate = true> <Delay = 2.10> <CoreInst = "DSP48">   --->   Core 116 'DSP48' <Latency = 3> <II = 1> <Delay = 2.15> <IPBlock> <Opcode : 'add' 'sub' 'mul' 'select'> <InPorts = 0> <OutPorts = 1> <Sync> <CReg>
ST_13 : Operation 552 [4/5] (5.41ns)   --->   "%mul_ln21_86 = mul i16 %sext_ln21_41, i16 %sext_ln21_16" [../source/tut3B_Function/matrix_mult.cpp:21]   --->   Operation 552 'mul' 'mul_ln21_86' <Predicate = true> <Delay = 5.41> <CoreInst = "Multiplier">   --->   Core 3 'Multiplier' <Latency = 4> <II = 1> <Delay = 5.41> <FuncUnit> <Opcode : 'mul'> <InPorts = 2> <OutPorts = 1>
ST_13 : Operation 553 [1/2] (2.10ns) (root node of the DSP)   --->   "%add_ln21_69 = add i16 %mul_ln21_88, i16 %mul_ln21_87" [../source/tut3B_Function/matrix_mult.cpp:21]   --->   Operation 553 'add' 'add_ln21_69' <Predicate = true> <Delay = 2.10> <CoreInst = "DSP48">   --->   Core 116 'DSP48' <Latency = 3> <II = 1> <Delay = 2.15> <IPBlock> <Opcode : 'add' 'sub' 'mul' 'select'> <InPorts = 0> <OutPorts = 1> <Sync> <CReg>
ST_13 : Operation 554 [4/5] (5.41ns)   --->   "%mul_ln21_91 = mul i16 %sext_ln21_41, i16 %sext_ln21_21" [../source/tut3B_Function/matrix_mult.cpp:21]   --->   Operation 554 'mul' 'mul_ln21_91' <Predicate = true> <Delay = 5.41> <CoreInst = "Multiplier">   --->   Core 3 'Multiplier' <Latency = 4> <II = 1> <Delay = 5.41> <FuncUnit> <Opcode : 'mul'> <InPorts = 2> <OutPorts = 1>
ST_13 : Operation 555 [1/2] (2.10ns) (root node of the DSP)   --->   "%add_ln21_73 = add i16 %mul_ln21_93, i16 %mul_ln21_92" [../source/tut3B_Function/matrix_mult.cpp:21]   --->   Operation 555 'add' 'add_ln21_73' <Predicate = true> <Delay = 2.10> <CoreInst = "DSP48">   --->   Core 116 'DSP48' <Latency = 3> <II = 1> <Delay = 2.15> <IPBlock> <Opcode : 'add' 'sub' 'mul' 'select'> <InPorts = 0> <OutPorts = 1> <Sync> <CReg>
ST_13 : Operation 556 [5/5] (5.41ns)   --->   "%mul_ln21_96 = mul i16 %sext_ln21_41, i16 %sext_ln21_26" [../source/tut3B_Function/matrix_mult.cpp:21]   --->   Operation 556 'mul' 'mul_ln21_96' <Predicate = true> <Delay = 5.41> <CoreInst = "Multiplier">   --->   Core 3 'Multiplier' <Latency = 4> <II = 1> <Delay = 5.41> <FuncUnit> <Opcode : 'mul'> <InPorts = 2> <OutPorts = 1>
ST_13 : Operation 557 [1/2] (2.10ns) (root node of the DSP)   --->   "%add_ln21_77 = add i16 %mul_ln21_98, i16 %mul_ln21_97" [../source/tut3B_Function/matrix_mult.cpp:21]   --->   Operation 557 'add' 'add_ln21_77' <Predicate = true> <Delay = 2.10> <CoreInst = "DSP48">   --->   Core 116 'DSP48' <Latency = 3> <II = 1> <Delay = 2.15> <IPBlock> <Opcode : 'add' 'sub' 'mul' 'select'> <InPorts = 0> <OutPorts = 1> <Sync> <CReg>
ST_13 : Operation 558 [1/2] ( I:0.00ns O:0.00ns )   --->   "%a_load_20 = load i5 %a_addr_20" [../source/tut3B_Function/matrix_mult.cpp:21]   --->   Operation 558 'load' 'a_load_20' <Predicate = true> <Delay = 0.00> <CoreInst = "RAM">   --->   Core 81 'RAM' <Latency = 1> <II = 1> <Delay = 2.32> <Storage> <Opcode : 'load' 'store'> <Ports = 2> <Width = 8> <Depth = 25> <RAM>
ST_13 : Operation 559 [1/1] (0.00ns)   --->   "%sext_ln21_46 = sext i8 %a_load_21" [../source/tut3B_Function/matrix_mult.cpp:21]   --->   Operation 559 'sext' 'sext_ln21_46' <Predicate = true> <Delay = 0.00>
ST_13 : Operation 560 [2/2] (0.00ns)   --->   "%a_load_22 = load i5 %a_addr_22" [../source/tut3B_Function/matrix_mult.cpp:21]   --->   Operation 560 'load' 'a_load_22' <Predicate = true> <Delay = 0.00> <CoreInst = "RAM">   --->   Core 81 'RAM' <Latency = 1> <II = 1> <Delay = 2.32> <Storage> <Opcode : 'load' 'store'> <Ports = 2> <Width = 8> <Depth = 25> <RAM>
ST_13 : Operation 561 [5/5] (5.41ns)   --->   "%mul_ln21_101 = mul i16 %sext_ln21_46, i16 %sext_ln21_3" [../source/tut3B_Function/matrix_mult.cpp:21]   --->   Operation 561 'mul' 'mul_ln21_101' <Predicate = true> <Delay = 5.41> <CoreInst = "Multiplier">   --->   Core 3 'Multiplier' <Latency = 4> <II = 1> <Delay = 5.41> <FuncUnit> <Opcode : 'mul'> <InPorts = 2> <OutPorts = 1>
ST_13 : Operation 562 [1/2] (2.10ns) (root node of the DSP)   --->   "%add_ln21_81 = add i16 %mul_ln21_103, i16 %mul_ln21_102" [../source/tut3B_Function/matrix_mult.cpp:21]   --->   Operation 562 'add' 'add_ln21_81' <Predicate = true> <Delay = 2.10> <CoreInst = "DSP48">   --->   Core 116 'DSP48' <Latency = 3> <II = 1> <Delay = 2.15> <IPBlock> <Opcode : 'add' 'sub' 'mul' 'select'> <InPorts = 0> <OutPorts = 1> <Sync> <CReg>
ST_13 : Operation 563 [5/5] (5.41ns)   --->   "%mul_ln21_106 = mul i16 %sext_ln21_46, i16 %sext_ln21_11" [../source/tut3B_Function/matrix_mult.cpp:21]   --->   Operation 563 'mul' 'mul_ln21_106' <Predicate = true> <Delay = 5.41> <CoreInst = "Multiplier">   --->   Core 3 'Multiplier' <Latency = 4> <II = 1> <Delay = 5.41> <FuncUnit> <Opcode : 'mul'> <InPorts = 2> <OutPorts = 1>
ST_13 : Operation 564 [1/2] (2.10ns) (root node of the DSP)   --->   "%add_ln21_85 = add i16 %mul_ln21_108, i16 %mul_ln21_107" [../source/tut3B_Function/matrix_mult.cpp:21]   --->   Operation 564 'add' 'add_ln21_85' <Predicate = true> <Delay = 2.10> <CoreInst = "DSP48">   --->   Core 116 'DSP48' <Latency = 3> <II = 1> <Delay = 2.15> <IPBlock> <Opcode : 'add' 'sub' 'mul' 'select'> <InPorts = 0> <OutPorts = 1> <Sync> <CReg>
ST_13 : Operation 565 [5/5] (5.41ns)   --->   "%mul_ln21_111 = mul i16 %sext_ln21_46, i16 %sext_ln21_16" [../source/tut3B_Function/matrix_mult.cpp:21]   --->   Operation 565 'mul' 'mul_ln21_111' <Predicate = true> <Delay = 5.41> <CoreInst = "Multiplier">   --->   Core 3 'Multiplier' <Latency = 4> <II = 1> <Delay = 5.41> <FuncUnit> <Opcode : 'mul'> <InPorts = 2> <OutPorts = 1>
ST_13 : Operation 566 [1/3] (0.00ns) (grouped into DSP with root node add_ln21_89)   --->   "%mul_ln21_112 = mul i16 %sext_ln21_49, i16 %sext_ln21_19" [../source/tut3B_Function/matrix_mult.cpp:21]   --->   Operation 566 'mul' 'mul_ln21_112' <Predicate = true> <Delay = 0.00> <CoreInst = "DSP48">   --->   Core 116 'DSP48' <Latency = 3> <II = 1> <Delay = 2.15> <IPBlock> <Opcode : 'add' 'sub' 'mul' 'select'> <InPorts = 0> <OutPorts = 1> <Sync> <CReg>
ST_13 : Operation 567 [2/2] (2.10ns) (root node of the DSP)   --->   "%add_ln21_89 = add i16 %mul_ln21_113, i16 %mul_ln21_112" [../source/tut3B_Function/matrix_mult.cpp:21]   --->   Operation 567 'add' 'add_ln21_89' <Predicate = true> <Delay = 2.10> <CoreInst = "DSP48">   --->   Core 116 'DSP48' <Latency = 3> <II = 1> <Delay = 2.15> <IPBlock> <Opcode : 'add' 'sub' 'mul' 'select'> <InPorts = 0> <OutPorts = 1> <Sync> <CReg>
ST_13 : Operation 568 [1/3] (0.00ns) (grouped into DSP with root node add_ln21_93)   --->   "%mul_ln21_117 = mul i16 %sext_ln21_49, i16 %sext_ln21_24" [../source/tut3B_Function/matrix_mult.cpp:21]   --->   Operation 568 'mul' 'mul_ln21_117' <Predicate = true> <Delay = 0.00> <CoreInst = "DSP48">   --->   Core 116 'DSP48' <Latency = 3> <II = 1> <Delay = 2.15> <IPBlock> <Opcode : 'add' 'sub' 'mul' 'select'> <InPorts = 0> <OutPorts = 1> <Sync> <CReg>
ST_13 : Operation 569 [2/2] (2.10ns) (root node of the DSP)   --->   "%add_ln21_93 = add i16 %mul_ln21_118, i16 %mul_ln21_117" [../source/tut3B_Function/matrix_mult.cpp:21]   --->   Operation 569 'add' 'add_ln21_93' <Predicate = true> <Delay = 2.10> <CoreInst = "DSP48">   --->   Core 116 'DSP48' <Latency = 3> <II = 1> <Delay = 2.15> <IPBlock> <Opcode : 'add' 'sub' 'mul' 'select'> <InPorts = 0> <OutPorts = 1> <Sync> <CReg>
ST_13 : Operation 570 [1/3] (0.00ns) (grouped into DSP with root node add_ln21_97)   --->   "%mul_ln21_122 = mul i16 %sext_ln21_49, i16 %sext_ln21_29" [../source/tut3B_Function/matrix_mult.cpp:21]   --->   Operation 570 'mul' 'mul_ln21_122' <Predicate = true> <Delay = 0.00> <CoreInst = "DSP48">   --->   Core 116 'DSP48' <Latency = 3> <II = 1> <Delay = 2.15> <IPBlock> <Opcode : 'add' 'sub' 'mul' 'select'> <InPorts = 0> <OutPorts = 1> <Sync> <CReg>
ST_13 : Operation 571 [2/2] (2.10ns) (root node of the DSP)   --->   "%add_ln21_97 = add i16 %mul_ln21_123, i16 %mul_ln21_122" [../source/tut3B_Function/matrix_mult.cpp:21]   --->   Operation 571 'add' 'add_ln21_97' <Predicate = true> <Delay = 2.10> <CoreInst = "DSP48">   --->   Core 116 'DSP48' <Latency = 3> <II = 1> <Delay = 2.15> <IPBlock> <Opcode : 'add' 'sub' 'mul' 'select'> <InPorts = 0> <OutPorts = 1> <Sync> <CReg>

State 14 <SV = 13> <Delay = 5.41>
ST_14 : Operation 572 [1/3] (0.00ns) (grouped into DSP with root node add_ln21_2)   --->   "%mul_ln21_4 = mul i16 %sext_ln21_5, i16 %sext_ln21_4" [../source/tut3B_Function/matrix_mult.cpp:21]   --->   Operation 572 'mul' 'mul_ln21_4' <Predicate = true> <Delay = 0.00> <CoreInst = "DSP48">   --->   Core 116 'DSP48' <Latency = 3> <II = 1> <Delay = 2.15> <IPBlock> <Opcode : 'add' 'sub' 'mul' 'select'> <InPorts = 0> <OutPorts = 1> <Sync> <CReg>
ST_14 : Operation 573 [1/2] (2.10ns) (root node of the DSP)   --->   "%add_ln21 = add i16 %mul_ln21_1, i16 %mul_ln21" [../source/tut3B_Function/matrix_mult.cpp:21]   --->   Operation 573 'add' 'add_ln21' <Predicate = true> <Delay = 2.10> <CoreInst = "DSP48">   --->   Core 116 'DSP48' <Latency = 3> <II = 1> <Delay = 2.15> <IPBlock> <Opcode : 'add' 'sub' 'mul' 'select'> <InPorts = 0> <OutPorts = 1> <Sync> <CReg>
ST_14 : Operation 574 [2/2] (2.10ns) (root node of the DSP)   --->   "%add_ln21_2 = add i16 %add_ln21_1, i16 %mul_ln21_4" [../source/tut3B_Function/matrix_mult.cpp:21]   --->   Operation 574 'add' 'add_ln21_2' <Predicate = true> <Delay = 2.10> <CoreInst = "DSP48">   --->   Core 116 'DSP48' <Latency = 3> <II = 1> <Delay = 2.15> <IPBlock> <Opcode : 'add' 'sub' 'mul' 'select'> <InPorts = 0> <OutPorts = 1> <Sync> <CReg>
ST_14 : Operation 575 [1/3] (0.00ns) (grouped into DSP with root node add_ln21_6)   --->   "%mul_ln21_9 = mul i16 %sext_ln21_12, i16 %sext_ln21_4" [../source/tut3B_Function/matrix_mult.cpp:21]   --->   Operation 575 'mul' 'mul_ln21_9' <Predicate = true> <Delay = 0.00> <CoreInst = "DSP48">   --->   Core 116 'DSP48' <Latency = 3> <II = 1> <Delay = 2.15> <IPBlock> <Opcode : 'add' 'sub' 'mul' 'select'> <InPorts = 0> <OutPorts = 1> <Sync> <CReg>
ST_14 : Operation 576 [1/2] (2.10ns) (root node of the DSP)   --->   "%add_ln21_4 = add i16 %mul_ln21_6, i16 %mul_ln21_5" [../source/tut3B_Function/matrix_mult.cpp:21]   --->   Operation 576 'add' 'add_ln21_4' <Predicate = true> <Delay = 2.10> <CoreInst = "DSP48">   --->   Core 116 'DSP48' <Latency = 3> <II = 1> <Delay = 2.15> <IPBlock> <Opcode : 'add' 'sub' 'mul' 'select'> <InPorts = 0> <OutPorts = 1> <Sync> <CReg>
ST_14 : Operation 577 [2/2] (2.10ns) (root node of the DSP)   --->   "%add_ln21_6 = add i16 %add_ln21_5, i16 %mul_ln21_9" [../source/tut3B_Function/matrix_mult.cpp:21]   --->   Operation 577 'add' 'add_ln21_6' <Predicate = true> <Delay = 2.10> <CoreInst = "DSP48">   --->   Core 116 'DSP48' <Latency = 3> <II = 1> <Delay = 2.15> <IPBlock> <Opcode : 'add' 'sub' 'mul' 'select'> <InPorts = 0> <OutPorts = 1> <Sync> <CReg>
ST_14 : Operation 578 [1/3] (0.00ns) (grouped into DSP with root node add_ln21_10)   --->   "%mul_ln21_14 = mul i16 %sext_ln21_17, i16 %sext_ln21_4" [../source/tut3B_Function/matrix_mult.cpp:21]   --->   Operation 578 'mul' 'mul_ln21_14' <Predicate = true> <Delay = 0.00> <CoreInst = "DSP48">   --->   Core 116 'DSP48' <Latency = 3> <II = 1> <Delay = 2.15> <IPBlock> <Opcode : 'add' 'sub' 'mul' 'select'> <InPorts = 0> <OutPorts = 1> <Sync> <CReg>
ST_14 : Operation 579 [1/2] (2.10ns) (root node of the DSP)   --->   "%add_ln21_8 = add i16 %mul_ln21_11, i16 %mul_ln21_10" [../source/tut3B_Function/matrix_mult.cpp:21]   --->   Operation 579 'add' 'add_ln21_8' <Predicate = true> <Delay = 2.10> <CoreInst = "DSP48">   --->   Core 116 'DSP48' <Latency = 3> <II = 1> <Delay = 2.15> <IPBlock> <Opcode : 'add' 'sub' 'mul' 'select'> <InPorts = 0> <OutPorts = 1> <Sync> <CReg>
ST_14 : Operation 580 [2/2] (2.10ns) (root node of the DSP)   --->   "%add_ln21_10 = add i16 %add_ln21_9, i16 %mul_ln21_14" [../source/tut3B_Function/matrix_mult.cpp:21]   --->   Operation 580 'add' 'add_ln21_10' <Predicate = true> <Delay = 2.10> <CoreInst = "DSP48">   --->   Core 116 'DSP48' <Latency = 3> <II = 1> <Delay = 2.15> <IPBlock> <Opcode : 'add' 'sub' 'mul' 'select'> <InPorts = 0> <OutPorts = 1> <Sync> <CReg>
ST_14 : Operation 581 [1/3] (0.00ns) (grouped into DSP with root node add_ln21_12)   --->   "%mul_ln21_15 = mul i16 %sext_ln21_20, i16 %sext_ln21" [../source/tut3B_Function/matrix_mult.cpp:21]   --->   Operation 581 'mul' 'mul_ln21_15' <Predicate = true> <Delay = 0.00> <CoreInst = "DSP48">   --->   Core 116 'DSP48' <Latency = 3> <II = 1> <Delay = 2.15> <IPBlock> <Opcode : 'add' 'sub' 'mul' 'select'> <InPorts = 0> <OutPorts = 1> <Sync> <CReg>
ST_14 : Operation 582 [2/3] (1.05ns) (grouped into DSP with root node add_ln21_14)   --->   "%mul_ln21_19 = mul i16 %sext_ln21_22, i16 %sext_ln21_4" [../source/tut3B_Function/matrix_mult.cpp:21]   --->   Operation 582 'mul' 'mul_ln21_19' <Predicate = true> <Delay = 1.05> <CoreInst = "DSP48">   --->   Core 116 'DSP48' <Latency = 3> <II = 1> <Delay = 2.15> <IPBlock> <Opcode : 'add' 'sub' 'mul' 'select'> <InPorts = 0> <OutPorts = 1> <Sync> <CReg>
ST_14 : Operation 583 [2/2] (2.10ns) (root node of the DSP)   --->   "%add_ln21_12 = add i16 %mul_ln21_16, i16 %mul_ln21_15" [../source/tut3B_Function/matrix_mult.cpp:21]   --->   Operation 583 'add' 'add_ln21_12' <Predicate = true> <Delay = 2.10> <CoreInst = "DSP48">   --->   Core 116 'DSP48' <Latency = 3> <II = 1> <Delay = 2.15> <IPBlock> <Opcode : 'add' 'sub' 'mul' 'select'> <InPorts = 0> <OutPorts = 1> <Sync> <CReg>
ST_14 : Operation 584 [1/2] ( I:0.00ns O:0.00ns )   --->   "%b_load_22 = load i5 %b_addr_22" [../source/tut3B_Function/matrix_mult.cpp:21]   --->   Operation 584 'load' 'b_load_22' <Predicate = true> <Delay = 0.00> <CoreInst = "RAM">   --->   Core 81 'RAM' <Latency = 1> <II = 1> <Delay = 2.32> <Storage> <Opcode : 'load' 'store'> <Ports = 2> <Width = 8> <Depth = 25> <RAM>
ST_14 : Operation 585 [1/1] (0.00ns)   --->   "%sext_ln21_27 = sext i8 %b_load_22" [../source/tut3B_Function/matrix_mult.cpp:21]   --->   Operation 585 'sext' 'sext_ln21_27' <Predicate = true> <Delay = 0.00>
ST_14 : Operation 586 [2/3] (1.05ns) (grouped into DSP with root node add_ln21_16)   --->   "%mul_ln21_20 = mul i16 %sext_ln21_25, i16 %sext_ln21" [../source/tut3B_Function/matrix_mult.cpp:21]   --->   Operation 586 'mul' 'mul_ln21_20' <Predicate = true> <Delay = 1.05> <CoreInst = "DSP48">   --->   Core 116 'DSP48' <Latency = 3> <II = 1> <Delay = 2.15> <IPBlock> <Opcode : 'add' 'sub' 'mul' 'select'> <InPorts = 0> <OutPorts = 1> <Sync> <CReg>
ST_14 : Operation 587 [3/3] (1.05ns) (grouped into DSP with root node add_ln21_18)   --->   "%mul_ln21_24 = mul i16 %sext_ln21_27, i16 %sext_ln21_4" [../source/tut3B_Function/matrix_mult.cpp:21]   --->   Operation 587 'mul' 'mul_ln21_24' <Predicate = true> <Delay = 1.05> <CoreInst = "DSP48">   --->   Core 116 'DSP48' <Latency = 3> <II = 1> <Delay = 2.15> <IPBlock> <Opcode : 'add' 'sub' 'mul' 'select'> <InPorts = 0> <OutPorts = 1> <Sync> <CReg>
ST_14 : Operation 588 [1/1] (0.00ns)   --->   "%sext_ln21_32 = sext i8 %a_load_7" [../source/tut3B_Function/matrix_mult.cpp:21]   --->   Operation 588 'sext' 'sext_ln21_32' <Predicate = true> <Delay = 0.00>
ST_14 : Operation 589 [1/3] (0.00ns) (grouped into DSP with root node add_ln21_20)   --->   "%mul_ln21_25 = mul i16 %sext_ln21_30, i16 %sext_ln21_1" [../source/tut3B_Function/matrix_mult.cpp:21]   --->   Operation 589 'mul' 'mul_ln21_25' <Predicate = true> <Delay = 0.00> <CoreInst = "DSP48">   --->   Core 116 'DSP48' <Latency = 3> <II = 1> <Delay = 2.15> <IPBlock> <Opcode : 'add' 'sub' 'mul' 'select'> <InPorts = 0> <OutPorts = 1> <Sync> <CReg>
ST_14 : Operation 590 [3/3] (1.05ns) (grouped into DSP with root node add_ln21_22)   --->   "%mul_ln21_29 = mul i16 %sext_ln21_32, i16 %sext_ln21_5" [../source/tut3B_Function/matrix_mult.cpp:21]   --->   Operation 590 'mul' 'mul_ln21_29' <Predicate = true> <Delay = 1.05> <CoreInst = "DSP48">   --->   Core 116 'DSP48' <Latency = 3> <II = 1> <Delay = 2.15> <IPBlock> <Opcode : 'add' 'sub' 'mul' 'select'> <InPorts = 0> <OutPorts = 1> <Sync> <CReg>
ST_14 : Operation 591 [2/2] (2.10ns) (root node of the DSP)   --->   "%add_ln21_20 = add i16 %mul_ln21_26, i16 %mul_ln21_25" [../source/tut3B_Function/matrix_mult.cpp:21]   --->   Operation 591 'add' 'add_ln21_20' <Predicate = true> <Delay = 2.10> <CoreInst = "DSP48">   --->   Core 116 'DSP48' <Latency = 3> <II = 1> <Delay = 2.15> <IPBlock> <Opcode : 'add' 'sub' 'mul' 'select'> <InPorts = 0> <OutPorts = 1> <Sync> <CReg>
ST_14 : Operation 592 [1/3] (0.00ns) (grouped into DSP with root node add_ln21_24)   --->   "%mul_ln21_30 = mul i16 %sext_ln21_30, i16 %sext_ln21_10" [../source/tut3B_Function/matrix_mult.cpp:21]   --->   Operation 592 'mul' 'mul_ln21_30' <Predicate = true> <Delay = 0.00> <CoreInst = "DSP48">   --->   Core 116 'DSP48' <Latency = 3> <II = 1> <Delay = 2.15> <IPBlock> <Opcode : 'add' 'sub' 'mul' 'select'> <InPorts = 0> <OutPorts = 1> <Sync> <CReg>
ST_14 : Operation 593 [2/2] (2.10ns) (root node of the DSP)   --->   "%add_ln21_24 = add i16 %mul_ln21_31, i16 %mul_ln21_30" [../source/tut3B_Function/matrix_mult.cpp:21]   --->   Operation 593 'add' 'add_ln21_24' <Predicate = true> <Delay = 2.10> <CoreInst = "DSP48">   --->   Core 116 'DSP48' <Latency = 3> <II = 1> <Delay = 2.15> <IPBlock> <Opcode : 'add' 'sub' 'mul' 'select'> <InPorts = 0> <OutPorts = 1> <Sync> <CReg>
ST_14 : Operation 594 [2/3] (1.05ns) (grouped into DSP with root node add_ln21_28)   --->   "%mul_ln21_35 = mul i16 %sext_ln21_30, i16 %sext_ln21_15" [../source/tut3B_Function/matrix_mult.cpp:21]   --->   Operation 594 'mul' 'mul_ln21_35' <Predicate = true> <Delay = 1.05> <CoreInst = "DSP48">   --->   Core 116 'DSP48' <Latency = 3> <II = 1> <Delay = 2.15> <IPBlock> <Opcode : 'add' 'sub' 'mul' 'select'> <InPorts = 0> <OutPorts = 1> <Sync> <CReg>
ST_14 : Operation 595 [1/5] (5.41ns)   --->   "%mul_ln21_36 = mul i16 %sext_ln21_31, i16 %sext_ln21_16" [../source/tut3B_Function/matrix_mult.cpp:21]   --->   Operation 595 'mul' 'mul_ln21_36' <Predicate = true> <Delay = 5.41> <CoreInst = "Multiplier">   --->   Core 3 'Multiplier' <Latency = 4> <II = 1> <Delay = 5.41> <FuncUnit> <Opcode : 'mul'> <InPorts = 2> <OutPorts = 1>
ST_14 : Operation 596 [2/3] (1.05ns) (grouped into DSP with root node add_ln21_32)   --->   "%mul_ln21_40 = mul i16 %sext_ln21_30, i16 %sext_ln21_20" [../source/tut3B_Function/matrix_mult.cpp:21]   --->   Operation 596 'mul' 'mul_ln21_40' <Predicate = true> <Delay = 1.05> <CoreInst = "DSP48">   --->   Core 116 'DSP48' <Latency = 3> <II = 1> <Delay = 2.15> <IPBlock> <Opcode : 'add' 'sub' 'mul' 'select'> <InPorts = 0> <OutPorts = 1> <Sync> <CReg>
ST_14 : Operation 597 [1/5] (5.41ns)   --->   "%mul_ln21_41 = mul i16 %sext_ln21_31, i16 %sext_ln21_21" [../source/tut3B_Function/matrix_mult.cpp:21]   --->   Operation 597 'mul' 'mul_ln21_41' <Predicate = true> <Delay = 5.41> <CoreInst = "Multiplier">   --->   Core 3 'Multiplier' <Latency = 4> <II = 1> <Delay = 5.41> <FuncUnit> <Opcode : 'mul'> <InPorts = 2> <OutPorts = 1>
ST_14 : Operation 598 [2/3] (1.05ns) (grouped into DSP with root node add_ln21_36)   --->   "%mul_ln21_45 = mul i16 %sext_ln21_30, i16 %sext_ln21_25" [../source/tut3B_Function/matrix_mult.cpp:21]   --->   Operation 598 'mul' 'mul_ln21_45' <Predicate = true> <Delay = 1.05> <CoreInst = "DSP48">   --->   Core 116 'DSP48' <Latency = 3> <II = 1> <Delay = 2.15> <IPBlock> <Opcode : 'add' 'sub' 'mul' 'select'> <InPorts = 0> <OutPorts = 1> <Sync> <CReg>
ST_14 : Operation 599 [1/5] (5.41ns)   --->   "%mul_ln21_46 = mul i16 %sext_ln21_31, i16 %sext_ln21_26" [../source/tut3B_Function/matrix_mult.cpp:21]   --->   Operation 599 'mul' 'mul_ln21_46' <Predicate = true> <Delay = 5.41> <CoreInst = "Multiplier">   --->   Core 3 'Multiplier' <Latency = 4> <II = 1> <Delay = 5.41> <FuncUnit> <Opcode : 'mul'> <InPorts = 2> <OutPorts = 1>
ST_14 : Operation 600 [2/3] (1.05ns) (grouped into DSP with root node add_ln21_40)   --->   "%mul_ln21_50 = mul i16 %sext_ln21_35, i16 %sext_ln21_1" [../source/tut3B_Function/matrix_mult.cpp:21]   --->   Operation 600 'mul' 'mul_ln21_50' <Predicate = true> <Delay = 1.05> <CoreInst = "DSP48">   --->   Core 116 'DSP48' <Latency = 3> <II = 1> <Delay = 2.15> <IPBlock> <Opcode : 'add' 'sub' 'mul' 'select'> <InPorts = 0> <OutPorts = 1> <Sync> <CReg>
ST_14 : Operation 601 [1/5] (5.41ns)   --->   "%mul_ln21_51 = mul i16 %sext_ln21_36, i16 %sext_ln21_3" [../source/tut3B_Function/matrix_mult.cpp:21]   --->   Operation 601 'mul' 'mul_ln21_51' <Predicate = true> <Delay = 5.41> <CoreInst = "Multiplier">   --->   Core 3 'Multiplier' <Latency = 4> <II = 1> <Delay = 5.41> <FuncUnit> <Opcode : 'mul'> <InPorts = 2> <OutPorts = 1>
ST_14 : Operation 602 [3/3] (1.05ns) (grouped into DSP with root node add_ln21_44)   --->   "%mul_ln21_55 = mul i16 %sext_ln21_35, i16 %sext_ln21_10" [../source/tut3B_Function/matrix_mult.cpp:21]   --->   Operation 602 'mul' 'mul_ln21_55' <Predicate = true> <Delay = 1.05> <CoreInst = "DSP48">   --->   Core 116 'DSP48' <Latency = 3> <II = 1> <Delay = 2.15> <IPBlock> <Opcode : 'add' 'sub' 'mul' 'select'> <InPorts = 0> <OutPorts = 1> <Sync> <CReg>
ST_14 : Operation 603 [2/5] (5.41ns)   --->   "%mul_ln21_56 = mul i16 %sext_ln21_36, i16 %sext_ln21_11" [../source/tut3B_Function/matrix_mult.cpp:21]   --->   Operation 603 'mul' 'mul_ln21_56' <Predicate = true> <Delay = 5.41> <CoreInst = "Multiplier">   --->   Core 3 'Multiplier' <Latency = 4> <II = 1> <Delay = 5.41> <FuncUnit> <Opcode : 'mul'> <InPorts = 2> <OutPorts = 1>
ST_14 : Operation 604 [3/3] (1.05ns) (grouped into DSP with root node add_ln21_48)   --->   "%mul_ln21_60 = mul i16 %sext_ln21_35, i16 %sext_ln21_15" [../source/tut3B_Function/matrix_mult.cpp:21]   --->   Operation 604 'mul' 'mul_ln21_60' <Predicate = true> <Delay = 1.05> <CoreInst = "DSP48">   --->   Core 116 'DSP48' <Latency = 3> <II = 1> <Delay = 2.15> <IPBlock> <Opcode : 'add' 'sub' 'mul' 'select'> <InPorts = 0> <OutPorts = 1> <Sync> <CReg>
ST_14 : Operation 605 [2/5] (5.41ns)   --->   "%mul_ln21_61 = mul i16 %sext_ln21_36, i16 %sext_ln21_16" [../source/tut3B_Function/matrix_mult.cpp:21]   --->   Operation 605 'mul' 'mul_ln21_61' <Predicate = true> <Delay = 5.41> <CoreInst = "Multiplier">   --->   Core 3 'Multiplier' <Latency = 4> <II = 1> <Delay = 5.41> <FuncUnit> <Opcode : 'mul'> <InPorts = 2> <OutPorts = 1>
ST_14 : Operation 606 [3/3] (1.05ns) (grouped into DSP with root node add_ln21_52)   --->   "%mul_ln21_65 = mul i16 %sext_ln21_35, i16 %sext_ln21_20" [../source/tut3B_Function/matrix_mult.cpp:21]   --->   Operation 606 'mul' 'mul_ln21_65' <Predicate = true> <Delay = 1.05> <CoreInst = "DSP48">   --->   Core 116 'DSP48' <Latency = 3> <II = 1> <Delay = 2.15> <IPBlock> <Opcode : 'add' 'sub' 'mul' 'select'> <InPorts = 0> <OutPorts = 1> <Sync> <CReg>
ST_14 : Operation 607 [2/5] (5.41ns)   --->   "%mul_ln21_66 = mul i16 %sext_ln21_36, i16 %sext_ln21_21" [../source/tut3B_Function/matrix_mult.cpp:21]   --->   Operation 607 'mul' 'mul_ln21_66' <Predicate = true> <Delay = 5.41> <CoreInst = "Multiplier">   --->   Core 3 'Multiplier' <Latency = 4> <II = 1> <Delay = 5.41> <FuncUnit> <Opcode : 'mul'> <InPorts = 2> <OutPorts = 1>
ST_14 : Operation 608 [3/3] (1.05ns) (grouped into DSP with root node add_ln21_56)   --->   "%mul_ln21_70 = mul i16 %sext_ln21_35, i16 %sext_ln21_25" [../source/tut3B_Function/matrix_mult.cpp:21]   --->   Operation 608 'mul' 'mul_ln21_70' <Predicate = true> <Delay = 1.05> <CoreInst = "DSP48">   --->   Core 116 'DSP48' <Latency = 3> <II = 1> <Delay = 2.15> <IPBlock> <Opcode : 'add' 'sub' 'mul' 'select'> <InPorts = 0> <OutPorts = 1> <Sync> <CReg>
ST_14 : Operation 609 [2/5] (5.41ns)   --->   "%mul_ln21_71 = mul i16 %sext_ln21_36, i16 %sext_ln21_26" [../source/tut3B_Function/matrix_mult.cpp:21]   --->   Operation 609 'mul' 'mul_ln21_71' <Predicate = true> <Delay = 5.41> <CoreInst = "Multiplier">   --->   Core 3 'Multiplier' <Latency = 4> <II = 1> <Delay = 5.41> <FuncUnit> <Opcode : 'mul'> <InPorts = 2> <OutPorts = 1>
ST_14 : Operation 610 [3/5] (5.41ns)   --->   "%mul_ln21_76 = mul i16 %sext_ln21_41, i16 %sext_ln21_3" [../source/tut3B_Function/matrix_mult.cpp:21]   --->   Operation 610 'mul' 'mul_ln21_76' <Predicate = true> <Delay = 5.41> <CoreInst = "Multiplier">   --->   Core 3 'Multiplier' <Latency = 4> <II = 1> <Delay = 5.41> <FuncUnit> <Opcode : 'mul'> <InPorts = 2> <OutPorts = 1>
ST_14 : Operation 611 [3/5] (5.41ns)   --->   "%mul_ln21_81 = mul i16 %sext_ln21_41, i16 %sext_ln21_11" [../source/tut3B_Function/matrix_mult.cpp:21]   --->   Operation 611 'mul' 'mul_ln21_81' <Predicate = true> <Delay = 5.41> <CoreInst = "Multiplier">   --->   Core 3 'Multiplier' <Latency = 4> <II = 1> <Delay = 5.41> <FuncUnit> <Opcode : 'mul'> <InPorts = 2> <OutPorts = 1>
ST_14 : Operation 612 [3/5] (5.41ns)   --->   "%mul_ln21_86 = mul i16 %sext_ln21_41, i16 %sext_ln21_16" [../source/tut3B_Function/matrix_mult.cpp:21]   --->   Operation 612 'mul' 'mul_ln21_86' <Predicate = true> <Delay = 5.41> <CoreInst = "Multiplier">   --->   Core 3 'Multiplier' <Latency = 4> <II = 1> <Delay = 5.41> <FuncUnit> <Opcode : 'mul'> <InPorts = 2> <OutPorts = 1>
ST_14 : Operation 613 [3/5] (5.41ns)   --->   "%mul_ln21_91 = mul i16 %sext_ln21_41, i16 %sext_ln21_21" [../source/tut3B_Function/matrix_mult.cpp:21]   --->   Operation 613 'mul' 'mul_ln21_91' <Predicate = true> <Delay = 5.41> <CoreInst = "Multiplier">   --->   Core 3 'Multiplier' <Latency = 4> <II = 1> <Delay = 5.41> <FuncUnit> <Opcode : 'mul'> <InPorts = 2> <OutPorts = 1>
ST_14 : Operation 614 [4/5] (5.41ns)   --->   "%mul_ln21_96 = mul i16 %sext_ln21_41, i16 %sext_ln21_26" [../source/tut3B_Function/matrix_mult.cpp:21]   --->   Operation 614 'mul' 'mul_ln21_96' <Predicate = true> <Delay = 5.41> <CoreInst = "Multiplier">   --->   Core 3 'Multiplier' <Latency = 4> <II = 1> <Delay = 5.41> <FuncUnit> <Opcode : 'mul'> <InPorts = 2> <OutPorts = 1>
ST_14 : Operation 615 [1/2] ( I:0.00ns O:0.00ns )   --->   "%a_load_22 = load i5 %a_addr_22" [../source/tut3B_Function/matrix_mult.cpp:21]   --->   Operation 615 'load' 'a_load_22' <Predicate = true> <Delay = 0.00> <CoreInst = "RAM">   --->   Core 81 'RAM' <Latency = 1> <II = 1> <Delay = 2.32> <Storage> <Opcode : 'load' 'store'> <Ports = 2> <Width = 8> <Depth = 25> <RAM>
ST_14 : Operation 616 [4/5] (5.41ns)   --->   "%mul_ln21_101 = mul i16 %sext_ln21_46, i16 %sext_ln21_3" [../source/tut3B_Function/matrix_mult.cpp:21]   --->   Operation 616 'mul' 'mul_ln21_101' <Predicate = true> <Delay = 5.41> <CoreInst = "Multiplier">   --->   Core 3 'Multiplier' <Latency = 4> <II = 1> <Delay = 5.41> <FuncUnit> <Opcode : 'mul'> <InPorts = 2> <OutPorts = 1>
ST_14 : Operation 617 [4/5] (5.41ns)   --->   "%mul_ln21_106 = mul i16 %sext_ln21_46, i16 %sext_ln21_11" [../source/tut3B_Function/matrix_mult.cpp:21]   --->   Operation 617 'mul' 'mul_ln21_106' <Predicate = true> <Delay = 5.41> <CoreInst = "Multiplier">   --->   Core 3 'Multiplier' <Latency = 4> <II = 1> <Delay = 5.41> <FuncUnit> <Opcode : 'mul'> <InPorts = 2> <OutPorts = 1>
ST_14 : Operation 618 [4/5] (5.41ns)   --->   "%mul_ln21_111 = mul i16 %sext_ln21_46, i16 %sext_ln21_16" [../source/tut3B_Function/matrix_mult.cpp:21]   --->   Operation 618 'mul' 'mul_ln21_111' <Predicate = true> <Delay = 5.41> <CoreInst = "Multiplier">   --->   Core 3 'Multiplier' <Latency = 4> <II = 1> <Delay = 5.41> <FuncUnit> <Opcode : 'mul'> <InPorts = 2> <OutPorts = 1>
ST_14 : Operation 619 [1/2] (2.10ns) (root node of the DSP)   --->   "%add_ln21_89 = add i16 %mul_ln21_113, i16 %mul_ln21_112" [../source/tut3B_Function/matrix_mult.cpp:21]   --->   Operation 619 'add' 'add_ln21_89' <Predicate = true> <Delay = 2.10> <CoreInst = "DSP48">   --->   Core 116 'DSP48' <Latency = 3> <II = 1> <Delay = 2.15> <IPBlock> <Opcode : 'add' 'sub' 'mul' 'select'> <InPorts = 0> <OutPorts = 1> <Sync> <CReg>
ST_14 : Operation 620 [5/5] (5.41ns)   --->   "%mul_ln21_116 = mul i16 %sext_ln21_46, i16 %sext_ln21_21" [../source/tut3B_Function/matrix_mult.cpp:21]   --->   Operation 620 'mul' 'mul_ln21_116' <Predicate = true> <Delay = 5.41> <CoreInst = "Multiplier">   --->   Core 3 'Multiplier' <Latency = 4> <II = 1> <Delay = 5.41> <FuncUnit> <Opcode : 'mul'> <InPorts = 2> <OutPorts = 1>
ST_14 : Operation 621 [1/2] (2.10ns) (root node of the DSP)   --->   "%add_ln21_93 = add i16 %mul_ln21_118, i16 %mul_ln21_117" [../source/tut3B_Function/matrix_mult.cpp:21]   --->   Operation 621 'add' 'add_ln21_93' <Predicate = true> <Delay = 2.10> <CoreInst = "DSP48">   --->   Core 116 'DSP48' <Latency = 3> <II = 1> <Delay = 2.15> <IPBlock> <Opcode : 'add' 'sub' 'mul' 'select'> <InPorts = 0> <OutPorts = 1> <Sync> <CReg>
ST_14 : Operation 622 [5/5] (5.41ns)   --->   "%mul_ln21_121 = mul i16 %sext_ln21_46, i16 %sext_ln21_26" [../source/tut3B_Function/matrix_mult.cpp:21]   --->   Operation 622 'mul' 'mul_ln21_121' <Predicate = true> <Delay = 5.41> <CoreInst = "Multiplier">   --->   Core 3 'Multiplier' <Latency = 4> <II = 1> <Delay = 5.41> <FuncUnit> <Opcode : 'mul'> <InPorts = 2> <OutPorts = 1>
ST_14 : Operation 623 [1/2] (2.10ns) (root node of the DSP)   --->   "%add_ln21_97 = add i16 %mul_ln21_123, i16 %mul_ln21_122" [../source/tut3B_Function/matrix_mult.cpp:21]   --->   Operation 623 'add' 'add_ln21_97' <Predicate = true> <Delay = 2.10> <CoreInst = "DSP48">   --->   Core 116 'DSP48' <Latency = 3> <II = 1> <Delay = 2.15> <IPBlock> <Opcode : 'add' 'sub' 'mul' 'select'> <InPorts = 0> <OutPorts = 1> <Sync> <CReg>

State 15 <SV = 14> <Delay = 5.41>
ST_15 : Operation 624 [1/2] (2.10ns) (root node of the DSP)   --->   "%add_ln21_2 = add i16 %add_ln21_1, i16 %mul_ln21_4" [../source/tut3B_Function/matrix_mult.cpp:21]   --->   Operation 624 'add' 'add_ln21_2' <Predicate = true> <Delay = 2.10> <CoreInst = "DSP48">   --->   Core 116 'DSP48' <Latency = 3> <II = 1> <Delay = 2.15> <IPBlock> <Opcode : 'add' 'sub' 'mul' 'select'> <InPorts = 0> <OutPorts = 1> <Sync> <CReg>
ST_15 : Operation 625 [1/2] (2.10ns) (root node of the DSP)   --->   "%add_ln21_6 = add i16 %add_ln21_5, i16 %mul_ln21_9" [../source/tut3B_Function/matrix_mult.cpp:21]   --->   Operation 625 'add' 'add_ln21_6' <Predicate = true> <Delay = 2.10> <CoreInst = "DSP48">   --->   Core 116 'DSP48' <Latency = 3> <II = 1> <Delay = 2.15> <IPBlock> <Opcode : 'add' 'sub' 'mul' 'select'> <InPorts = 0> <OutPorts = 1> <Sync> <CReg>
ST_15 : Operation 626 [1/2] (2.10ns) (root node of the DSP)   --->   "%add_ln21_10 = add i16 %add_ln21_9, i16 %mul_ln21_14" [../source/tut3B_Function/matrix_mult.cpp:21]   --->   Operation 626 'add' 'add_ln21_10' <Predicate = true> <Delay = 2.10> <CoreInst = "DSP48">   --->   Core 116 'DSP48' <Latency = 3> <II = 1> <Delay = 2.15> <IPBlock> <Opcode : 'add' 'sub' 'mul' 'select'> <InPorts = 0> <OutPorts = 1> <Sync> <CReg>
ST_15 : Operation 627 [1/3] (0.00ns) (grouped into DSP with root node add_ln21_14)   --->   "%mul_ln21_19 = mul i16 %sext_ln21_22, i16 %sext_ln21_4" [../source/tut3B_Function/matrix_mult.cpp:21]   --->   Operation 627 'mul' 'mul_ln21_19' <Predicate = true> <Delay = 0.00> <CoreInst = "DSP48">   --->   Core 116 'DSP48' <Latency = 3> <II = 1> <Delay = 2.15> <IPBlock> <Opcode : 'add' 'sub' 'mul' 'select'> <InPorts = 0> <OutPorts = 1> <Sync> <CReg>
ST_15 : Operation 628 [1/2] (2.10ns) (root node of the DSP)   --->   "%add_ln21_12 = add i16 %mul_ln21_16, i16 %mul_ln21_15" [../source/tut3B_Function/matrix_mult.cpp:21]   --->   Operation 628 'add' 'add_ln21_12' <Predicate = true> <Delay = 2.10> <CoreInst = "DSP48">   --->   Core 116 'DSP48' <Latency = 3> <II = 1> <Delay = 2.15> <IPBlock> <Opcode : 'add' 'sub' 'mul' 'select'> <InPorts = 0> <OutPorts = 1> <Sync> <CReg>
ST_15 : Operation 629 [2/2] (2.10ns) (root node of the DSP)   --->   "%add_ln21_14 = add i16 %add_ln21_13, i16 %mul_ln21_19" [../source/tut3B_Function/matrix_mult.cpp:21]   --->   Operation 629 'add' 'add_ln21_14' <Predicate = true> <Delay = 2.10> <CoreInst = "DSP48">   --->   Core 116 'DSP48' <Latency = 3> <II = 1> <Delay = 2.15> <IPBlock> <Opcode : 'add' 'sub' 'mul' 'select'> <InPorts = 0> <OutPorts = 1> <Sync> <CReg>
ST_15 : Operation 630 [1/3] (0.00ns) (grouped into DSP with root node add_ln21_16)   --->   "%mul_ln21_20 = mul i16 %sext_ln21_25, i16 %sext_ln21" [../source/tut3B_Function/matrix_mult.cpp:21]   --->   Operation 630 'mul' 'mul_ln21_20' <Predicate = true> <Delay = 0.00> <CoreInst = "DSP48">   --->   Core 116 'DSP48' <Latency = 3> <II = 1> <Delay = 2.15> <IPBlock> <Opcode : 'add' 'sub' 'mul' 'select'> <InPorts = 0> <OutPorts = 1> <Sync> <CReg>
ST_15 : Operation 631 [2/3] (1.05ns) (grouped into DSP with root node add_ln21_18)   --->   "%mul_ln21_24 = mul i16 %sext_ln21_27, i16 %sext_ln21_4" [../source/tut3B_Function/matrix_mult.cpp:21]   --->   Operation 631 'mul' 'mul_ln21_24' <Predicate = true> <Delay = 1.05> <CoreInst = "DSP48">   --->   Core 116 'DSP48' <Latency = 3> <II = 1> <Delay = 2.15> <IPBlock> <Opcode : 'add' 'sub' 'mul' 'select'> <InPorts = 0> <OutPorts = 1> <Sync> <CReg>
ST_15 : Operation 632 [2/2] (2.10ns) (root node of the DSP)   --->   "%add_ln21_16 = add i16 %mul_ln21_21, i16 %mul_ln21_20" [../source/tut3B_Function/matrix_mult.cpp:21]   --->   Operation 632 'add' 'add_ln21_16' <Predicate = true> <Delay = 2.10> <CoreInst = "DSP48">   --->   Core 116 'DSP48' <Latency = 3> <II = 1> <Delay = 2.15> <IPBlock> <Opcode : 'add' 'sub' 'mul' 'select'> <InPorts = 0> <OutPorts = 1> <Sync> <CReg>
ST_15 : Operation 633 [2/3] (1.05ns) (grouped into DSP with root node add_ln21_22)   --->   "%mul_ln21_29 = mul i16 %sext_ln21_32, i16 %sext_ln21_5" [../source/tut3B_Function/matrix_mult.cpp:21]   --->   Operation 633 'mul' 'mul_ln21_29' <Predicate = true> <Delay = 1.05> <CoreInst = "DSP48">   --->   Core 116 'DSP48' <Latency = 3> <II = 1> <Delay = 2.15> <IPBlock> <Opcode : 'add' 'sub' 'mul' 'select'> <InPorts = 0> <OutPorts = 1> <Sync> <CReg>
ST_15 : Operation 634 [1/2] (2.10ns) (root node of the DSP)   --->   "%add_ln21_20 = add i16 %mul_ln21_26, i16 %mul_ln21_25" [../source/tut3B_Function/matrix_mult.cpp:21]   --->   Operation 634 'add' 'add_ln21_20' <Predicate = true> <Delay = 2.10> <CoreInst = "DSP48">   --->   Core 116 'DSP48' <Latency = 3> <II = 1> <Delay = 2.15> <IPBlock> <Opcode : 'add' 'sub' 'mul' 'select'> <InPorts = 0> <OutPorts = 1> <Sync> <CReg>
ST_15 : Operation 635 [3/3] (1.05ns) (grouped into DSP with root node add_ln21_26)   --->   "%mul_ln21_34 = mul i16 %sext_ln21_32, i16 %sext_ln21_12" [../source/tut3B_Function/matrix_mult.cpp:21]   --->   Operation 635 'mul' 'mul_ln21_34' <Predicate = true> <Delay = 1.05> <CoreInst = "DSP48">   --->   Core 116 'DSP48' <Latency = 3> <II = 1> <Delay = 2.15> <IPBlock> <Opcode : 'add' 'sub' 'mul' 'select'> <InPorts = 0> <OutPorts = 1> <Sync> <CReg>
ST_15 : Operation 636 [1/2] (2.10ns) (root node of the DSP)   --->   "%add_ln21_24 = add i16 %mul_ln21_31, i16 %mul_ln21_30" [../source/tut3B_Function/matrix_mult.cpp:21]   --->   Operation 636 'add' 'add_ln21_24' <Predicate = true> <Delay = 2.10> <CoreInst = "DSP48">   --->   Core 116 'DSP48' <Latency = 3> <II = 1> <Delay = 2.15> <IPBlock> <Opcode : 'add' 'sub' 'mul' 'select'> <InPorts = 0> <OutPorts = 1> <Sync> <CReg>
ST_15 : Operation 637 [1/3] (0.00ns) (grouped into DSP with root node add_ln21_28)   --->   "%mul_ln21_35 = mul i16 %sext_ln21_30, i16 %sext_ln21_15" [../source/tut3B_Function/matrix_mult.cpp:21]   --->   Operation 637 'mul' 'mul_ln21_35' <Predicate = true> <Delay = 0.00> <CoreInst = "DSP48">   --->   Core 116 'DSP48' <Latency = 3> <II = 1> <Delay = 2.15> <IPBlock> <Opcode : 'add' 'sub' 'mul' 'select'> <InPorts = 0> <OutPorts = 1> <Sync> <CReg>
ST_15 : Operation 638 [3/3] (1.05ns) (grouped into DSP with root node add_ln21_30)   --->   "%mul_ln21_39 = mul i16 %sext_ln21_32, i16 %sext_ln21_17" [../source/tut3B_Function/matrix_mult.cpp:21]   --->   Operation 638 'mul' 'mul_ln21_39' <Predicate = true> <Delay = 1.05> <CoreInst = "DSP48">   --->   Core 116 'DSP48' <Latency = 3> <II = 1> <Delay = 2.15> <IPBlock> <Opcode : 'add' 'sub' 'mul' 'select'> <InPorts = 0> <OutPorts = 1> <Sync> <CReg>
ST_15 : Operation 639 [2/2] (2.10ns) (root node of the DSP)   --->   "%add_ln21_28 = add i16 %mul_ln21_36, i16 %mul_ln21_35" [../source/tut3B_Function/matrix_mult.cpp:21]   --->   Operation 639 'add' 'add_ln21_28' <Predicate = true> <Delay = 2.10> <CoreInst = "DSP48">   --->   Core 116 'DSP48' <Latency = 3> <II = 1> <Delay = 2.15> <IPBlock> <Opcode : 'add' 'sub' 'mul' 'select'> <InPorts = 0> <OutPorts = 1> <Sync> <CReg>
ST_15 : Operation 640 [1/3] (0.00ns) (grouped into DSP with root node add_ln21_32)   --->   "%mul_ln21_40 = mul i16 %sext_ln21_30, i16 %sext_ln21_20" [../source/tut3B_Function/matrix_mult.cpp:21]   --->   Operation 640 'mul' 'mul_ln21_40' <Predicate = true> <Delay = 0.00> <CoreInst = "DSP48">   --->   Core 116 'DSP48' <Latency = 3> <II = 1> <Delay = 2.15> <IPBlock> <Opcode : 'add' 'sub' 'mul' 'select'> <InPorts = 0> <OutPorts = 1> <Sync> <CReg>
ST_15 : Operation 641 [2/2] (2.10ns) (root node of the DSP)   --->   "%add_ln21_32 = add i16 %mul_ln21_41, i16 %mul_ln21_40" [../source/tut3B_Function/matrix_mult.cpp:21]   --->   Operation 641 'add' 'add_ln21_32' <Predicate = true> <Delay = 2.10> <CoreInst = "DSP48">   --->   Core 116 'DSP48' <Latency = 3> <II = 1> <Delay = 2.15> <IPBlock> <Opcode : 'add' 'sub' 'mul' 'select'> <InPorts = 0> <OutPorts = 1> <Sync> <CReg>
ST_15 : Operation 642 [1/3] (0.00ns) (grouped into DSP with root node add_ln21_36)   --->   "%mul_ln21_45 = mul i16 %sext_ln21_30, i16 %sext_ln21_25" [../source/tut3B_Function/matrix_mult.cpp:21]   --->   Operation 642 'mul' 'mul_ln21_45' <Predicate = true> <Delay = 0.00> <CoreInst = "DSP48">   --->   Core 116 'DSP48' <Latency = 3> <II = 1> <Delay = 2.15> <IPBlock> <Opcode : 'add' 'sub' 'mul' 'select'> <InPorts = 0> <OutPorts = 1> <Sync> <CReg>
ST_15 : Operation 643 [2/2] (2.10ns) (root node of the DSP)   --->   "%add_ln21_36 = add i16 %mul_ln21_46, i16 %mul_ln21_45" [../source/tut3B_Function/matrix_mult.cpp:21]   --->   Operation 643 'add' 'add_ln21_36' <Predicate = true> <Delay = 2.10> <CoreInst = "DSP48">   --->   Core 116 'DSP48' <Latency = 3> <II = 1> <Delay = 2.15> <IPBlock> <Opcode : 'add' 'sub' 'mul' 'select'> <InPorts = 0> <OutPorts = 1> <Sync> <CReg>
ST_15 : Operation 644 [1/3] (0.00ns) (grouped into DSP with root node add_ln21_40)   --->   "%mul_ln21_50 = mul i16 %sext_ln21_35, i16 %sext_ln21_1" [../source/tut3B_Function/matrix_mult.cpp:21]   --->   Operation 644 'mul' 'mul_ln21_50' <Predicate = true> <Delay = 0.00> <CoreInst = "DSP48">   --->   Core 116 'DSP48' <Latency = 3> <II = 1> <Delay = 2.15> <IPBlock> <Opcode : 'add' 'sub' 'mul' 'select'> <InPorts = 0> <OutPorts = 1> <Sync> <CReg>
ST_15 : Operation 645 [2/2] (2.10ns) (root node of the DSP)   --->   "%add_ln21_40 = add i16 %mul_ln21_51, i16 %mul_ln21_50" [../source/tut3B_Function/matrix_mult.cpp:21]   --->   Operation 645 'add' 'add_ln21_40' <Predicate = true> <Delay = 2.10> <CoreInst = "DSP48">   --->   Core 116 'DSP48' <Latency = 3> <II = 1> <Delay = 2.15> <IPBlock> <Opcode : 'add' 'sub' 'mul' 'select'> <InPorts = 0> <OutPorts = 1> <Sync> <CReg>
ST_15 : Operation 646 [2/3] (1.05ns) (grouped into DSP with root node add_ln21_44)   --->   "%mul_ln21_55 = mul i16 %sext_ln21_35, i16 %sext_ln21_10" [../source/tut3B_Function/matrix_mult.cpp:21]   --->   Operation 646 'mul' 'mul_ln21_55' <Predicate = true> <Delay = 1.05> <CoreInst = "DSP48">   --->   Core 116 'DSP48' <Latency = 3> <II = 1> <Delay = 2.15> <IPBlock> <Opcode : 'add' 'sub' 'mul' 'select'> <InPorts = 0> <OutPorts = 1> <Sync> <CReg>
ST_15 : Operation 647 [1/5] (5.41ns)   --->   "%mul_ln21_56 = mul i16 %sext_ln21_36, i16 %sext_ln21_11" [../source/tut3B_Function/matrix_mult.cpp:21]   --->   Operation 647 'mul' 'mul_ln21_56' <Predicate = true> <Delay = 5.41> <CoreInst = "Multiplier">   --->   Core 3 'Multiplier' <Latency = 4> <II = 1> <Delay = 5.41> <FuncUnit> <Opcode : 'mul'> <InPorts = 2> <OutPorts = 1>
ST_15 : Operation 648 [2/3] (1.05ns) (grouped into DSP with root node add_ln21_48)   --->   "%mul_ln21_60 = mul i16 %sext_ln21_35, i16 %sext_ln21_15" [../source/tut3B_Function/matrix_mult.cpp:21]   --->   Operation 648 'mul' 'mul_ln21_60' <Predicate = true> <Delay = 1.05> <CoreInst = "DSP48">   --->   Core 116 'DSP48' <Latency = 3> <II = 1> <Delay = 2.15> <IPBlock> <Opcode : 'add' 'sub' 'mul' 'select'> <InPorts = 0> <OutPorts = 1> <Sync> <CReg>
ST_15 : Operation 649 [1/5] (5.41ns)   --->   "%mul_ln21_61 = mul i16 %sext_ln21_36, i16 %sext_ln21_16" [../source/tut3B_Function/matrix_mult.cpp:21]   --->   Operation 649 'mul' 'mul_ln21_61' <Predicate = true> <Delay = 5.41> <CoreInst = "Multiplier">   --->   Core 3 'Multiplier' <Latency = 4> <II = 1> <Delay = 5.41> <FuncUnit> <Opcode : 'mul'> <InPorts = 2> <OutPorts = 1>
ST_15 : Operation 650 [2/3] (1.05ns) (grouped into DSP with root node add_ln21_52)   --->   "%mul_ln21_65 = mul i16 %sext_ln21_35, i16 %sext_ln21_20" [../source/tut3B_Function/matrix_mult.cpp:21]   --->   Operation 650 'mul' 'mul_ln21_65' <Predicate = true> <Delay = 1.05> <CoreInst = "DSP48">   --->   Core 116 'DSP48' <Latency = 3> <II = 1> <Delay = 2.15> <IPBlock> <Opcode : 'add' 'sub' 'mul' 'select'> <InPorts = 0> <OutPorts = 1> <Sync> <CReg>
ST_15 : Operation 651 [1/5] (5.41ns)   --->   "%mul_ln21_66 = mul i16 %sext_ln21_36, i16 %sext_ln21_21" [../source/tut3B_Function/matrix_mult.cpp:21]   --->   Operation 651 'mul' 'mul_ln21_66' <Predicate = true> <Delay = 5.41> <CoreInst = "Multiplier">   --->   Core 3 'Multiplier' <Latency = 4> <II = 1> <Delay = 5.41> <FuncUnit> <Opcode : 'mul'> <InPorts = 2> <OutPorts = 1>
ST_15 : Operation 652 [2/3] (1.05ns) (grouped into DSP with root node add_ln21_56)   --->   "%mul_ln21_70 = mul i16 %sext_ln21_35, i16 %sext_ln21_25" [../source/tut3B_Function/matrix_mult.cpp:21]   --->   Operation 652 'mul' 'mul_ln21_70' <Predicate = true> <Delay = 1.05> <CoreInst = "DSP48">   --->   Core 116 'DSP48' <Latency = 3> <II = 1> <Delay = 2.15> <IPBlock> <Opcode : 'add' 'sub' 'mul' 'select'> <InPorts = 0> <OutPorts = 1> <Sync> <CReg>
ST_15 : Operation 653 [1/5] (5.41ns)   --->   "%mul_ln21_71 = mul i16 %sext_ln21_36, i16 %sext_ln21_26" [../source/tut3B_Function/matrix_mult.cpp:21]   --->   Operation 653 'mul' 'mul_ln21_71' <Predicate = true> <Delay = 5.41> <CoreInst = "Multiplier">   --->   Core 3 'Multiplier' <Latency = 4> <II = 1> <Delay = 5.41> <FuncUnit> <Opcode : 'mul'> <InPorts = 2> <OutPorts = 1>
ST_15 : Operation 654 [1/1] (0.00ns)   --->   "%sext_ln21_40 = sext i8 %a_load_15" [../source/tut3B_Function/matrix_mult.cpp:21]   --->   Operation 654 'sext' 'sext_ln21_40' <Predicate = true> <Delay = 0.00>
ST_15 : Operation 655 [3/3] (1.05ns) (grouped into DSP with root node add_ln21_60)   --->   "%mul_ln21_75 = mul i16 %sext_ln21_40, i16 %sext_ln21_1" [../source/tut3B_Function/matrix_mult.cpp:21]   --->   Operation 655 'mul' 'mul_ln21_75' <Predicate = true> <Delay = 1.05> <CoreInst = "DSP48">   --->   Core 116 'DSP48' <Latency = 3> <II = 1> <Delay = 2.15> <IPBlock> <Opcode : 'add' 'sub' 'mul' 'select'> <InPorts = 0> <OutPorts = 1> <Sync> <CReg>
ST_15 : Operation 656 [2/5] (5.41ns)   --->   "%mul_ln21_76 = mul i16 %sext_ln21_41, i16 %sext_ln21_3" [../source/tut3B_Function/matrix_mult.cpp:21]   --->   Operation 656 'mul' 'mul_ln21_76' <Predicate = true> <Delay = 5.41> <CoreInst = "Multiplier">   --->   Core 3 'Multiplier' <Latency = 4> <II = 1> <Delay = 5.41> <FuncUnit> <Opcode : 'mul'> <InPorts = 2> <OutPorts = 1>
ST_15 : Operation 657 [3/3] (1.05ns) (grouped into DSP with root node add_ln21_64)   --->   "%mul_ln21_80 = mul i16 %sext_ln21_40, i16 %sext_ln21_10" [../source/tut3B_Function/matrix_mult.cpp:21]   --->   Operation 657 'mul' 'mul_ln21_80' <Predicate = true> <Delay = 1.05> <CoreInst = "DSP48">   --->   Core 116 'DSP48' <Latency = 3> <II = 1> <Delay = 2.15> <IPBlock> <Opcode : 'add' 'sub' 'mul' 'select'> <InPorts = 0> <OutPorts = 1> <Sync> <CReg>
ST_15 : Operation 658 [2/5] (5.41ns)   --->   "%mul_ln21_81 = mul i16 %sext_ln21_41, i16 %sext_ln21_11" [../source/tut3B_Function/matrix_mult.cpp:21]   --->   Operation 658 'mul' 'mul_ln21_81' <Predicate = true> <Delay = 5.41> <CoreInst = "Multiplier">   --->   Core 3 'Multiplier' <Latency = 4> <II = 1> <Delay = 5.41> <FuncUnit> <Opcode : 'mul'> <InPorts = 2> <OutPorts = 1>
ST_15 : Operation 659 [3/3] (1.05ns) (grouped into DSP with root node add_ln21_68)   --->   "%mul_ln21_85 = mul i16 %sext_ln21_40, i16 %sext_ln21_15" [../source/tut3B_Function/matrix_mult.cpp:21]   --->   Operation 659 'mul' 'mul_ln21_85' <Predicate = true> <Delay = 1.05> <CoreInst = "DSP48">   --->   Core 116 'DSP48' <Latency = 3> <II = 1> <Delay = 2.15> <IPBlock> <Opcode : 'add' 'sub' 'mul' 'select'> <InPorts = 0> <OutPorts = 1> <Sync> <CReg>
ST_15 : Operation 660 [2/5] (5.41ns)   --->   "%mul_ln21_86 = mul i16 %sext_ln21_41, i16 %sext_ln21_16" [../source/tut3B_Function/matrix_mult.cpp:21]   --->   Operation 660 'mul' 'mul_ln21_86' <Predicate = true> <Delay = 5.41> <CoreInst = "Multiplier">   --->   Core 3 'Multiplier' <Latency = 4> <II = 1> <Delay = 5.41> <FuncUnit> <Opcode : 'mul'> <InPorts = 2> <OutPorts = 1>
ST_15 : Operation 661 [3/3] (1.05ns) (grouped into DSP with root node add_ln21_72)   --->   "%mul_ln21_90 = mul i16 %sext_ln21_40, i16 %sext_ln21_20" [../source/tut3B_Function/matrix_mult.cpp:21]   --->   Operation 661 'mul' 'mul_ln21_90' <Predicate = true> <Delay = 1.05> <CoreInst = "DSP48">   --->   Core 116 'DSP48' <Latency = 3> <II = 1> <Delay = 2.15> <IPBlock> <Opcode : 'add' 'sub' 'mul' 'select'> <InPorts = 0> <OutPorts = 1> <Sync> <CReg>
ST_15 : Operation 662 [2/5] (5.41ns)   --->   "%mul_ln21_91 = mul i16 %sext_ln21_41, i16 %sext_ln21_21" [../source/tut3B_Function/matrix_mult.cpp:21]   --->   Operation 662 'mul' 'mul_ln21_91' <Predicate = true> <Delay = 5.41> <CoreInst = "Multiplier">   --->   Core 3 'Multiplier' <Latency = 4> <II = 1> <Delay = 5.41> <FuncUnit> <Opcode : 'mul'> <InPorts = 2> <OutPorts = 1>
ST_15 : Operation 663 [3/5] (5.41ns)   --->   "%mul_ln21_96 = mul i16 %sext_ln21_41, i16 %sext_ln21_26" [../source/tut3B_Function/matrix_mult.cpp:21]   --->   Operation 663 'mul' 'mul_ln21_96' <Predicate = true> <Delay = 5.41> <CoreInst = "Multiplier">   --->   Core 3 'Multiplier' <Latency = 4> <II = 1> <Delay = 5.41> <FuncUnit> <Opcode : 'mul'> <InPorts = 2> <OutPorts = 1>
ST_15 : Operation 664 [3/5] (5.41ns)   --->   "%mul_ln21_101 = mul i16 %sext_ln21_46, i16 %sext_ln21_3" [../source/tut3B_Function/matrix_mult.cpp:21]   --->   Operation 664 'mul' 'mul_ln21_101' <Predicate = true> <Delay = 5.41> <CoreInst = "Multiplier">   --->   Core 3 'Multiplier' <Latency = 4> <II = 1> <Delay = 5.41> <FuncUnit> <Opcode : 'mul'> <InPorts = 2> <OutPorts = 1>
ST_15 : Operation 665 [3/5] (5.41ns)   --->   "%mul_ln21_106 = mul i16 %sext_ln21_46, i16 %sext_ln21_11" [../source/tut3B_Function/matrix_mult.cpp:21]   --->   Operation 665 'mul' 'mul_ln21_106' <Predicate = true> <Delay = 5.41> <CoreInst = "Multiplier">   --->   Core 3 'Multiplier' <Latency = 4> <II = 1> <Delay = 5.41> <FuncUnit> <Opcode : 'mul'> <InPorts = 2> <OutPorts = 1>
ST_15 : Operation 666 [3/5] (5.41ns)   --->   "%mul_ln21_111 = mul i16 %sext_ln21_46, i16 %sext_ln21_16" [../source/tut3B_Function/matrix_mult.cpp:21]   --->   Operation 666 'mul' 'mul_ln21_111' <Predicate = true> <Delay = 5.41> <CoreInst = "Multiplier">   --->   Core 3 'Multiplier' <Latency = 4> <II = 1> <Delay = 5.41> <FuncUnit> <Opcode : 'mul'> <InPorts = 2> <OutPorts = 1>
ST_15 : Operation 667 [4/5] (5.41ns)   --->   "%mul_ln21_116 = mul i16 %sext_ln21_46, i16 %sext_ln21_21" [../source/tut3B_Function/matrix_mult.cpp:21]   --->   Operation 667 'mul' 'mul_ln21_116' <Predicate = true> <Delay = 5.41> <CoreInst = "Multiplier">   --->   Core 3 'Multiplier' <Latency = 4> <II = 1> <Delay = 5.41> <FuncUnit> <Opcode : 'mul'> <InPorts = 2> <OutPorts = 1>
ST_15 : Operation 668 [4/5] (5.41ns)   --->   "%mul_ln21_121 = mul i16 %sext_ln21_46, i16 %sext_ln21_26" [../source/tut3B_Function/matrix_mult.cpp:21]   --->   Operation 668 'mul' 'mul_ln21_121' <Predicate = true> <Delay = 5.41> <CoreInst = "Multiplier">   --->   Core 3 'Multiplier' <Latency = 4> <II = 1> <Delay = 5.41> <FuncUnit> <Opcode : 'mul'> <InPorts = 2> <OutPorts = 1>

State 16 <SV = 15> <Delay = 5.41>
ST_16 : Operation 669 [1/1] (0.00ns)   --->   "%prod_addr = getelementptr i16 %prod, i64 0, i64 0" [../source/tut3B_Function/matrix_mult.cpp:21]   --->   Operation 669 'getelementptr' 'prod_addr' <Predicate = true> <Delay = 0.00>
ST_16 : Operation 670 [1/1] (0.00ns)   --->   "%prod_addr_1 = getelementptr i16 %prod, i64 0, i64 1" [../source/tut3B_Function/matrix_mult.cpp:21]   --->   Operation 670 'getelementptr' 'prod_addr_1' <Predicate = true> <Delay = 0.00>
ST_16 : Operation 671 [1/1] (2.07ns)   --->   "%add_ln21_3 = add i16 %add_ln21_2, i16 %add_ln21" [../source/tut3B_Function/matrix_mult.cpp:21]   --->   Operation 671 'add' 'add_ln21_3' <Predicate = true> <Delay = 2.07> <CoreInst = "Adder">   --->   Core 1 'Adder' <Latency = 0> <II = 1> <Delay = 2.07> <FuncUnit> <Opcode : 'add' 'sub'> <InPorts = 2> <OutPorts = 1>
ST_16 : Operation 672 [1/1] ( I:0.00ns O:0.00ns )   --->   "%store_ln21 = store i16 %add_ln21_3, i5 %prod_addr" [../source/tut3B_Function/matrix_mult.cpp:21]   --->   Operation 672 'store' 'store_ln21' <Predicate = true> <Delay = 0.00> <CoreInst = "RAM">   --->   Core 81 'RAM' <Latency = 0> <II = 1> <Delay = 1.86> <Storage> <Opcode : 'load' 'store'> <Ports = 2> <Width = 16> <Depth = 25> <RAM>
ST_16 : Operation 673 [1/1] (2.07ns)   --->   "%add_ln21_7 = add i16 %add_ln21_6, i16 %add_ln21_4" [../source/tut3B_Function/matrix_mult.cpp:21]   --->   Operation 673 'add' 'add_ln21_7' <Predicate = true> <Delay = 2.07> <CoreInst = "Adder">   --->   Core 1 'Adder' <Latency = 0> <II = 1> <Delay = 2.07> <FuncUnit> <Opcode : 'add' 'sub'> <InPorts = 2> <OutPorts = 1>
ST_16 : Operation 674 [1/1] ( I:0.00ns O:0.00ns )   --->   "%store_ln21 = store i16 %add_ln21_7, i5 %prod_addr_1" [../source/tut3B_Function/matrix_mult.cpp:21]   --->   Operation 674 'store' 'store_ln21' <Predicate = true> <Delay = 0.00> <CoreInst = "RAM">   --->   Core 81 'RAM' <Latency = 0> <II = 1> <Delay = 1.86> <Storage> <Opcode : 'load' 'store'> <Ports = 2> <Width = 16> <Depth = 25> <RAM>
ST_16 : Operation 675 [1/1] (2.07ns)   --->   "%add_ln21_11 = add i16 %add_ln21_10, i16 %add_ln21_8" [../source/tut3B_Function/matrix_mult.cpp:21]   --->   Operation 675 'add' 'add_ln21_11' <Predicate = true> <Delay = 2.07> <CoreInst = "Adder">   --->   Core 1 'Adder' <Latency = 0> <II = 1> <Delay = 2.07> <FuncUnit> <Opcode : 'add' 'sub'> <InPorts = 2> <OutPorts = 1>
ST_16 : Operation 676 [1/2] (2.10ns) (root node of the DSP)   --->   "%add_ln21_14 = add i16 %add_ln21_13, i16 %mul_ln21_19" [../source/tut3B_Function/matrix_mult.cpp:21]   --->   Operation 676 'add' 'add_ln21_14' <Predicate = true> <Delay = 2.10> <CoreInst = "DSP48">   --->   Core 116 'DSP48' <Latency = 3> <II = 1> <Delay = 2.15> <IPBlock> <Opcode : 'add' 'sub' 'mul' 'select'> <InPorts = 0> <OutPorts = 1> <Sync> <CReg>
ST_16 : Operation 677 [1/3] (0.00ns) (grouped into DSP with root node add_ln21_18)   --->   "%mul_ln21_24 = mul i16 %sext_ln21_27, i16 %sext_ln21_4" [../source/tut3B_Function/matrix_mult.cpp:21]   --->   Operation 677 'mul' 'mul_ln21_24' <Predicate = true> <Delay = 0.00> <CoreInst = "DSP48">   --->   Core 116 'DSP48' <Latency = 3> <II = 1> <Delay = 2.15> <IPBlock> <Opcode : 'add' 'sub' 'mul' 'select'> <InPorts = 0> <OutPorts = 1> <Sync> <CReg>
ST_16 : Operation 678 [1/2] (2.10ns) (root node of the DSP)   --->   "%add_ln21_16 = add i16 %mul_ln21_21, i16 %mul_ln21_20" [../source/tut3B_Function/matrix_mult.cpp:21]   --->   Operation 678 'add' 'add_ln21_16' <Predicate = true> <Delay = 2.10> <CoreInst = "DSP48">   --->   Core 116 'DSP48' <Latency = 3> <II = 1> <Delay = 2.15> <IPBlock> <Opcode : 'add' 'sub' 'mul' 'select'> <InPorts = 0> <OutPorts = 1> <Sync> <CReg>
ST_16 : Operation 679 [2/2] (2.10ns) (root node of the DSP)   --->   "%add_ln21_18 = add i16 %add_ln21_17, i16 %mul_ln21_24" [../source/tut3B_Function/matrix_mult.cpp:21]   --->   Operation 679 'add' 'add_ln21_18' <Predicate = true> <Delay = 2.10> <CoreInst = "DSP48">   --->   Core 116 'DSP48' <Latency = 3> <II = 1> <Delay = 2.15> <IPBlock> <Opcode : 'add' 'sub' 'mul' 'select'> <InPorts = 0> <OutPorts = 1> <Sync> <CReg>
ST_16 : Operation 680 [1/3] (0.00ns) (grouped into DSP with root node add_ln21_22)   --->   "%mul_ln21_29 = mul i16 %sext_ln21_32, i16 %sext_ln21_5" [../source/tut3B_Function/matrix_mult.cpp:21]   --->   Operation 680 'mul' 'mul_ln21_29' <Predicate = true> <Delay = 0.00> <CoreInst = "DSP48">   --->   Core 116 'DSP48' <Latency = 3> <II = 1> <Delay = 2.15> <IPBlock> <Opcode : 'add' 'sub' 'mul' 'select'> <InPorts = 0> <OutPorts = 1> <Sync> <CReg>
ST_16 : Operation 681 [2/2] (2.10ns) (root node of the DSP)   --->   "%add_ln21_22 = add i16 %add_ln21_21, i16 %mul_ln21_29" [../source/tut3B_Function/matrix_mult.cpp:21]   --->   Operation 681 'add' 'add_ln21_22' <Predicate = true> <Delay = 2.10> <CoreInst = "DSP48">   --->   Core 116 'DSP48' <Latency = 3> <II = 1> <Delay = 2.15> <IPBlock> <Opcode : 'add' 'sub' 'mul' 'select'> <InPorts = 0> <OutPorts = 1> <Sync> <CReg>
ST_16 : Operation 682 [2/3] (1.05ns) (grouped into DSP with root node add_ln21_26)   --->   "%mul_ln21_34 = mul i16 %sext_ln21_32, i16 %sext_ln21_12" [../source/tut3B_Function/matrix_mult.cpp:21]   --->   Operation 682 'mul' 'mul_ln21_34' <Predicate = true> <Delay = 1.05> <CoreInst = "DSP48">   --->   Core 116 'DSP48' <Latency = 3> <II = 1> <Delay = 2.15> <IPBlock> <Opcode : 'add' 'sub' 'mul' 'select'> <InPorts = 0> <OutPorts = 1> <Sync> <CReg>
ST_16 : Operation 683 [2/3] (1.05ns) (grouped into DSP with root node add_ln21_30)   --->   "%mul_ln21_39 = mul i16 %sext_ln21_32, i16 %sext_ln21_17" [../source/tut3B_Function/matrix_mult.cpp:21]   --->   Operation 683 'mul' 'mul_ln21_39' <Predicate = true> <Delay = 1.05> <CoreInst = "DSP48">   --->   Core 116 'DSP48' <Latency = 3> <II = 1> <Delay = 2.15> <IPBlock> <Opcode : 'add' 'sub' 'mul' 'select'> <InPorts = 0> <OutPorts = 1> <Sync> <CReg>
ST_16 : Operation 684 [1/2] (2.10ns) (root node of the DSP)   --->   "%add_ln21_28 = add i16 %mul_ln21_36, i16 %mul_ln21_35" [../source/tut3B_Function/matrix_mult.cpp:21]   --->   Operation 684 'add' 'add_ln21_28' <Predicate = true> <Delay = 2.10> <CoreInst = "DSP48">   --->   Core 116 'DSP48' <Latency = 3> <II = 1> <Delay = 2.15> <IPBlock> <Opcode : 'add' 'sub' 'mul' 'select'> <InPorts = 0> <OutPorts = 1> <Sync> <CReg>
ST_16 : Operation 685 [3/3] (1.05ns) (grouped into DSP with root node add_ln21_34)   --->   "%mul_ln21_44 = mul i16 %sext_ln21_32, i16 %sext_ln21_22" [../source/tut3B_Function/matrix_mult.cpp:21]   --->   Operation 685 'mul' 'mul_ln21_44' <Predicate = true> <Delay = 1.05> <CoreInst = "DSP48">   --->   Core 116 'DSP48' <Latency = 3> <II = 1> <Delay = 2.15> <IPBlock> <Opcode : 'add' 'sub' 'mul' 'select'> <InPorts = 0> <OutPorts = 1> <Sync> <CReg>
ST_16 : Operation 686 [1/2] (2.10ns) (root node of the DSP)   --->   "%add_ln21_32 = add i16 %mul_ln21_41, i16 %mul_ln21_40" [../source/tut3B_Function/matrix_mult.cpp:21]   --->   Operation 686 'add' 'add_ln21_32' <Predicate = true> <Delay = 2.10> <CoreInst = "DSP48">   --->   Core 116 'DSP48' <Latency = 3> <II = 1> <Delay = 2.15> <IPBlock> <Opcode : 'add' 'sub' 'mul' 'select'> <InPorts = 0> <OutPorts = 1> <Sync> <CReg>
ST_16 : Operation 687 [3/3] (1.05ns) (grouped into DSP with root node add_ln21_38)   --->   "%mul_ln21_49 = mul i16 %sext_ln21_32, i16 %sext_ln21_27" [../source/tut3B_Function/matrix_mult.cpp:21]   --->   Operation 687 'mul' 'mul_ln21_49' <Predicate = true> <Delay = 1.05> <CoreInst = "DSP48">   --->   Core 116 'DSP48' <Latency = 3> <II = 1> <Delay = 2.15> <IPBlock> <Opcode : 'add' 'sub' 'mul' 'select'> <InPorts = 0> <OutPorts = 1> <Sync> <CReg>
ST_16 : Operation 688 [1/2] (2.10ns) (root node of the DSP)   --->   "%add_ln21_36 = add i16 %mul_ln21_46, i16 %mul_ln21_45" [../source/tut3B_Function/matrix_mult.cpp:21]   --->   Operation 688 'add' 'add_ln21_36' <Predicate = true> <Delay = 2.10> <CoreInst = "DSP48">   --->   Core 116 'DSP48' <Latency = 3> <II = 1> <Delay = 2.15> <IPBlock> <Opcode : 'add' 'sub' 'mul' 'select'> <InPorts = 0> <OutPorts = 1> <Sync> <CReg>
ST_16 : Operation 689 [1/2] (2.10ns) (root node of the DSP)   --->   "%add_ln21_40 = add i16 %mul_ln21_51, i16 %mul_ln21_50" [../source/tut3B_Function/matrix_mult.cpp:21]   --->   Operation 689 'add' 'add_ln21_40' <Predicate = true> <Delay = 2.10> <CoreInst = "DSP48">   --->   Core 116 'DSP48' <Latency = 3> <II = 1> <Delay = 2.15> <IPBlock> <Opcode : 'add' 'sub' 'mul' 'select'> <InPorts = 0> <OutPorts = 1> <Sync> <CReg>
ST_16 : Operation 690 [1/3] (0.00ns) (grouped into DSP with root node add_ln21_44)   --->   "%mul_ln21_55 = mul i16 %sext_ln21_35, i16 %sext_ln21_10" [../source/tut3B_Function/matrix_mult.cpp:21]   --->   Operation 690 'mul' 'mul_ln21_55' <Predicate = true> <Delay = 0.00> <CoreInst = "DSP48">   --->   Core 116 'DSP48' <Latency = 3> <II = 1> <Delay = 2.15> <IPBlock> <Opcode : 'add' 'sub' 'mul' 'select'> <InPorts = 0> <OutPorts = 1> <Sync> <CReg>
ST_16 : Operation 691 [2/2] (2.10ns) (root node of the DSP)   --->   "%add_ln21_44 = add i16 %mul_ln21_56, i16 %mul_ln21_55" [../source/tut3B_Function/matrix_mult.cpp:21]   --->   Operation 691 'add' 'add_ln21_44' <Predicate = true> <Delay = 2.10> <CoreInst = "DSP48">   --->   Core 116 'DSP48' <Latency = 3> <II = 1> <Delay = 2.15> <IPBlock> <Opcode : 'add' 'sub' 'mul' 'select'> <InPorts = 0> <OutPorts = 1> <Sync> <CReg>
ST_16 : Operation 692 [1/3] (0.00ns) (grouped into DSP with root node add_ln21_48)   --->   "%mul_ln21_60 = mul i16 %sext_ln21_35, i16 %sext_ln21_15" [../source/tut3B_Function/matrix_mult.cpp:21]   --->   Operation 692 'mul' 'mul_ln21_60' <Predicate = true> <Delay = 0.00> <CoreInst = "DSP48">   --->   Core 116 'DSP48' <Latency = 3> <II = 1> <Delay = 2.15> <IPBlock> <Opcode : 'add' 'sub' 'mul' 'select'> <InPorts = 0> <OutPorts = 1> <Sync> <CReg>
ST_16 : Operation 693 [2/2] (2.10ns) (root node of the DSP)   --->   "%add_ln21_48 = add i16 %mul_ln21_61, i16 %mul_ln21_60" [../source/tut3B_Function/matrix_mult.cpp:21]   --->   Operation 693 'add' 'add_ln21_48' <Predicate = true> <Delay = 2.10> <CoreInst = "DSP48">   --->   Core 116 'DSP48' <Latency = 3> <II = 1> <Delay = 2.15> <IPBlock> <Opcode : 'add' 'sub' 'mul' 'select'> <InPorts = 0> <OutPorts = 1> <Sync> <CReg>
ST_16 : Operation 694 [1/3] (0.00ns) (grouped into DSP with root node add_ln21_52)   --->   "%mul_ln21_65 = mul i16 %sext_ln21_35, i16 %sext_ln21_20" [../source/tut3B_Function/matrix_mult.cpp:21]   --->   Operation 694 'mul' 'mul_ln21_65' <Predicate = true> <Delay = 0.00> <CoreInst = "DSP48">   --->   Core 116 'DSP48' <Latency = 3> <II = 1> <Delay = 2.15> <IPBlock> <Opcode : 'add' 'sub' 'mul' 'select'> <InPorts = 0> <OutPorts = 1> <Sync> <CReg>
ST_16 : Operation 695 [2/2] (2.10ns) (root node of the DSP)   --->   "%add_ln21_52 = add i16 %mul_ln21_66, i16 %mul_ln21_65" [../source/tut3B_Function/matrix_mult.cpp:21]   --->   Operation 695 'add' 'add_ln21_52' <Predicate = true> <Delay = 2.10> <CoreInst = "DSP48">   --->   Core 116 'DSP48' <Latency = 3> <II = 1> <Delay = 2.15> <IPBlock> <Opcode : 'add' 'sub' 'mul' 'select'> <InPorts = 0> <OutPorts = 1> <Sync> <CReg>
ST_16 : Operation 696 [1/3] (0.00ns) (grouped into DSP with root node add_ln21_56)   --->   "%mul_ln21_70 = mul i16 %sext_ln21_35, i16 %sext_ln21_25" [../source/tut3B_Function/matrix_mult.cpp:21]   --->   Operation 696 'mul' 'mul_ln21_70' <Predicate = true> <Delay = 0.00> <CoreInst = "DSP48">   --->   Core 116 'DSP48' <Latency = 3> <II = 1> <Delay = 2.15> <IPBlock> <Opcode : 'add' 'sub' 'mul' 'select'> <InPorts = 0> <OutPorts = 1> <Sync> <CReg>
ST_16 : Operation 697 [2/2] (2.10ns) (root node of the DSP)   --->   "%add_ln21_56 = add i16 %mul_ln21_71, i16 %mul_ln21_70" [../source/tut3B_Function/matrix_mult.cpp:21]   --->   Operation 697 'add' 'add_ln21_56' <Predicate = true> <Delay = 2.10> <CoreInst = "DSP48">   --->   Core 116 'DSP48' <Latency = 3> <II = 1> <Delay = 2.15> <IPBlock> <Opcode : 'add' 'sub' 'mul' 'select'> <InPorts = 0> <OutPorts = 1> <Sync> <CReg>
ST_16 : Operation 698 [2/3] (1.05ns) (grouped into DSP with root node add_ln21_60)   --->   "%mul_ln21_75 = mul i16 %sext_ln21_40, i16 %sext_ln21_1" [../source/tut3B_Function/matrix_mult.cpp:21]   --->   Operation 698 'mul' 'mul_ln21_75' <Predicate = true> <Delay = 1.05> <CoreInst = "DSP48">   --->   Core 116 'DSP48' <Latency = 3> <II = 1> <Delay = 2.15> <IPBlock> <Opcode : 'add' 'sub' 'mul' 'select'> <InPorts = 0> <OutPorts = 1> <Sync> <CReg>
ST_16 : Operation 699 [1/5] (5.41ns)   --->   "%mul_ln21_76 = mul i16 %sext_ln21_41, i16 %sext_ln21_3" [../source/tut3B_Function/matrix_mult.cpp:21]   --->   Operation 699 'mul' 'mul_ln21_76' <Predicate = true> <Delay = 5.41> <CoreInst = "Multiplier">   --->   Core 3 'Multiplier' <Latency = 4> <II = 1> <Delay = 5.41> <FuncUnit> <Opcode : 'mul'> <InPorts = 2> <OutPorts = 1>
ST_16 : Operation 700 [2/3] (1.05ns) (grouped into DSP with root node add_ln21_64)   --->   "%mul_ln21_80 = mul i16 %sext_ln21_40, i16 %sext_ln21_10" [../source/tut3B_Function/matrix_mult.cpp:21]   --->   Operation 700 'mul' 'mul_ln21_80' <Predicate = true> <Delay = 1.05> <CoreInst = "DSP48">   --->   Core 116 'DSP48' <Latency = 3> <II = 1> <Delay = 2.15> <IPBlock> <Opcode : 'add' 'sub' 'mul' 'select'> <InPorts = 0> <OutPorts = 1> <Sync> <CReg>
ST_16 : Operation 701 [1/5] (5.41ns)   --->   "%mul_ln21_81 = mul i16 %sext_ln21_41, i16 %sext_ln21_11" [../source/tut3B_Function/matrix_mult.cpp:21]   --->   Operation 701 'mul' 'mul_ln21_81' <Predicate = true> <Delay = 5.41> <CoreInst = "Multiplier">   --->   Core 3 'Multiplier' <Latency = 4> <II = 1> <Delay = 5.41> <FuncUnit> <Opcode : 'mul'> <InPorts = 2> <OutPorts = 1>
ST_16 : Operation 702 [2/3] (1.05ns) (grouped into DSP with root node add_ln21_68)   --->   "%mul_ln21_85 = mul i16 %sext_ln21_40, i16 %sext_ln21_15" [../source/tut3B_Function/matrix_mult.cpp:21]   --->   Operation 702 'mul' 'mul_ln21_85' <Predicate = true> <Delay = 1.05> <CoreInst = "DSP48">   --->   Core 116 'DSP48' <Latency = 3> <II = 1> <Delay = 2.15> <IPBlock> <Opcode : 'add' 'sub' 'mul' 'select'> <InPorts = 0> <OutPorts = 1> <Sync> <CReg>
ST_16 : Operation 703 [1/5] (5.41ns)   --->   "%mul_ln21_86 = mul i16 %sext_ln21_41, i16 %sext_ln21_16" [../source/tut3B_Function/matrix_mult.cpp:21]   --->   Operation 703 'mul' 'mul_ln21_86' <Predicate = true> <Delay = 5.41> <CoreInst = "Multiplier">   --->   Core 3 'Multiplier' <Latency = 4> <II = 1> <Delay = 5.41> <FuncUnit> <Opcode : 'mul'> <InPorts = 2> <OutPorts = 1>
ST_16 : Operation 704 [2/3] (1.05ns) (grouped into DSP with root node add_ln21_72)   --->   "%mul_ln21_90 = mul i16 %sext_ln21_40, i16 %sext_ln21_20" [../source/tut3B_Function/matrix_mult.cpp:21]   --->   Operation 704 'mul' 'mul_ln21_90' <Predicate = true> <Delay = 1.05> <CoreInst = "DSP48">   --->   Core 116 'DSP48' <Latency = 3> <II = 1> <Delay = 2.15> <IPBlock> <Opcode : 'add' 'sub' 'mul' 'select'> <InPorts = 0> <OutPorts = 1> <Sync> <CReg>
ST_16 : Operation 705 [1/5] (5.41ns)   --->   "%mul_ln21_91 = mul i16 %sext_ln21_41, i16 %sext_ln21_21" [../source/tut3B_Function/matrix_mult.cpp:21]   --->   Operation 705 'mul' 'mul_ln21_91' <Predicate = true> <Delay = 5.41> <CoreInst = "Multiplier">   --->   Core 3 'Multiplier' <Latency = 4> <II = 1> <Delay = 5.41> <FuncUnit> <Opcode : 'mul'> <InPorts = 2> <OutPorts = 1>
ST_16 : Operation 706 [3/3] (1.05ns) (grouped into DSP with root node add_ln21_76)   --->   "%mul_ln21_95 = mul i16 %sext_ln21_40, i16 %sext_ln21_25" [../source/tut3B_Function/matrix_mult.cpp:21]   --->   Operation 706 'mul' 'mul_ln21_95' <Predicate = true> <Delay = 1.05> <CoreInst = "DSP48">   --->   Core 116 'DSP48' <Latency = 3> <II = 1> <Delay = 2.15> <IPBlock> <Opcode : 'add' 'sub' 'mul' 'select'> <InPorts = 0> <OutPorts = 1> <Sync> <CReg>
ST_16 : Operation 707 [2/5] (5.41ns)   --->   "%mul_ln21_96 = mul i16 %sext_ln21_41, i16 %sext_ln21_26" [../source/tut3B_Function/matrix_mult.cpp:21]   --->   Operation 707 'mul' 'mul_ln21_96' <Predicate = true> <Delay = 5.41> <CoreInst = "Multiplier">   --->   Core 3 'Multiplier' <Latency = 4> <II = 1> <Delay = 5.41> <FuncUnit> <Opcode : 'mul'> <InPorts = 2> <OutPorts = 1>
ST_16 : Operation 708 [1/1] (0.00ns)   --->   "%sext_ln21_45 = sext i8 %a_load_20" [../source/tut3B_Function/matrix_mult.cpp:21]   --->   Operation 708 'sext' 'sext_ln21_45' <Predicate = true> <Delay = 0.00>
ST_16 : Operation 709 [3/3] (1.05ns) (grouped into DSP with root node add_ln21_80)   --->   "%mul_ln21_100 = mul i16 %sext_ln21_45, i16 %sext_ln21_1" [../source/tut3B_Function/matrix_mult.cpp:21]   --->   Operation 709 'mul' 'mul_ln21_100' <Predicate = true> <Delay = 1.05> <CoreInst = "DSP48">   --->   Core 116 'DSP48' <Latency = 3> <II = 1> <Delay = 2.15> <IPBlock> <Opcode : 'add' 'sub' 'mul' 'select'> <InPorts = 0> <OutPorts = 1> <Sync> <CReg>
ST_16 : Operation 710 [2/5] (5.41ns)   --->   "%mul_ln21_101 = mul i16 %sext_ln21_46, i16 %sext_ln21_3" [../source/tut3B_Function/matrix_mult.cpp:21]   --->   Operation 710 'mul' 'mul_ln21_101' <Predicate = true> <Delay = 5.41> <CoreInst = "Multiplier">   --->   Core 3 'Multiplier' <Latency = 4> <II = 1> <Delay = 5.41> <FuncUnit> <Opcode : 'mul'> <InPorts = 2> <OutPorts = 1>
ST_16 : Operation 711 [3/3] (1.05ns) (grouped into DSP with root node add_ln21_84)   --->   "%mul_ln21_105 = mul i16 %sext_ln21_45, i16 %sext_ln21_10" [../source/tut3B_Function/matrix_mult.cpp:21]   --->   Operation 711 'mul' 'mul_ln21_105' <Predicate = true> <Delay = 1.05> <CoreInst = "DSP48">   --->   Core 116 'DSP48' <Latency = 3> <II = 1> <Delay = 2.15> <IPBlock> <Opcode : 'add' 'sub' 'mul' 'select'> <InPorts = 0> <OutPorts = 1> <Sync> <CReg>
ST_16 : Operation 712 [2/5] (5.41ns)   --->   "%mul_ln21_106 = mul i16 %sext_ln21_46, i16 %sext_ln21_11" [../source/tut3B_Function/matrix_mult.cpp:21]   --->   Operation 712 'mul' 'mul_ln21_106' <Predicate = true> <Delay = 5.41> <CoreInst = "Multiplier">   --->   Core 3 'Multiplier' <Latency = 4> <II = 1> <Delay = 5.41> <FuncUnit> <Opcode : 'mul'> <InPorts = 2> <OutPorts = 1>
ST_16 : Operation 713 [3/3] (1.05ns) (grouped into DSP with root node add_ln21_88)   --->   "%mul_ln21_110 = mul i16 %sext_ln21_45, i16 %sext_ln21_15" [../source/tut3B_Function/matrix_mult.cpp:21]   --->   Operation 713 'mul' 'mul_ln21_110' <Predicate = true> <Delay = 1.05> <CoreInst = "DSP48">   --->   Core 116 'DSP48' <Latency = 3> <II = 1> <Delay = 2.15> <IPBlock> <Opcode : 'add' 'sub' 'mul' 'select'> <InPorts = 0> <OutPorts = 1> <Sync> <CReg>
ST_16 : Operation 714 [2/5] (5.41ns)   --->   "%mul_ln21_111 = mul i16 %sext_ln21_46, i16 %sext_ln21_16" [../source/tut3B_Function/matrix_mult.cpp:21]   --->   Operation 714 'mul' 'mul_ln21_111' <Predicate = true> <Delay = 5.41> <CoreInst = "Multiplier">   --->   Core 3 'Multiplier' <Latency = 4> <II = 1> <Delay = 5.41> <FuncUnit> <Opcode : 'mul'> <InPorts = 2> <OutPorts = 1>
ST_16 : Operation 715 [3/5] (5.41ns)   --->   "%mul_ln21_116 = mul i16 %sext_ln21_46, i16 %sext_ln21_21" [../source/tut3B_Function/matrix_mult.cpp:21]   --->   Operation 715 'mul' 'mul_ln21_116' <Predicate = true> <Delay = 5.41> <CoreInst = "Multiplier">   --->   Core 3 'Multiplier' <Latency = 4> <II = 1> <Delay = 5.41> <FuncUnit> <Opcode : 'mul'> <InPorts = 2> <OutPorts = 1>
ST_16 : Operation 716 [3/5] (5.41ns)   --->   "%mul_ln21_121 = mul i16 %sext_ln21_46, i16 %sext_ln21_26" [../source/tut3B_Function/matrix_mult.cpp:21]   --->   Operation 716 'mul' 'mul_ln21_121' <Predicate = true> <Delay = 5.41> <CoreInst = "Multiplier">   --->   Core 3 'Multiplier' <Latency = 4> <II = 1> <Delay = 5.41> <FuncUnit> <Opcode : 'mul'> <InPorts = 2> <OutPorts = 1>

State 17 <SV = 16> <Delay = 5.41>
ST_17 : Operation 717 [1/1] (0.00ns)   --->   "%prod_addr_2 = getelementptr i16 %prod, i64 0, i64 2" [../source/tut3B_Function/matrix_mult.cpp:21]   --->   Operation 717 'getelementptr' 'prod_addr_2' <Predicate = true> <Delay = 0.00>
ST_17 : Operation 718 [1/1] (0.00ns)   --->   "%prod_addr_3 = getelementptr i16 %prod, i64 0, i64 3" [../source/tut3B_Function/matrix_mult.cpp:21]   --->   Operation 718 'getelementptr' 'prod_addr_3' <Predicate = true> <Delay = 0.00>
ST_17 : Operation 719 [1/1] ( I:0.00ns O:0.00ns )   --->   "%store_ln21 = store i16 %add_ln21_11, i5 %prod_addr_2" [../source/tut3B_Function/matrix_mult.cpp:21]   --->   Operation 719 'store' 'store_ln21' <Predicate = true> <Delay = 0.00> <CoreInst = "RAM">   --->   Core 81 'RAM' <Latency = 0> <II = 1> <Delay = 1.86> <Storage> <Opcode : 'load' 'store'> <Ports = 2> <Width = 16> <Depth = 25> <RAM>
ST_17 : Operation 720 [1/1] (2.07ns)   --->   "%add_ln21_15 = add i16 %add_ln21_14, i16 %add_ln21_12" [../source/tut3B_Function/matrix_mult.cpp:21]   --->   Operation 720 'add' 'add_ln21_15' <Predicate = true> <Delay = 2.07> <CoreInst = "Adder">   --->   Core 1 'Adder' <Latency = 0> <II = 1> <Delay = 2.07> <FuncUnit> <Opcode : 'add' 'sub'> <InPorts = 2> <OutPorts = 1>
ST_17 : Operation 721 [1/1] ( I:0.00ns O:0.00ns )   --->   "%store_ln21 = store i16 %add_ln21_15, i5 %prod_addr_3" [../source/tut3B_Function/matrix_mult.cpp:21]   --->   Operation 721 'store' 'store_ln21' <Predicate = true> <Delay = 0.00> <CoreInst = "RAM">   --->   Core 81 'RAM' <Latency = 0> <II = 1> <Delay = 1.86> <Storage> <Opcode : 'load' 'store'> <Ports = 2> <Width = 16> <Depth = 25> <RAM>
ST_17 : Operation 722 [1/2] (2.10ns) (root node of the DSP)   --->   "%add_ln21_18 = add i16 %add_ln21_17, i16 %mul_ln21_24" [../source/tut3B_Function/matrix_mult.cpp:21]   --->   Operation 722 'add' 'add_ln21_18' <Predicate = true> <Delay = 2.10> <CoreInst = "DSP48">   --->   Core 116 'DSP48' <Latency = 3> <II = 1> <Delay = 2.15> <IPBlock> <Opcode : 'add' 'sub' 'mul' 'select'> <InPorts = 0> <OutPorts = 1> <Sync> <CReg>
ST_17 : Operation 723 [1/2] (2.10ns) (root node of the DSP)   --->   "%add_ln21_22 = add i16 %add_ln21_21, i16 %mul_ln21_29" [../source/tut3B_Function/matrix_mult.cpp:21]   --->   Operation 723 'add' 'add_ln21_22' <Predicate = true> <Delay = 2.10> <CoreInst = "DSP48">   --->   Core 116 'DSP48' <Latency = 3> <II = 1> <Delay = 2.15> <IPBlock> <Opcode : 'add' 'sub' 'mul' 'select'> <InPorts = 0> <OutPorts = 1> <Sync> <CReg>
ST_17 : Operation 724 [1/3] (0.00ns) (grouped into DSP with root node add_ln21_26)   --->   "%mul_ln21_34 = mul i16 %sext_ln21_32, i16 %sext_ln21_12" [../source/tut3B_Function/matrix_mult.cpp:21]   --->   Operation 724 'mul' 'mul_ln21_34' <Predicate = true> <Delay = 0.00> <CoreInst = "DSP48">   --->   Core 116 'DSP48' <Latency = 3> <II = 1> <Delay = 2.15> <IPBlock> <Opcode : 'add' 'sub' 'mul' 'select'> <InPorts = 0> <OutPorts = 1> <Sync> <CReg>
ST_17 : Operation 725 [2/2] (2.10ns) (root node of the DSP)   --->   "%add_ln21_26 = add i16 %add_ln21_25, i16 %mul_ln21_34" [../source/tut3B_Function/matrix_mult.cpp:21]   --->   Operation 725 'add' 'add_ln21_26' <Predicate = true> <Delay = 2.10> <CoreInst = "DSP48">   --->   Core 116 'DSP48' <Latency = 3> <II = 1> <Delay = 2.15> <IPBlock> <Opcode : 'add' 'sub' 'mul' 'select'> <InPorts = 0> <OutPorts = 1> <Sync> <CReg>
ST_17 : Operation 726 [1/3] (0.00ns) (grouped into DSP with root node add_ln21_30)   --->   "%mul_ln21_39 = mul i16 %sext_ln21_32, i16 %sext_ln21_17" [../source/tut3B_Function/matrix_mult.cpp:21]   --->   Operation 726 'mul' 'mul_ln21_39' <Predicate = true> <Delay = 0.00> <CoreInst = "DSP48">   --->   Core 116 'DSP48' <Latency = 3> <II = 1> <Delay = 2.15> <IPBlock> <Opcode : 'add' 'sub' 'mul' 'select'> <InPorts = 0> <OutPorts = 1> <Sync> <CReg>
ST_17 : Operation 727 [2/2] (2.10ns) (root node of the DSP)   --->   "%add_ln21_30 = add i16 %add_ln21_29, i16 %mul_ln21_39" [../source/tut3B_Function/matrix_mult.cpp:21]   --->   Operation 727 'add' 'add_ln21_30' <Predicate = true> <Delay = 2.10> <CoreInst = "DSP48">   --->   Core 116 'DSP48' <Latency = 3> <II = 1> <Delay = 2.15> <IPBlock> <Opcode : 'add' 'sub' 'mul' 'select'> <InPorts = 0> <OutPorts = 1> <Sync> <CReg>
ST_17 : Operation 728 [2/3] (1.05ns) (grouped into DSP with root node add_ln21_34)   --->   "%mul_ln21_44 = mul i16 %sext_ln21_32, i16 %sext_ln21_22" [../source/tut3B_Function/matrix_mult.cpp:21]   --->   Operation 728 'mul' 'mul_ln21_44' <Predicate = true> <Delay = 1.05> <CoreInst = "DSP48">   --->   Core 116 'DSP48' <Latency = 3> <II = 1> <Delay = 2.15> <IPBlock> <Opcode : 'add' 'sub' 'mul' 'select'> <InPorts = 0> <OutPorts = 1> <Sync> <CReg>
ST_17 : Operation 729 [2/3] (1.05ns) (grouped into DSP with root node add_ln21_38)   --->   "%mul_ln21_49 = mul i16 %sext_ln21_32, i16 %sext_ln21_27" [../source/tut3B_Function/matrix_mult.cpp:21]   --->   Operation 729 'mul' 'mul_ln21_49' <Predicate = true> <Delay = 1.05> <CoreInst = "DSP48">   --->   Core 116 'DSP48' <Latency = 3> <II = 1> <Delay = 2.15> <IPBlock> <Opcode : 'add' 'sub' 'mul' 'select'> <InPorts = 0> <OutPorts = 1> <Sync> <CReg>
ST_17 : Operation 730 [1/1] (0.00ns)   --->   "%sext_ln21_37 = sext i8 %a_load_12" [../source/tut3B_Function/matrix_mult.cpp:21]   --->   Operation 730 'sext' 'sext_ln21_37' <Predicate = true> <Delay = 0.00>
ST_17 : Operation 731 [3/3] (1.05ns) (grouped into DSP with root node add_ln21_42)   --->   "%mul_ln21_54 = mul i16 %sext_ln21_37, i16 %sext_ln21_5" [../source/tut3B_Function/matrix_mult.cpp:21]   --->   Operation 731 'mul' 'mul_ln21_54' <Predicate = true> <Delay = 1.05> <CoreInst = "DSP48">   --->   Core 116 'DSP48' <Latency = 3> <II = 1> <Delay = 2.15> <IPBlock> <Opcode : 'add' 'sub' 'mul' 'select'> <InPorts = 0> <OutPorts = 1> <Sync> <CReg>
ST_17 : Operation 732 [3/3] (1.05ns) (grouped into DSP with root node add_ln21_46)   --->   "%mul_ln21_59 = mul i16 %sext_ln21_37, i16 %sext_ln21_12" [../source/tut3B_Function/matrix_mult.cpp:21]   --->   Operation 732 'mul' 'mul_ln21_59' <Predicate = true> <Delay = 1.05> <CoreInst = "DSP48">   --->   Core 116 'DSP48' <Latency = 3> <II = 1> <Delay = 2.15> <IPBlock> <Opcode : 'add' 'sub' 'mul' 'select'> <InPorts = 0> <OutPorts = 1> <Sync> <CReg>
ST_17 : Operation 733 [1/2] (2.10ns) (root node of the DSP)   --->   "%add_ln21_44 = add i16 %mul_ln21_56, i16 %mul_ln21_55" [../source/tut3B_Function/matrix_mult.cpp:21]   --->   Operation 733 'add' 'add_ln21_44' <Predicate = true> <Delay = 2.10> <CoreInst = "DSP48">   --->   Core 116 'DSP48' <Latency = 3> <II = 1> <Delay = 2.15> <IPBlock> <Opcode : 'add' 'sub' 'mul' 'select'> <InPorts = 0> <OutPorts = 1> <Sync> <CReg>
ST_17 : Operation 734 [3/3] (1.05ns) (grouped into DSP with root node add_ln21_50)   --->   "%mul_ln21_64 = mul i16 %sext_ln21_37, i16 %sext_ln21_17" [../source/tut3B_Function/matrix_mult.cpp:21]   --->   Operation 734 'mul' 'mul_ln21_64' <Predicate = true> <Delay = 1.05> <CoreInst = "DSP48">   --->   Core 116 'DSP48' <Latency = 3> <II = 1> <Delay = 2.15> <IPBlock> <Opcode : 'add' 'sub' 'mul' 'select'> <InPorts = 0> <OutPorts = 1> <Sync> <CReg>
ST_17 : Operation 735 [1/2] (2.10ns) (root node of the DSP)   --->   "%add_ln21_48 = add i16 %mul_ln21_61, i16 %mul_ln21_60" [../source/tut3B_Function/matrix_mult.cpp:21]   --->   Operation 735 'add' 'add_ln21_48' <Predicate = true> <Delay = 2.10> <CoreInst = "DSP48">   --->   Core 116 'DSP48' <Latency = 3> <II = 1> <Delay = 2.15> <IPBlock> <Opcode : 'add' 'sub' 'mul' 'select'> <InPorts = 0> <OutPorts = 1> <Sync> <CReg>
ST_17 : Operation 736 [3/3] (1.05ns) (grouped into DSP with root node add_ln21_54)   --->   "%mul_ln21_69 = mul i16 %sext_ln21_37, i16 %sext_ln21_22" [../source/tut3B_Function/matrix_mult.cpp:21]   --->   Operation 736 'mul' 'mul_ln21_69' <Predicate = true> <Delay = 1.05> <CoreInst = "DSP48">   --->   Core 116 'DSP48' <Latency = 3> <II = 1> <Delay = 2.15> <IPBlock> <Opcode : 'add' 'sub' 'mul' 'select'> <InPorts = 0> <OutPorts = 1> <Sync> <CReg>
ST_17 : Operation 737 [1/2] (2.10ns) (root node of the DSP)   --->   "%add_ln21_52 = add i16 %mul_ln21_66, i16 %mul_ln21_65" [../source/tut3B_Function/matrix_mult.cpp:21]   --->   Operation 737 'add' 'add_ln21_52' <Predicate = true> <Delay = 2.10> <CoreInst = "DSP48">   --->   Core 116 'DSP48' <Latency = 3> <II = 1> <Delay = 2.15> <IPBlock> <Opcode : 'add' 'sub' 'mul' 'select'> <InPorts = 0> <OutPorts = 1> <Sync> <CReg>
ST_17 : Operation 738 [1/2] (2.10ns) (root node of the DSP)   --->   "%add_ln21_56 = add i16 %mul_ln21_71, i16 %mul_ln21_70" [../source/tut3B_Function/matrix_mult.cpp:21]   --->   Operation 738 'add' 'add_ln21_56' <Predicate = true> <Delay = 2.10> <CoreInst = "DSP48">   --->   Core 116 'DSP48' <Latency = 3> <II = 1> <Delay = 2.15> <IPBlock> <Opcode : 'add' 'sub' 'mul' 'select'> <InPorts = 0> <OutPorts = 1> <Sync> <CReg>
ST_17 : Operation 739 [1/3] (0.00ns) (grouped into DSP with root node add_ln21_60)   --->   "%mul_ln21_75 = mul i16 %sext_ln21_40, i16 %sext_ln21_1" [../source/tut3B_Function/matrix_mult.cpp:21]   --->   Operation 739 'mul' 'mul_ln21_75' <Predicate = true> <Delay = 0.00> <CoreInst = "DSP48">   --->   Core 116 'DSP48' <Latency = 3> <II = 1> <Delay = 2.15> <IPBlock> <Opcode : 'add' 'sub' 'mul' 'select'> <InPorts = 0> <OutPorts = 1> <Sync> <CReg>
ST_17 : Operation 740 [2/2] (2.10ns) (root node of the DSP)   --->   "%add_ln21_60 = add i16 %mul_ln21_76, i16 %mul_ln21_75" [../source/tut3B_Function/matrix_mult.cpp:21]   --->   Operation 740 'add' 'add_ln21_60' <Predicate = true> <Delay = 2.10> <CoreInst = "DSP48">   --->   Core 116 'DSP48' <Latency = 3> <II = 1> <Delay = 2.15> <IPBlock> <Opcode : 'add' 'sub' 'mul' 'select'> <InPorts = 0> <OutPorts = 1> <Sync> <CReg>
ST_17 : Operation 741 [1/3] (0.00ns) (grouped into DSP with root node add_ln21_64)   --->   "%mul_ln21_80 = mul i16 %sext_ln21_40, i16 %sext_ln21_10" [../source/tut3B_Function/matrix_mult.cpp:21]   --->   Operation 741 'mul' 'mul_ln21_80' <Predicate = true> <Delay = 0.00> <CoreInst = "DSP48">   --->   Core 116 'DSP48' <Latency = 3> <II = 1> <Delay = 2.15> <IPBlock> <Opcode : 'add' 'sub' 'mul' 'select'> <InPorts = 0> <OutPorts = 1> <Sync> <CReg>
ST_17 : Operation 742 [2/2] (2.10ns) (root node of the DSP)   --->   "%add_ln21_64 = add i16 %mul_ln21_81, i16 %mul_ln21_80" [../source/tut3B_Function/matrix_mult.cpp:21]   --->   Operation 742 'add' 'add_ln21_64' <Predicate = true> <Delay = 2.10> <CoreInst = "DSP48">   --->   Core 116 'DSP48' <Latency = 3> <II = 1> <Delay = 2.15> <IPBlock> <Opcode : 'add' 'sub' 'mul' 'select'> <InPorts = 0> <OutPorts = 1> <Sync> <CReg>
ST_17 : Operation 743 [1/3] (0.00ns) (grouped into DSP with root node add_ln21_68)   --->   "%mul_ln21_85 = mul i16 %sext_ln21_40, i16 %sext_ln21_15" [../source/tut3B_Function/matrix_mult.cpp:21]   --->   Operation 743 'mul' 'mul_ln21_85' <Predicate = true> <Delay = 0.00> <CoreInst = "DSP48">   --->   Core 116 'DSP48' <Latency = 3> <II = 1> <Delay = 2.15> <IPBlock> <Opcode : 'add' 'sub' 'mul' 'select'> <InPorts = 0> <OutPorts = 1> <Sync> <CReg>
ST_17 : Operation 744 [2/2] (2.10ns) (root node of the DSP)   --->   "%add_ln21_68 = add i16 %mul_ln21_86, i16 %mul_ln21_85" [../source/tut3B_Function/matrix_mult.cpp:21]   --->   Operation 744 'add' 'add_ln21_68' <Predicate = true> <Delay = 2.10> <CoreInst = "DSP48">   --->   Core 116 'DSP48' <Latency = 3> <II = 1> <Delay = 2.15> <IPBlock> <Opcode : 'add' 'sub' 'mul' 'select'> <InPorts = 0> <OutPorts = 1> <Sync> <CReg>
ST_17 : Operation 745 [1/3] (0.00ns) (grouped into DSP with root node add_ln21_72)   --->   "%mul_ln21_90 = mul i16 %sext_ln21_40, i16 %sext_ln21_20" [../source/tut3B_Function/matrix_mult.cpp:21]   --->   Operation 745 'mul' 'mul_ln21_90' <Predicate = true> <Delay = 0.00> <CoreInst = "DSP48">   --->   Core 116 'DSP48' <Latency = 3> <II = 1> <Delay = 2.15> <IPBlock> <Opcode : 'add' 'sub' 'mul' 'select'> <InPorts = 0> <OutPorts = 1> <Sync> <CReg>
ST_17 : Operation 746 [2/2] (2.10ns) (root node of the DSP)   --->   "%add_ln21_72 = add i16 %mul_ln21_91, i16 %mul_ln21_90" [../source/tut3B_Function/matrix_mult.cpp:21]   --->   Operation 746 'add' 'add_ln21_72' <Predicate = true> <Delay = 2.10> <CoreInst = "DSP48">   --->   Core 116 'DSP48' <Latency = 3> <II = 1> <Delay = 2.15> <IPBlock> <Opcode : 'add' 'sub' 'mul' 'select'> <InPorts = 0> <OutPorts = 1> <Sync> <CReg>
ST_17 : Operation 747 [2/3] (1.05ns) (grouped into DSP with root node add_ln21_76)   --->   "%mul_ln21_95 = mul i16 %sext_ln21_40, i16 %sext_ln21_25" [../source/tut3B_Function/matrix_mult.cpp:21]   --->   Operation 747 'mul' 'mul_ln21_95' <Predicate = true> <Delay = 1.05> <CoreInst = "DSP48">   --->   Core 116 'DSP48' <Latency = 3> <II = 1> <Delay = 2.15> <IPBlock> <Opcode : 'add' 'sub' 'mul' 'select'> <InPorts = 0> <OutPorts = 1> <Sync> <CReg>
ST_17 : Operation 748 [1/5] (5.41ns)   --->   "%mul_ln21_96 = mul i16 %sext_ln21_41, i16 %sext_ln21_26" [../source/tut3B_Function/matrix_mult.cpp:21]   --->   Operation 748 'mul' 'mul_ln21_96' <Predicate = true> <Delay = 5.41> <CoreInst = "Multiplier">   --->   Core 3 'Multiplier' <Latency = 4> <II = 1> <Delay = 5.41> <FuncUnit> <Opcode : 'mul'> <InPorts = 2> <OutPorts = 1>
ST_17 : Operation 749 [2/3] (1.05ns) (grouped into DSP with root node add_ln21_80)   --->   "%mul_ln21_100 = mul i16 %sext_ln21_45, i16 %sext_ln21_1" [../source/tut3B_Function/matrix_mult.cpp:21]   --->   Operation 749 'mul' 'mul_ln21_100' <Predicate = true> <Delay = 1.05> <CoreInst = "DSP48">   --->   Core 116 'DSP48' <Latency = 3> <II = 1> <Delay = 2.15> <IPBlock> <Opcode : 'add' 'sub' 'mul' 'select'> <InPorts = 0> <OutPorts = 1> <Sync> <CReg>
ST_17 : Operation 750 [1/5] (5.41ns)   --->   "%mul_ln21_101 = mul i16 %sext_ln21_46, i16 %sext_ln21_3" [../source/tut3B_Function/matrix_mult.cpp:21]   --->   Operation 750 'mul' 'mul_ln21_101' <Predicate = true> <Delay = 5.41> <CoreInst = "Multiplier">   --->   Core 3 'Multiplier' <Latency = 4> <II = 1> <Delay = 5.41> <FuncUnit> <Opcode : 'mul'> <InPorts = 2> <OutPorts = 1>
ST_17 : Operation 751 [2/3] (1.05ns) (grouped into DSP with root node add_ln21_84)   --->   "%mul_ln21_105 = mul i16 %sext_ln21_45, i16 %sext_ln21_10" [../source/tut3B_Function/matrix_mult.cpp:21]   --->   Operation 751 'mul' 'mul_ln21_105' <Predicate = true> <Delay = 1.05> <CoreInst = "DSP48">   --->   Core 116 'DSP48' <Latency = 3> <II = 1> <Delay = 2.15> <IPBlock> <Opcode : 'add' 'sub' 'mul' 'select'> <InPorts = 0> <OutPorts = 1> <Sync> <CReg>
ST_17 : Operation 752 [1/5] (5.41ns)   --->   "%mul_ln21_106 = mul i16 %sext_ln21_46, i16 %sext_ln21_11" [../source/tut3B_Function/matrix_mult.cpp:21]   --->   Operation 752 'mul' 'mul_ln21_106' <Predicate = true> <Delay = 5.41> <CoreInst = "Multiplier">   --->   Core 3 'Multiplier' <Latency = 4> <II = 1> <Delay = 5.41> <FuncUnit> <Opcode : 'mul'> <InPorts = 2> <OutPorts = 1>
ST_17 : Operation 753 [2/3] (1.05ns) (grouped into DSP with root node add_ln21_88)   --->   "%mul_ln21_110 = mul i16 %sext_ln21_45, i16 %sext_ln21_15" [../source/tut3B_Function/matrix_mult.cpp:21]   --->   Operation 753 'mul' 'mul_ln21_110' <Predicate = true> <Delay = 1.05> <CoreInst = "DSP48">   --->   Core 116 'DSP48' <Latency = 3> <II = 1> <Delay = 2.15> <IPBlock> <Opcode : 'add' 'sub' 'mul' 'select'> <InPorts = 0> <OutPorts = 1> <Sync> <CReg>
ST_17 : Operation 754 [1/5] (5.41ns)   --->   "%mul_ln21_111 = mul i16 %sext_ln21_46, i16 %sext_ln21_16" [../source/tut3B_Function/matrix_mult.cpp:21]   --->   Operation 754 'mul' 'mul_ln21_111' <Predicate = true> <Delay = 5.41> <CoreInst = "Multiplier">   --->   Core 3 'Multiplier' <Latency = 4> <II = 1> <Delay = 5.41> <FuncUnit> <Opcode : 'mul'> <InPorts = 2> <OutPorts = 1>
ST_17 : Operation 755 [3/3] (1.05ns) (grouped into DSP with root node add_ln21_92)   --->   "%mul_ln21_115 = mul i16 %sext_ln21_45, i16 %sext_ln21_20" [../source/tut3B_Function/matrix_mult.cpp:21]   --->   Operation 755 'mul' 'mul_ln21_115' <Predicate = true> <Delay = 1.05> <CoreInst = "DSP48">   --->   Core 116 'DSP48' <Latency = 3> <II = 1> <Delay = 2.15> <IPBlock> <Opcode : 'add' 'sub' 'mul' 'select'> <InPorts = 0> <OutPorts = 1> <Sync> <CReg>
ST_17 : Operation 756 [2/5] (5.41ns)   --->   "%mul_ln21_116 = mul i16 %sext_ln21_46, i16 %sext_ln21_21" [../source/tut3B_Function/matrix_mult.cpp:21]   --->   Operation 756 'mul' 'mul_ln21_116' <Predicate = true> <Delay = 5.41> <CoreInst = "Multiplier">   --->   Core 3 'Multiplier' <Latency = 4> <II = 1> <Delay = 5.41> <FuncUnit> <Opcode : 'mul'> <InPorts = 2> <OutPorts = 1>
ST_17 : Operation 757 [3/3] (1.05ns) (grouped into DSP with root node add_ln21_96)   --->   "%mul_ln21_120 = mul i16 %sext_ln21_45, i16 %sext_ln21_25" [../source/tut3B_Function/matrix_mult.cpp:21]   --->   Operation 757 'mul' 'mul_ln21_120' <Predicate = true> <Delay = 1.05> <CoreInst = "DSP48">   --->   Core 116 'DSP48' <Latency = 3> <II = 1> <Delay = 2.15> <IPBlock> <Opcode : 'add' 'sub' 'mul' 'select'> <InPorts = 0> <OutPorts = 1> <Sync> <CReg>
ST_17 : Operation 758 [2/5] (5.41ns)   --->   "%mul_ln21_121 = mul i16 %sext_ln21_46, i16 %sext_ln21_26" [../source/tut3B_Function/matrix_mult.cpp:21]   --->   Operation 758 'mul' 'mul_ln21_121' <Predicate = true> <Delay = 5.41> <CoreInst = "Multiplier">   --->   Core 3 'Multiplier' <Latency = 4> <II = 1> <Delay = 5.41> <FuncUnit> <Opcode : 'mul'> <InPorts = 2> <OutPorts = 1>

State 18 <SV = 17> <Delay = 5.41>
ST_18 : Operation 759 [1/1] (0.00ns)   --->   "%prod_addr_4 = getelementptr i16 %prod, i64 0, i64 4" [../source/tut3B_Function/matrix_mult.cpp:21]   --->   Operation 759 'getelementptr' 'prod_addr_4' <Predicate = true> <Delay = 0.00>
ST_18 : Operation 760 [1/1] (0.00ns)   --->   "%prod_addr_5 = getelementptr i16 %prod, i64 0, i64 5" [../source/tut3B_Function/matrix_mult.cpp:21]   --->   Operation 760 'getelementptr' 'prod_addr_5' <Predicate = true> <Delay = 0.00>
ST_18 : Operation 761 [1/1] (2.07ns)   --->   "%add_ln21_19 = add i16 %add_ln21_18, i16 %add_ln21_16" [../source/tut3B_Function/matrix_mult.cpp:21]   --->   Operation 761 'add' 'add_ln21_19' <Predicate = true> <Delay = 2.07> <CoreInst = "Adder">   --->   Core 1 'Adder' <Latency = 0> <II = 1> <Delay = 2.07> <FuncUnit> <Opcode : 'add' 'sub'> <InPorts = 2> <OutPorts = 1>
ST_18 : Operation 762 [1/1] ( I:0.00ns O:0.00ns )   --->   "%store_ln21 = store i16 %add_ln21_19, i5 %prod_addr_4" [../source/tut3B_Function/matrix_mult.cpp:21]   --->   Operation 762 'store' 'store_ln21' <Predicate = true> <Delay = 0.00> <CoreInst = "RAM">   --->   Core 81 'RAM' <Latency = 0> <II = 1> <Delay = 1.86> <Storage> <Opcode : 'load' 'store'> <Ports = 2> <Width = 16> <Depth = 25> <RAM>
ST_18 : Operation 763 [1/1] (2.07ns)   --->   "%add_ln21_23 = add i16 %add_ln21_22, i16 %add_ln21_20" [../source/tut3B_Function/matrix_mult.cpp:21]   --->   Operation 763 'add' 'add_ln21_23' <Predicate = true> <Delay = 2.07> <CoreInst = "Adder">   --->   Core 1 'Adder' <Latency = 0> <II = 1> <Delay = 2.07> <FuncUnit> <Opcode : 'add' 'sub'> <InPorts = 2> <OutPorts = 1>
ST_18 : Operation 764 [1/1] ( I:0.00ns O:0.00ns )   --->   "%store_ln21 = store i16 %add_ln21_23, i5 %prod_addr_5" [../source/tut3B_Function/matrix_mult.cpp:21]   --->   Operation 764 'store' 'store_ln21' <Predicate = true> <Delay = 0.00> <CoreInst = "RAM">   --->   Core 81 'RAM' <Latency = 0> <II = 1> <Delay = 1.86> <Storage> <Opcode : 'load' 'store'> <Ports = 2> <Width = 16> <Depth = 25> <RAM>
ST_18 : Operation 765 [1/2] (2.10ns) (root node of the DSP)   --->   "%add_ln21_26 = add i16 %add_ln21_25, i16 %mul_ln21_34" [../source/tut3B_Function/matrix_mult.cpp:21]   --->   Operation 765 'add' 'add_ln21_26' <Predicate = true> <Delay = 2.10> <CoreInst = "DSP48">   --->   Core 116 'DSP48' <Latency = 3> <II = 1> <Delay = 2.15> <IPBlock> <Opcode : 'add' 'sub' 'mul' 'select'> <InPorts = 0> <OutPorts = 1> <Sync> <CReg>
ST_18 : Operation 766 [1/2] (2.10ns) (root node of the DSP)   --->   "%add_ln21_30 = add i16 %add_ln21_29, i16 %mul_ln21_39" [../source/tut3B_Function/matrix_mult.cpp:21]   --->   Operation 766 'add' 'add_ln21_30' <Predicate = true> <Delay = 2.10> <CoreInst = "DSP48">   --->   Core 116 'DSP48' <Latency = 3> <II = 1> <Delay = 2.15> <IPBlock> <Opcode : 'add' 'sub' 'mul' 'select'> <InPorts = 0> <OutPorts = 1> <Sync> <CReg>
ST_18 : Operation 767 [1/3] (0.00ns) (grouped into DSP with root node add_ln21_34)   --->   "%mul_ln21_44 = mul i16 %sext_ln21_32, i16 %sext_ln21_22" [../source/tut3B_Function/matrix_mult.cpp:21]   --->   Operation 767 'mul' 'mul_ln21_44' <Predicate = true> <Delay = 0.00> <CoreInst = "DSP48">   --->   Core 116 'DSP48' <Latency = 3> <II = 1> <Delay = 2.15> <IPBlock> <Opcode : 'add' 'sub' 'mul' 'select'> <InPorts = 0> <OutPorts = 1> <Sync> <CReg>
ST_18 : Operation 768 [2/2] (2.10ns) (root node of the DSP)   --->   "%add_ln21_34 = add i16 %add_ln21_33, i16 %mul_ln21_44" [../source/tut3B_Function/matrix_mult.cpp:21]   --->   Operation 768 'add' 'add_ln21_34' <Predicate = true> <Delay = 2.10> <CoreInst = "DSP48">   --->   Core 116 'DSP48' <Latency = 3> <II = 1> <Delay = 2.15> <IPBlock> <Opcode : 'add' 'sub' 'mul' 'select'> <InPorts = 0> <OutPorts = 1> <Sync> <CReg>
ST_18 : Operation 769 [1/3] (0.00ns) (grouped into DSP with root node add_ln21_38)   --->   "%mul_ln21_49 = mul i16 %sext_ln21_32, i16 %sext_ln21_27" [../source/tut3B_Function/matrix_mult.cpp:21]   --->   Operation 769 'mul' 'mul_ln21_49' <Predicate = true> <Delay = 0.00> <CoreInst = "DSP48">   --->   Core 116 'DSP48' <Latency = 3> <II = 1> <Delay = 2.15> <IPBlock> <Opcode : 'add' 'sub' 'mul' 'select'> <InPorts = 0> <OutPorts = 1> <Sync> <CReg>
ST_18 : Operation 770 [2/2] (2.10ns) (root node of the DSP)   --->   "%add_ln21_38 = add i16 %add_ln21_37, i16 %mul_ln21_49" [../source/tut3B_Function/matrix_mult.cpp:21]   --->   Operation 770 'add' 'add_ln21_38' <Predicate = true> <Delay = 2.10> <CoreInst = "DSP48">   --->   Core 116 'DSP48' <Latency = 3> <II = 1> <Delay = 2.15> <IPBlock> <Opcode : 'add' 'sub' 'mul' 'select'> <InPorts = 0> <OutPorts = 1> <Sync> <CReg>
ST_18 : Operation 771 [2/3] (1.05ns) (grouped into DSP with root node add_ln21_42)   --->   "%mul_ln21_54 = mul i16 %sext_ln21_37, i16 %sext_ln21_5" [../source/tut3B_Function/matrix_mult.cpp:21]   --->   Operation 771 'mul' 'mul_ln21_54' <Predicate = true> <Delay = 1.05> <CoreInst = "DSP48">   --->   Core 116 'DSP48' <Latency = 3> <II = 1> <Delay = 2.15> <IPBlock> <Opcode : 'add' 'sub' 'mul' 'select'> <InPorts = 0> <OutPorts = 1> <Sync> <CReg>
ST_18 : Operation 772 [2/3] (1.05ns) (grouped into DSP with root node add_ln21_46)   --->   "%mul_ln21_59 = mul i16 %sext_ln21_37, i16 %sext_ln21_12" [../source/tut3B_Function/matrix_mult.cpp:21]   --->   Operation 772 'mul' 'mul_ln21_59' <Predicate = true> <Delay = 1.05> <CoreInst = "DSP48">   --->   Core 116 'DSP48' <Latency = 3> <II = 1> <Delay = 2.15> <IPBlock> <Opcode : 'add' 'sub' 'mul' 'select'> <InPorts = 0> <OutPorts = 1> <Sync> <CReg>
ST_18 : Operation 773 [2/3] (1.05ns) (grouped into DSP with root node add_ln21_50)   --->   "%mul_ln21_64 = mul i16 %sext_ln21_37, i16 %sext_ln21_17" [../source/tut3B_Function/matrix_mult.cpp:21]   --->   Operation 773 'mul' 'mul_ln21_64' <Predicate = true> <Delay = 1.05> <CoreInst = "DSP48">   --->   Core 116 'DSP48' <Latency = 3> <II = 1> <Delay = 2.15> <IPBlock> <Opcode : 'add' 'sub' 'mul' 'select'> <InPorts = 0> <OutPorts = 1> <Sync> <CReg>
ST_18 : Operation 774 [2/3] (1.05ns) (grouped into DSP with root node add_ln21_54)   --->   "%mul_ln21_69 = mul i16 %sext_ln21_37, i16 %sext_ln21_22" [../source/tut3B_Function/matrix_mult.cpp:21]   --->   Operation 774 'mul' 'mul_ln21_69' <Predicate = true> <Delay = 1.05> <CoreInst = "DSP48">   --->   Core 116 'DSP48' <Latency = 3> <II = 1> <Delay = 2.15> <IPBlock> <Opcode : 'add' 'sub' 'mul' 'select'> <InPorts = 0> <OutPorts = 1> <Sync> <CReg>
ST_18 : Operation 775 [3/3] (1.05ns) (grouped into DSP with root node add_ln21_58)   --->   "%mul_ln21_74 = mul i16 %sext_ln21_37, i16 %sext_ln21_27" [../source/tut3B_Function/matrix_mult.cpp:21]   --->   Operation 775 'mul' 'mul_ln21_74' <Predicate = true> <Delay = 1.05> <CoreInst = "DSP48">   --->   Core 116 'DSP48' <Latency = 3> <II = 1> <Delay = 2.15> <IPBlock> <Opcode : 'add' 'sub' 'mul' 'select'> <InPorts = 0> <OutPorts = 1> <Sync> <CReg>
ST_18 : Operation 776 [1/1] (0.00ns)   --->   "%sext_ln21_42 = sext i8 %a_load_17" [../source/tut3B_Function/matrix_mult.cpp:21]   --->   Operation 776 'sext' 'sext_ln21_42' <Predicate = true> <Delay = 0.00>
ST_18 : Operation 777 [3/3] (1.05ns) (grouped into DSP with root node add_ln21_62)   --->   "%mul_ln21_79 = mul i16 %sext_ln21_42, i16 %sext_ln21_5" [../source/tut3B_Function/matrix_mult.cpp:21]   --->   Operation 777 'mul' 'mul_ln21_79' <Predicate = true> <Delay = 1.05> <CoreInst = "DSP48">   --->   Core 116 'DSP48' <Latency = 3> <II = 1> <Delay = 2.15> <IPBlock> <Opcode : 'add' 'sub' 'mul' 'select'> <InPorts = 0> <OutPorts = 1> <Sync> <CReg>
ST_18 : Operation 778 [1/2] (2.10ns) (root node of the DSP)   --->   "%add_ln21_60 = add i16 %mul_ln21_76, i16 %mul_ln21_75" [../source/tut3B_Function/matrix_mult.cpp:21]   --->   Operation 778 'add' 'add_ln21_60' <Predicate = true> <Delay = 2.10> <CoreInst = "DSP48">   --->   Core 116 'DSP48' <Latency = 3> <II = 1> <Delay = 2.15> <IPBlock> <Opcode : 'add' 'sub' 'mul' 'select'> <InPorts = 0> <OutPorts = 1> <Sync> <CReg>
ST_18 : Operation 779 [3/3] (1.05ns) (grouped into DSP with root node add_ln21_66)   --->   "%mul_ln21_84 = mul i16 %sext_ln21_42, i16 %sext_ln21_12" [../source/tut3B_Function/matrix_mult.cpp:21]   --->   Operation 779 'mul' 'mul_ln21_84' <Predicate = true> <Delay = 1.05> <CoreInst = "DSP48">   --->   Core 116 'DSP48' <Latency = 3> <II = 1> <Delay = 2.15> <IPBlock> <Opcode : 'add' 'sub' 'mul' 'select'> <InPorts = 0> <OutPorts = 1> <Sync> <CReg>
ST_18 : Operation 780 [1/2] (2.10ns) (root node of the DSP)   --->   "%add_ln21_64 = add i16 %mul_ln21_81, i16 %mul_ln21_80" [../source/tut3B_Function/matrix_mult.cpp:21]   --->   Operation 780 'add' 'add_ln21_64' <Predicate = true> <Delay = 2.10> <CoreInst = "DSP48">   --->   Core 116 'DSP48' <Latency = 3> <II = 1> <Delay = 2.15> <IPBlock> <Opcode : 'add' 'sub' 'mul' 'select'> <InPorts = 0> <OutPorts = 1> <Sync> <CReg>
ST_18 : Operation 781 [3/3] (1.05ns) (grouped into DSP with root node add_ln21_70)   --->   "%mul_ln21_89 = mul i16 %sext_ln21_42, i16 %sext_ln21_17" [../source/tut3B_Function/matrix_mult.cpp:21]   --->   Operation 781 'mul' 'mul_ln21_89' <Predicate = true> <Delay = 1.05> <CoreInst = "DSP48">   --->   Core 116 'DSP48' <Latency = 3> <II = 1> <Delay = 2.15> <IPBlock> <Opcode : 'add' 'sub' 'mul' 'select'> <InPorts = 0> <OutPorts = 1> <Sync> <CReg>
ST_18 : Operation 782 [1/2] (2.10ns) (root node of the DSP)   --->   "%add_ln21_68 = add i16 %mul_ln21_86, i16 %mul_ln21_85" [../source/tut3B_Function/matrix_mult.cpp:21]   --->   Operation 782 'add' 'add_ln21_68' <Predicate = true> <Delay = 2.10> <CoreInst = "DSP48">   --->   Core 116 'DSP48' <Latency = 3> <II = 1> <Delay = 2.15> <IPBlock> <Opcode : 'add' 'sub' 'mul' 'select'> <InPorts = 0> <OutPorts = 1> <Sync> <CReg>
ST_18 : Operation 783 [3/3] (1.05ns) (grouped into DSP with root node add_ln21_74)   --->   "%mul_ln21_94 = mul i16 %sext_ln21_42, i16 %sext_ln21_22" [../source/tut3B_Function/matrix_mult.cpp:21]   --->   Operation 783 'mul' 'mul_ln21_94' <Predicate = true> <Delay = 1.05> <CoreInst = "DSP48">   --->   Core 116 'DSP48' <Latency = 3> <II = 1> <Delay = 2.15> <IPBlock> <Opcode : 'add' 'sub' 'mul' 'select'> <InPorts = 0> <OutPorts = 1> <Sync> <CReg>
ST_18 : Operation 784 [1/2] (2.10ns) (root node of the DSP)   --->   "%add_ln21_72 = add i16 %mul_ln21_91, i16 %mul_ln21_90" [../source/tut3B_Function/matrix_mult.cpp:21]   --->   Operation 784 'add' 'add_ln21_72' <Predicate = true> <Delay = 2.10> <CoreInst = "DSP48">   --->   Core 116 'DSP48' <Latency = 3> <II = 1> <Delay = 2.15> <IPBlock> <Opcode : 'add' 'sub' 'mul' 'select'> <InPorts = 0> <OutPorts = 1> <Sync> <CReg>
ST_18 : Operation 785 [1/3] (0.00ns) (grouped into DSP with root node add_ln21_76)   --->   "%mul_ln21_95 = mul i16 %sext_ln21_40, i16 %sext_ln21_25" [../source/tut3B_Function/matrix_mult.cpp:21]   --->   Operation 785 'mul' 'mul_ln21_95' <Predicate = true> <Delay = 0.00> <CoreInst = "DSP48">   --->   Core 116 'DSP48' <Latency = 3> <II = 1> <Delay = 2.15> <IPBlock> <Opcode : 'add' 'sub' 'mul' 'select'> <InPorts = 0> <OutPorts = 1> <Sync> <CReg>
ST_18 : Operation 786 [3/3] (1.05ns) (grouped into DSP with root node add_ln21_78)   --->   "%mul_ln21_99 = mul i16 %sext_ln21_42, i16 %sext_ln21_27" [../source/tut3B_Function/matrix_mult.cpp:21]   --->   Operation 786 'mul' 'mul_ln21_99' <Predicate = true> <Delay = 1.05> <CoreInst = "DSP48">   --->   Core 116 'DSP48' <Latency = 3> <II = 1> <Delay = 2.15> <IPBlock> <Opcode : 'add' 'sub' 'mul' 'select'> <InPorts = 0> <OutPorts = 1> <Sync> <CReg>
ST_18 : Operation 787 [2/2] (2.10ns) (root node of the DSP)   --->   "%add_ln21_76 = add i16 %mul_ln21_96, i16 %mul_ln21_95" [../source/tut3B_Function/matrix_mult.cpp:21]   --->   Operation 787 'add' 'add_ln21_76' <Predicate = true> <Delay = 2.10> <CoreInst = "DSP48">   --->   Core 116 'DSP48' <Latency = 3> <II = 1> <Delay = 2.15> <IPBlock> <Opcode : 'add' 'sub' 'mul' 'select'> <InPorts = 0> <OutPorts = 1> <Sync> <CReg>
ST_18 : Operation 788 [1/3] (0.00ns) (grouped into DSP with root node add_ln21_80)   --->   "%mul_ln21_100 = mul i16 %sext_ln21_45, i16 %sext_ln21_1" [../source/tut3B_Function/matrix_mult.cpp:21]   --->   Operation 788 'mul' 'mul_ln21_100' <Predicate = true> <Delay = 0.00> <CoreInst = "DSP48">   --->   Core 116 'DSP48' <Latency = 3> <II = 1> <Delay = 2.15> <IPBlock> <Opcode : 'add' 'sub' 'mul' 'select'> <InPorts = 0> <OutPorts = 1> <Sync> <CReg>
ST_18 : Operation 789 [2/2] (2.10ns) (root node of the DSP)   --->   "%add_ln21_80 = add i16 %mul_ln21_101, i16 %mul_ln21_100" [../source/tut3B_Function/matrix_mult.cpp:21]   --->   Operation 789 'add' 'add_ln21_80' <Predicate = true> <Delay = 2.10> <CoreInst = "DSP48">   --->   Core 116 'DSP48' <Latency = 3> <II = 1> <Delay = 2.15> <IPBlock> <Opcode : 'add' 'sub' 'mul' 'select'> <InPorts = 0> <OutPorts = 1> <Sync> <CReg>
ST_18 : Operation 790 [1/3] (0.00ns) (grouped into DSP with root node add_ln21_84)   --->   "%mul_ln21_105 = mul i16 %sext_ln21_45, i16 %sext_ln21_10" [../source/tut3B_Function/matrix_mult.cpp:21]   --->   Operation 790 'mul' 'mul_ln21_105' <Predicate = true> <Delay = 0.00> <CoreInst = "DSP48">   --->   Core 116 'DSP48' <Latency = 3> <II = 1> <Delay = 2.15> <IPBlock> <Opcode : 'add' 'sub' 'mul' 'select'> <InPorts = 0> <OutPorts = 1> <Sync> <CReg>
ST_18 : Operation 791 [2/2] (2.10ns) (root node of the DSP)   --->   "%add_ln21_84 = add i16 %mul_ln21_106, i16 %mul_ln21_105" [../source/tut3B_Function/matrix_mult.cpp:21]   --->   Operation 791 'add' 'add_ln21_84' <Predicate = true> <Delay = 2.10> <CoreInst = "DSP48">   --->   Core 116 'DSP48' <Latency = 3> <II = 1> <Delay = 2.15> <IPBlock> <Opcode : 'add' 'sub' 'mul' 'select'> <InPorts = 0> <OutPorts = 1> <Sync> <CReg>
ST_18 : Operation 792 [1/3] (0.00ns) (grouped into DSP with root node add_ln21_88)   --->   "%mul_ln21_110 = mul i16 %sext_ln21_45, i16 %sext_ln21_15" [../source/tut3B_Function/matrix_mult.cpp:21]   --->   Operation 792 'mul' 'mul_ln21_110' <Predicate = true> <Delay = 0.00> <CoreInst = "DSP48">   --->   Core 116 'DSP48' <Latency = 3> <II = 1> <Delay = 2.15> <IPBlock> <Opcode : 'add' 'sub' 'mul' 'select'> <InPorts = 0> <OutPorts = 1> <Sync> <CReg>
ST_18 : Operation 793 [2/2] (2.10ns) (root node of the DSP)   --->   "%add_ln21_88 = add i16 %mul_ln21_111, i16 %mul_ln21_110" [../source/tut3B_Function/matrix_mult.cpp:21]   --->   Operation 793 'add' 'add_ln21_88' <Predicate = true> <Delay = 2.10> <CoreInst = "DSP48">   --->   Core 116 'DSP48' <Latency = 3> <II = 1> <Delay = 2.15> <IPBlock> <Opcode : 'add' 'sub' 'mul' 'select'> <InPorts = 0> <OutPorts = 1> <Sync> <CReg>
ST_18 : Operation 794 [2/3] (1.05ns) (grouped into DSP with root node add_ln21_92)   --->   "%mul_ln21_115 = mul i16 %sext_ln21_45, i16 %sext_ln21_20" [../source/tut3B_Function/matrix_mult.cpp:21]   --->   Operation 794 'mul' 'mul_ln21_115' <Predicate = true> <Delay = 1.05> <CoreInst = "DSP48">   --->   Core 116 'DSP48' <Latency = 3> <II = 1> <Delay = 2.15> <IPBlock> <Opcode : 'add' 'sub' 'mul' 'select'> <InPorts = 0> <OutPorts = 1> <Sync> <CReg>
ST_18 : Operation 795 [1/5] (5.41ns)   --->   "%mul_ln21_116 = mul i16 %sext_ln21_46, i16 %sext_ln21_21" [../source/tut3B_Function/matrix_mult.cpp:21]   --->   Operation 795 'mul' 'mul_ln21_116' <Predicate = true> <Delay = 5.41> <CoreInst = "Multiplier">   --->   Core 3 'Multiplier' <Latency = 4> <II = 1> <Delay = 5.41> <FuncUnit> <Opcode : 'mul'> <InPorts = 2> <OutPorts = 1>
ST_18 : Operation 796 [2/3] (1.05ns) (grouped into DSP with root node add_ln21_96)   --->   "%mul_ln21_120 = mul i16 %sext_ln21_45, i16 %sext_ln21_25" [../source/tut3B_Function/matrix_mult.cpp:21]   --->   Operation 796 'mul' 'mul_ln21_120' <Predicate = true> <Delay = 1.05> <CoreInst = "DSP48">   --->   Core 116 'DSP48' <Latency = 3> <II = 1> <Delay = 2.15> <IPBlock> <Opcode : 'add' 'sub' 'mul' 'select'> <InPorts = 0> <OutPorts = 1> <Sync> <CReg>
ST_18 : Operation 797 [1/5] (5.41ns)   --->   "%mul_ln21_121 = mul i16 %sext_ln21_46, i16 %sext_ln21_26" [../source/tut3B_Function/matrix_mult.cpp:21]   --->   Operation 797 'mul' 'mul_ln21_121' <Predicate = true> <Delay = 5.41> <CoreInst = "Multiplier">   --->   Core 3 'Multiplier' <Latency = 4> <II = 1> <Delay = 5.41> <FuncUnit> <Opcode : 'mul'> <InPorts = 2> <OutPorts = 1>

State 19 <SV = 18> <Delay = 2.10>
ST_19 : Operation 798 [1/1] (0.00ns)   --->   "%prod_addr_6 = getelementptr i16 %prod, i64 0, i64 6" [../source/tut3B_Function/matrix_mult.cpp:21]   --->   Operation 798 'getelementptr' 'prod_addr_6' <Predicate = true> <Delay = 0.00>
ST_19 : Operation 799 [1/1] (0.00ns)   --->   "%prod_addr_7 = getelementptr i16 %prod, i64 0, i64 7" [../source/tut3B_Function/matrix_mult.cpp:21]   --->   Operation 799 'getelementptr' 'prod_addr_7' <Predicate = true> <Delay = 0.00>
ST_19 : Operation 800 [1/1] (2.07ns)   --->   "%add_ln21_27 = add i16 %add_ln21_26, i16 %add_ln21_24" [../source/tut3B_Function/matrix_mult.cpp:21]   --->   Operation 800 'add' 'add_ln21_27' <Predicate = true> <Delay = 2.07> <CoreInst = "Adder">   --->   Core 1 'Adder' <Latency = 0> <II = 1> <Delay = 2.07> <FuncUnit> <Opcode : 'add' 'sub'> <InPorts = 2> <OutPorts = 1>
ST_19 : Operation 801 [1/1] ( I:0.00ns O:0.00ns )   --->   "%store_ln21 = store i16 %add_ln21_27, i5 %prod_addr_6" [../source/tut3B_Function/matrix_mult.cpp:21]   --->   Operation 801 'store' 'store_ln21' <Predicate = true> <Delay = 0.00> <CoreInst = "RAM">   --->   Core 81 'RAM' <Latency = 0> <II = 1> <Delay = 1.86> <Storage> <Opcode : 'load' 'store'> <Ports = 2> <Width = 16> <Depth = 25> <RAM>
ST_19 : Operation 802 [1/1] (2.07ns)   --->   "%add_ln21_31 = add i16 %add_ln21_30, i16 %add_ln21_28" [../source/tut3B_Function/matrix_mult.cpp:21]   --->   Operation 802 'add' 'add_ln21_31' <Predicate = true> <Delay = 2.07> <CoreInst = "Adder">   --->   Core 1 'Adder' <Latency = 0> <II = 1> <Delay = 2.07> <FuncUnit> <Opcode : 'add' 'sub'> <InPorts = 2> <OutPorts = 1>
ST_19 : Operation 803 [1/1] ( I:0.00ns O:0.00ns )   --->   "%store_ln21 = store i16 %add_ln21_31, i5 %prod_addr_7" [../source/tut3B_Function/matrix_mult.cpp:21]   --->   Operation 803 'store' 'store_ln21' <Predicate = true> <Delay = 0.00> <CoreInst = "RAM">   --->   Core 81 'RAM' <Latency = 0> <II = 1> <Delay = 1.86> <Storage> <Opcode : 'load' 'store'> <Ports = 2> <Width = 16> <Depth = 25> <RAM>
ST_19 : Operation 804 [1/2] (2.10ns) (root node of the DSP)   --->   "%add_ln21_34 = add i16 %add_ln21_33, i16 %mul_ln21_44" [../source/tut3B_Function/matrix_mult.cpp:21]   --->   Operation 804 'add' 'add_ln21_34' <Predicate = true> <Delay = 2.10> <CoreInst = "DSP48">   --->   Core 116 'DSP48' <Latency = 3> <II = 1> <Delay = 2.15> <IPBlock> <Opcode : 'add' 'sub' 'mul' 'select'> <InPorts = 0> <OutPorts = 1> <Sync> <CReg>
ST_19 : Operation 805 [1/2] (2.10ns) (root node of the DSP)   --->   "%add_ln21_38 = add i16 %add_ln21_37, i16 %mul_ln21_49" [../source/tut3B_Function/matrix_mult.cpp:21]   --->   Operation 805 'add' 'add_ln21_38' <Predicate = true> <Delay = 2.10> <CoreInst = "DSP48">   --->   Core 116 'DSP48' <Latency = 3> <II = 1> <Delay = 2.15> <IPBlock> <Opcode : 'add' 'sub' 'mul' 'select'> <InPorts = 0> <OutPorts = 1> <Sync> <CReg>
ST_19 : Operation 806 [1/3] (0.00ns) (grouped into DSP with root node add_ln21_42)   --->   "%mul_ln21_54 = mul i16 %sext_ln21_37, i16 %sext_ln21_5" [../source/tut3B_Function/matrix_mult.cpp:21]   --->   Operation 806 'mul' 'mul_ln21_54' <Predicate = true> <Delay = 0.00> <CoreInst = "DSP48">   --->   Core 116 'DSP48' <Latency = 3> <II = 1> <Delay = 2.15> <IPBlock> <Opcode : 'add' 'sub' 'mul' 'select'> <InPorts = 0> <OutPorts = 1> <Sync> <CReg>
ST_19 : Operation 807 [2/2] (2.10ns) (root node of the DSP)   --->   "%add_ln21_42 = add i16 %add_ln21_41, i16 %mul_ln21_54" [../source/tut3B_Function/matrix_mult.cpp:21]   --->   Operation 807 'add' 'add_ln21_42' <Predicate = true> <Delay = 2.10> <CoreInst = "DSP48">   --->   Core 116 'DSP48' <Latency = 3> <II = 1> <Delay = 2.15> <IPBlock> <Opcode : 'add' 'sub' 'mul' 'select'> <InPorts = 0> <OutPorts = 1> <Sync> <CReg>
ST_19 : Operation 808 [1/3] (0.00ns) (grouped into DSP with root node add_ln21_46)   --->   "%mul_ln21_59 = mul i16 %sext_ln21_37, i16 %sext_ln21_12" [../source/tut3B_Function/matrix_mult.cpp:21]   --->   Operation 808 'mul' 'mul_ln21_59' <Predicate = true> <Delay = 0.00> <CoreInst = "DSP48">   --->   Core 116 'DSP48' <Latency = 3> <II = 1> <Delay = 2.15> <IPBlock> <Opcode : 'add' 'sub' 'mul' 'select'> <InPorts = 0> <OutPorts = 1> <Sync> <CReg>
ST_19 : Operation 809 [2/2] (2.10ns) (root node of the DSP)   --->   "%add_ln21_46 = add i16 %add_ln21_45, i16 %mul_ln21_59" [../source/tut3B_Function/matrix_mult.cpp:21]   --->   Operation 809 'add' 'add_ln21_46' <Predicate = true> <Delay = 2.10> <CoreInst = "DSP48">   --->   Core 116 'DSP48' <Latency = 3> <II = 1> <Delay = 2.15> <IPBlock> <Opcode : 'add' 'sub' 'mul' 'select'> <InPorts = 0> <OutPorts = 1> <Sync> <CReg>
ST_19 : Operation 810 [1/3] (0.00ns) (grouped into DSP with root node add_ln21_50)   --->   "%mul_ln21_64 = mul i16 %sext_ln21_37, i16 %sext_ln21_17" [../source/tut3B_Function/matrix_mult.cpp:21]   --->   Operation 810 'mul' 'mul_ln21_64' <Predicate = true> <Delay = 0.00> <CoreInst = "DSP48">   --->   Core 116 'DSP48' <Latency = 3> <II = 1> <Delay = 2.15> <IPBlock> <Opcode : 'add' 'sub' 'mul' 'select'> <InPorts = 0> <OutPorts = 1> <Sync> <CReg>
ST_19 : Operation 811 [2/2] (2.10ns) (root node of the DSP)   --->   "%add_ln21_50 = add i16 %add_ln21_49, i16 %mul_ln21_64" [../source/tut3B_Function/matrix_mult.cpp:21]   --->   Operation 811 'add' 'add_ln21_50' <Predicate = true> <Delay = 2.10> <CoreInst = "DSP48">   --->   Core 116 'DSP48' <Latency = 3> <II = 1> <Delay = 2.15> <IPBlock> <Opcode : 'add' 'sub' 'mul' 'select'> <InPorts = 0> <OutPorts = 1> <Sync> <CReg>
ST_19 : Operation 812 [1/3] (0.00ns) (grouped into DSP with root node add_ln21_54)   --->   "%mul_ln21_69 = mul i16 %sext_ln21_37, i16 %sext_ln21_22" [../source/tut3B_Function/matrix_mult.cpp:21]   --->   Operation 812 'mul' 'mul_ln21_69' <Predicate = true> <Delay = 0.00> <CoreInst = "DSP48">   --->   Core 116 'DSP48' <Latency = 3> <II = 1> <Delay = 2.15> <IPBlock> <Opcode : 'add' 'sub' 'mul' 'select'> <InPorts = 0> <OutPorts = 1> <Sync> <CReg>
ST_19 : Operation 813 [2/2] (2.10ns) (root node of the DSP)   --->   "%add_ln21_54 = add i16 %add_ln21_53, i16 %mul_ln21_69" [../source/tut3B_Function/matrix_mult.cpp:21]   --->   Operation 813 'add' 'add_ln21_54' <Predicate = true> <Delay = 2.10> <CoreInst = "DSP48">   --->   Core 116 'DSP48' <Latency = 3> <II = 1> <Delay = 2.15> <IPBlock> <Opcode : 'add' 'sub' 'mul' 'select'> <InPorts = 0> <OutPorts = 1> <Sync> <CReg>
ST_19 : Operation 814 [2/3] (1.05ns) (grouped into DSP with root node add_ln21_58)   --->   "%mul_ln21_74 = mul i16 %sext_ln21_37, i16 %sext_ln21_27" [../source/tut3B_Function/matrix_mult.cpp:21]   --->   Operation 814 'mul' 'mul_ln21_74' <Predicate = true> <Delay = 1.05> <CoreInst = "DSP48">   --->   Core 116 'DSP48' <Latency = 3> <II = 1> <Delay = 2.15> <IPBlock> <Opcode : 'add' 'sub' 'mul' 'select'> <InPorts = 0> <OutPorts = 1> <Sync> <CReg>
ST_19 : Operation 815 [2/3] (1.05ns) (grouped into DSP with root node add_ln21_62)   --->   "%mul_ln21_79 = mul i16 %sext_ln21_42, i16 %sext_ln21_5" [../source/tut3B_Function/matrix_mult.cpp:21]   --->   Operation 815 'mul' 'mul_ln21_79' <Predicate = true> <Delay = 1.05> <CoreInst = "DSP48">   --->   Core 116 'DSP48' <Latency = 3> <II = 1> <Delay = 2.15> <IPBlock> <Opcode : 'add' 'sub' 'mul' 'select'> <InPorts = 0> <OutPorts = 1> <Sync> <CReg>
ST_19 : Operation 816 [2/3] (1.05ns) (grouped into DSP with root node add_ln21_66)   --->   "%mul_ln21_84 = mul i16 %sext_ln21_42, i16 %sext_ln21_12" [../source/tut3B_Function/matrix_mult.cpp:21]   --->   Operation 816 'mul' 'mul_ln21_84' <Predicate = true> <Delay = 1.05> <CoreInst = "DSP48">   --->   Core 116 'DSP48' <Latency = 3> <II = 1> <Delay = 2.15> <IPBlock> <Opcode : 'add' 'sub' 'mul' 'select'> <InPorts = 0> <OutPorts = 1> <Sync> <CReg>
ST_19 : Operation 817 [2/3] (1.05ns) (grouped into DSP with root node add_ln21_70)   --->   "%mul_ln21_89 = mul i16 %sext_ln21_42, i16 %sext_ln21_17" [../source/tut3B_Function/matrix_mult.cpp:21]   --->   Operation 817 'mul' 'mul_ln21_89' <Predicate = true> <Delay = 1.05> <CoreInst = "DSP48">   --->   Core 116 'DSP48' <Latency = 3> <II = 1> <Delay = 2.15> <IPBlock> <Opcode : 'add' 'sub' 'mul' 'select'> <InPorts = 0> <OutPorts = 1> <Sync> <CReg>
ST_19 : Operation 818 [2/3] (1.05ns) (grouped into DSP with root node add_ln21_74)   --->   "%mul_ln21_94 = mul i16 %sext_ln21_42, i16 %sext_ln21_22" [../source/tut3B_Function/matrix_mult.cpp:21]   --->   Operation 818 'mul' 'mul_ln21_94' <Predicate = true> <Delay = 1.05> <CoreInst = "DSP48">   --->   Core 116 'DSP48' <Latency = 3> <II = 1> <Delay = 2.15> <IPBlock> <Opcode : 'add' 'sub' 'mul' 'select'> <InPorts = 0> <OutPorts = 1> <Sync> <CReg>
ST_19 : Operation 819 [2/3] (1.05ns) (grouped into DSP with root node add_ln21_78)   --->   "%mul_ln21_99 = mul i16 %sext_ln21_42, i16 %sext_ln21_27" [../source/tut3B_Function/matrix_mult.cpp:21]   --->   Operation 819 'mul' 'mul_ln21_99' <Predicate = true> <Delay = 1.05> <CoreInst = "DSP48">   --->   Core 116 'DSP48' <Latency = 3> <II = 1> <Delay = 2.15> <IPBlock> <Opcode : 'add' 'sub' 'mul' 'select'> <InPorts = 0> <OutPorts = 1> <Sync> <CReg>
ST_19 : Operation 820 [1/2] (2.10ns) (root node of the DSP)   --->   "%add_ln21_76 = add i16 %mul_ln21_96, i16 %mul_ln21_95" [../source/tut3B_Function/matrix_mult.cpp:21]   --->   Operation 820 'add' 'add_ln21_76' <Predicate = true> <Delay = 2.10> <CoreInst = "DSP48">   --->   Core 116 'DSP48' <Latency = 3> <II = 1> <Delay = 2.15> <IPBlock> <Opcode : 'add' 'sub' 'mul' 'select'> <InPorts = 0> <OutPorts = 1> <Sync> <CReg>
ST_19 : Operation 821 [1/1] (0.00ns)   --->   "%sext_ln21_47 = sext i8 %a_load_22" [../source/tut3B_Function/matrix_mult.cpp:21]   --->   Operation 821 'sext' 'sext_ln21_47' <Predicate = true> <Delay = 0.00>
ST_19 : Operation 822 [3/3] (1.05ns) (grouped into DSP with root node add_ln21_82)   --->   "%mul_ln21_104 = mul i16 %sext_ln21_47, i16 %sext_ln21_5" [../source/tut3B_Function/matrix_mult.cpp:21]   --->   Operation 822 'mul' 'mul_ln21_104' <Predicate = true> <Delay = 1.05> <CoreInst = "DSP48">   --->   Core 116 'DSP48' <Latency = 3> <II = 1> <Delay = 2.15> <IPBlock> <Opcode : 'add' 'sub' 'mul' 'select'> <InPorts = 0> <OutPorts = 1> <Sync> <CReg>
ST_19 : Operation 823 [1/2] (2.10ns) (root node of the DSP)   --->   "%add_ln21_80 = add i16 %mul_ln21_101, i16 %mul_ln21_100" [../source/tut3B_Function/matrix_mult.cpp:21]   --->   Operation 823 'add' 'add_ln21_80' <Predicate = true> <Delay = 2.10> <CoreInst = "DSP48">   --->   Core 116 'DSP48' <Latency = 3> <II = 1> <Delay = 2.15> <IPBlock> <Opcode : 'add' 'sub' 'mul' 'select'> <InPorts = 0> <OutPorts = 1> <Sync> <CReg>
ST_19 : Operation 824 [3/3] (1.05ns) (grouped into DSP with root node add_ln21_86)   --->   "%mul_ln21_109 = mul i16 %sext_ln21_47, i16 %sext_ln21_12" [../source/tut3B_Function/matrix_mult.cpp:21]   --->   Operation 824 'mul' 'mul_ln21_109' <Predicate = true> <Delay = 1.05> <CoreInst = "DSP48">   --->   Core 116 'DSP48' <Latency = 3> <II = 1> <Delay = 2.15> <IPBlock> <Opcode : 'add' 'sub' 'mul' 'select'> <InPorts = 0> <OutPorts = 1> <Sync> <CReg>
ST_19 : Operation 825 [1/2] (2.10ns) (root node of the DSP)   --->   "%add_ln21_84 = add i16 %mul_ln21_106, i16 %mul_ln21_105" [../source/tut3B_Function/matrix_mult.cpp:21]   --->   Operation 825 'add' 'add_ln21_84' <Predicate = true> <Delay = 2.10> <CoreInst = "DSP48">   --->   Core 116 'DSP48' <Latency = 3> <II = 1> <Delay = 2.15> <IPBlock> <Opcode : 'add' 'sub' 'mul' 'select'> <InPorts = 0> <OutPorts = 1> <Sync> <CReg>
ST_19 : Operation 826 [3/3] (1.05ns) (grouped into DSP with root node add_ln21_90)   --->   "%mul_ln21_114 = mul i16 %sext_ln21_47, i16 %sext_ln21_17" [../source/tut3B_Function/matrix_mult.cpp:21]   --->   Operation 826 'mul' 'mul_ln21_114' <Predicate = true> <Delay = 1.05> <CoreInst = "DSP48">   --->   Core 116 'DSP48' <Latency = 3> <II = 1> <Delay = 2.15> <IPBlock> <Opcode : 'add' 'sub' 'mul' 'select'> <InPorts = 0> <OutPorts = 1> <Sync> <CReg>
ST_19 : Operation 827 [1/2] (2.10ns) (root node of the DSP)   --->   "%add_ln21_88 = add i16 %mul_ln21_111, i16 %mul_ln21_110" [../source/tut3B_Function/matrix_mult.cpp:21]   --->   Operation 827 'add' 'add_ln21_88' <Predicate = true> <Delay = 2.10> <CoreInst = "DSP48">   --->   Core 116 'DSP48' <Latency = 3> <II = 1> <Delay = 2.15> <IPBlock> <Opcode : 'add' 'sub' 'mul' 'select'> <InPorts = 0> <OutPorts = 1> <Sync> <CReg>
ST_19 : Operation 828 [1/3] (0.00ns) (grouped into DSP with root node add_ln21_92)   --->   "%mul_ln21_115 = mul i16 %sext_ln21_45, i16 %sext_ln21_20" [../source/tut3B_Function/matrix_mult.cpp:21]   --->   Operation 828 'mul' 'mul_ln21_115' <Predicate = true> <Delay = 0.00> <CoreInst = "DSP48">   --->   Core 116 'DSP48' <Latency = 3> <II = 1> <Delay = 2.15> <IPBlock> <Opcode : 'add' 'sub' 'mul' 'select'> <InPorts = 0> <OutPorts = 1> <Sync> <CReg>
ST_19 : Operation 829 [3/3] (1.05ns) (grouped into DSP with root node add_ln21_94)   --->   "%mul_ln21_119 = mul i16 %sext_ln21_47, i16 %sext_ln21_22" [../source/tut3B_Function/matrix_mult.cpp:21]   --->   Operation 829 'mul' 'mul_ln21_119' <Predicate = true> <Delay = 1.05> <CoreInst = "DSP48">   --->   Core 116 'DSP48' <Latency = 3> <II = 1> <Delay = 2.15> <IPBlock> <Opcode : 'add' 'sub' 'mul' 'select'> <InPorts = 0> <OutPorts = 1> <Sync> <CReg>
ST_19 : Operation 830 [2/2] (2.10ns) (root node of the DSP)   --->   "%add_ln21_92 = add i16 %mul_ln21_116, i16 %mul_ln21_115" [../source/tut3B_Function/matrix_mult.cpp:21]   --->   Operation 830 'add' 'add_ln21_92' <Predicate = true> <Delay = 2.10> <CoreInst = "DSP48">   --->   Core 116 'DSP48' <Latency = 3> <II = 1> <Delay = 2.15> <IPBlock> <Opcode : 'add' 'sub' 'mul' 'select'> <InPorts = 0> <OutPorts = 1> <Sync> <CReg>
ST_19 : Operation 831 [1/3] (0.00ns) (grouped into DSP with root node add_ln21_96)   --->   "%mul_ln21_120 = mul i16 %sext_ln21_45, i16 %sext_ln21_25" [../source/tut3B_Function/matrix_mult.cpp:21]   --->   Operation 831 'mul' 'mul_ln21_120' <Predicate = true> <Delay = 0.00> <CoreInst = "DSP48">   --->   Core 116 'DSP48' <Latency = 3> <II = 1> <Delay = 2.15> <IPBlock> <Opcode : 'add' 'sub' 'mul' 'select'> <InPorts = 0> <OutPorts = 1> <Sync> <CReg>
ST_19 : Operation 832 [3/3] (1.05ns) (grouped into DSP with root node add_ln21_98)   --->   "%mul_ln21_124 = mul i16 %sext_ln21_47, i16 %sext_ln21_27" [../source/tut3B_Function/matrix_mult.cpp:21]   --->   Operation 832 'mul' 'mul_ln21_124' <Predicate = true> <Delay = 1.05> <CoreInst = "DSP48">   --->   Core 116 'DSP48' <Latency = 3> <II = 1> <Delay = 2.15> <IPBlock> <Opcode : 'add' 'sub' 'mul' 'select'> <InPorts = 0> <OutPorts = 1> <Sync> <CReg>
ST_19 : Operation 833 [2/2] (2.10ns) (root node of the DSP)   --->   "%add_ln21_96 = add i16 %mul_ln21_121, i16 %mul_ln21_120" [../source/tut3B_Function/matrix_mult.cpp:21]   --->   Operation 833 'add' 'add_ln21_96' <Predicate = true> <Delay = 2.10> <CoreInst = "DSP48">   --->   Core 116 'DSP48' <Latency = 3> <II = 1> <Delay = 2.15> <IPBlock> <Opcode : 'add' 'sub' 'mul' 'select'> <InPorts = 0> <OutPorts = 1> <Sync> <CReg>

State 20 <SV = 19> <Delay = 2.10>
ST_20 : Operation 834 [1/1] (0.00ns)   --->   "%prod_addr_8 = getelementptr i16 %prod, i64 0, i64 8" [../source/tut3B_Function/matrix_mult.cpp:21]   --->   Operation 834 'getelementptr' 'prod_addr_8' <Predicate = true> <Delay = 0.00>
ST_20 : Operation 835 [1/1] (0.00ns)   --->   "%prod_addr_9 = getelementptr i16 %prod, i64 0, i64 9" [../source/tut3B_Function/matrix_mult.cpp:21]   --->   Operation 835 'getelementptr' 'prod_addr_9' <Predicate = true> <Delay = 0.00>
ST_20 : Operation 836 [1/1] (2.07ns)   --->   "%add_ln21_35 = add i16 %add_ln21_34, i16 %add_ln21_32" [../source/tut3B_Function/matrix_mult.cpp:21]   --->   Operation 836 'add' 'add_ln21_35' <Predicate = true> <Delay = 2.07> <CoreInst = "Adder">   --->   Core 1 'Adder' <Latency = 0> <II = 1> <Delay = 2.07> <FuncUnit> <Opcode : 'add' 'sub'> <InPorts = 2> <OutPorts = 1>
ST_20 : Operation 837 [1/1] ( I:0.00ns O:0.00ns )   --->   "%store_ln21 = store i16 %add_ln21_35, i5 %prod_addr_8" [../source/tut3B_Function/matrix_mult.cpp:21]   --->   Operation 837 'store' 'store_ln21' <Predicate = true> <Delay = 0.00> <CoreInst = "RAM">   --->   Core 81 'RAM' <Latency = 0> <II = 1> <Delay = 1.86> <Storage> <Opcode : 'load' 'store'> <Ports = 2> <Width = 16> <Depth = 25> <RAM>
ST_20 : Operation 838 [1/1] (2.07ns)   --->   "%add_ln21_39 = add i16 %add_ln21_38, i16 %add_ln21_36" [../source/tut3B_Function/matrix_mult.cpp:21]   --->   Operation 838 'add' 'add_ln21_39' <Predicate = true> <Delay = 2.07> <CoreInst = "Adder">   --->   Core 1 'Adder' <Latency = 0> <II = 1> <Delay = 2.07> <FuncUnit> <Opcode : 'add' 'sub'> <InPorts = 2> <OutPorts = 1>
ST_20 : Operation 839 [1/1] ( I:0.00ns O:0.00ns )   --->   "%store_ln21 = store i16 %add_ln21_39, i5 %prod_addr_9" [../source/tut3B_Function/matrix_mult.cpp:21]   --->   Operation 839 'store' 'store_ln21' <Predicate = true> <Delay = 0.00> <CoreInst = "RAM">   --->   Core 81 'RAM' <Latency = 0> <II = 1> <Delay = 1.86> <Storage> <Opcode : 'load' 'store'> <Ports = 2> <Width = 16> <Depth = 25> <RAM>
ST_20 : Operation 840 [1/2] (2.10ns) (root node of the DSP)   --->   "%add_ln21_42 = add i16 %add_ln21_41, i16 %mul_ln21_54" [../source/tut3B_Function/matrix_mult.cpp:21]   --->   Operation 840 'add' 'add_ln21_42' <Predicate = true> <Delay = 2.10> <CoreInst = "DSP48">   --->   Core 116 'DSP48' <Latency = 3> <II = 1> <Delay = 2.15> <IPBlock> <Opcode : 'add' 'sub' 'mul' 'select'> <InPorts = 0> <OutPorts = 1> <Sync> <CReg>
ST_20 : Operation 841 [1/2] (2.10ns) (root node of the DSP)   --->   "%add_ln21_46 = add i16 %add_ln21_45, i16 %mul_ln21_59" [../source/tut3B_Function/matrix_mult.cpp:21]   --->   Operation 841 'add' 'add_ln21_46' <Predicate = true> <Delay = 2.10> <CoreInst = "DSP48">   --->   Core 116 'DSP48' <Latency = 3> <II = 1> <Delay = 2.15> <IPBlock> <Opcode : 'add' 'sub' 'mul' 'select'> <InPorts = 0> <OutPorts = 1> <Sync> <CReg>
ST_20 : Operation 842 [1/2] (2.10ns) (root node of the DSP)   --->   "%add_ln21_50 = add i16 %add_ln21_49, i16 %mul_ln21_64" [../source/tut3B_Function/matrix_mult.cpp:21]   --->   Operation 842 'add' 'add_ln21_50' <Predicate = true> <Delay = 2.10> <CoreInst = "DSP48">   --->   Core 116 'DSP48' <Latency = 3> <II = 1> <Delay = 2.15> <IPBlock> <Opcode : 'add' 'sub' 'mul' 'select'> <InPorts = 0> <OutPorts = 1> <Sync> <CReg>
ST_20 : Operation 843 [1/2] (2.10ns) (root node of the DSP)   --->   "%add_ln21_54 = add i16 %add_ln21_53, i16 %mul_ln21_69" [../source/tut3B_Function/matrix_mult.cpp:21]   --->   Operation 843 'add' 'add_ln21_54' <Predicate = true> <Delay = 2.10> <CoreInst = "DSP48">   --->   Core 116 'DSP48' <Latency = 3> <II = 1> <Delay = 2.15> <IPBlock> <Opcode : 'add' 'sub' 'mul' 'select'> <InPorts = 0> <OutPorts = 1> <Sync> <CReg>
ST_20 : Operation 844 [1/3] (0.00ns) (grouped into DSP with root node add_ln21_58)   --->   "%mul_ln21_74 = mul i16 %sext_ln21_37, i16 %sext_ln21_27" [../source/tut3B_Function/matrix_mult.cpp:21]   --->   Operation 844 'mul' 'mul_ln21_74' <Predicate = true> <Delay = 0.00> <CoreInst = "DSP48">   --->   Core 116 'DSP48' <Latency = 3> <II = 1> <Delay = 2.15> <IPBlock> <Opcode : 'add' 'sub' 'mul' 'select'> <InPorts = 0> <OutPorts = 1> <Sync> <CReg>
ST_20 : Operation 845 [2/2] (2.10ns) (root node of the DSP)   --->   "%add_ln21_58 = add i16 %add_ln21_57, i16 %mul_ln21_74" [../source/tut3B_Function/matrix_mult.cpp:21]   --->   Operation 845 'add' 'add_ln21_58' <Predicate = true> <Delay = 2.10> <CoreInst = "DSP48">   --->   Core 116 'DSP48' <Latency = 3> <II = 1> <Delay = 2.15> <IPBlock> <Opcode : 'add' 'sub' 'mul' 'select'> <InPorts = 0> <OutPorts = 1> <Sync> <CReg>
ST_20 : Operation 846 [1/3] (0.00ns) (grouped into DSP with root node add_ln21_62)   --->   "%mul_ln21_79 = mul i16 %sext_ln21_42, i16 %sext_ln21_5" [../source/tut3B_Function/matrix_mult.cpp:21]   --->   Operation 846 'mul' 'mul_ln21_79' <Predicate = true> <Delay = 0.00> <CoreInst = "DSP48">   --->   Core 116 'DSP48' <Latency = 3> <II = 1> <Delay = 2.15> <IPBlock> <Opcode : 'add' 'sub' 'mul' 'select'> <InPorts = 0> <OutPorts = 1> <Sync> <CReg>
ST_20 : Operation 847 [2/2] (2.10ns) (root node of the DSP)   --->   "%add_ln21_62 = add i16 %add_ln21_61, i16 %mul_ln21_79" [../source/tut3B_Function/matrix_mult.cpp:21]   --->   Operation 847 'add' 'add_ln21_62' <Predicate = true> <Delay = 2.10> <CoreInst = "DSP48">   --->   Core 116 'DSP48' <Latency = 3> <II = 1> <Delay = 2.15> <IPBlock> <Opcode : 'add' 'sub' 'mul' 'select'> <InPorts = 0> <OutPorts = 1> <Sync> <CReg>
ST_20 : Operation 848 [1/3] (0.00ns) (grouped into DSP with root node add_ln21_66)   --->   "%mul_ln21_84 = mul i16 %sext_ln21_42, i16 %sext_ln21_12" [../source/tut3B_Function/matrix_mult.cpp:21]   --->   Operation 848 'mul' 'mul_ln21_84' <Predicate = true> <Delay = 0.00> <CoreInst = "DSP48">   --->   Core 116 'DSP48' <Latency = 3> <II = 1> <Delay = 2.15> <IPBlock> <Opcode : 'add' 'sub' 'mul' 'select'> <InPorts = 0> <OutPorts = 1> <Sync> <CReg>
ST_20 : Operation 849 [2/2] (2.10ns) (root node of the DSP)   --->   "%add_ln21_66 = add i16 %add_ln21_65, i16 %mul_ln21_84" [../source/tut3B_Function/matrix_mult.cpp:21]   --->   Operation 849 'add' 'add_ln21_66' <Predicate = true> <Delay = 2.10> <CoreInst = "DSP48">   --->   Core 116 'DSP48' <Latency = 3> <II = 1> <Delay = 2.15> <IPBlock> <Opcode : 'add' 'sub' 'mul' 'select'> <InPorts = 0> <OutPorts = 1> <Sync> <CReg>
ST_20 : Operation 850 [1/3] (0.00ns) (grouped into DSP with root node add_ln21_70)   --->   "%mul_ln21_89 = mul i16 %sext_ln21_42, i16 %sext_ln21_17" [../source/tut3B_Function/matrix_mult.cpp:21]   --->   Operation 850 'mul' 'mul_ln21_89' <Predicate = true> <Delay = 0.00> <CoreInst = "DSP48">   --->   Core 116 'DSP48' <Latency = 3> <II = 1> <Delay = 2.15> <IPBlock> <Opcode : 'add' 'sub' 'mul' 'select'> <InPorts = 0> <OutPorts = 1> <Sync> <CReg>
ST_20 : Operation 851 [2/2] (2.10ns) (root node of the DSP)   --->   "%add_ln21_70 = add i16 %add_ln21_69, i16 %mul_ln21_89" [../source/tut3B_Function/matrix_mult.cpp:21]   --->   Operation 851 'add' 'add_ln21_70' <Predicate = true> <Delay = 2.10> <CoreInst = "DSP48">   --->   Core 116 'DSP48' <Latency = 3> <II = 1> <Delay = 2.15> <IPBlock> <Opcode : 'add' 'sub' 'mul' 'select'> <InPorts = 0> <OutPorts = 1> <Sync> <CReg>
ST_20 : Operation 852 [1/3] (0.00ns) (grouped into DSP with root node add_ln21_74)   --->   "%mul_ln21_94 = mul i16 %sext_ln21_42, i16 %sext_ln21_22" [../source/tut3B_Function/matrix_mult.cpp:21]   --->   Operation 852 'mul' 'mul_ln21_94' <Predicate = true> <Delay = 0.00> <CoreInst = "DSP48">   --->   Core 116 'DSP48' <Latency = 3> <II = 1> <Delay = 2.15> <IPBlock> <Opcode : 'add' 'sub' 'mul' 'select'> <InPorts = 0> <OutPorts = 1> <Sync> <CReg>
ST_20 : Operation 853 [2/2] (2.10ns) (root node of the DSP)   --->   "%add_ln21_74 = add i16 %add_ln21_73, i16 %mul_ln21_94" [../source/tut3B_Function/matrix_mult.cpp:21]   --->   Operation 853 'add' 'add_ln21_74' <Predicate = true> <Delay = 2.10> <CoreInst = "DSP48">   --->   Core 116 'DSP48' <Latency = 3> <II = 1> <Delay = 2.15> <IPBlock> <Opcode : 'add' 'sub' 'mul' 'select'> <InPorts = 0> <OutPorts = 1> <Sync> <CReg>
ST_20 : Operation 854 [1/3] (0.00ns) (grouped into DSP with root node add_ln21_78)   --->   "%mul_ln21_99 = mul i16 %sext_ln21_42, i16 %sext_ln21_27" [../source/tut3B_Function/matrix_mult.cpp:21]   --->   Operation 854 'mul' 'mul_ln21_99' <Predicate = true> <Delay = 0.00> <CoreInst = "DSP48">   --->   Core 116 'DSP48' <Latency = 3> <II = 1> <Delay = 2.15> <IPBlock> <Opcode : 'add' 'sub' 'mul' 'select'> <InPorts = 0> <OutPorts = 1> <Sync> <CReg>
ST_20 : Operation 855 [2/2] (2.10ns) (root node of the DSP)   --->   "%add_ln21_78 = add i16 %add_ln21_77, i16 %mul_ln21_99" [../source/tut3B_Function/matrix_mult.cpp:21]   --->   Operation 855 'add' 'add_ln21_78' <Predicate = true> <Delay = 2.10> <CoreInst = "DSP48">   --->   Core 116 'DSP48' <Latency = 3> <II = 1> <Delay = 2.15> <IPBlock> <Opcode : 'add' 'sub' 'mul' 'select'> <InPorts = 0> <OutPorts = 1> <Sync> <CReg>
ST_20 : Operation 856 [2/3] (1.05ns) (grouped into DSP with root node add_ln21_82)   --->   "%mul_ln21_104 = mul i16 %sext_ln21_47, i16 %sext_ln21_5" [../source/tut3B_Function/matrix_mult.cpp:21]   --->   Operation 856 'mul' 'mul_ln21_104' <Predicate = true> <Delay = 1.05> <CoreInst = "DSP48">   --->   Core 116 'DSP48' <Latency = 3> <II = 1> <Delay = 2.15> <IPBlock> <Opcode : 'add' 'sub' 'mul' 'select'> <InPorts = 0> <OutPorts = 1> <Sync> <CReg>
ST_20 : Operation 857 [2/3] (1.05ns) (grouped into DSP with root node add_ln21_86)   --->   "%mul_ln21_109 = mul i16 %sext_ln21_47, i16 %sext_ln21_12" [../source/tut3B_Function/matrix_mult.cpp:21]   --->   Operation 857 'mul' 'mul_ln21_109' <Predicate = true> <Delay = 1.05> <CoreInst = "DSP48">   --->   Core 116 'DSP48' <Latency = 3> <II = 1> <Delay = 2.15> <IPBlock> <Opcode : 'add' 'sub' 'mul' 'select'> <InPorts = 0> <OutPorts = 1> <Sync> <CReg>
ST_20 : Operation 858 [2/3] (1.05ns) (grouped into DSP with root node add_ln21_90)   --->   "%mul_ln21_114 = mul i16 %sext_ln21_47, i16 %sext_ln21_17" [../source/tut3B_Function/matrix_mult.cpp:21]   --->   Operation 858 'mul' 'mul_ln21_114' <Predicate = true> <Delay = 1.05> <CoreInst = "DSP48">   --->   Core 116 'DSP48' <Latency = 3> <II = 1> <Delay = 2.15> <IPBlock> <Opcode : 'add' 'sub' 'mul' 'select'> <InPorts = 0> <OutPorts = 1> <Sync> <CReg>
ST_20 : Operation 859 [2/3] (1.05ns) (grouped into DSP with root node add_ln21_94)   --->   "%mul_ln21_119 = mul i16 %sext_ln21_47, i16 %sext_ln21_22" [../source/tut3B_Function/matrix_mult.cpp:21]   --->   Operation 859 'mul' 'mul_ln21_119' <Predicate = true> <Delay = 1.05> <CoreInst = "DSP48">   --->   Core 116 'DSP48' <Latency = 3> <II = 1> <Delay = 2.15> <IPBlock> <Opcode : 'add' 'sub' 'mul' 'select'> <InPorts = 0> <OutPorts = 1> <Sync> <CReg>
ST_20 : Operation 860 [1/2] (2.10ns) (root node of the DSP)   --->   "%add_ln21_92 = add i16 %mul_ln21_116, i16 %mul_ln21_115" [../source/tut3B_Function/matrix_mult.cpp:21]   --->   Operation 860 'add' 'add_ln21_92' <Predicate = true> <Delay = 2.10> <CoreInst = "DSP48">   --->   Core 116 'DSP48' <Latency = 3> <II = 1> <Delay = 2.15> <IPBlock> <Opcode : 'add' 'sub' 'mul' 'select'> <InPorts = 0> <OutPorts = 1> <Sync> <CReg>
ST_20 : Operation 861 [2/3] (1.05ns) (grouped into DSP with root node add_ln21_98)   --->   "%mul_ln21_124 = mul i16 %sext_ln21_47, i16 %sext_ln21_27" [../source/tut3B_Function/matrix_mult.cpp:21]   --->   Operation 861 'mul' 'mul_ln21_124' <Predicate = true> <Delay = 1.05> <CoreInst = "DSP48">   --->   Core 116 'DSP48' <Latency = 3> <II = 1> <Delay = 2.15> <IPBlock> <Opcode : 'add' 'sub' 'mul' 'select'> <InPorts = 0> <OutPorts = 1> <Sync> <CReg>
ST_20 : Operation 862 [1/2] (2.10ns) (root node of the DSP)   --->   "%add_ln21_96 = add i16 %mul_ln21_121, i16 %mul_ln21_120" [../source/tut3B_Function/matrix_mult.cpp:21]   --->   Operation 862 'add' 'add_ln21_96' <Predicate = true> <Delay = 2.10> <CoreInst = "DSP48">   --->   Core 116 'DSP48' <Latency = 3> <II = 1> <Delay = 2.15> <IPBlock> <Opcode : 'add' 'sub' 'mul' 'select'> <InPorts = 0> <OutPorts = 1> <Sync> <CReg>

State 21 <SV = 20> <Delay = 2.10>
ST_21 : Operation 863 [1/1] (0.00ns)   --->   "%prod_addr_10 = getelementptr i16 %prod, i64 0, i64 10" [../source/tut3B_Function/matrix_mult.cpp:21]   --->   Operation 863 'getelementptr' 'prod_addr_10' <Predicate = true> <Delay = 0.00>
ST_21 : Operation 864 [1/1] (0.00ns)   --->   "%prod_addr_11 = getelementptr i16 %prod, i64 0, i64 11" [../source/tut3B_Function/matrix_mult.cpp:21]   --->   Operation 864 'getelementptr' 'prod_addr_11' <Predicate = true> <Delay = 0.00>
ST_21 : Operation 865 [1/1] (2.07ns)   --->   "%add_ln21_43 = add i16 %add_ln21_42, i16 %add_ln21_40" [../source/tut3B_Function/matrix_mult.cpp:21]   --->   Operation 865 'add' 'add_ln21_43' <Predicate = true> <Delay = 2.07> <CoreInst = "Adder">   --->   Core 1 'Adder' <Latency = 0> <II = 1> <Delay = 2.07> <FuncUnit> <Opcode : 'add' 'sub'> <InPorts = 2> <OutPorts = 1>
ST_21 : Operation 866 [1/1] ( I:0.00ns O:0.00ns )   --->   "%store_ln21 = store i16 %add_ln21_43, i5 %prod_addr_10" [../source/tut3B_Function/matrix_mult.cpp:21]   --->   Operation 866 'store' 'store_ln21' <Predicate = true> <Delay = 0.00> <CoreInst = "RAM">   --->   Core 81 'RAM' <Latency = 0> <II = 1> <Delay = 1.86> <Storage> <Opcode : 'load' 'store'> <Ports = 2> <Width = 16> <Depth = 25> <RAM>
ST_21 : Operation 867 [1/1] (2.07ns)   --->   "%add_ln21_47 = add i16 %add_ln21_46, i16 %add_ln21_44" [../source/tut3B_Function/matrix_mult.cpp:21]   --->   Operation 867 'add' 'add_ln21_47' <Predicate = true> <Delay = 2.07> <CoreInst = "Adder">   --->   Core 1 'Adder' <Latency = 0> <II = 1> <Delay = 2.07> <FuncUnit> <Opcode : 'add' 'sub'> <InPorts = 2> <OutPorts = 1>
ST_21 : Operation 868 [1/1] ( I:0.00ns O:0.00ns )   --->   "%store_ln21 = store i16 %add_ln21_47, i5 %prod_addr_11" [../source/tut3B_Function/matrix_mult.cpp:21]   --->   Operation 868 'store' 'store_ln21' <Predicate = true> <Delay = 0.00> <CoreInst = "RAM">   --->   Core 81 'RAM' <Latency = 0> <II = 1> <Delay = 1.86> <Storage> <Opcode : 'load' 'store'> <Ports = 2> <Width = 16> <Depth = 25> <RAM>
ST_21 : Operation 869 [1/1] (2.07ns)   --->   "%add_ln21_51 = add i16 %add_ln21_50, i16 %add_ln21_48" [../source/tut3B_Function/matrix_mult.cpp:21]   --->   Operation 869 'add' 'add_ln21_51' <Predicate = true> <Delay = 2.07> <CoreInst = "Adder">   --->   Core 1 'Adder' <Latency = 0> <II = 1> <Delay = 2.07> <FuncUnit> <Opcode : 'add' 'sub'> <InPorts = 2> <OutPorts = 1>
ST_21 : Operation 870 [1/1] (2.07ns)   --->   "%add_ln21_55 = add i16 %add_ln21_54, i16 %add_ln21_52" [../source/tut3B_Function/matrix_mult.cpp:21]   --->   Operation 870 'add' 'add_ln21_55' <Predicate = true> <Delay = 2.07> <CoreInst = "Adder">   --->   Core 1 'Adder' <Latency = 0> <II = 1> <Delay = 2.07> <FuncUnit> <Opcode : 'add' 'sub'> <InPorts = 2> <OutPorts = 1>
ST_21 : Operation 871 [1/2] (2.10ns) (root node of the DSP)   --->   "%add_ln21_58 = add i16 %add_ln21_57, i16 %mul_ln21_74" [../source/tut3B_Function/matrix_mult.cpp:21]   --->   Operation 871 'add' 'add_ln21_58' <Predicate = true> <Delay = 2.10> <CoreInst = "DSP48">   --->   Core 116 'DSP48' <Latency = 3> <II = 1> <Delay = 2.15> <IPBlock> <Opcode : 'add' 'sub' 'mul' 'select'> <InPorts = 0> <OutPorts = 1> <Sync> <CReg>
ST_21 : Operation 872 [1/2] (2.10ns) (root node of the DSP)   --->   "%add_ln21_62 = add i16 %add_ln21_61, i16 %mul_ln21_79" [../source/tut3B_Function/matrix_mult.cpp:21]   --->   Operation 872 'add' 'add_ln21_62' <Predicate = true> <Delay = 2.10> <CoreInst = "DSP48">   --->   Core 116 'DSP48' <Latency = 3> <II = 1> <Delay = 2.15> <IPBlock> <Opcode : 'add' 'sub' 'mul' 'select'> <InPorts = 0> <OutPorts = 1> <Sync> <CReg>
ST_21 : Operation 873 [1/2] (2.10ns) (root node of the DSP)   --->   "%add_ln21_66 = add i16 %add_ln21_65, i16 %mul_ln21_84" [../source/tut3B_Function/matrix_mult.cpp:21]   --->   Operation 873 'add' 'add_ln21_66' <Predicate = true> <Delay = 2.10> <CoreInst = "DSP48">   --->   Core 116 'DSP48' <Latency = 3> <II = 1> <Delay = 2.15> <IPBlock> <Opcode : 'add' 'sub' 'mul' 'select'> <InPorts = 0> <OutPorts = 1> <Sync> <CReg>
ST_21 : Operation 874 [1/2] (2.10ns) (root node of the DSP)   --->   "%add_ln21_70 = add i16 %add_ln21_69, i16 %mul_ln21_89" [../source/tut3B_Function/matrix_mult.cpp:21]   --->   Operation 874 'add' 'add_ln21_70' <Predicate = true> <Delay = 2.10> <CoreInst = "DSP48">   --->   Core 116 'DSP48' <Latency = 3> <II = 1> <Delay = 2.15> <IPBlock> <Opcode : 'add' 'sub' 'mul' 'select'> <InPorts = 0> <OutPorts = 1> <Sync> <CReg>
ST_21 : Operation 875 [1/2] (2.10ns) (root node of the DSP)   --->   "%add_ln21_74 = add i16 %add_ln21_73, i16 %mul_ln21_94" [../source/tut3B_Function/matrix_mult.cpp:21]   --->   Operation 875 'add' 'add_ln21_74' <Predicate = true> <Delay = 2.10> <CoreInst = "DSP48">   --->   Core 116 'DSP48' <Latency = 3> <II = 1> <Delay = 2.15> <IPBlock> <Opcode : 'add' 'sub' 'mul' 'select'> <InPorts = 0> <OutPorts = 1> <Sync> <CReg>
ST_21 : Operation 876 [1/2] (2.10ns) (root node of the DSP)   --->   "%add_ln21_78 = add i16 %add_ln21_77, i16 %mul_ln21_99" [../source/tut3B_Function/matrix_mult.cpp:21]   --->   Operation 876 'add' 'add_ln21_78' <Predicate = true> <Delay = 2.10> <CoreInst = "DSP48">   --->   Core 116 'DSP48' <Latency = 3> <II = 1> <Delay = 2.15> <IPBlock> <Opcode : 'add' 'sub' 'mul' 'select'> <InPorts = 0> <OutPorts = 1> <Sync> <CReg>
ST_21 : Operation 877 [1/3] (0.00ns) (grouped into DSP with root node add_ln21_82)   --->   "%mul_ln21_104 = mul i16 %sext_ln21_47, i16 %sext_ln21_5" [../source/tut3B_Function/matrix_mult.cpp:21]   --->   Operation 877 'mul' 'mul_ln21_104' <Predicate = true> <Delay = 0.00> <CoreInst = "DSP48">   --->   Core 116 'DSP48' <Latency = 3> <II = 1> <Delay = 2.15> <IPBlock> <Opcode : 'add' 'sub' 'mul' 'select'> <InPorts = 0> <OutPorts = 1> <Sync> <CReg>
ST_21 : Operation 878 [2/2] (2.10ns) (root node of the DSP)   --->   "%add_ln21_82 = add i16 %add_ln21_81, i16 %mul_ln21_104" [../source/tut3B_Function/matrix_mult.cpp:21]   --->   Operation 878 'add' 'add_ln21_82' <Predicate = true> <Delay = 2.10> <CoreInst = "DSP48">   --->   Core 116 'DSP48' <Latency = 3> <II = 1> <Delay = 2.15> <IPBlock> <Opcode : 'add' 'sub' 'mul' 'select'> <InPorts = 0> <OutPorts = 1> <Sync> <CReg>
ST_21 : Operation 879 [1/3] (0.00ns) (grouped into DSP with root node add_ln21_86)   --->   "%mul_ln21_109 = mul i16 %sext_ln21_47, i16 %sext_ln21_12" [../source/tut3B_Function/matrix_mult.cpp:21]   --->   Operation 879 'mul' 'mul_ln21_109' <Predicate = true> <Delay = 0.00> <CoreInst = "DSP48">   --->   Core 116 'DSP48' <Latency = 3> <II = 1> <Delay = 2.15> <IPBlock> <Opcode : 'add' 'sub' 'mul' 'select'> <InPorts = 0> <OutPorts = 1> <Sync> <CReg>
ST_21 : Operation 880 [2/2] (2.10ns) (root node of the DSP)   --->   "%add_ln21_86 = add i16 %add_ln21_85, i16 %mul_ln21_109" [../source/tut3B_Function/matrix_mult.cpp:21]   --->   Operation 880 'add' 'add_ln21_86' <Predicate = true> <Delay = 2.10> <CoreInst = "DSP48">   --->   Core 116 'DSP48' <Latency = 3> <II = 1> <Delay = 2.15> <IPBlock> <Opcode : 'add' 'sub' 'mul' 'select'> <InPorts = 0> <OutPorts = 1> <Sync> <CReg>
ST_21 : Operation 881 [1/3] (0.00ns) (grouped into DSP with root node add_ln21_90)   --->   "%mul_ln21_114 = mul i16 %sext_ln21_47, i16 %sext_ln21_17" [../source/tut3B_Function/matrix_mult.cpp:21]   --->   Operation 881 'mul' 'mul_ln21_114' <Predicate = true> <Delay = 0.00> <CoreInst = "DSP48">   --->   Core 116 'DSP48' <Latency = 3> <II = 1> <Delay = 2.15> <IPBlock> <Opcode : 'add' 'sub' 'mul' 'select'> <InPorts = 0> <OutPorts = 1> <Sync> <CReg>
ST_21 : Operation 882 [2/2] (2.10ns) (root node of the DSP)   --->   "%add_ln21_90 = add i16 %add_ln21_89, i16 %mul_ln21_114" [../source/tut3B_Function/matrix_mult.cpp:21]   --->   Operation 882 'add' 'add_ln21_90' <Predicate = true> <Delay = 2.10> <CoreInst = "DSP48">   --->   Core 116 'DSP48' <Latency = 3> <II = 1> <Delay = 2.15> <IPBlock> <Opcode : 'add' 'sub' 'mul' 'select'> <InPorts = 0> <OutPorts = 1> <Sync> <CReg>
ST_21 : Operation 883 [1/3] (0.00ns) (grouped into DSP with root node add_ln21_94)   --->   "%mul_ln21_119 = mul i16 %sext_ln21_47, i16 %sext_ln21_22" [../source/tut3B_Function/matrix_mult.cpp:21]   --->   Operation 883 'mul' 'mul_ln21_119' <Predicate = true> <Delay = 0.00> <CoreInst = "DSP48">   --->   Core 116 'DSP48' <Latency = 3> <II = 1> <Delay = 2.15> <IPBlock> <Opcode : 'add' 'sub' 'mul' 'select'> <InPorts = 0> <OutPorts = 1> <Sync> <CReg>
ST_21 : Operation 884 [2/2] (2.10ns) (root node of the DSP)   --->   "%add_ln21_94 = add i16 %add_ln21_93, i16 %mul_ln21_119" [../source/tut3B_Function/matrix_mult.cpp:21]   --->   Operation 884 'add' 'add_ln21_94' <Predicate = true> <Delay = 2.10> <CoreInst = "DSP48">   --->   Core 116 'DSP48' <Latency = 3> <II = 1> <Delay = 2.15> <IPBlock> <Opcode : 'add' 'sub' 'mul' 'select'> <InPorts = 0> <OutPorts = 1> <Sync> <CReg>
ST_21 : Operation 885 [1/3] (0.00ns) (grouped into DSP with root node add_ln21_98)   --->   "%mul_ln21_124 = mul i16 %sext_ln21_47, i16 %sext_ln21_27" [../source/tut3B_Function/matrix_mult.cpp:21]   --->   Operation 885 'mul' 'mul_ln21_124' <Predicate = true> <Delay = 0.00> <CoreInst = "DSP48">   --->   Core 116 'DSP48' <Latency = 3> <II = 1> <Delay = 2.15> <IPBlock> <Opcode : 'add' 'sub' 'mul' 'select'> <InPorts = 0> <OutPorts = 1> <Sync> <CReg>
ST_21 : Operation 886 [2/2] (2.10ns) (root node of the DSP)   --->   "%add_ln21_98 = add i16 %add_ln21_97, i16 %mul_ln21_124" [../source/tut3B_Function/matrix_mult.cpp:21]   --->   Operation 886 'add' 'add_ln21_98' <Predicate = true> <Delay = 2.10> <CoreInst = "DSP48">   --->   Core 116 'DSP48' <Latency = 3> <II = 1> <Delay = 2.15> <IPBlock> <Opcode : 'add' 'sub' 'mul' 'select'> <InPorts = 0> <OutPorts = 1> <Sync> <CReg>

State 22 <SV = 21> <Delay = 2.10>
ST_22 : Operation 887 [1/1] (0.00ns)   --->   "%prod_addr_12 = getelementptr i16 %prod, i64 0, i64 12" [../source/tut3B_Function/matrix_mult.cpp:21]   --->   Operation 887 'getelementptr' 'prod_addr_12' <Predicate = true> <Delay = 0.00>
ST_22 : Operation 888 [1/1] (0.00ns)   --->   "%prod_addr_13 = getelementptr i16 %prod, i64 0, i64 13" [../source/tut3B_Function/matrix_mult.cpp:21]   --->   Operation 888 'getelementptr' 'prod_addr_13' <Predicate = true> <Delay = 0.00>
ST_22 : Operation 889 [1/1] ( I:0.00ns O:0.00ns )   --->   "%store_ln21 = store i16 %add_ln21_51, i5 %prod_addr_12" [../source/tut3B_Function/matrix_mult.cpp:21]   --->   Operation 889 'store' 'store_ln21' <Predicate = true> <Delay = 0.00> <CoreInst = "RAM">   --->   Core 81 'RAM' <Latency = 0> <II = 1> <Delay = 1.86> <Storage> <Opcode : 'load' 'store'> <Ports = 2> <Width = 16> <Depth = 25> <RAM>
ST_22 : Operation 890 [1/1] ( I:0.00ns O:0.00ns )   --->   "%store_ln21 = store i16 %add_ln21_55, i5 %prod_addr_13" [../source/tut3B_Function/matrix_mult.cpp:21]   --->   Operation 890 'store' 'store_ln21' <Predicate = true> <Delay = 0.00> <CoreInst = "RAM">   --->   Core 81 'RAM' <Latency = 0> <II = 1> <Delay = 1.86> <Storage> <Opcode : 'load' 'store'> <Ports = 2> <Width = 16> <Depth = 25> <RAM>
ST_22 : Operation 891 [1/1] (2.07ns)   --->   "%add_ln21_59 = add i16 %add_ln21_58, i16 %add_ln21_56" [../source/tut3B_Function/matrix_mult.cpp:21]   --->   Operation 891 'add' 'add_ln21_59' <Predicate = true> <Delay = 2.07> <CoreInst = "Adder">   --->   Core 1 'Adder' <Latency = 0> <II = 1> <Delay = 2.07> <FuncUnit> <Opcode : 'add' 'sub'> <InPorts = 2> <OutPorts = 1>
ST_22 : Operation 892 [1/1] (2.07ns)   --->   "%add_ln21_63 = add i16 %add_ln21_62, i16 %add_ln21_60" [../source/tut3B_Function/matrix_mult.cpp:21]   --->   Operation 892 'add' 'add_ln21_63' <Predicate = true> <Delay = 2.07> <CoreInst = "Adder">   --->   Core 1 'Adder' <Latency = 0> <II = 1> <Delay = 2.07> <FuncUnit> <Opcode : 'add' 'sub'> <InPorts = 2> <OutPorts = 1>
ST_22 : Operation 893 [1/1] (2.07ns)   --->   "%add_ln21_67 = add i16 %add_ln21_66, i16 %add_ln21_64" [../source/tut3B_Function/matrix_mult.cpp:21]   --->   Operation 893 'add' 'add_ln21_67' <Predicate = true> <Delay = 2.07> <CoreInst = "Adder">   --->   Core 1 'Adder' <Latency = 0> <II = 1> <Delay = 2.07> <FuncUnit> <Opcode : 'add' 'sub'> <InPorts = 2> <OutPorts = 1>
ST_22 : Operation 894 [1/1] (2.07ns)   --->   "%add_ln21_71 = add i16 %add_ln21_70, i16 %add_ln21_68" [../source/tut3B_Function/matrix_mult.cpp:21]   --->   Operation 894 'add' 'add_ln21_71' <Predicate = true> <Delay = 2.07> <CoreInst = "Adder">   --->   Core 1 'Adder' <Latency = 0> <II = 1> <Delay = 2.07> <FuncUnit> <Opcode : 'add' 'sub'> <InPorts = 2> <OutPorts = 1>
ST_22 : Operation 895 [1/1] (2.07ns)   --->   "%add_ln21_75 = add i16 %add_ln21_74, i16 %add_ln21_72" [../source/tut3B_Function/matrix_mult.cpp:21]   --->   Operation 895 'add' 'add_ln21_75' <Predicate = true> <Delay = 2.07> <CoreInst = "Adder">   --->   Core 1 'Adder' <Latency = 0> <II = 1> <Delay = 2.07> <FuncUnit> <Opcode : 'add' 'sub'> <InPorts = 2> <OutPorts = 1>
ST_22 : Operation 896 [1/1] (2.07ns)   --->   "%add_ln21_79 = add i16 %add_ln21_78, i16 %add_ln21_76" [../source/tut3B_Function/matrix_mult.cpp:21]   --->   Operation 896 'add' 'add_ln21_79' <Predicate = true> <Delay = 2.07> <CoreInst = "Adder">   --->   Core 1 'Adder' <Latency = 0> <II = 1> <Delay = 2.07> <FuncUnit> <Opcode : 'add' 'sub'> <InPorts = 2> <OutPorts = 1>
ST_22 : Operation 897 [1/2] (2.10ns) (root node of the DSP)   --->   "%add_ln21_82 = add i16 %add_ln21_81, i16 %mul_ln21_104" [../source/tut3B_Function/matrix_mult.cpp:21]   --->   Operation 897 'add' 'add_ln21_82' <Predicate = true> <Delay = 2.10> <CoreInst = "DSP48">   --->   Core 116 'DSP48' <Latency = 3> <II = 1> <Delay = 2.15> <IPBlock> <Opcode : 'add' 'sub' 'mul' 'select'> <InPorts = 0> <OutPorts = 1> <Sync> <CReg>
ST_22 : Operation 898 [1/2] (2.10ns) (root node of the DSP)   --->   "%add_ln21_86 = add i16 %add_ln21_85, i16 %mul_ln21_109" [../source/tut3B_Function/matrix_mult.cpp:21]   --->   Operation 898 'add' 'add_ln21_86' <Predicate = true> <Delay = 2.10> <CoreInst = "DSP48">   --->   Core 116 'DSP48' <Latency = 3> <II = 1> <Delay = 2.15> <IPBlock> <Opcode : 'add' 'sub' 'mul' 'select'> <InPorts = 0> <OutPorts = 1> <Sync> <CReg>
ST_22 : Operation 899 [1/2] (2.10ns) (root node of the DSP)   --->   "%add_ln21_90 = add i16 %add_ln21_89, i16 %mul_ln21_114" [../source/tut3B_Function/matrix_mult.cpp:21]   --->   Operation 899 'add' 'add_ln21_90' <Predicate = true> <Delay = 2.10> <CoreInst = "DSP48">   --->   Core 116 'DSP48' <Latency = 3> <II = 1> <Delay = 2.15> <IPBlock> <Opcode : 'add' 'sub' 'mul' 'select'> <InPorts = 0> <OutPorts = 1> <Sync> <CReg>
ST_22 : Operation 900 [1/2] (2.10ns) (root node of the DSP)   --->   "%add_ln21_94 = add i16 %add_ln21_93, i16 %mul_ln21_119" [../source/tut3B_Function/matrix_mult.cpp:21]   --->   Operation 900 'add' 'add_ln21_94' <Predicate = true> <Delay = 2.10> <CoreInst = "DSP48">   --->   Core 116 'DSP48' <Latency = 3> <II = 1> <Delay = 2.15> <IPBlock> <Opcode : 'add' 'sub' 'mul' 'select'> <InPorts = 0> <OutPorts = 1> <Sync> <CReg>
ST_22 : Operation 901 [1/2] (2.10ns) (root node of the DSP)   --->   "%add_ln21_98 = add i16 %add_ln21_97, i16 %mul_ln21_124" [../source/tut3B_Function/matrix_mult.cpp:21]   --->   Operation 901 'add' 'add_ln21_98' <Predicate = true> <Delay = 2.10> <CoreInst = "DSP48">   --->   Core 116 'DSP48' <Latency = 3> <II = 1> <Delay = 2.15> <IPBlock> <Opcode : 'add' 'sub' 'mul' 'select'> <InPorts = 0> <OutPorts = 1> <Sync> <CReg>

State 23 <SV = 22> <Delay = 2.07>
ST_23 : Operation 902 [1/1] (0.00ns)   --->   "%prod_addr_14 = getelementptr i16 %prod, i64 0, i64 14" [../source/tut3B_Function/matrix_mult.cpp:21]   --->   Operation 902 'getelementptr' 'prod_addr_14' <Predicate = true> <Delay = 0.00>
ST_23 : Operation 903 [1/1] (0.00ns)   --->   "%prod_addr_15 = getelementptr i16 %prod, i64 0, i64 15" [../source/tut3B_Function/matrix_mult.cpp:21]   --->   Operation 903 'getelementptr' 'prod_addr_15' <Predicate = true> <Delay = 0.00>
ST_23 : Operation 904 [1/1] ( I:0.00ns O:0.00ns )   --->   "%store_ln21 = store i16 %add_ln21_59, i5 %prod_addr_14" [../source/tut3B_Function/matrix_mult.cpp:21]   --->   Operation 904 'store' 'store_ln21' <Predicate = true> <Delay = 0.00> <CoreInst = "RAM">   --->   Core 81 'RAM' <Latency = 0> <II = 1> <Delay = 1.86> <Storage> <Opcode : 'load' 'store'> <Ports = 2> <Width = 16> <Depth = 25> <RAM>
ST_23 : Operation 905 [1/1] ( I:0.00ns O:0.00ns )   --->   "%store_ln21 = store i16 %add_ln21_63, i5 %prod_addr_15" [../source/tut3B_Function/matrix_mult.cpp:21]   --->   Operation 905 'store' 'store_ln21' <Predicate = true> <Delay = 0.00> <CoreInst = "RAM">   --->   Core 81 'RAM' <Latency = 0> <II = 1> <Delay = 1.86> <Storage> <Opcode : 'load' 'store'> <Ports = 2> <Width = 16> <Depth = 25> <RAM>
ST_23 : Operation 906 [1/1] (2.07ns)   --->   "%add_ln21_83 = add i16 %add_ln21_82, i16 %add_ln21_80" [../source/tut3B_Function/matrix_mult.cpp:21]   --->   Operation 906 'add' 'add_ln21_83' <Predicate = true> <Delay = 2.07> <CoreInst = "Adder">   --->   Core 1 'Adder' <Latency = 0> <II = 1> <Delay = 2.07> <FuncUnit> <Opcode : 'add' 'sub'> <InPorts = 2> <OutPorts = 1>
ST_23 : Operation 907 [1/1] (2.07ns)   --->   "%add_ln21_87 = add i16 %add_ln21_86, i16 %add_ln21_84" [../source/tut3B_Function/matrix_mult.cpp:21]   --->   Operation 907 'add' 'add_ln21_87' <Predicate = true> <Delay = 2.07> <CoreInst = "Adder">   --->   Core 1 'Adder' <Latency = 0> <II = 1> <Delay = 2.07> <FuncUnit> <Opcode : 'add' 'sub'> <InPorts = 2> <OutPorts = 1>
ST_23 : Operation 908 [1/1] (2.07ns)   --->   "%add_ln21_91 = add i16 %add_ln21_90, i16 %add_ln21_88" [../source/tut3B_Function/matrix_mult.cpp:21]   --->   Operation 908 'add' 'add_ln21_91' <Predicate = true> <Delay = 2.07> <CoreInst = "Adder">   --->   Core 1 'Adder' <Latency = 0> <II = 1> <Delay = 2.07> <FuncUnit> <Opcode : 'add' 'sub'> <InPorts = 2> <OutPorts = 1>
ST_23 : Operation 909 [1/1] (2.07ns)   --->   "%add_ln21_95 = add i16 %add_ln21_94, i16 %add_ln21_92" [../source/tut3B_Function/matrix_mult.cpp:21]   --->   Operation 909 'add' 'add_ln21_95' <Predicate = true> <Delay = 2.07> <CoreInst = "Adder">   --->   Core 1 'Adder' <Latency = 0> <II = 1> <Delay = 2.07> <FuncUnit> <Opcode : 'add' 'sub'> <InPorts = 2> <OutPorts = 1>
ST_23 : Operation 910 [1/1] (2.07ns)   --->   "%add_ln21_99 = add i16 %add_ln21_98, i16 %add_ln21_96" [../source/tut3B_Function/matrix_mult.cpp:21]   --->   Operation 910 'add' 'add_ln21_99' <Predicate = true> <Delay = 2.07> <CoreInst = "Adder">   --->   Core 1 'Adder' <Latency = 0> <II = 1> <Delay = 2.07> <FuncUnit> <Opcode : 'add' 'sub'> <InPorts = 2> <OutPorts = 1>

State 24 <SV = 23> <Delay = 0.00>
ST_24 : Operation 911 [1/1] (0.00ns)   --->   "%prod_addr_16 = getelementptr i16 %prod, i64 0, i64 16" [../source/tut3B_Function/matrix_mult.cpp:21]   --->   Operation 911 'getelementptr' 'prod_addr_16' <Predicate = true> <Delay = 0.00>
ST_24 : Operation 912 [1/1] (0.00ns)   --->   "%prod_addr_17 = getelementptr i16 %prod, i64 0, i64 17" [../source/tut3B_Function/matrix_mult.cpp:21]   --->   Operation 912 'getelementptr' 'prod_addr_17' <Predicate = true> <Delay = 0.00>
ST_24 : Operation 913 [1/1] ( I:0.00ns O:0.00ns )   --->   "%store_ln21 = store i16 %add_ln21_67, i5 %prod_addr_16" [../source/tut3B_Function/matrix_mult.cpp:21]   --->   Operation 913 'store' 'store_ln21' <Predicate = true> <Delay = 0.00> <CoreInst = "RAM">   --->   Core 81 'RAM' <Latency = 0> <II = 1> <Delay = 1.86> <Storage> <Opcode : 'load' 'store'> <Ports = 2> <Width = 16> <Depth = 25> <RAM>
ST_24 : Operation 914 [1/1] ( I:0.00ns O:0.00ns )   --->   "%store_ln21 = store i16 %add_ln21_71, i5 %prod_addr_17" [../source/tut3B_Function/matrix_mult.cpp:21]   --->   Operation 914 'store' 'store_ln21' <Predicate = true> <Delay = 0.00> <CoreInst = "RAM">   --->   Core 81 'RAM' <Latency = 0> <II = 1> <Delay = 1.86> <Storage> <Opcode : 'load' 'store'> <Ports = 2> <Width = 16> <Depth = 25> <RAM>

State 25 <SV = 24> <Delay = 0.00>
ST_25 : Operation 915 [1/1] (0.00ns)   --->   "%prod_addr_18 = getelementptr i16 %prod, i64 0, i64 18" [../source/tut3B_Function/matrix_mult.cpp:21]   --->   Operation 915 'getelementptr' 'prod_addr_18' <Predicate = true> <Delay = 0.00>
ST_25 : Operation 916 [1/1] (0.00ns)   --->   "%prod_addr_19 = getelementptr i16 %prod, i64 0, i64 19" [../source/tut3B_Function/matrix_mult.cpp:21]   --->   Operation 916 'getelementptr' 'prod_addr_19' <Predicate = true> <Delay = 0.00>
ST_25 : Operation 917 [1/1] ( I:0.00ns O:0.00ns )   --->   "%store_ln21 = store i16 %add_ln21_75, i5 %prod_addr_18" [../source/tut3B_Function/matrix_mult.cpp:21]   --->   Operation 917 'store' 'store_ln21' <Predicate = true> <Delay = 0.00> <CoreInst = "RAM">   --->   Core 81 'RAM' <Latency = 0> <II = 1> <Delay = 1.86> <Storage> <Opcode : 'load' 'store'> <Ports = 2> <Width = 16> <Depth = 25> <RAM>
ST_25 : Operation 918 [1/1] ( I:0.00ns O:0.00ns )   --->   "%store_ln21 = store i16 %add_ln21_79, i5 %prod_addr_19" [../source/tut3B_Function/matrix_mult.cpp:21]   --->   Operation 918 'store' 'store_ln21' <Predicate = true> <Delay = 0.00> <CoreInst = "RAM">   --->   Core 81 'RAM' <Latency = 0> <II = 1> <Delay = 1.86> <Storage> <Opcode : 'load' 'store'> <Ports = 2> <Width = 16> <Depth = 25> <RAM>

State 26 <SV = 25> <Delay = 0.00>
ST_26 : Operation 919 [1/1] (0.00ns)   --->   "%prod_addr_20 = getelementptr i16 %prod, i64 0, i64 20" [../source/tut3B_Function/matrix_mult.cpp:21]   --->   Operation 919 'getelementptr' 'prod_addr_20' <Predicate = true> <Delay = 0.00>
ST_26 : Operation 920 [1/1] (0.00ns)   --->   "%prod_addr_21 = getelementptr i16 %prod, i64 0, i64 21" [../source/tut3B_Function/matrix_mult.cpp:21]   --->   Operation 920 'getelementptr' 'prod_addr_21' <Predicate = true> <Delay = 0.00>
ST_26 : Operation 921 [1/1] ( I:0.00ns O:0.00ns )   --->   "%store_ln21 = store i16 %add_ln21_83, i5 %prod_addr_20" [../source/tut3B_Function/matrix_mult.cpp:21]   --->   Operation 921 'store' 'store_ln21' <Predicate = true> <Delay = 0.00> <CoreInst = "RAM">   --->   Core 81 'RAM' <Latency = 0> <II = 1> <Delay = 1.86> <Storage> <Opcode : 'load' 'store'> <Ports = 2> <Width = 16> <Depth = 25> <RAM>
ST_26 : Operation 922 [1/1] ( I:0.00ns O:0.00ns )   --->   "%store_ln21 = store i16 %add_ln21_87, i5 %prod_addr_21" [../source/tut3B_Function/matrix_mult.cpp:21]   --->   Operation 922 'store' 'store_ln21' <Predicate = true> <Delay = 0.00> <CoreInst = "RAM">   --->   Core 81 'RAM' <Latency = 0> <II = 1> <Delay = 1.86> <Storage> <Opcode : 'load' 'store'> <Ports = 2> <Width = 16> <Depth = 25> <RAM>

State 27 <SV = 26> <Delay = 0.00>
ST_27 : Operation 923 [1/1] (0.00ns)   --->   "%prod_addr_22 = getelementptr i16 %prod, i64 0, i64 22" [../source/tut3B_Function/matrix_mult.cpp:21]   --->   Operation 923 'getelementptr' 'prod_addr_22' <Predicate = true> <Delay = 0.00>
ST_27 : Operation 924 [1/1] (0.00ns)   --->   "%prod_addr_23 = getelementptr i16 %prod, i64 0, i64 23" [../source/tut3B_Function/matrix_mult.cpp:21]   --->   Operation 924 'getelementptr' 'prod_addr_23' <Predicate = true> <Delay = 0.00>
ST_27 : Operation 925 [1/1] ( I:0.00ns O:0.00ns )   --->   "%store_ln21 = store i16 %add_ln21_91, i5 %prod_addr_22" [../source/tut3B_Function/matrix_mult.cpp:21]   --->   Operation 925 'store' 'store_ln21' <Predicate = true> <Delay = 0.00> <CoreInst = "RAM">   --->   Core 81 'RAM' <Latency = 0> <II = 1> <Delay = 1.86> <Storage> <Opcode : 'load' 'store'> <Ports = 2> <Width = 16> <Depth = 25> <RAM>
ST_27 : Operation 926 [1/1] ( I:0.00ns O:0.00ns )   --->   "%store_ln21 = store i16 %add_ln21_95, i5 %prod_addr_23" [../source/tut3B_Function/matrix_mult.cpp:21]   --->   Operation 926 'store' 'store_ln21' <Predicate = true> <Delay = 0.00> <CoreInst = "RAM">   --->   Core 81 'RAM' <Latency = 0> <II = 1> <Delay = 1.86> <Storage> <Opcode : 'load' 'store'> <Ports = 2> <Width = 16> <Depth = 25> <RAM>

State 28 <SV = 27> <Delay = 0.00>
ST_28 : Operation 927 [1/1] (0.00ns)   --->   "%prod_addr_24 = getelementptr i16 %prod, i64 0, i64 24" [../source/tut3B_Function/matrix_mult.cpp:21]   --->   Operation 927 'getelementptr' 'prod_addr_24' <Predicate = true> <Delay = 0.00>
ST_28 : Operation 928 [1/1] (0.00ns)   --->   "%specpipeline_ln8 = specpipeline void @_ssdm_op_SpecPipeline, i32 1, i32 0, i32 0, i32 0, i32 4294967295, void @empty_0" [../source/tut3B_Function/matrix_mult.cpp:8]   --->   Operation 928 'specpipeline' 'specpipeline_ln8' <Predicate = true> <Delay = 0.00>
ST_28 : Operation 929 [1/1] (0.00ns)   --->   "%spectopmodule_ln3 = spectopmodule void @_ssdm_op_SpecTopModule, void @empty_1" [../source/tut3B_Function/matrix_mult.cpp:3]   --->   Operation 929 'spectopmodule' 'spectopmodule_ln3' <Predicate = true> <Delay = 0.00>
ST_28 : Operation 930 [1/1] (0.00ns)   --->   "%specinterface_ln0 = specinterface void @_ssdm_op_SpecInterface, i8 %a, void @empty, i32 0, i32 0, void @empty_0, i32 4294967295, i32 0, void @empty_0, void @empty_0, void @empty_0, i32 0, i32 0, i32 0, i32 0, void @empty_0, void @empty_0, i32 4294967295, i32 0, i32 0, i32 0"   --->   Operation 930 'specinterface' 'specinterface_ln0' <Predicate = true> <Delay = 0.00>
ST_28 : Operation 931 [1/1] (0.00ns)   --->   "%specbitsmap_ln0 = specbitsmap void @_ssdm_op_SpecBitsMap, i8 %a"   --->   Operation 931 'specbitsmap' 'specbitsmap_ln0' <Predicate = true> <Delay = 0.00>
ST_28 : Operation 932 [1/1] (0.00ns)   --->   "%specinterface_ln0 = specinterface void @_ssdm_op_SpecInterface, i8 %b, void @empty, i32 0, i32 0, void @empty_0, i32 4294967295, i32 0, void @empty_0, void @empty_0, void @empty_0, i32 0, i32 0, i32 0, i32 0, void @empty_0, void @empty_0, i32 4294967295, i32 0, i32 0, i32 0"   --->   Operation 932 'specinterface' 'specinterface_ln0' <Predicate = true> <Delay = 0.00>
ST_28 : Operation 933 [1/1] (0.00ns)   --->   "%specbitsmap_ln0 = specbitsmap void @_ssdm_op_SpecBitsMap, i8 %b"   --->   Operation 933 'specbitsmap' 'specbitsmap_ln0' <Predicate = true> <Delay = 0.00>
ST_28 : Operation 934 [1/1] (0.00ns)   --->   "%specinterface_ln0 = specinterface void @_ssdm_op_SpecInterface, i16 %prod, void @empty, i32 0, i32 0, void @empty_0, i32 4294967295, i32 0, void @empty_0, void @empty_0, void @empty_0, i32 0, i32 0, i32 0, i32 0, void @empty_0, void @empty_0, i32 4294967295, i32 0, i32 0, i32 0"   --->   Operation 934 'specinterface' 'specinterface_ln0' <Predicate = true> <Delay = 0.00>
ST_28 : Operation 935 [1/1] (0.00ns)   --->   "%specbitsmap_ln0 = specbitsmap void @_ssdm_op_SpecBitsMap, i16 %prod"   --->   Operation 935 'specbitsmap' 'specbitsmap_ln0' <Predicate = true> <Delay = 0.00>
ST_28 : Operation 936 [1/1] ( I:0.00ns O:0.00ns )   --->   "%store_ln21 = store i16 %add_ln21_99, i5 %prod_addr_24" [../source/tut3B_Function/matrix_mult.cpp:21]   --->   Operation 936 'store' 'store_ln21' <Predicate = true> <Delay = 0.00> <CoreInst = "RAM">   --->   Core 81 'RAM' <Latency = 0> <II = 1> <Delay = 1.86> <Storage> <Opcode : 'load' 'store'> <Ports = 2> <Width = 16> <Depth = 25> <RAM>
ST_28 : Operation 937 [1/1] (0.00ns)   --->   "%ret_ln25 = ret" [../source/tut3B_Function/matrix_mult.cpp:25]   --->   Operation 937 'ret' 'ret_ln25' <Predicate = true> <Delay = 0.00>


============================================================
+ Verbose Summary: Binding
============================================================
STG Binding: 
---------------- STG Properties BEGIN ----------------
- Is combinational: 0
- Is one-state seq: 0
- Is datapath-only: 0
- Is pipelined: 1
- Is top level: 1
Port [ Return ] is wired: 1; IO mode=ap_ctrl_hs:ce=0
Port [ a]:  wired=1; compound=1; hidden=0; nouse=0; global=0; static=0; extern=0; dir=0; type=1; pingpong=0; private_global=0; MemPort=[11]; IO mode=ap_memory:ce=0
Port [ b]:  wired=1; compound=1; hidden=0; nouse=0; global=0; static=0; extern=0; dir=0; type=1; pingpong=0; private_global=0; MemPort=[11]; IO mode=ap_memory:ce=0
Port [ prod]:  wired=1; compound=1; hidden=0; nouse=0; global=0; static=0; extern=0; dir=1; type=1; pingpong=0; private_global=0; MemPort=[00]; IO mode=ap_memory:ce=0
---------------- STG Properties END ------------------

---------------- Datapath Model BEGIN ----------------

<LifeTime>
<method=bitvector/>
a_addr_3          (getelementptr) [ 00100000000000000000000000000]
a_addr_8          (getelementptr) [ 00100000000000000000000000000]
b_addr_3          (getelementptr) [ 00100000000000000000000000000]
b_addr_8          (getelementptr) [ 00100000000000000000000000000]
a_addr_13         (getelementptr) [ 00010000000000000000000000000]
a_addr_18         (getelementptr) [ 00010000000000000000000000000]
b_addr_13         (getelementptr) [ 00010000000000000000000000000]
b_addr_18         (getelementptr) [ 00010000000000000000000000000]
a_load_3          (load         ) [ 00000000000000000000000000000]
sext_ln21_6       (sext         ) [ 00011111100000000000000000000]
b_load_3          (load         ) [ 00000000000000000000000000000]
sext_ln21_7       (sext         ) [ 00011111111100000000000000000]
b_load_8          (load         ) [ 00000000000000000000000000000]
sext_ln21_13      (sext         ) [ 00011111111100000000000000000]
a_load_8          (load         ) [ 00000000000000000000000000000]
sext_ln21_33      (sext         ) [ 00011111100000000000000000000]
a_addr_1          (getelementptr) [ 00001000000000000000000000000]
a_addr_23         (getelementptr) [ 00001000000000000000000000000]
b_addr_1          (getelementptr) [ 00001000000000000000000000000]
b_addr_23         (getelementptr) [ 00001000000000000000000000000]
b_load_13         (load         ) [ 00000000000000000000000000000]
sext_ln21_18      (sext         ) [ 00001111111100000000000000000]
b_load_18         (load         ) [ 00000000000000000000000000000]
sext_ln21_23      (sext         ) [ 00001111111100000000000000000]
a_load_13         (load         ) [ 00001000000000000000000000000]
a_load_18         (load         ) [ 00001100000000000000000000000]
a_addr_6          (getelementptr) [ 00000100000000000000000000000]
a_addr_11         (getelementptr) [ 00000100000000000000000000000]
b_addr_6          (getelementptr) [ 00000100000000000000000000000]
b_addr_11         (getelementptr) [ 00000100000000000000000000000]
a_load_1          (load         ) [ 00000111100000000000000000000]
b_load_1          (load         ) [ 00000111100000000000000000000]
b_load_23         (load         ) [ 00000000000000000000000000000]
sext_ln21_28      (sext         ) [ 00000111111110000000000000000]
sext_ln21_38      (sext         ) [ 00000111110000000000000000000]
a_load_23         (load         ) [ 00000111000000000000000000000]
a_addr_16         (getelementptr) [ 00000010000000000000000000000]
a_addr_21         (getelementptr) [ 00000010000000000000000000000]
b_addr_16         (getelementptr) [ 00000010000000000000000000000]
b_addr_21         (getelementptr) [ 00000010000000000000000000000]
b_load_6          (load         ) [ 00000011100000000000000000000]
b_load_11         (load         ) [ 00000011100000000000000000000]
a_load_6          (load         ) [ 00000011110000000000000000000]
a_load_11         (load         ) [ 00000011111000000000000000000]
sext_ln21_43      (sext         ) [ 00000011111000000000000000000]
a_addr_4          (getelementptr) [ 00000001000000000000000000000]
a_addr_9          (getelementptr) [ 00000001000000000000000000000]
b_addr_4          (getelementptr) [ 00000001000000000000000000000]
b_addr_9          (getelementptr) [ 00000001000000000000000000000]
mul_ln21_3        (mul          ) [ 00000001111000000000000000000]
mul_ln21_8        (mul          ) [ 00000001111000000000000000000]
b_load_16         (load         ) [ 00000001110000000000000000000]
b_load_21         (load         ) [ 00000001110000000000000000000]
mul_ln21_28       (mul          ) [ 00000001111000000000000000000]
mul_ln21_33       (mul          ) [ 00000001111000000000000000000]
a_load_16         (load         ) [ 00000001111110000000000000000]
a_load_21         (load         ) [ 00000001111111000000000000000]
a_addr_14         (getelementptr) [ 00000000100000000000000000000]
a_addr_19         (getelementptr) [ 00000000100000000000000000000]
b_addr_14         (getelementptr) [ 00000000100000000000000000000]
b_addr_19         (getelementptr) [ 00000000100000000000000000000]
a_load_4          (load         ) [ 00000000000000000000000000000]
sext_ln21_8       (sext         ) [ 00000000111100000000000000000]
b_load_4          (load         ) [ 00000000000000000000000000000]
sext_ln21_9       (sext         ) [ 00000000111110000000000000000]
b_load_9          (load         ) [ 00000000000000000000000000000]
sext_ln21_14      (sext         ) [ 00000000111110000000000000000]
mul_ln21_13       (mul          ) [ 00000000111100000000000000000]
mul_ln21_18       (mul          ) [ 00000000111100000000000000000]
a_load_9          (load         ) [ 00000000000000000000000000000]
sext_ln21_34      (sext         ) [ 00000000111100000000000000000]
mul_ln21_38       (mul          ) [ 00000000111100000000000000000]
mul_ln21_43       (mul          ) [ 00000000111100000000000000000]
sext_ln21_48      (sext         ) [ 00000000111110000000000000000]
a_addr            (getelementptr) [ 00000000010000000000000000000]
a_addr_24         (getelementptr) [ 00000000010000000000000000000]
b_addr            (getelementptr) [ 00000000010000000000000000000]
b_addr_24         (getelementptr) [ 00000000010000000000000000000]
sext_ln21_2       (sext         ) [ 00000000011111000000000000000]
sext_ln21_3       (sext         ) [ 01111000011111111100000000000]
sext_ln21_11      (sext         ) [ 01111000011111111100000000000]
sext_ln21_16      (sext         ) [ 01111000011111111100000000000]
b_load_14         (load         ) [ 00000000000000000000000000000]
sext_ln21_19      (sext         ) [ 00000000011111000000000000000]
b_load_19         (load         ) [ 00000000000000000000000000000]
sext_ln21_24      (sext         ) [ 00000000011111000000000000000]
mul_ln21_23       (mul          ) [ 00000000011110000000000000000]
mul_ln21_48       (mul          ) [ 00000000011110000000000000000]
a_load_14         (load         ) [ 00000000000000000000000000000]
sext_ln21_39      (sext         ) [ 00000000011100000000000000000]
mul_ln21_53       (mul          ) [ 00000000011100000000000000000]
mul_ln21_58       (mul          ) [ 00000000011100000000000000000]
a_load_19         (load         ) [ 00000000010000000000000000000]
a_addr_2          (getelementptr) [ 00000000001000000000000000000]
a_addr_5          (getelementptr) [ 00000000001000000000000000000]
b_addr_2          (getelementptr) [ 00000000001000000000000000000]
b_addr_5          (getelementptr) [ 00000000001000000000000000000]
a_load            (load         ) [ 00000000001100000000000000000]
b_load            (load         ) [ 00000000001100000000000000000]
mul_ln21_2        (mul          ) [ 00000000001000000000000000000]
mul_ln21_7        (mul          ) [ 00000000001000000000000000000]
sext_ln21_21      (sext         ) [ 01111100001111111110000000000]
sext_ln21_26      (sext         ) [ 01111100001111111110000000000]
b_load_24         (load         ) [ 00000000000000000000000000000]
sext_ln21_29      (sext         ) [ 00000000001111000000000000000]
sext_ln21_31      (sext         ) [ 01000000001111100000000000000]
mul_ln21_27       (mul          ) [ 00000000001000000000000000000]
mul_ln21_32       (mul          ) [ 00000000001000000000000000000]
mul_ln21_63       (mul          ) [ 00000000001110000000000000000]
mul_ln21_68       (mul          ) [ 00000000001110000000000000000]
mul_ln21_73       (mul          ) [ 00000000001110000000000000000]
sext_ln21_44      (sext         ) [ 00000000001110000000000000000]
mul_ln21_78       (mul          ) [ 00000000001110000000000000000]
a_load_24         (load         ) [ 00000000001000000000000000000]
a_addr_7          (getelementptr) [ 00000000000100000000000000000]
a_addr_10         (getelementptr) [ 00000000000100000000000000000]
b_addr_7          (getelementptr) [ 00000000000100000000000000000]
b_addr_10         (getelementptr) [ 00000000000100000000000000000]
a_load_2          (load         ) [ 00000000000110000000000000000]
b_load_2          (load         ) [ 00000000000110000000000000000]
add_ln21_1        (add          ) [ 01100000000111110000000000000]
b_load_5          (load         ) [ 00000000000100000000000000000]
add_ln21_5        (add          ) [ 01100000000111110000000000000]
mul_ln21_12       (mul          ) [ 00000000000100000000000000000]
mul_ln21_17       (mul          ) [ 00000000000100000000000000000]
a_load_5          (load         ) [ 00000000000110000000000000000]
add_ln21_21       (add          ) [ 01111000000111111100000000000]
add_ln21_25       (add          ) [ 01111100000111111110000000000]
mul_ln21_37       (mul          ) [ 00000000000100000000000000000]
mul_ln21_42       (mul          ) [ 00000000000100000000000000000]
sext_ln21_36      (sext         ) [ 01100000000111110000000000000]
mul_ln21_52       (mul          ) [ 00000000000100000000000000000]
mul_ln21_57       (mul          ) [ 00000000000100000000000000000]
mul_ln21_83       (mul          ) [ 00000000000111000000000000000]
mul_ln21_88       (mul          ) [ 00000000000111000000000000000]
mul_ln21_93       (mul          ) [ 00000000000111000000000000000]
mul_ln21_98       (mul          ) [ 00000000000111000000000000000]
sext_ln21_49      (sext         ) [ 00000000000111000000000000000]
a_addr_12         (getelementptr) [ 00000000000010000000000000000]
a_addr_15         (getelementptr) [ 00000000000010000000000000000]
b_addr_12         (getelementptr) [ 00000000000010000000000000000]
b_addr_15         (getelementptr) [ 00000000000010000000000000000]
sext_ln21         (sext         ) [ 01100000000011110000000000000]
sext_ln21_1       (sext         ) [ 01111100000011111110000000000]
sext_ln21_10      (sext         ) [ 01111100000011111110000000000]
b_load_7          (load         ) [ 00000000000010000000000000000]
b_load_10         (load         ) [ 00000000000000000000000000000]
sext_ln21_15      (sext         ) [ 01111100000011111110000000000]
add_ln21_9        (add          ) [ 01100000000011110000000000000]
add_ln21_13       (add          ) [ 01110000000011111000000000000]
mul_ln21_22       (mul          ) [ 00000000000010000000000000000]
a_load_7          (load         ) [ 01000000000011100000000000000]
add_ln21_29       (add          ) [ 01111100000011111110000000000]
add_ln21_33       (add          ) [ 01111110000011111111000000000]
mul_ln21_47       (mul          ) [ 00000000000010000000000000000]
a_load_10         (load         ) [ 00000000000011000000000000000]
add_ln21_41       (add          ) [ 01111111000011111111100000000]
add_ln21_45       (add          ) [ 01111111000011111111100000000]
mul_ln21_62       (mul          ) [ 00000000000010000000000000000]
mul_ln21_67       (mul          ) [ 00000000000010000000000000000]
mul_ln21_72       (mul          ) [ 00000000000010000000000000000]
mul_ln21_77       (mul          ) [ 00000000000010000000000000000]
mul_ln21_103      (mul          ) [ 00000000000011000000000000000]
mul_ln21_108      (mul          ) [ 00000000000011000000000000000]
mul_ln21_113      (mul          ) [ 01000000000011100000000000000]
mul_ln21_118      (mul          ) [ 01000000000011100000000000000]
a_addr_17         (getelementptr) [ 00000000000001000000000000000]
a_addr_20         (getelementptr) [ 00000000000001000000000000000]
b_addr_17         (getelementptr) [ 00000000000001000000000000000]
b_addr_20         (getelementptr) [ 00000000000001000000000000000]
sext_ln21_4       (sext         ) [ 01110000000001111000000000000]
sext_ln21_5       (sext         ) [ 01111111100001111111110000000]
mul_ln21_1        (mul          ) [ 01000000000001100000000000000]
sext_ln21_12      (sext         ) [ 01111111100001111111110000000]
mul_ln21_6        (mul          ) [ 01000000000001100000000000000]
b_load_12         (load         ) [ 00000000000000000000000000000]
sext_ln21_17      (sext         ) [ 01111111100001111111110000000]
mul_ln21_11       (mul          ) [ 01000000000001100000000000000]
b_load_15         (load         ) [ 00000000000000000000000000000]
sext_ln21_20      (sext         ) [ 01111110000001111111000000000]
add_ln21_17       (add          ) [ 01111000000001111100000000000]
sext_ln21_30      (sext         ) [ 01100000000001110000000000000]
add_ln21_37       (add          ) [ 01111110000001111111000000000]
a_load_12         (load         ) [ 01111000000001111100000000000]
add_ln21_49       (add          ) [ 01111111000001111111100000000]
add_ln21_53       (add          ) [ 01111111000001111111100000000]
add_ln21_57       (add          ) [ 01111111100001111111110000000]
a_load_15         (load         ) [ 01100000000001110000000000000]
sext_ln21_41      (sext         ) [ 01111000000001111100000000000]
add_ln21_61       (add          ) [ 01111111100001111111110000000]
mul_ln21_82       (mul          ) [ 00000000000001000000000000000]
mul_ln21_87       (mul          ) [ 00000000000001000000000000000]
mul_ln21_92       (mul          ) [ 00000000000001000000000000000]
mul_ln21_97       (mul          ) [ 00000000000001000000000000000]
mul_ln21_102      (mul          ) [ 00000000000001000000000000000]
mul_ln21_107      (mul          ) [ 00000000000001000000000000000]
mul_ln21_123      (mul          ) [ 01000000000001100000000000000]
a_addr_22         (getelementptr) [ 01000000000000100000000000000]
b_addr_22         (getelementptr) [ 01000000000000100000000000000]
mul_ln21          (mul          ) [ 01000000000000100000000000000]
mul_ln21_5        (mul          ) [ 01000000000000100000000000000]
mul_ln21_10       (mul          ) [ 01000000000000100000000000000]
b_load_17         (load         ) [ 00000000000000000000000000000]
sext_ln21_22      (sext         ) [ 01111111100000111111110000000]
mul_ln21_16       (mul          ) [ 01100000000000110000000000000]
b_load_20         (load         ) [ 00000000000000000000000000000]
sext_ln21_25      (sext         ) [ 01111110000000111111000000000]
mul_ln21_21       (mul          ) [ 01110000000000111000000000000]
mul_ln21_26       (mul          ) [ 01100000000000110000000000000]
mul_ln21_31       (mul          ) [ 01100000000000110000000000000]
sext_ln21_35      (sext         ) [ 01110000000000111000000000000]
a_load_17         (load         ) [ 01111100000000111110000000000]
add_ln21_65       (add          ) [ 01111111100000111111110000000]
add_ln21_69       (add          ) [ 01111111100000111111110000000]
add_ln21_73       (add          ) [ 01111111100000111111110000000]
add_ln21_77       (add          ) [ 01111111100000111111110000000]
a_load_20         (load         ) [ 01110000000000111000000000000]
sext_ln21_46      (sext         ) [ 01111100000000111110000000000]
add_ln21_81       (add          ) [ 01111111110000111111111000000]
add_ln21_85       (add          ) [ 01111111110000111111111000000]
mul_ln21_112      (mul          ) [ 01000000000000100000000000000]
mul_ln21_117      (mul          ) [ 01000000000000100000000000000]
mul_ln21_122      (mul          ) [ 01000000000000100000000000000]
mul_ln21_4        (mul          ) [ 00100000000000010000000000000]
add_ln21          (add          ) [ 00110000000000011000000000000]
mul_ln21_9        (mul          ) [ 00100000000000010000000000000]
add_ln21_4        (add          ) [ 00110000000000011000000000000]
mul_ln21_14       (mul          ) [ 00100000000000010000000000000]
add_ln21_8        (add          ) [ 00110000000000011000000000000]
mul_ln21_15       (mul          ) [ 00100000000000010000000000000]
b_load_22         (load         ) [ 00000000000000000000000000000]
sext_ln21_27      (sext         ) [ 00111111100000011111110000000]
sext_ln21_32      (sext         ) [ 00111100000000011110000000000]
mul_ln21_25       (mul          ) [ 00100000000000010000000000000]
mul_ln21_30       (mul          ) [ 00100000000000010000000000000]
mul_ln21_36       (mul          ) [ 00110000000000011000000000000]
mul_ln21_41       (mul          ) [ 00110000000000011000000000000]
mul_ln21_46       (mul          ) [ 00110000000000011000000000000]
mul_ln21_51       (mul          ) [ 00110000000000011000000000000]
a_load_22         (load         ) [ 00111110000000011111000000000]
add_ln21_89       (add          ) [ 00111111110000011111111000000]
add_ln21_93       (add          ) [ 00111111110000011111111000000]
add_ln21_97       (add          ) [ 00111111110000011111111000000]
add_ln21_2        (add          ) [ 00010000000000001000000000000]
add_ln21_6        (add          ) [ 00010000000000001000000000000]
add_ln21_10       (add          ) [ 00010000000000001000000000000]
mul_ln21_19       (mul          ) [ 00010000000000001000000000000]
add_ln21_12       (add          ) [ 00011000000000001100000000000]
mul_ln21_20       (mul          ) [ 00010000000000001000000000000]
add_ln21_20       (add          ) [ 00011100000000001110000000000]
add_ln21_24       (add          ) [ 00011110000000001111000000000]
mul_ln21_35       (mul          ) [ 00010000000000001000000000000]
mul_ln21_40       (mul          ) [ 00010000000000001000000000000]
mul_ln21_45       (mul          ) [ 00010000000000001000000000000]
mul_ln21_50       (mul          ) [ 00010000000000001000000000000]
mul_ln21_56       (mul          ) [ 00011000000000001100000000000]
mul_ln21_61       (mul          ) [ 00011000000000001100000000000]
mul_ln21_66       (mul          ) [ 00011000000000001100000000000]
mul_ln21_71       (mul          ) [ 00011000000000001100000000000]
sext_ln21_40      (sext         ) [ 00011100000000001110000000000]
prod_addr         (getelementptr) [ 00000000000000000000000000000]
prod_addr_1       (getelementptr) [ 00000000000000000000000000000]
add_ln21_3        (add          ) [ 00000000000000000000000000000]
store_ln21        (store        ) [ 00000000000000000000000000000]
add_ln21_7        (add          ) [ 00000000000000000000000000000]
store_ln21        (store        ) [ 00000000000000000000000000000]
add_ln21_11       (add          ) [ 00001000000000000100000000000]
add_ln21_14       (add          ) [ 00001000000000000100000000000]
mul_ln21_24       (mul          ) [ 00001000000000000100000000000]
add_ln21_16       (add          ) [ 00001100000000000110000000000]
mul_ln21_29       (mul          ) [ 00001000000000000100000000000]
add_ln21_28       (add          ) [ 00001110000000000111000000000]
add_ln21_32       (add          ) [ 00001111000000000111100000000]
add_ln21_36       (add          ) [ 00001111000000000111100000000]
add_ln21_40       (add          ) [ 00001111100000000111110000000]
mul_ln21_55       (mul          ) [ 00001000000000000100000000000]
mul_ln21_60       (mul          ) [ 00001000000000000100000000000]
mul_ln21_65       (mul          ) [ 00001000000000000100000000000]
mul_ln21_70       (mul          ) [ 00001000000000000100000000000]
mul_ln21_76       (mul          ) [ 00001100000000000110000000000]
mul_ln21_81       (mul          ) [ 00001100000000000110000000000]
mul_ln21_86       (mul          ) [ 00001100000000000110000000000]
mul_ln21_91       (mul          ) [ 00001100000000000110000000000]
sext_ln21_45      (sext         ) [ 00001110000000000111000000000]
prod_addr_2       (getelementptr) [ 00000000000000000000000000000]
prod_addr_3       (getelementptr) [ 00000000000000000000000000000]
store_ln21        (store        ) [ 00000000000000000000000000000]
add_ln21_15       (add          ) [ 00000000000000000000000000000]
store_ln21        (store        ) [ 00000000000000000000000000000]
add_ln21_18       (add          ) [ 00000100000000000010000000000]
add_ln21_22       (add          ) [ 00000100000000000010000000000]
mul_ln21_34       (mul          ) [ 00000100000000000010000000000]
mul_ln21_39       (mul          ) [ 00000100000000000010000000000]
sext_ln21_37      (sext         ) [ 00000111000000000011100000000]
add_ln21_44       (add          ) [ 00000111100000000011110000000]
add_ln21_48       (add          ) [ 00000111100000000011110000000]
add_ln21_52       (add          ) [ 00000111100000000011110000000]
add_ln21_56       (add          ) [ 00000111110000000011111000000]
mul_ln21_75       (mul          ) [ 00000100000000000010000000000]
mul_ln21_80       (mul          ) [ 00000100000000000010000000000]
mul_ln21_85       (mul          ) [ 00000100000000000010000000000]
mul_ln21_90       (mul          ) [ 00000100000000000010000000000]
mul_ln21_96       (mul          ) [ 00000110000000000011000000000]
mul_ln21_101      (mul          ) [ 00000110000000000011000000000]
mul_ln21_106      (mul          ) [ 00000110000000000011000000000]
mul_ln21_111      (mul          ) [ 00000110000000000011000000000]
prod_addr_4       (getelementptr) [ 00000000000000000000000000000]
prod_addr_5       (getelementptr) [ 00000000000000000000000000000]
add_ln21_19       (add          ) [ 00000000000000000000000000000]
store_ln21        (store        ) [ 00000000000000000000000000000]
add_ln21_23       (add          ) [ 00000000000000000000000000000]
store_ln21        (store        ) [ 00000000000000000000000000000]
add_ln21_26       (add          ) [ 00000010000000000001000000000]
add_ln21_30       (add          ) [ 00000010000000000001000000000]
mul_ln21_44       (mul          ) [ 00000010000000000001000000000]
mul_ln21_49       (mul          ) [ 00000010000000000001000000000]
sext_ln21_42      (sext         ) [ 00000011000000000001100000000]
add_ln21_60       (add          ) [ 00000011110000000001111000000]
add_ln21_64       (add          ) [ 00000011110000000001111000000]
add_ln21_68       (add          ) [ 00000011110000000001111000000]
add_ln21_72       (add          ) [ 00000011110000000001111000000]
mul_ln21_95       (mul          ) [ 00000010000000000001000000000]
mul_ln21_100      (mul          ) [ 00000010000000000001000000000]
mul_ln21_105      (mul          ) [ 00000010000000000001000000000]
mul_ln21_110      (mul          ) [ 00000010000000000001000000000]
mul_ln21_116      (mul          ) [ 00000011000000000001100000000]
mul_ln21_121      (mul          ) [ 00000011000000000001100000000]
prod_addr_6       (getelementptr) [ 00000000000000000000000000000]
prod_addr_7       (getelementptr) [ 00000000000000000000000000000]
add_ln21_27       (add          ) [ 00000000000000000000000000000]
store_ln21        (store        ) [ 00000000000000000000000000000]
add_ln21_31       (add          ) [ 00000000000000000000000000000]
store_ln21        (store        ) [ 00000000000000000000000000000]
add_ln21_34       (add          ) [ 00000001000000000000100000000]
add_ln21_38       (add          ) [ 00000001000000000000100000000]
mul_ln21_54       (mul          ) [ 00000001000000000000100000000]
mul_ln21_59       (mul          ) [ 00000001000000000000100000000]
mul_ln21_64       (mul          ) [ 00000001000000000000100000000]
mul_ln21_69       (mul          ) [ 00000001000000000000100000000]
add_ln21_76       (add          ) [ 00000001110000000000111000000]
sext_ln21_47      (sext         ) [ 00000001100000000000110000000]
add_ln21_80       (add          ) [ 00000001111000000000111100000]
add_ln21_84       (add          ) [ 00000001111000000000111100000]
add_ln21_88       (add          ) [ 00000001111000000000111100000]
mul_ln21_115      (mul          ) [ 00000001000000000000100000000]
mul_ln21_120      (mul          ) [ 00000001000000000000100000000]
prod_addr_8       (getelementptr) [ 00000000000000000000000000000]
prod_addr_9       (getelementptr) [ 00000000000000000000000000000]
add_ln21_35       (add          ) [ 00000000000000000000000000000]
store_ln21        (store        ) [ 00000000000000000000000000000]
add_ln21_39       (add          ) [ 00000000000000000000000000000]
store_ln21        (store        ) [ 00000000000000000000000000000]
add_ln21_42       (add          ) [ 00000000100000000000010000000]
add_ln21_46       (add          ) [ 00000000100000000000010000000]
add_ln21_50       (add          ) [ 00000000100000000000010000000]
add_ln21_54       (add          ) [ 00000000100000000000010000000]
mul_ln21_74       (mul          ) [ 00000000100000000000010000000]
mul_ln21_79       (mul          ) [ 00000000100000000000010000000]
mul_ln21_84       (mul          ) [ 00000000100000000000010000000]
mul_ln21_89       (mul          ) [ 00000000100000000000010000000]
mul_ln21_94       (mul          ) [ 00000000100000000000010000000]
mul_ln21_99       (mul          ) [ 00000000100000000000010000000]
add_ln21_92       (add          ) [ 00000000111000000000011100000]
add_ln21_96       (add          ) [ 00000000111000000000011100000]
prod_addr_10      (getelementptr) [ 00000000000000000000000000000]
prod_addr_11      (getelementptr) [ 00000000000000000000000000000]
add_ln21_43       (add          ) [ 00000000000000000000000000000]
store_ln21        (store        ) [ 00000000000000000000000000000]
add_ln21_47       (add          ) [ 00000000000000000000000000000]
store_ln21        (store        ) [ 00000000000000000000000000000]
add_ln21_51       (add          ) [ 00000000010000000000001000000]
add_ln21_55       (add          ) [ 00000000010000000000001000000]
add_ln21_58       (add          ) [ 00000000010000000000001000000]
add_ln21_62       (add          ) [ 00000000010000000000001000000]
add_ln21_66       (add          ) [ 00000000010000000000001000000]
add_ln21_70       (add          ) [ 00000000010000000000001000000]
add_ln21_74       (add          ) [ 00000000010000000000001000000]
add_ln21_78       (add          ) [ 00000000010000000000001000000]
mul_ln21_104      (mul          ) [ 00000000010000000000001000000]
mul_ln21_109      (mul          ) [ 00000000010000000000001000000]
mul_ln21_114      (mul          ) [ 00000000010000000000001000000]
mul_ln21_119      (mul          ) [ 00000000010000000000001000000]
mul_ln21_124      (mul          ) [ 00000000010000000000001000000]
prod_addr_12      (getelementptr) [ 00000000000000000000000000000]
prod_addr_13      (getelementptr) [ 00000000000000000000000000000]
store_ln21        (store        ) [ 00000000000000000000000000000]
store_ln21        (store        ) [ 00000000000000000000000000000]
add_ln21_59       (add          ) [ 00000000001000000000000100000]
add_ln21_63       (add          ) [ 00000000001000000000000100000]
add_ln21_67       (add          ) [ 00000000001100000000000110000]
add_ln21_71       (add          ) [ 00000000001100000000000110000]
add_ln21_75       (add          ) [ 00000000001110000000000111000]
add_ln21_79       (add          ) [ 00000000001110000000000111000]
add_ln21_82       (add          ) [ 00000000001000000000000100000]
add_ln21_86       (add          ) [ 00000000001000000000000100000]
add_ln21_90       (add          ) [ 00000000001000000000000100000]
add_ln21_94       (add          ) [ 00000000001000000000000100000]
add_ln21_98       (add          ) [ 00000000001000000000000100000]
prod_addr_14      (getelementptr) [ 00000000000000000000000000000]
prod_addr_15      (getelementptr) [ 00000000000000000000000000000]
store_ln21        (store        ) [ 00000000000000000000000000000]
store_ln21        (store        ) [ 00000000000000000000000000000]
add_ln21_83       (add          ) [ 00000000000111000000000011100]
add_ln21_87       (add          ) [ 00000000000111000000000011100]
add_ln21_91       (add          ) [ 01000000000111000000000011110]
add_ln21_95       (add          ) [ 01000000000111000000000011110]
add_ln21_99       (add          ) [ 01100000000111000000000011111]
prod_addr_16      (getelementptr) [ 00000000000000000000000000000]
prod_addr_17      (getelementptr) [ 00000000000000000000000000000]
store_ln21        (store        ) [ 00000000000000000000000000000]
store_ln21        (store        ) [ 00000000000000000000000000000]
prod_addr_18      (getelementptr) [ 00000000000000000000000000000]
prod_addr_19      (getelementptr) [ 00000000000000000000000000000]
store_ln21        (store        ) [ 00000000000000000000000000000]
store_ln21        (store        ) [ 00000000000000000000000000000]
prod_addr_20      (getelementptr) [ 00000000000000000000000000000]
prod_addr_21      (getelementptr) [ 00000000000000000000000000000]
store_ln21        (store        ) [ 00000000000000000000000000000]
store_ln21        (store        ) [ 00000000000000000000000000000]
prod_addr_22      (getelementptr) [ 00000000000000000000000000000]
prod_addr_23      (getelementptr) [ 00000000000000000000000000000]
store_ln21        (store        ) [ 00000000000000000000000000000]
store_ln21        (store        ) [ 00000000000000000000000000000]
prod_addr_24      (getelementptr) [ 00000000000000000000000000000]
specpipeline_ln8  (specpipeline ) [ 00000000000000000000000000000]
spectopmodule_ln3 (spectopmodule) [ 00000000000000000000000000000]
specinterface_ln0 (specinterface) [ 00000000000000000000000000000]
specbitsmap_ln0   (specbitsmap  ) [ 00000000000000000000000000000]
specinterface_ln0 (specinterface) [ 00000000000000000000000000000]
specbitsmap_ln0   (specbitsmap  ) [ 00000000000000000000000000000]
specinterface_ln0 (specinterface) [ 00000000000000000000000000000]
specbitsmap_ln0   (specbitsmap  ) [ 00000000000000000000000000000]
store_ln21        (store        ) [ 00000000000000000000000000000]
ret_ln25          (ret          ) [ 00000000000000000000000000000]
</LifeTime>

<model>

<comp_list>
<comp id="0" class="1000" name="a">
<pin_list>
<pin id="1" dir="1" index="0" bw="1" slack="0"/>
</pin_list>
<bind>
<StgValue><ssdm name="a"/><MemPortTyVec>1 1 </MemPortTyVec>
</StgValue>
</bind>
</comp>

<comp id="2" class="1000" name="b">
<pin_list>
<pin id="3" dir="1" index="0" bw="1" slack="0"/>
</pin_list>
<bind>
<StgValue><ssdm name="b"/><MemPortTyVec>1 1 </MemPortTyVec>
</StgValue>
</bind>
</comp>

<comp id="4" class="1000" name="prod">
<pin_list>
<pin id="5" dir="1" index="0" bw="1" slack="0"/>
</pin_list>
<bind>
<StgValue><ssdm name="prod"/><MemPortTyVec>0 0 </MemPortTyVec>
</StgValue>
</bind>
</comp>

<comp id="6" class="1001" name="const_6">
<pin_list>
<pin id="7" dir="1" index="0" bw="1" slack="0"/>
</pin_list>
<bind>
<StgValue><ssdm name=""/></StgValue>
</bind>
</comp>

<comp id="8" class="1001" name="const_8">
<pin_list>
<pin id="9" dir="1" index="0" bw="1" slack="0"/>
</pin_list>
<bind>
<StgValue><ssdm name=""/></StgValue>
</bind>
</comp>

<comp id="10" class="1001" name="const_10">
<pin_list>
<pin id="11" dir="1" index="0" bw="1" slack="0"/>
</pin_list>
<bind>
<StgValue><ssdm name=""/></StgValue>
</bind>
</comp>

<comp id="12" class="1001" name="const_12">
<pin_list>
<pin id="13" dir="1" index="0" bw="1" slack="0"/>
</pin_list>
<bind>
<StgValue><ssdm name=""/></StgValue>
</bind>
</comp>

<comp id="14" class="1001" name="const_14">
<pin_list>
<pin id="15" dir="1" index="0" bw="1" slack="0"/>
</pin_list>
<bind>
<StgValue><ssdm name=""/></StgValue>
</bind>
</comp>

<comp id="16" class="1001" name="const_16">
<pin_list>
<pin id="17" dir="1" index="0" bw="1" slack="0"/>
</pin_list>
<bind>
<StgValue><ssdm name=""/></StgValue>
</bind>
</comp>

<comp id="18" class="1001" name="const_18">
<pin_list>
<pin id="19" dir="1" index="0" bw="1" slack="0"/>
</pin_list>
<bind>
<StgValue><ssdm name=""/></StgValue>
</bind>
</comp>

<comp id="20" class="1001" name="const_20">
<pin_list>
<pin id="21" dir="1" index="0" bw="1" slack="0"/>
</pin_list>
<bind>
<StgValue><ssdm name=""/></StgValue>
</bind>
</comp>

<comp id="22" class="1001" name="const_22">
<pin_list>
<pin id="23" dir="1" index="0" bw="1" slack="0"/>
</pin_list>
<bind>
<StgValue><ssdm name=""/></StgValue>
</bind>
</comp>

<comp id="24" class="1001" name="const_24">
<pin_list>
<pin id="25" dir="1" index="0" bw="1" slack="0"/>
</pin_list>
<bind>
<StgValue><ssdm name=""/></StgValue>
</bind>
</comp>

<comp id="26" class="1001" name="const_26">
<pin_list>
<pin id="27" dir="1" index="0" bw="1" slack="0"/>
</pin_list>
<bind>
<StgValue><ssdm name=""/></StgValue>
</bind>
</comp>

<comp id="28" class="1001" name="const_28">
<pin_list>
<pin id="29" dir="1" index="0" bw="1" slack="0"/>
</pin_list>
<bind>
<StgValue><ssdm name=""/></StgValue>
</bind>
</comp>

<comp id="30" class="1001" name="const_30">
<pin_list>
<pin id="31" dir="1" index="0" bw="1" slack="0"/>
</pin_list>
<bind>
<StgValue><ssdm name=""/></StgValue>
</bind>
</comp>

<comp id="32" class="1001" name="const_32">
<pin_list>
<pin id="33" dir="1" index="0" bw="1" slack="0"/>
</pin_list>
<bind>
<StgValue><ssdm name=""/></StgValue>
</bind>
</comp>

<comp id="34" class="1001" name="const_34">
<pin_list>
<pin id="35" dir="1" index="0" bw="1" slack="0"/>
</pin_list>
<bind>
<StgValue><ssdm name=""/></StgValue>
</bind>
</comp>

<comp id="36" class="1001" name="const_36">
<pin_list>
<pin id="37" dir="1" index="0" bw="1" slack="0"/>
</pin_list>
<bind>
<StgValue><ssdm name=""/></StgValue>
</bind>
</comp>

<comp id="38" class="1001" name="const_38">
<pin_list>
<pin id="39" dir="1" index="0" bw="1" slack="0"/>
</pin_list>
<bind>
<StgValue><ssdm name=""/></StgValue>
</bind>
</comp>

<comp id="40" class="1001" name="const_40">
<pin_list>
<pin id="41" dir="1" index="0" bw="1" slack="0"/>
</pin_list>
<bind>
<StgValue><ssdm name=""/></StgValue>
</bind>
</comp>

<comp id="42" class="1001" name="const_42">
<pin_list>
<pin id="43" dir="1" index="0" bw="1" slack="0"/>
</pin_list>
<bind>
<StgValue><ssdm name=""/></StgValue>
</bind>
</comp>

<comp id="44" class="1001" name="const_44">
<pin_list>
<pin id="45" dir="1" index="0" bw="1" slack="0"/>
</pin_list>
<bind>
<StgValue><ssdm name=""/></StgValue>
</bind>
</comp>

<comp id="46" class="1001" name="const_46">
<pin_list>
<pin id="47" dir="1" index="0" bw="1" slack="0"/>
</pin_list>
<bind>
<StgValue><ssdm name=""/></StgValue>
</bind>
</comp>

<comp id="48" class="1001" name="const_48">
<pin_list>
<pin id="49" dir="1" index="0" bw="1" slack="0"/>
</pin_list>
<bind>
<StgValue><ssdm name=""/></StgValue>
</bind>
</comp>

<comp id="50" class="1001" name="const_50">
<pin_list>
<pin id="51" dir="1" index="0" bw="1" slack="0"/>
</pin_list>
<bind>
<StgValue><ssdm name=""/></StgValue>
</bind>
</comp>

<comp id="52" class="1001" name="const_52">
<pin_list>
<pin id="53" dir="1" index="0" bw="1" slack="0"/>
</pin_list>
<bind>
<StgValue><ssdm name=""/></StgValue>
</bind>
</comp>

<comp id="54" class="1001" name="const_54">
<pin_list>
<pin id="55" dir="1" index="0" bw="1" slack="0"/>
</pin_list>
<bind>
<StgValue><ssdm name=""/></StgValue>
</bind>
</comp>

<comp id="56" class="1001" name="const_56">
<pin_list>
<pin id="57" dir="1" index="0" bw="1" slack="2147483647"/>
</pin_list>
<bind>
<StgValue><ssdm name="_ssdm_op_SpecPipeline"/></StgValue>
</bind>
</comp>

<comp id="58" class="1001" name="const_58">
<pin_list>
<pin id="59" dir="1" index="0" bw="1" slack="2147483647"/>
</pin_list>
<bind>
<StgValue><ssdm name=""/></StgValue>
</bind>
</comp>

<comp id="60" class="1001" name="const_60">
<pin_list>
<pin id="61" dir="1" index="0" bw="1" slack="2147483647"/>
</pin_list>
<bind>
<StgValue><ssdm name=""/></StgValue>
</bind>
</comp>

<comp id="62" class="1001" name="const_62">
<pin_list>
<pin id="63" dir="1" index="0" bw="1" slack="2147483647"/>
</pin_list>
<bind>
<StgValue><ssdm name=""/></StgValue>
</bind>
</comp>

<comp id="64" class="1001" name="const_64">
<pin_list>
<pin id="65" dir="1" index="0" bw="1" slack="2147483647"/>
</pin_list>
<bind>
<StgValue><ssdm name="empty_0"/></StgValue>
</bind>
</comp>

<comp id="66" class="1001" name="const_66">
<pin_list>
<pin id="67" dir="1" index="0" bw="1" slack="2147483647"/>
</pin_list>
<bind>
<StgValue><ssdm name="_ssdm_op_SpecTopModule"/></StgValue>
</bind>
</comp>

<comp id="68" class="1001" name="const_68">
<pin_list>
<pin id="69" dir="1" index="0" bw="1" slack="2147483647"/>
</pin_list>
<bind>
<StgValue><ssdm name="empty_1"/></StgValue>
</bind>
</comp>

<comp id="70" class="1001" name="const_70">
<pin_list>
<pin id="71" dir="1" index="0" bw="1" slack="2147483647"/>
</pin_list>
<bind>
<StgValue><ssdm name="_ssdm_op_SpecInterface"/></StgValue>
</bind>
</comp>

<comp id="72" class="1001" name="const_72">
<pin_list>
<pin id="73" dir="1" index="0" bw="1" slack="2147483647"/>
</pin_list>
<bind>
<StgValue><ssdm name="empty"/></StgValue>
</bind>
</comp>

<comp id="74" class="1001" name="const_74">
<pin_list>
<pin id="75" dir="1" index="0" bw="1" slack="2147483647"/>
</pin_list>
<bind>
<StgValue><ssdm name="_ssdm_op_SpecBitsMap"/></StgValue>
</bind>
</comp>

<comp id="76" class="1004" name="a_addr_3_gep_fu_76">
<pin_list>
<pin id="77" dir="0" index="0" bw="8" slack="0"/>
<pin id="78" dir="0" index="1" bw="1" slack="0"/>
<pin id="79" dir="0" index="2" bw="3" slack="0"/>
<pin id="80" dir="1" index="3" bw="5" slack="0"/>
</pin_list>
<bind>
<opcode="getelementptr(29) " fcode="getelementptr"/>
<opset="a_addr_3/1 "/>
</bind>
</comp>

<comp id="84" class="1004" name="a_addr_8_gep_fu_84">
<pin_list>
<pin id="85" dir="0" index="0" bw="8" slack="0"/>
<pin id="86" dir="0" index="1" bw="1" slack="0"/>
<pin id="87" dir="0" index="2" bw="5" slack="0"/>
<pin id="88" dir="1" index="3" bw="5" slack="0"/>
</pin_list>
<bind>
<opcode="getelementptr(29) " fcode="getelementptr"/>
<opset="a_addr_8/1 "/>
</bind>
</comp>

<comp id="92" class="1004" name="b_addr_3_gep_fu_92">
<pin_list>
<pin id="93" dir="0" index="0" bw="8" slack="0"/>
<pin id="94" dir="0" index="1" bw="1" slack="0"/>
<pin id="95" dir="0" index="2" bw="5" slack="0"/>
<pin id="96" dir="1" index="3" bw="5" slack="0"/>
</pin_list>
<bind>
<opcode="getelementptr(29) " fcode="getelementptr"/>
<opset="b_addr_3/1 "/>
</bind>
</comp>

<comp id="100" class="1004" name="b_addr_8_gep_fu_100">
<pin_list>
<pin id="101" dir="0" index="0" bw="8" slack="0"/>
<pin id="102" dir="0" index="1" bw="1" slack="0"/>
<pin id="103" dir="0" index="2" bw="6" slack="0"/>
<pin id="104" dir="1" index="3" bw="5" slack="0"/>
</pin_list>
<bind>
<opcode="getelementptr(29) " fcode="getelementptr"/>
<opset="b_addr_8/1 "/>
</bind>
</comp>

<comp id="108" class="1004" name="grp_access_fu_108">
<pin_list>
<pin id="109" dir="0" index="0" bw="5" slack="0"/>
<pin id="110" dir="0" index="1" bw="8" slack="2147483647"/>
<pin id="111" dir="0" index="2" bw="0" slack="0"/>
<pin id="113" dir="0" index="4" bw="5" slack="2147483647"/>
<pin id="114" dir="0" index="5" bw="8" slack="2147483647"/>
<pin id="115" dir="0" index="6" bw="0" slack="2147483647"/>
<pin id="112" dir="1" index="3" bw="8" slack="0"/>
<pin id="116" dir="1" index="7" bw="8" slack="0"/>
</pin_list>
<bind>
<opcode="load(27) " fcode="load"/>
<opset="a_load_3/1 a_load_8/1 a_load_13/2 a_load_18/2 a_load_1/3 a_load_23/3 a_load_6/4 a_load_11/4 a_load_16/5 a_load_21/5 a_load_4/6 a_load_9/6 a_load_14/7 a_load_19/7 a_load/8 a_load_24/8 a_load_2/9 a_load_5/9 a_load_7/10 a_load_10/10 a_load_12/11 a_load_15/11 a_load_17/12 a_load_20/12 a_load_22/13 "/>
</bind>
</comp>

<comp id="118" class="1004" name="grp_access_fu_118">
<pin_list>
<pin id="119" dir="0" index="0" bw="5" slack="0"/>
<pin id="120" dir="0" index="1" bw="8" slack="2147483647"/>
<pin id="121" dir="0" index="2" bw="0" slack="0"/>
<pin id="123" dir="0" index="4" bw="5" slack="2147483647"/>
<pin id="124" dir="0" index="5" bw="8" slack="2147483647"/>
<pin id="125" dir="0" index="6" bw="0" slack="2147483647"/>
<pin id="122" dir="1" index="3" bw="8" slack="0"/>
<pin id="126" dir="1" index="7" bw="8" slack="0"/>
</pin_list>
<bind>
<opcode="load(27) " fcode="load"/>
<opset="b_load_3/1 b_load_8/1 b_load_13/2 b_load_18/2 b_load_1/3 b_load_23/3 b_load_6/4 b_load_11/4 b_load_16/5 b_load_21/5 b_load_4/6 b_load_9/6 b_load_14/7 b_load_19/7 b_load/8 b_load_24/8 b_load_2/9 b_load_5/9 b_load_7/10 b_load_10/10 b_load_12/11 b_load_15/11 b_load_17/12 b_load_20/12 b_load_22/13 "/>
</bind>
</comp>

<comp id="130" class="1004" name="a_addr_13_gep_fu_130">
<pin_list>
<pin id="131" dir="0" index="0" bw="8" slack="0"/>
<pin id="132" dir="0" index="1" bw="1" slack="0"/>
<pin id="133" dir="0" index="2" bw="5" slack="0"/>
<pin id="134" dir="1" index="3" bw="5" slack="0"/>
</pin_list>
<bind>
<opcode="getelementptr(29) " fcode="getelementptr"/>
<opset="a_addr_13/2 "/>
</bind>
</comp>

<comp id="138" class="1004" name="a_addr_18_gep_fu_138">
<pin_list>
<pin id="139" dir="0" index="0" bw="8" slack="0"/>
<pin id="140" dir="0" index="1" bw="1" slack="0"/>
<pin id="141" dir="0" index="2" bw="6" slack="0"/>
<pin id="142" dir="1" index="3" bw="5" slack="0"/>
</pin_list>
<bind>
<opcode="getelementptr(29) " fcode="getelementptr"/>
<opset="a_addr_18/2 "/>
</bind>
</comp>

<comp id="146" class="1004" name="b_addr_13_gep_fu_146">
<pin_list>
<pin id="147" dir="0" index="0" bw="8" slack="0"/>
<pin id="148" dir="0" index="1" bw="1" slack="0"/>
<pin id="149" dir="0" index="2" bw="6" slack="0"/>
<pin id="150" dir="1" index="3" bw="5" slack="0"/>
</pin_list>
<bind>
<opcode="getelementptr(29) " fcode="getelementptr"/>
<opset="b_addr_13/2 "/>
</bind>
</comp>

<comp id="154" class="1004" name="b_addr_18_gep_fu_154">
<pin_list>
<pin id="155" dir="0" index="0" bw="8" slack="0"/>
<pin id="156" dir="0" index="1" bw="1" slack="0"/>
<pin id="157" dir="0" index="2" bw="6" slack="0"/>
<pin id="158" dir="1" index="3" bw="5" slack="0"/>
</pin_list>
<bind>
<opcode="getelementptr(29) " fcode="getelementptr"/>
<opset="b_addr_18/2 "/>
</bind>
</comp>

<comp id="166" class="1004" name="a_addr_1_gep_fu_166">
<pin_list>
<pin id="167" dir="0" index="0" bw="8" slack="0"/>
<pin id="168" dir="0" index="1" bw="1" slack="0"/>
<pin id="169" dir="0" index="2" bw="1" slack="0"/>
<pin id="170" dir="1" index="3" bw="5" slack="0"/>
</pin_list>
<bind>
<opcode="getelementptr(29) " fcode="getelementptr"/>
<opset="a_addr_1/3 "/>
</bind>
</comp>

<comp id="174" class="1004" name="a_addr_23_gep_fu_174">
<pin_list>
<pin id="175" dir="0" index="0" bw="8" slack="0"/>
<pin id="176" dir="0" index="1" bw="1" slack="0"/>
<pin id="177" dir="0" index="2" bw="6" slack="0"/>
<pin id="178" dir="1" index="3" bw="5" slack="0"/>
</pin_list>
<bind>
<opcode="getelementptr(29) " fcode="getelementptr"/>
<opset="a_addr_23/3 "/>
</bind>
</comp>

<comp id="182" class="1004" name="b_addr_1_gep_fu_182">
<pin_list>
<pin id="183" dir="0" index="0" bw="8" slack="0"/>
<pin id="184" dir="0" index="1" bw="1" slack="0"/>
<pin id="185" dir="0" index="2" bw="4" slack="0"/>
<pin id="186" dir="1" index="3" bw="5" slack="0"/>
</pin_list>
<bind>
<opcode="getelementptr(29) " fcode="getelementptr"/>
<opset="b_addr_1/3 "/>
</bind>
</comp>

<comp id="190" class="1004" name="b_addr_23_gep_fu_190">
<pin_list>
<pin id="191" dir="0" index="0" bw="8" slack="0"/>
<pin id="192" dir="0" index="1" bw="1" slack="0"/>
<pin id="193" dir="0" index="2" bw="6" slack="0"/>
<pin id="194" dir="1" index="3" bw="5" slack="0"/>
</pin_list>
<bind>
<opcode="getelementptr(29) " fcode="getelementptr"/>
<opset="b_addr_23/3 "/>
</bind>
</comp>

<comp id="202" class="1004" name="a_addr_6_gep_fu_202">
<pin_list>
<pin id="203" dir="0" index="0" bw="8" slack="0"/>
<pin id="204" dir="0" index="1" bw="1" slack="0"/>
<pin id="205" dir="0" index="2" bw="4" slack="0"/>
<pin id="206" dir="1" index="3" bw="5" slack="0"/>
</pin_list>
<bind>
<opcode="getelementptr(29) " fcode="getelementptr"/>
<opset="a_addr_6/4 "/>
</bind>
</comp>

<comp id="210" class="1004" name="a_addr_11_gep_fu_210">
<pin_list>
<pin id="211" dir="0" index="0" bw="8" slack="0"/>
<pin id="212" dir="0" index="1" bw="1" slack="0"/>
<pin id="213" dir="0" index="2" bw="5" slack="0"/>
<pin id="214" dir="1" index="3" bw="5" slack="0"/>
</pin_list>
<bind>
<opcode="getelementptr(29) " fcode="getelementptr"/>
<opset="a_addr_11/4 "/>
</bind>
</comp>

<comp id="218" class="1004" name="b_addr_6_gep_fu_218">
<pin_list>
<pin id="219" dir="0" index="0" bw="8" slack="0"/>
<pin id="220" dir="0" index="1" bw="1" slack="0"/>
<pin id="221" dir="0" index="2" bw="4" slack="0"/>
<pin id="222" dir="1" index="3" bw="5" slack="0"/>
</pin_list>
<bind>
<opcode="getelementptr(29) " fcode="getelementptr"/>
<opset="b_addr_6/4 "/>
</bind>
</comp>

<comp id="226" class="1004" name="b_addr_11_gep_fu_226">
<pin_list>
<pin id="227" dir="0" index="0" bw="8" slack="0"/>
<pin id="228" dir="0" index="1" bw="1" slack="0"/>
<pin id="229" dir="0" index="2" bw="4" slack="0"/>
<pin id="230" dir="1" index="3" bw="5" slack="0"/>
</pin_list>
<bind>
<opcode="getelementptr(29) " fcode="getelementptr"/>
<opset="b_addr_11/4 "/>
</bind>
</comp>

<comp id="238" class="1004" name="a_addr_16_gep_fu_238">
<pin_list>
<pin id="239" dir="0" index="0" bw="8" slack="0"/>
<pin id="240" dir="0" index="1" bw="1" slack="0"/>
<pin id="241" dir="0" index="2" bw="6" slack="0"/>
<pin id="242" dir="1" index="3" bw="5" slack="0"/>
</pin_list>
<bind>
<opcode="getelementptr(29) " fcode="getelementptr"/>
<opset="a_addr_16/5 "/>
</bind>
</comp>

<comp id="246" class="1004" name="a_addr_21_gep_fu_246">
<pin_list>
<pin id="247" dir="0" index="0" bw="8" slack="0"/>
<pin id="248" dir="0" index="1" bw="1" slack="0"/>
<pin id="249" dir="0" index="2" bw="6" slack="0"/>
<pin id="250" dir="1" index="3" bw="5" slack="0"/>
</pin_list>
<bind>
<opcode="getelementptr(29) " fcode="getelementptr"/>
<opset="a_addr_21/5 "/>
</bind>
</comp>

<comp id="254" class="1004" name="b_addr_16_gep_fu_254">
<pin_list>
<pin id="255" dir="0" index="0" bw="8" slack="0"/>
<pin id="256" dir="0" index="1" bw="1" slack="0"/>
<pin id="257" dir="0" index="2" bw="5" slack="0"/>
<pin id="258" dir="1" index="3" bw="5" slack="0"/>
</pin_list>
<bind>
<opcode="getelementptr(29) " fcode="getelementptr"/>
<opset="b_addr_16/5 "/>
</bind>
</comp>

<comp id="262" class="1004" name="b_addr_21_gep_fu_262">
<pin_list>
<pin id="263" dir="0" index="0" bw="8" slack="0"/>
<pin id="264" dir="0" index="1" bw="1" slack="0"/>
<pin id="265" dir="0" index="2" bw="5" slack="0"/>
<pin id="266" dir="1" index="3" bw="5" slack="0"/>
</pin_list>
<bind>
<opcode="getelementptr(29) " fcode="getelementptr"/>
<opset="b_addr_21/5 "/>
</bind>
</comp>

<comp id="274" class="1004" name="a_addr_4_gep_fu_274">
<pin_list>
<pin id="275" dir="0" index="0" bw="8" slack="0"/>
<pin id="276" dir="0" index="1" bw="1" slack="0"/>
<pin id="277" dir="0" index="2" bw="4" slack="0"/>
<pin id="278" dir="1" index="3" bw="5" slack="0"/>
</pin_list>
<bind>
<opcode="getelementptr(29) " fcode="getelementptr"/>
<opset="a_addr_4/6 "/>
</bind>
</comp>

<comp id="282" class="1004" name="a_addr_9_gep_fu_282">
<pin_list>
<pin id="283" dir="0" index="0" bw="8" slack="0"/>
<pin id="284" dir="0" index="1" bw="1" slack="0"/>
<pin id="285" dir="0" index="2" bw="5" slack="0"/>
<pin id="286" dir="1" index="3" bw="5" slack="0"/>
</pin_list>
<bind>
<opcode="getelementptr(29) " fcode="getelementptr"/>
<opset="a_addr_9/6 "/>
</bind>
</comp>

<comp id="290" class="1004" name="b_addr_4_gep_fu_290">
<pin_list>
<pin id="291" dir="0" index="0" bw="8" slack="0"/>
<pin id="292" dir="0" index="1" bw="1" slack="0"/>
<pin id="293" dir="0" index="2" bw="6" slack="0"/>
<pin id="294" dir="1" index="3" bw="5" slack="0"/>
</pin_list>
<bind>
<opcode="getelementptr(29) " fcode="getelementptr"/>
<opset="b_addr_4/6 "/>
</bind>
</comp>

<comp id="298" class="1004" name="b_addr_9_gep_fu_298">
<pin_list>
<pin id="299" dir="0" index="0" bw="8" slack="0"/>
<pin id="300" dir="0" index="1" bw="1" slack="0"/>
<pin id="301" dir="0" index="2" bw="6" slack="0"/>
<pin id="302" dir="1" index="3" bw="5" slack="0"/>
</pin_list>
<bind>
<opcode="getelementptr(29) " fcode="getelementptr"/>
<opset="b_addr_9/6 "/>
</bind>
</comp>

<comp id="310" class="1004" name="a_addr_14_gep_fu_310">
<pin_list>
<pin id="311" dir="0" index="0" bw="8" slack="0"/>
<pin id="312" dir="0" index="1" bw="1" slack="0"/>
<pin id="313" dir="0" index="2" bw="5" slack="0"/>
<pin id="314" dir="1" index="3" bw="5" slack="0"/>
</pin_list>
<bind>
<opcode="getelementptr(29) " fcode="getelementptr"/>
<opset="a_addr_14/7 "/>
</bind>
</comp>

<comp id="318" class="1004" name="a_addr_19_gep_fu_318">
<pin_list>
<pin id="319" dir="0" index="0" bw="8" slack="0"/>
<pin id="320" dir="0" index="1" bw="1" slack="0"/>
<pin id="321" dir="0" index="2" bw="6" slack="0"/>
<pin id="322" dir="1" index="3" bw="5" slack="0"/>
</pin_list>
<bind>
<opcode="getelementptr(29) " fcode="getelementptr"/>
<opset="a_addr_19/7 "/>
</bind>
</comp>

<comp id="326" class="1004" name="b_addr_14_gep_fu_326">
<pin_list>
<pin id="327" dir="0" index="0" bw="8" slack="0"/>
<pin id="328" dir="0" index="1" bw="1" slack="0"/>
<pin id="329" dir="0" index="2" bw="6" slack="0"/>
<pin id="330" dir="1" index="3" bw="5" slack="0"/>
</pin_list>
<bind>
<opcode="getelementptr(29) " fcode="getelementptr"/>
<opset="b_addr_14/7 "/>
</bind>
</comp>

<comp id="334" class="1004" name="b_addr_19_gep_fu_334">
<pin_list>
<pin id="335" dir="0" index="0" bw="8" slack="0"/>
<pin id="336" dir="0" index="1" bw="1" slack="0"/>
<pin id="337" dir="0" index="2" bw="6" slack="0"/>
<pin id="338" dir="1" index="3" bw="5" slack="0"/>
</pin_list>
<bind>
<opcode="getelementptr(29) " fcode="getelementptr"/>
<opset="b_addr_19/7 "/>
</bind>
</comp>

<comp id="346" class="1004" name="a_addr_gep_fu_346">
<pin_list>
<pin id="347" dir="0" index="0" bw="8" slack="0"/>
<pin id="348" dir="0" index="1" bw="1" slack="0"/>
<pin id="349" dir="0" index="2" bw="1" slack="0"/>
<pin id="350" dir="1" index="3" bw="5" slack="0"/>
</pin_list>
<bind>
<opcode="getelementptr(29) " fcode="getelementptr"/>
<opset="a_addr/8 "/>
</bind>
</comp>

<comp id="354" class="1004" name="a_addr_24_gep_fu_354">
<pin_list>
<pin id="355" dir="0" index="0" bw="8" slack="0"/>
<pin id="356" dir="0" index="1" bw="1" slack="0"/>
<pin id="357" dir="0" index="2" bw="6" slack="0"/>
<pin id="358" dir="1" index="3" bw="5" slack="0"/>
</pin_list>
<bind>
<opcode="getelementptr(29) " fcode="getelementptr"/>
<opset="a_addr_24/8 "/>
</bind>
</comp>

<comp id="362" class="1004" name="b_addr_gep_fu_362">
<pin_list>
<pin id="363" dir="0" index="0" bw="8" slack="0"/>
<pin id="364" dir="0" index="1" bw="1" slack="0"/>
<pin id="365" dir="0" index="2" bw="1" slack="0"/>
<pin id="366" dir="1" index="3" bw="5" slack="0"/>
</pin_list>
<bind>
<opcode="getelementptr(29) " fcode="getelementptr"/>
<opset="b_addr/8 "/>
</bind>
</comp>

<comp id="370" class="1004" name="b_addr_24_gep_fu_370">
<pin_list>
<pin id="371" dir="0" index="0" bw="8" slack="0"/>
<pin id="372" dir="0" index="1" bw="1" slack="0"/>
<pin id="373" dir="0" index="2" bw="6" slack="0"/>
<pin id="374" dir="1" index="3" bw="5" slack="0"/>
</pin_list>
<bind>
<opcode="getelementptr(29) " fcode="getelementptr"/>
<opset="b_addr_24/8 "/>
</bind>
</comp>

<comp id="382" class="1004" name="a_addr_2_gep_fu_382">
<pin_list>
<pin id="383" dir="0" index="0" bw="8" slack="0"/>
<pin id="384" dir="0" index="1" bw="1" slack="0"/>
<pin id="385" dir="0" index="2" bw="3" slack="0"/>
<pin id="386" dir="1" index="3" bw="5" slack="0"/>
</pin_list>
<bind>
<opcode="getelementptr(29) " fcode="getelementptr"/>
<opset="a_addr_2/9 "/>
</bind>
</comp>

<comp id="390" class="1004" name="a_addr_5_gep_fu_390">
<pin_list>
<pin id="391" dir="0" index="0" bw="8" slack="0"/>
<pin id="392" dir="0" index="1" bw="1" slack="0"/>
<pin id="393" dir="0" index="2" bw="4" slack="0"/>
<pin id="394" dir="1" index="3" bw="5" slack="0"/>
</pin_list>
<bind>
<opcode="getelementptr(29) " fcode="getelementptr"/>
<opset="a_addr_5/9 "/>
</bind>
</comp>

<comp id="398" class="1004" name="b_addr_2_gep_fu_398">
<pin_list>
<pin id="399" dir="0" index="0" bw="8" slack="0"/>
<pin id="400" dir="0" index="1" bw="1" slack="0"/>
<pin id="401" dir="0" index="2" bw="5" slack="0"/>
<pin id="402" dir="1" index="3" bw="5" slack="0"/>
</pin_list>
<bind>
<opcode="getelementptr(29) " fcode="getelementptr"/>
<opset="b_addr_2/9 "/>
</bind>
</comp>

<comp id="406" class="1004" name="b_addr_5_gep_fu_406">
<pin_list>
<pin id="407" dir="0" index="0" bw="8" slack="0"/>
<pin id="408" dir="0" index="1" bw="1" slack="0"/>
<pin id="409" dir="0" index="2" bw="1" slack="0"/>
<pin id="410" dir="1" index="3" bw="5" slack="0"/>
</pin_list>
<bind>
<opcode="getelementptr(29) " fcode="getelementptr"/>
<opset="b_addr_5/9 "/>
</bind>
</comp>

<comp id="418" class="1004" name="a_addr_7_gep_fu_418">
<pin_list>
<pin id="419" dir="0" index="0" bw="8" slack="0"/>
<pin id="420" dir="0" index="1" bw="1" slack="0"/>
<pin id="421" dir="0" index="2" bw="4" slack="0"/>
<pin id="422" dir="1" index="3" bw="5" slack="0"/>
</pin_list>
<bind>
<opcode="getelementptr(29) " fcode="getelementptr"/>
<opset="a_addr_7/10 "/>
</bind>
</comp>

<comp id="426" class="1004" name="a_addr_10_gep_fu_426">
<pin_list>
<pin id="427" dir="0" index="0" bw="8" slack="0"/>
<pin id="428" dir="0" index="1" bw="1" slack="0"/>
<pin id="429" dir="0" index="2" bw="5" slack="0"/>
<pin id="430" dir="1" index="3" bw="5" slack="0"/>
</pin_list>
<bind>
<opcode="getelementptr(29) " fcode="getelementptr"/>
<opset="a_addr_10/10 "/>
</bind>
</comp>

<comp id="434" class="1004" name="b_addr_7_gep_fu_434">
<pin_list>
<pin id="435" dir="0" index="0" bw="8" slack="0"/>
<pin id="436" dir="0" index="1" bw="1" slack="0"/>
<pin id="437" dir="0" index="2" bw="5" slack="0"/>
<pin id="438" dir="1" index="3" bw="5" slack="0"/>
</pin_list>
<bind>
<opcode="getelementptr(29) " fcode="getelementptr"/>
<opset="b_addr_7/10 "/>
</bind>
</comp>

<comp id="442" class="1004" name="b_addr_10_gep_fu_442">
<pin_list>
<pin id="443" dir="0" index="0" bw="8" slack="0"/>
<pin id="444" dir="0" index="1" bw="1" slack="0"/>
<pin id="445" dir="0" index="2" bw="3" slack="0"/>
<pin id="446" dir="1" index="3" bw="5" slack="0"/>
</pin_list>
<bind>
<opcode="getelementptr(29) " fcode="getelementptr"/>
<opset="b_addr_10/10 "/>
</bind>
</comp>

<comp id="454" class="1004" name="a_addr_12_gep_fu_454">
<pin_list>
<pin id="455" dir="0" index="0" bw="8" slack="0"/>
<pin id="456" dir="0" index="1" bw="1" slack="0"/>
<pin id="457" dir="0" index="2" bw="5" slack="0"/>
<pin id="458" dir="1" index="3" bw="5" slack="0"/>
</pin_list>
<bind>
<opcode="getelementptr(29) " fcode="getelementptr"/>
<opset="a_addr_12/11 "/>
</bind>
</comp>

<comp id="462" class="1004" name="a_addr_15_gep_fu_462">
<pin_list>
<pin id="463" dir="0" index="0" bw="8" slack="0"/>
<pin id="464" dir="0" index="1" bw="1" slack="0"/>
<pin id="465" dir="0" index="2" bw="5" slack="0"/>
<pin id="466" dir="1" index="3" bw="5" slack="0"/>
</pin_list>
<bind>
<opcode="getelementptr(29) " fcode="getelementptr"/>
<opset="a_addr_15/11 "/>
</bind>
</comp>

<comp id="470" class="1004" name="b_addr_12_gep_fu_470">
<pin_list>
<pin id="471" dir="0" index="0" bw="8" slack="0"/>
<pin id="472" dir="0" index="1" bw="1" slack="0"/>
<pin id="473" dir="0" index="2" bw="5" slack="0"/>
<pin id="474" dir="1" index="3" bw="5" slack="0"/>
</pin_list>
<bind>
<opcode="getelementptr(29) " fcode="getelementptr"/>
<opset="b_addr_12/11 "/>
</bind>
</comp>

<comp id="478" class="1004" name="b_addr_15_gep_fu_478">
<pin_list>
<pin id="479" dir="0" index="0" bw="8" slack="0"/>
<pin id="480" dir="0" index="1" bw="1" slack="0"/>
<pin id="481" dir="0" index="2" bw="3" slack="0"/>
<pin id="482" dir="1" index="3" bw="5" slack="0"/>
</pin_list>
<bind>
<opcode="getelementptr(29) " fcode="getelementptr"/>
<opset="b_addr_15/11 "/>
</bind>
</comp>

<comp id="490" class="1004" name="a_addr_17_gep_fu_490">
<pin_list>
<pin id="491" dir="0" index="0" bw="8" slack="0"/>
<pin id="492" dir="0" index="1" bw="1" slack="0"/>
<pin id="493" dir="0" index="2" bw="6" slack="0"/>
<pin id="494" dir="1" index="3" bw="5" slack="0"/>
</pin_list>
<bind>
<opcode="getelementptr(29) " fcode="getelementptr"/>
<opset="a_addr_17/12 "/>
</bind>
</comp>

<comp id="498" class="1004" name="a_addr_20_gep_fu_498">
<pin_list>
<pin id="499" dir="0" index="0" bw="8" slack="0"/>
<pin id="500" dir="0" index="1" bw="1" slack="0"/>
<pin id="501" dir="0" index="2" bw="6" slack="0"/>
<pin id="502" dir="1" index="3" bw="5" slack="0"/>
</pin_list>
<bind>
<opcode="getelementptr(29) " fcode="getelementptr"/>
<opset="a_addr_20/12 "/>
</bind>
</comp>

<comp id="506" class="1004" name="b_addr_17_gep_fu_506">
<pin_list>
<pin id="507" dir="0" index="0" bw="8" slack="0"/>
<pin id="508" dir="0" index="1" bw="1" slack="0"/>
<pin id="509" dir="0" index="2" bw="5" slack="0"/>
<pin id="510" dir="1" index="3" bw="5" slack="0"/>
</pin_list>
<bind>
<opcode="getelementptr(29) " fcode="getelementptr"/>
<opset="b_addr_17/12 "/>
</bind>
</comp>

<comp id="514" class="1004" name="b_addr_20_gep_fu_514">
<pin_list>
<pin id="515" dir="0" index="0" bw="8" slack="0"/>
<pin id="516" dir="0" index="1" bw="1" slack="0"/>
<pin id="517" dir="0" index="2" bw="4" slack="0"/>
<pin id="518" dir="1" index="3" bw="5" slack="0"/>
</pin_list>
<bind>
<opcode="getelementptr(29) " fcode="getelementptr"/>
<opset="b_addr_20/12 "/>
</bind>
</comp>

<comp id="526" class="1004" name="a_addr_22_gep_fu_526">
<pin_list>
<pin id="527" dir="0" index="0" bw="8" slack="0"/>
<pin id="528" dir="0" index="1" bw="1" slack="0"/>
<pin id="529" dir="0" index="2" bw="6" slack="0"/>
<pin id="530" dir="1" index="3" bw="5" slack="0"/>
</pin_list>
<bind>
<opcode="getelementptr(29) " fcode="getelementptr"/>
<opset="a_addr_22/13 "/>
</bind>
</comp>

<comp id="534" class="1004" name="b_addr_22_gep_fu_534">
<pin_list>
<pin id="535" dir="0" index="0" bw="8" slack="0"/>
<pin id="536" dir="0" index="1" bw="1" slack="0"/>
<pin id="537" dir="0" index="2" bw="5" slack="0"/>
<pin id="538" dir="1" index="3" bw="5" slack="0"/>
</pin_list>
<bind>
<opcode="getelementptr(29) " fcode="getelementptr"/>
<opset="b_addr_22/13 "/>
</bind>
</comp>

<comp id="544" class="1004" name="prod_addr_gep_fu_544">
<pin_list>
<pin id="545" dir="0" index="0" bw="16" slack="0"/>
<pin id="546" dir="0" index="1" bw="1" slack="0"/>
<pin id="547" dir="0" index="2" bw="1" slack="0"/>
<pin id="548" dir="1" index="3" bw="5" slack="0"/>
</pin_list>
<bind>
<opcode="getelementptr(29) " fcode="getelementptr"/>
<opset="prod_addr/16 "/>
</bind>
</comp>

<comp id="552" class="1004" name="prod_addr_1_gep_fu_552">
<pin_list>
<pin id="553" dir="0" index="0" bw="16" slack="0"/>
<pin id="554" dir="0" index="1" bw="1" slack="0"/>
<pin id="555" dir="0" index="2" bw="1" slack="0"/>
<pin id="556" dir="1" index="3" bw="5" slack="0"/>
</pin_list>
<bind>
<opcode="getelementptr(29) " fcode="getelementptr"/>
<opset="prod_addr_1/16 "/>
</bind>
</comp>

<comp id="560" class="1004" name="grp_access_fu_560">
<pin_list>
<pin id="561" dir="0" index="0" bw="5" slack="0"/>
<pin id="562" dir="0" index="1" bw="16" slack="0"/>
<pin id="563" dir="0" index="2" bw="0" slack="0"/>
<pin id="566" dir="0" index="4" bw="5" slack="0"/>
<pin id="567" dir="0" index="5" bw="16" slack="2147483647"/>
<pin id="568" dir="0" index="6" bw="0" slack="2147483647"/>
<pin id="564" dir="1" index="3" bw="16" slack="2147483647"/>
<pin id="569" dir="1" index="7" bw="16" slack="2147483647"/>
</pin_list>
<bind>
<opcode="store(28) " fcode="store"/>
<opset="store_ln21/16 store_ln21/16 store_ln21/17 store_ln21/17 store_ln21/18 store_ln21/18 store_ln21/19 store_ln21/19 store_ln21/20 store_ln21/20 store_ln21/21 store_ln21/21 store_ln21/22 store_ln21/22 store_ln21/23 store_ln21/23 store_ln21/24 store_ln21/24 store_ln21/25 store_ln21/25 store_ln21/26 store_ln21/26 store_ln21/27 store_ln21/27 store_ln21/28 "/>
</bind>
</comp>

<comp id="571" class="1004" name="prod_addr_2_gep_fu_571">
<pin_list>
<pin id="572" dir="0" index="0" bw="16" slack="0"/>
<pin id="573" dir="0" index="1" bw="1" slack="0"/>
<pin id="574" dir="0" index="2" bw="3" slack="0"/>
<pin id="575" dir="1" index="3" bw="5" slack="0"/>
</pin_list>
<bind>
<opcode="getelementptr(29) " fcode="getelementptr"/>
<opset="prod_addr_2/17 "/>
</bind>
</comp>

<comp id="579" class="1004" name="prod_addr_3_gep_fu_579">
<pin_list>
<pin id="580" dir="0" index="0" bw="16" slack="0"/>
<pin id="581" dir="0" index="1" bw="1" slack="0"/>
<pin id="582" dir="0" index="2" bw="3" slack="0"/>
<pin id="583" dir="1" index="3" bw="5" slack="0"/>
</pin_list>
<bind>
<opcode="getelementptr(29) " fcode="getelementptr"/>
<opset="prod_addr_3/17 "/>
</bind>
</comp>

<comp id="589" class="1004" name="prod_addr_4_gep_fu_589">
<pin_list>
<pin id="590" dir="0" index="0" bw="16" slack="0"/>
<pin id="591" dir="0" index="1" bw="1" slack="0"/>
<pin id="592" dir="0" index="2" bw="4" slack="0"/>
<pin id="593" dir="1" index="3" bw="5" slack="0"/>
</pin_list>
<bind>
<opcode="getelementptr(29) " fcode="getelementptr"/>
<opset="prod_addr_4/18 "/>
</bind>
</comp>

<comp id="597" class="1004" name="prod_addr_5_gep_fu_597">
<pin_list>
<pin id="598" dir="0" index="0" bw="16" slack="0"/>
<pin id="599" dir="0" index="1" bw="1" slack="0"/>
<pin id="600" dir="0" index="2" bw="4" slack="0"/>
<pin id="601" dir="1" index="3" bw="5" slack="0"/>
</pin_list>
<bind>
<opcode="getelementptr(29) " fcode="getelementptr"/>
<opset="prod_addr_5/18 "/>
</bind>
</comp>

<comp id="607" class="1004" name="prod_addr_6_gep_fu_607">
<pin_list>
<pin id="608" dir="0" index="0" bw="16" slack="0"/>
<pin id="609" dir="0" index="1" bw="1" slack="0"/>
<pin id="610" dir="0" index="2" bw="4" slack="0"/>
<pin id="611" dir="1" index="3" bw="5" slack="0"/>
</pin_list>
<bind>
<opcode="getelementptr(29) " fcode="getelementptr"/>
<opset="prod_addr_6/19 "/>
</bind>
</comp>

<comp id="615" class="1004" name="prod_addr_7_gep_fu_615">
<pin_list>
<pin id="616" dir="0" index="0" bw="16" slack="0"/>
<pin id="617" dir="0" index="1" bw="1" slack="0"/>
<pin id="618" dir="0" index="2" bw="4" slack="0"/>
<pin id="619" dir="1" index="3" bw="5" slack="0"/>
</pin_list>
<bind>
<opcode="getelementptr(29) " fcode="getelementptr"/>
<opset="prod_addr_7/19 "/>
</bind>
</comp>

<comp id="625" class="1004" name="prod_addr_8_gep_fu_625">
<pin_list>
<pin id="626" dir="0" index="0" bw="16" slack="0"/>
<pin id="627" dir="0" index="1" bw="1" slack="0"/>
<pin id="628" dir="0" index="2" bw="5" slack="0"/>
<pin id="629" dir="1" index="3" bw="5" slack="0"/>
</pin_list>
<bind>
<opcode="getelementptr(29) " fcode="getelementptr"/>
<opset="prod_addr_8/20 "/>
</bind>
</comp>

<comp id="633" class="1004" name="prod_addr_9_gep_fu_633">
<pin_list>
<pin id="634" dir="0" index="0" bw="16" slack="0"/>
<pin id="635" dir="0" index="1" bw="1" slack="0"/>
<pin id="636" dir="0" index="2" bw="5" slack="0"/>
<pin id="637" dir="1" index="3" bw="5" slack="0"/>
</pin_list>
<bind>
<opcode="getelementptr(29) " fcode="getelementptr"/>
<opset="prod_addr_9/20 "/>
</bind>
</comp>

<comp id="643" class="1004" name="prod_addr_10_gep_fu_643">
<pin_list>
<pin id="644" dir="0" index="0" bw="16" slack="0"/>
<pin id="645" dir="0" index="1" bw="1" slack="0"/>
<pin id="646" dir="0" index="2" bw="5" slack="0"/>
<pin id="647" dir="1" index="3" bw="5" slack="0"/>
</pin_list>
<bind>
<opcode="getelementptr(29) " fcode="getelementptr"/>
<opset="prod_addr_10/21 "/>
</bind>
</comp>

<comp id="651" class="1004" name="prod_addr_11_gep_fu_651">
<pin_list>
<pin id="652" dir="0" index="0" bw="16" slack="0"/>
<pin id="653" dir="0" index="1" bw="1" slack="0"/>
<pin id="654" dir="0" index="2" bw="5" slack="0"/>
<pin id="655" dir="1" index="3" bw="5" slack="0"/>
</pin_list>
<bind>
<opcode="getelementptr(29) " fcode="getelementptr"/>
<opset="prod_addr_11/21 "/>
</bind>
</comp>

<comp id="661" class="1004" name="prod_addr_12_gep_fu_661">
<pin_list>
<pin id="662" dir="0" index="0" bw="16" slack="0"/>
<pin id="663" dir="0" index="1" bw="1" slack="0"/>
<pin id="664" dir="0" index="2" bw="5" slack="0"/>
<pin id="665" dir="1" index="3" bw="5" slack="0"/>
</pin_list>
<bind>
<opcode="getelementptr(29) " fcode="getelementptr"/>
<opset="prod_addr_12/22 "/>
</bind>
</comp>

<comp id="669" class="1004" name="prod_addr_13_gep_fu_669">
<pin_list>
<pin id="670" dir="0" index="0" bw="16" slack="0"/>
<pin id="671" dir="0" index="1" bw="1" slack="0"/>
<pin id="672" dir="0" index="2" bw="5" slack="0"/>
<pin id="673" dir="1" index="3" bw="5" slack="0"/>
</pin_list>
<bind>
<opcode="getelementptr(29) " fcode="getelementptr"/>
<opset="prod_addr_13/22 "/>
</bind>
</comp>

<comp id="679" class="1004" name="prod_addr_14_gep_fu_679">
<pin_list>
<pin id="680" dir="0" index="0" bw="16" slack="0"/>
<pin id="681" dir="0" index="1" bw="1" slack="0"/>
<pin id="682" dir="0" index="2" bw="5" slack="0"/>
<pin id="683" dir="1" index="3" bw="5" slack="0"/>
</pin_list>
<bind>
<opcode="getelementptr(29) " fcode="getelementptr"/>
<opset="prod_addr_14/23 "/>
</bind>
</comp>

<comp id="687" class="1004" name="prod_addr_15_gep_fu_687">
<pin_list>
<pin id="688" dir="0" index="0" bw="16" slack="0"/>
<pin id="689" dir="0" index="1" bw="1" slack="0"/>
<pin id="690" dir="0" index="2" bw="5" slack="0"/>
<pin id="691" dir="1" index="3" bw="5" slack="0"/>
</pin_list>
<bind>
<opcode="getelementptr(29) " fcode="getelementptr"/>
<opset="prod_addr_15/23 "/>
</bind>
</comp>

<comp id="697" class="1004" name="prod_addr_16_gep_fu_697">
<pin_list>
<pin id="698" dir="0" index="0" bw="16" slack="0"/>
<pin id="699" dir="0" index="1" bw="1" slack="0"/>
<pin id="700" dir="0" index="2" bw="6" slack="0"/>
<pin id="701" dir="1" index="3" bw="5" slack="0"/>
</pin_list>
<bind>
<opcode="getelementptr(29) " fcode="getelementptr"/>
<opset="prod_addr_16/24 "/>
</bind>
</comp>

<comp id="705" class="1004" name="prod_addr_17_gep_fu_705">
<pin_list>
<pin id="706" dir="0" index="0" bw="16" slack="0"/>
<pin id="707" dir="0" index="1" bw="1" slack="0"/>
<pin id="708" dir="0" index="2" bw="6" slack="0"/>
<pin id="709" dir="1" index="3" bw="5" slack="0"/>
</pin_list>
<bind>
<opcode="getelementptr(29) " fcode="getelementptr"/>
<opset="prod_addr_17/24 "/>
</bind>
</comp>

<comp id="715" class="1004" name="prod_addr_18_gep_fu_715">
<pin_list>
<pin id="716" dir="0" index="0" bw="16" slack="0"/>
<pin id="717" dir="0" index="1" bw="1" slack="0"/>
<pin id="718" dir="0" index="2" bw="6" slack="0"/>
<pin id="719" dir="1" index="3" bw="5" slack="0"/>
</pin_list>
<bind>
<opcode="getelementptr(29) " fcode="getelementptr"/>
<opset="prod_addr_18/25 "/>
</bind>
</comp>

<comp id="723" class="1004" name="prod_addr_19_gep_fu_723">
<pin_list>
<pin id="724" dir="0" index="0" bw="16" slack="0"/>
<pin id="725" dir="0" index="1" bw="1" slack="0"/>
<pin id="726" dir="0" index="2" bw="6" slack="0"/>
<pin id="727" dir="1" index="3" bw="5" slack="0"/>
</pin_list>
<bind>
<opcode="getelementptr(29) " fcode="getelementptr"/>
<opset="prod_addr_19/25 "/>
</bind>
</comp>

<comp id="733" class="1004" name="prod_addr_20_gep_fu_733">
<pin_list>
<pin id="734" dir="0" index="0" bw="16" slack="0"/>
<pin id="735" dir="0" index="1" bw="1" slack="0"/>
<pin id="736" dir="0" index="2" bw="6" slack="0"/>
<pin id="737" dir="1" index="3" bw="5" slack="0"/>
</pin_list>
<bind>
<opcode="getelementptr(29) " fcode="getelementptr"/>
<opset="prod_addr_20/26 "/>
</bind>
</comp>

<comp id="741" class="1004" name="prod_addr_21_gep_fu_741">
<pin_list>
<pin id="742" dir="0" index="0" bw="16" slack="0"/>
<pin id="743" dir="0" index="1" bw="1" slack="0"/>
<pin id="744" dir="0" index="2" bw="6" slack="0"/>
<pin id="745" dir="1" index="3" bw="5" slack="0"/>
</pin_list>
<bind>
<opcode="getelementptr(29) " fcode="getelementptr"/>
<opset="prod_addr_21/26 "/>
</bind>
</comp>

<comp id="751" class="1004" name="prod_addr_22_gep_fu_751">
<pin_list>
<pin id="752" dir="0" index="0" bw="16" slack="0"/>
<pin id="753" dir="0" index="1" bw="1" slack="0"/>
<pin id="754" dir="0" index="2" bw="6" slack="0"/>
<pin id="755" dir="1" index="3" bw="5" slack="0"/>
</pin_list>
<bind>
<opcode="getelementptr(29) " fcode="getelementptr"/>
<opset="prod_addr_22/27 "/>
</bind>
</comp>

<comp id="759" class="1004" name="prod_addr_23_gep_fu_759">
<pin_list>
<pin id="760" dir="0" index="0" bw="16" slack="0"/>
<pin id="761" dir="0" index="1" bw="1" slack="0"/>
<pin id="762" dir="0" index="2" bw="6" slack="0"/>
<pin id="763" dir="1" index="3" bw="5" slack="0"/>
</pin_list>
<bind>
<opcode="getelementptr(29) " fcode="getelementptr"/>
<opset="prod_addr_23/27 "/>
</bind>
</comp>

<comp id="769" class="1004" name="prod_addr_24_gep_fu_769">
<pin_list>
<pin id="770" dir="0" index="0" bw="16" slack="0"/>
<pin id="771" dir="0" index="1" bw="1" slack="0"/>
<pin id="772" dir="0" index="2" bw="6" slack="0"/>
<pin id="773" dir="1" index="3" bw="5" slack="0"/>
</pin_list>
<bind>
<opcode="getelementptr(29) " fcode="getelementptr"/>
<opset="prod_addr_24/28 "/>
</bind>
</comp>

<comp id="778" class="1005" name="reg_778">
<pin_list>
<pin id="779" dir="0" index="0" bw="8" slack="1"/>
<pin id="780" dir="1" index="1" bw="8" slack="1"/>
</pin_list>
<bind>
<opset="a_load_13 a_load_1 a_load_19 a_load a_load_7 "/>
</bind>
</comp>

<comp id="783" class="1005" name="reg_783">
<pin_list>
<pin id="784" dir="0" index="0" bw="8" slack="1"/>
<pin id="785" dir="1" index="1" bw="8" slack="1"/>
</pin_list>
<bind>
<opset="a_load_18 a_load_6 a_load_24 a_load_2 a_load_15 "/>
</bind>
</comp>

<comp id="788" class="1005" name="reg_788">
<pin_list>
<pin id="789" dir="0" index="0" bw="8" slack="1"/>
<pin id="790" dir="1" index="1" bw="8" slack="1"/>
</pin_list>
<bind>
<opset="b_load_1 b_load b_load_7 "/>
</bind>
</comp>

<comp id="792" class="1005" name="reg_792">
<pin_list>
<pin id="793" dir="0" index="0" bw="8" slack="2"/>
<pin id="794" dir="1" index="1" bw="8" slack="2"/>
</pin_list>
<bind>
<opset="a_load_23 a_load_5 a_load_12 "/>
</bind>
</comp>

<comp id="797" class="1005" name="reg_797">
<pin_list>
<pin id="798" dir="0" index="0" bw="8" slack="2"/>
<pin id="799" dir="1" index="1" bw="8" slack="2"/>
</pin_list>
<bind>
<opset="b_load_6 b_load_2 "/>
</bind>
</comp>

<comp id="801" class="1005" name="reg_801">
<pin_list>
<pin id="802" dir="0" index="0" bw="8" slack="1"/>
<pin id="803" dir="1" index="1" bw="8" slack="1"/>
</pin_list>
<bind>
<opset="b_load_11 b_load_5 "/>
</bind>
</comp>

<comp id="805" class="1005" name="reg_805">
<pin_list>
<pin id="806" dir="0" index="0" bw="8" slack="2"/>
<pin id="807" dir="1" index="1" bw="8" slack="2"/>
</pin_list>
<bind>
<opset="a_load_11 a_load_10 a_load_17 "/>
</bind>
</comp>

<comp id="810" class="1005" name="reg_810">
<pin_list>
<pin id="811" dir="0" index="0" bw="8" slack="3"/>
<pin id="812" dir="1" index="1" bw="8" slack="3"/>
</pin_list>
<bind>
<opset="a_load_16 a_load_20 "/>
</bind>
</comp>

<comp id="815" class="1005" name="reg_815">
<pin_list>
<pin id="816" dir="0" index="0" bw="8" slack="5"/>
<pin id="817" dir="1" index="1" bw="8" slack="5"/>
</pin_list>
<bind>
<opset="a_load_21 a_load_22 "/>
</bind>
</comp>

<comp id="819" class="1004" name="sext_ln21_6_fu_819">
<pin_list>
<pin id="820" dir="0" index="0" bw="8" slack="0"/>
<pin id="821" dir="1" index="1" bw="16" slack="0"/>
</pin_list>
<bind>
<opcode="sext(35) " fcode="sext"/>
<opset="sext_ln21_6/2 "/>
</bind>
</comp>

<comp id="823" class="1004" name="sext_ln21_7_fu_823">
<pin_list>
<pin id="824" dir="0" index="0" bw="8" slack="0"/>
<pin id="825" dir="1" index="1" bw="16" slack="0"/>
</pin_list>
<bind>
<opcode="sext(35) " fcode="sext"/>
<opset="sext_ln21_7/2 "/>
</bind>
</comp>

<comp id="827" class="1004" name="grp_fu_827">
<pin_list>
<pin id="828" dir="0" index="0" bw="8" slack="0"/>
<pin id="829" dir="0" index="1" bw="8" slack="0"/>
<pin id="830" dir="1" index="2" bw="16" slack="3"/>
</pin_list>
<bind>
<opcode="mul(12) " fcode="mul"/>
<opset="mul_ln21_3/2 "/>
</bind>
</comp>

<comp id="833" class="1004" name="sext_ln21_13_fu_833">
<pin_list>
<pin id="834" dir="0" index="0" bw="8" slack="0"/>
<pin id="835" dir="1" index="1" bw="16" slack="0"/>
</pin_list>
<bind>
<opcode="sext(35) " fcode="sext"/>
<opset="sext_ln21_13/2 "/>
</bind>
</comp>

<comp id="837" class="1004" name="grp_fu_837">
<pin_list>
<pin id="838" dir="0" index="0" bw="8" slack="0"/>
<pin id="839" dir="0" index="1" bw="8" slack="0"/>
<pin id="840" dir="1" index="2" bw="16" slack="3"/>
</pin_list>
<bind>
<opcode="mul(12) " fcode="mul"/>
<opset="mul_ln21_8/2 "/>
</bind>
</comp>

<comp id="843" class="1004" name="sext_ln21_33_fu_843">
<pin_list>
<pin id="844" dir="0" index="0" bw="8" slack="0"/>
<pin id="845" dir="1" index="1" bw="16" slack="0"/>
</pin_list>
<bind>
<opcode="sext(35) " fcode="sext"/>
<opset="sext_ln21_33/2 "/>
</bind>
</comp>

<comp id="847" class="1004" name="grp_fu_847">
<pin_list>
<pin id="848" dir="0" index="0" bw="8" slack="0"/>
<pin id="849" dir="0" index="1" bw="8" slack="0"/>
<pin id="850" dir="1" index="2" bw="16" slack="3"/>
</pin_list>
<bind>
<opcode="mul(12) " fcode="mul"/>
<opset="mul_ln21_28/2 "/>
</bind>
</comp>

<comp id="853" class="1004" name="grp_fu_853">
<pin_list>
<pin id="854" dir="0" index="0" bw="8" slack="0"/>
<pin id="855" dir="0" index="1" bw="8" slack="0"/>
<pin id="856" dir="1" index="2" bw="16" slack="3"/>
</pin_list>
<bind>
<opcode="mul(12) " fcode="mul"/>
<opset="mul_ln21_33/2 "/>
</bind>
</comp>

<comp id="859" class="1004" name="sext_ln21_18_fu_859">
<pin_list>
<pin id="860" dir="0" index="0" bw="8" slack="0"/>
<pin id="861" dir="1" index="1" bw="16" slack="0"/>
</pin_list>
<bind>
<opcode="sext(35) " fcode="sext"/>
<opset="sext_ln21_18/3 "/>
</bind>
</comp>

<comp id="863" class="1004" name="grp_fu_863">
<pin_list>
<pin id="864" dir="0" index="0" bw="8" slack="0"/>
<pin id="865" dir="0" index="1" bw="8" slack="1"/>
<pin id="866" dir="1" index="2" bw="16" slack="3"/>
</pin_list>
<bind>
<opcode="mul(12) " fcode="mul"/>
<opset="mul_ln21_13/3 "/>
</bind>
</comp>

<comp id="868" class="1004" name="sext_ln21_23_fu_868">
<pin_list>
<pin id="869" dir="0" index="0" bw="8" slack="0"/>
<pin id="870" dir="1" index="1" bw="16" slack="0"/>
</pin_list>
<bind>
<opcode="sext(35) " fcode="sext"/>
<opset="sext_ln21_23/3 "/>
</bind>
</comp>

<comp id="872" class="1004" name="grp_fu_872">
<pin_list>
<pin id="873" dir="0" index="0" bw="8" slack="0"/>
<pin id="874" dir="0" index="1" bw="8" slack="1"/>
<pin id="875" dir="1" index="2" bw="16" slack="3"/>
</pin_list>
<bind>
<opcode="mul(12) " fcode="mul"/>
<opset="mul_ln21_18/3 "/>
</bind>
</comp>

<comp id="877" class="1004" name="grp_fu_877">
<pin_list>
<pin id="878" dir="0" index="0" bw="8" slack="1"/>
<pin id="879" dir="0" index="1" bw="8" slack="0"/>
<pin id="880" dir="1" index="2" bw="16" slack="3"/>
</pin_list>
<bind>
<opcode="mul(12) " fcode="mul"/>
<opset="mul_ln21_38/3 "/>
</bind>
</comp>

<comp id="882" class="1004" name="grp_fu_882">
<pin_list>
<pin id="883" dir="0" index="0" bw="8" slack="1"/>
<pin id="884" dir="0" index="1" bw="8" slack="0"/>
<pin id="885" dir="1" index="2" bw="16" slack="3"/>
</pin_list>
<bind>
<opcode="mul(12) " fcode="mul"/>
<opset="mul_ln21_43/3 "/>
</bind>
</comp>

<comp id="887" class="1004" name="sext_ln21_28_fu_887">
<pin_list>
<pin id="888" dir="0" index="0" bw="8" slack="0"/>
<pin id="889" dir="1" index="1" bw="16" slack="0"/>
</pin_list>
<bind>
<opcode="sext(35) " fcode="sext"/>
<opset="sext_ln21_28/4 "/>
</bind>
</comp>

<comp id="891" class="1004" name="grp_fu_891">
<pin_list>
<pin id="892" dir="0" index="0" bw="8" slack="0"/>
<pin id="893" dir="0" index="1" bw="8" slack="2"/>
<pin id="894" dir="1" index="2" bw="16" slack="3"/>
</pin_list>
<bind>
<opcode="mul(12) " fcode="mul"/>
<opset="mul_ln21_23/4 "/>
</bind>
</comp>

<comp id="896" class="1004" name="grp_fu_896">
<pin_list>
<pin id="897" dir="0" index="0" bw="8" slack="2"/>
<pin id="898" dir="0" index="1" bw="8" slack="0"/>
<pin id="899" dir="1" index="2" bw="16" slack="3"/>
</pin_list>
<bind>
<opcode="mul(12) " fcode="mul"/>
<opset="mul_ln21_48/4 "/>
</bind>
</comp>

<comp id="901" class="1004" name="sext_ln21_38_fu_901">
<pin_list>
<pin id="902" dir="0" index="0" bw="8" slack="1"/>
<pin id="903" dir="1" index="1" bw="16" slack="0"/>
</pin_list>
<bind>
<opcode="sext(35) " fcode="sext"/>
<opset="sext_ln21_38/4 "/>
</bind>
</comp>

<comp id="905" class="1004" name="grp_fu_905">
<pin_list>
<pin id="906" dir="0" index="0" bw="8" slack="0"/>
<pin id="907" dir="0" index="1" bw="8" slack="2"/>
<pin id="908" dir="1" index="2" bw="16" slack="2"/>
</pin_list>
<bind>
<opcode="mul(12) " fcode="mul"/>
<opset="mul_ln21_53/4 "/>
</bind>
</comp>

<comp id="910" class="1004" name="grp_fu_910">
<pin_list>
<pin id="911" dir="0" index="0" bw="8" slack="0"/>
<pin id="912" dir="0" index="1" bw="8" slack="2"/>
<pin id="913" dir="1" index="2" bw="16" slack="2"/>
</pin_list>
<bind>
<opcode="mul(12) " fcode="mul"/>
<opset="mul_ln21_58/4 "/>
</bind>
</comp>

<comp id="915" class="1004" name="grp_fu_915">
<pin_list>
<pin id="916" dir="0" index="0" bw="8" slack="1"/>
<pin id="917" dir="0" index="1" bw="8" slack="2"/>
<pin id="918" dir="1" index="2" bw="16" slack="2"/>
</pin_list>
<bind>
<opcode="mul(12) " fcode="mul"/>
<opset="mul_ln21_63/5 "/>
</bind>
</comp>

<comp id="919" class="1004" name="grp_fu_919">
<pin_list>
<pin id="920" dir="0" index="0" bw="8" slack="1"/>
<pin id="921" dir="0" index="1" bw="8" slack="2"/>
<pin id="922" dir="1" index="2" bw="16" slack="2"/>
</pin_list>
<bind>
<opcode="mul(12) " fcode="mul"/>
<opset="mul_ln21_68/5 "/>
</bind>
</comp>

<comp id="923" class="1004" name="grp_fu_923">
<pin_list>
<pin id="924" dir="0" index="0" bw="8" slack="1"/>
<pin id="925" dir="0" index="1" bw="8" slack="1"/>
<pin id="926" dir="1" index="2" bw="16" slack="2"/>
</pin_list>
<bind>
<opcode="mul(12) " fcode="mul"/>
<opset="mul_ln21_73/5 "/>
</bind>
</comp>

<comp id="927" class="1004" name="sext_ln21_43_fu_927">
<pin_list>
<pin id="928" dir="0" index="0" bw="8" slack="2"/>
<pin id="929" dir="1" index="1" bw="16" slack="0"/>
</pin_list>
<bind>
<opcode="sext(35) " fcode="sext"/>
<opset="sext_ln21_43/5 "/>
</bind>
</comp>

<comp id="931" class="1004" name="grp_fu_931">
<pin_list>
<pin id="932" dir="0" index="0" bw="8" slack="0"/>
<pin id="933" dir="0" index="1" bw="8" slack="3"/>
<pin id="934" dir="1" index="2" bw="16" slack="2"/>
</pin_list>
<bind>
<opcode="mul(12) " fcode="mul"/>
<opset="mul_ln21_78/5 "/>
</bind>
</comp>

<comp id="936" class="1004" name="grp_fu_936">
<pin_list>
<pin id="937" dir="0" index="0" bw="8" slack="1"/>
<pin id="938" dir="0" index="1" bw="8" slack="4"/>
<pin id="939" dir="1" index="2" bw="16" slack="2"/>
</pin_list>
<bind>
<opcode="mul(12) " fcode="mul"/>
<opset="mul_ln21_83/6 "/>
</bind>
</comp>

<comp id="940" class="1004" name="grp_fu_940">
<pin_list>
<pin id="941" dir="0" index="0" bw="8" slack="1"/>
<pin id="942" dir="0" index="1" bw="8" slack="3"/>
<pin id="943" dir="1" index="2" bw="16" slack="2"/>
</pin_list>
<bind>
<opcode="mul(12) " fcode="mul"/>
<opset="mul_ln21_88/6 "/>
</bind>
</comp>

<comp id="944" class="1004" name="grp_fu_944">
<pin_list>
<pin id="945" dir="0" index="0" bw="8" slack="1"/>
<pin id="946" dir="0" index="1" bw="8" slack="3"/>
<pin id="947" dir="1" index="2" bw="16" slack="2"/>
</pin_list>
<bind>
<opcode="mul(12) " fcode="mul"/>
<opset="mul_ln21_93/6 "/>
</bind>
</comp>

<comp id="948" class="1004" name="grp_fu_948">
<pin_list>
<pin id="949" dir="0" index="0" bw="8" slack="1"/>
<pin id="950" dir="0" index="1" bw="8" slack="2"/>
<pin id="951" dir="1" index="2" bw="16" slack="2"/>
</pin_list>
<bind>
<opcode="mul(12) " fcode="mul"/>
<opset="mul_ln21_98/6 "/>
</bind>
</comp>

<comp id="952" class="1004" name="sext_ln21_8_fu_952">
<pin_list>
<pin id="953" dir="0" index="0" bw="8" slack="0"/>
<pin id="954" dir="1" index="1" bw="16" slack="0"/>
</pin_list>
<bind>
<opcode="sext(35) " fcode="sext"/>
<opset="sext_ln21_8/7 "/>
</bind>
</comp>

<comp id="956" class="1004" name="sext_ln21_9_fu_956">
<pin_list>
<pin id="957" dir="0" index="0" bw="8" slack="0"/>
<pin id="958" dir="1" index="1" bw="16" slack="0"/>
</pin_list>
<bind>
<opcode="sext(35) " fcode="sext"/>
<opset="sext_ln21_9/7 "/>
</bind>
</comp>

<comp id="960" class="1004" name="sext_ln21_14_fu_960">
<pin_list>
<pin id="961" dir="0" index="0" bw="8" slack="0"/>
<pin id="962" dir="1" index="1" bw="16" slack="0"/>
</pin_list>
<bind>
<opcode="sext(35) " fcode="sext"/>
<opset="sext_ln21_14/7 "/>
</bind>
</comp>

<comp id="964" class="1004" name="sext_ln21_34_fu_964">
<pin_list>
<pin id="965" dir="0" index="0" bw="8" slack="0"/>
<pin id="966" dir="1" index="1" bw="16" slack="0"/>
</pin_list>
<bind>
<opcode="sext(35) " fcode="sext"/>
<opset="sext_ln21_34/7 "/>
</bind>
</comp>

<comp id="968" class="1004" name="sext_ln21_48_fu_968">
<pin_list>
<pin id="969" dir="0" index="0" bw="8" slack="3"/>
<pin id="970" dir="1" index="1" bw="16" slack="0"/>
</pin_list>
<bind>
<opcode="sext(35) " fcode="sext"/>
<opset="sext_ln21_48/7 "/>
</bind>
</comp>

<comp id="972" class="1004" name="grp_fu_972">
<pin_list>
<pin id="973" dir="0" index="0" bw="8" slack="0"/>
<pin id="974" dir="0" index="1" bw="8" slack="5"/>
<pin id="975" dir="1" index="2" bw="16" slack="1"/>
</pin_list>
<bind>
<opcode="mul(12) " fcode="mul"/>
<opset="mul_ln21_103/7 "/>
</bind>
</comp>

<comp id="977" class="1004" name="grp_fu_977">
<pin_list>
<pin id="978" dir="0" index="0" bw="8" slack="0"/>
<pin id="979" dir="0" index="1" bw="8" slack="5"/>
<pin id="980" dir="1" index="2" bw="16" slack="1"/>
</pin_list>
<bind>
<opcode="mul(12) " fcode="mul"/>
<opset="mul_ln21_108/7 "/>
</bind>
</comp>

<comp id="982" class="1004" name="grp_fu_982">
<pin_list>
<pin id="983" dir="0" index="0" bw="8" slack="0"/>
<pin id="984" dir="0" index="1" bw="8" slack="4"/>
<pin id="985" dir="1" index="2" bw="16" slack="2"/>
</pin_list>
<bind>
<opcode="mul(12) " fcode="mul"/>
<opset="mul_ln21_113/7 "/>
</bind>
</comp>

<comp id="987" class="1004" name="grp_fu_987">
<pin_list>
<pin id="988" dir="0" index="0" bw="8" slack="0"/>
<pin id="989" dir="0" index="1" bw="8" slack="4"/>
<pin id="990" dir="1" index="2" bw="16" slack="2"/>
</pin_list>
<bind>
<opcode="mul(12) " fcode="mul"/>
<opset="mul_ln21_118/7 "/>
</bind>
</comp>

<comp id="992" class="1004" name="sext_ln21_2_fu_992">
<pin_list>
<pin id="993" dir="0" index="0" bw="8" slack="4"/>
<pin id="994" dir="1" index="1" bw="16" slack="0"/>
</pin_list>
<bind>
<opcode="sext(35) " fcode="sext"/>
<opset="sext_ln21_2/8 "/>
</bind>
</comp>

<comp id="996" class="1004" name="sext_ln21_3_fu_996">
<pin_list>
<pin id="997" dir="0" index="0" bw="8" slack="4"/>
<pin id="998" dir="1" index="1" bw="16" slack="0"/>
</pin_list>
<bind>
<opcode="sext(35) " fcode="sext"/>
<opset="sext_ln21_3/8 "/>
</bind>
</comp>

<comp id="1000" class="1004" name="grp_fu_1000">
<pin_list>
<pin id="1001" dir="0" index="0" bw="8" slack="0"/>
<pin id="1002" dir="0" index="1" bw="8" slack="0"/>
<pin id="1003" dir="1" index="2" bw="16" slack="1"/>
</pin_list>
<bind>
<opcode="mul(12) " fcode="mul"/>
<opset="mul_ln21_1/8 "/>
</bind>
</comp>

<comp id="1006" class="1004" name="sext_ln21_11_fu_1006">
<pin_list>
<pin id="1007" dir="0" index="0" bw="8" slack="3"/>
<pin id="1008" dir="1" index="1" bw="16" slack="0"/>
</pin_list>
<bind>
<opcode="sext(35) " fcode="sext"/>
<opset="sext_ln21_11/8 "/>
</bind>
</comp>

<comp id="1010" class="1004" name="grp_fu_1010">
<pin_list>
<pin id="1011" dir="0" index="0" bw="8" slack="0"/>
<pin id="1012" dir="0" index="1" bw="8" slack="0"/>
<pin id="1013" dir="1" index="2" bw="16" slack="1"/>
</pin_list>
<bind>
<opcode="mul(12) " fcode="mul"/>
<opset="mul_ln21_6/8 "/>
</bind>
</comp>

<comp id="1016" class="1004" name="sext_ln21_16_fu_1016">
<pin_list>
<pin id="1017" dir="0" index="0" bw="8" slack="3"/>
<pin id="1018" dir="1" index="1" bw="16" slack="0"/>
</pin_list>
<bind>
<opcode="sext(35) " fcode="sext"/>
<opset="sext_ln21_16/8 "/>
</bind>
</comp>

<comp id="1020" class="1004" name="sext_ln21_19_fu_1020">
<pin_list>
<pin id="1021" dir="0" index="0" bw="8" slack="0"/>
<pin id="1022" dir="1" index="1" bw="16" slack="0"/>
</pin_list>
<bind>
<opcode="sext(35) " fcode="sext"/>
<opset="sext_ln21_19/8 "/>
</bind>
</comp>

<comp id="1024" class="1004" name="grp_fu_1024">
<pin_list>
<pin id="1025" dir="0" index="0" bw="8" slack="0"/>
<pin id="1026" dir="0" index="1" bw="8" slack="0"/>
<pin id="1027" dir="1" index="2" bw="16" slack="1"/>
</pin_list>
<bind>
<opcode="mul(12) " fcode="mul"/>
<opset="mul_ln21_11/8 "/>
</bind>
</comp>

<comp id="1030" class="1004" name="sext_ln21_24_fu_1030">
<pin_list>
<pin id="1031" dir="0" index="0" bw="8" slack="0"/>
<pin id="1032" dir="1" index="1" bw="16" slack="0"/>
</pin_list>
<bind>
<opcode="sext(35) " fcode="sext"/>
<opset="sext_ln21_24/8 "/>
</bind>
</comp>

<comp id="1034" class="1004" name="sext_ln21_39_fu_1034">
<pin_list>
<pin id="1035" dir="0" index="0" bw="8" slack="0"/>
<pin id="1036" dir="1" index="1" bw="16" slack="0"/>
</pin_list>
<bind>
<opcode="sext(35) " fcode="sext"/>
<opset="sext_ln21_39/8 "/>
</bind>
</comp>

<comp id="1038" class="1004" name="grp_fu_1038">
<pin_list>
<pin id="1039" dir="0" index="0" bw="8" slack="1"/>
<pin id="1040" dir="0" index="1" bw="8" slack="4"/>
<pin id="1041" dir="1" index="2" bw="16" slack="1"/>
</pin_list>
<bind>
<opcode="mul(12) " fcode="mul"/>
<opset="mul_ln21_123/8 "/>
</bind>
</comp>

<comp id="1042" class="1004" name="sext_ln21_21_fu_1042">
<pin_list>
<pin id="1043" dir="0" index="0" bw="8" slack="3"/>
<pin id="1044" dir="1" index="1" bw="16" slack="0"/>
</pin_list>
<bind>
<opcode="sext(35) " fcode="sext"/>
<opset="sext_ln21_21/9 "/>
</bind>
</comp>

<comp id="1045" class="1004" name="grp_fu_1045">
<pin_list>
<pin id="1046" dir="0" index="0" bw="8" slack="0"/>
<pin id="1047" dir="0" index="1" bw="8" slack="1"/>
<pin id="1048" dir="1" index="2" bw="16" slack="1"/>
</pin_list>
<bind>
<opcode="mul(12) " fcode="mul"/>
<opset="mul_ln21_16/9 "/>
</bind>
</comp>

<comp id="1050" class="1004" name="sext_ln21_26_fu_1050">
<pin_list>
<pin id="1051" dir="0" index="0" bw="8" slack="3"/>
<pin id="1052" dir="1" index="1" bw="16" slack="0"/>
</pin_list>
<bind>
<opcode="sext(35) " fcode="sext"/>
<opset="sext_ln21_26/9 "/>
</bind>
</comp>

<comp id="1053" class="1004" name="sext_ln21_29_fu_1053">
<pin_list>
<pin id="1054" dir="0" index="0" bw="8" slack="0"/>
<pin id="1055" dir="1" index="1" bw="16" slack="0"/>
</pin_list>
<bind>
<opcode="sext(35) " fcode="sext"/>
<opset="sext_ln21_29/9 "/>
</bind>
</comp>

<comp id="1057" class="1004" name="grp_fu_1057">
<pin_list>
<pin id="1058" dir="0" index="0" bw="8" slack="0"/>
<pin id="1059" dir="0" index="1" bw="8" slack="1"/>
<pin id="1060" dir="1" index="2" bw="16" slack="2"/>
</pin_list>
<bind>
<opcode="mul(12) " fcode="mul"/>
<opset="mul_ln21_21/9 "/>
</bind>
</comp>

<comp id="1062" class="1004" name="sext_ln21_31_fu_1062">
<pin_list>
<pin id="1063" dir="0" index="0" bw="8" slack="4"/>
<pin id="1064" dir="1" index="1" bw="16" slack="0"/>
</pin_list>
<bind>
<opcode="sext(35) " fcode="sext"/>
<opset="sext_ln21_31/9 "/>
</bind>
</comp>

<comp id="1066" class="1004" name="grp_fu_1066">
<pin_list>
<pin id="1067" dir="0" index="0" bw="8" slack="0"/>
<pin id="1068" dir="0" index="1" bw="8" slack="1"/>
<pin id="1069" dir="1" index="2" bw="16" slack="1"/>
</pin_list>
<bind>
<opcode="mul(12) " fcode="mul"/>
<opset="mul_ln21_26/9 "/>
</bind>
</comp>

<comp id="1071" class="1004" name="grp_fu_1071">
<pin_list>
<pin id="1072" dir="0" index="0" bw="8" slack="0"/>
<pin id="1073" dir="0" index="1" bw="8" slack="1"/>
<pin id="1074" dir="1" index="2" bw="16" slack="1"/>
</pin_list>
<bind>
<opcode="mul(12) " fcode="mul"/>
<opset="mul_ln21_31/9 "/>
</bind>
</comp>

<comp id="1076" class="1004" name="sext_ln21_44_fu_1076">
<pin_list>
<pin id="1077" dir="0" index="0" bw="8" slack="1"/>
<pin id="1078" dir="1" index="1" bw="16" slack="0"/>
</pin_list>
<bind>
<opcode="sext(35) " fcode="sext"/>
<opset="sext_ln21_44/9 "/>
</bind>
</comp>

<comp id="1080" class="1004" name="grp_fu_1080">
<pin_list>
<pin id="1081" dir="0" index="0" bw="8" slack="1"/>
<pin id="1082" dir="0" index="1" bw="8" slack="2"/>
<pin id="1083" dir="1" index="2" bw="16" slack="1"/>
</pin_list>
<bind>
<opcode="mul(12) " fcode="mul"/>
<opset="mul_ln21_36/10 "/>
</bind>
</comp>

<comp id="1084" class="1004" name="grp_fu_1084">
<pin_list>
<pin id="1085" dir="0" index="0" bw="8" slack="1"/>
<pin id="1086" dir="0" index="1" bw="8" slack="1"/>
<pin id="1087" dir="1" index="2" bw="16" slack="1"/>
</pin_list>
<bind>
<opcode="mul(12) " fcode="mul"/>
<opset="mul_ln21_41/10 "/>
</bind>
</comp>

<comp id="1088" class="1004" name="grp_fu_1088">
<pin_list>
<pin id="1089" dir="0" index="0" bw="8" slack="1"/>
<pin id="1090" dir="0" index="1" bw="8" slack="1"/>
<pin id="1091" dir="1" index="2" bw="16" slack="1"/>
</pin_list>
<bind>
<opcode="mul(12) " fcode="mul"/>
<opset="mul_ln21_46/10 "/>
</bind>
</comp>

<comp id="1092" class="1004" name="sext_ln21_36_fu_1092">
<pin_list>
<pin id="1093" dir="0" index="0" bw="8" slack="5"/>
<pin id="1094" dir="1" index="1" bw="16" slack="0"/>
</pin_list>
<bind>
<opcode="sext(35) " fcode="sext"/>
<opset="sext_ln21_36/10 "/>
</bind>
</comp>

<comp id="1096" class="1004" name="grp_fu_1096">
<pin_list>
<pin id="1097" dir="0" index="0" bw="8" slack="0"/>
<pin id="1098" dir="0" index="1" bw="8" slack="2"/>
<pin id="1099" dir="1" index="2" bw="16" slack="1"/>
</pin_list>
<bind>
<opcode="mul(12) " fcode="mul"/>
<opset="mul_ln21_51/10 "/>
</bind>
</comp>

<comp id="1101" class="1004" name="sext_ln21_49_fu_1101">
<pin_list>
<pin id="1102" dir="0" index="0" bw="8" slack="1"/>
<pin id="1103" dir="1" index="1" bw="16" slack="0"/>
</pin_list>
<bind>
<opcode="sext(35) " fcode="sext"/>
<opset="sext_ln21_49/10 "/>
</bind>
</comp>

<comp id="1105" class="1004" name="sext_ln21_fu_1105">
<pin_list>
<pin id="1106" dir="0" index="0" bw="8" slack="2"/>
<pin id="1107" dir="1" index="1" bw="16" slack="0"/>
</pin_list>
<bind>
<opcode="sext(35) " fcode="sext"/>
<opset="sext_ln21/11 "/>
</bind>
</comp>

<comp id="1109" class="1004" name="sext_ln21_1_fu_1109">
<pin_list>
<pin id="1110" dir="0" index="0" bw="8" slack="2"/>
<pin id="1111" dir="1" index="1" bw="16" slack="0"/>
</pin_list>
<bind>
<opcode="sext(35) " fcode="sext"/>
<opset="sext_ln21_1/11 "/>
</bind>
</comp>

<comp id="1113" class="1004" name="sext_ln21_10_fu_1113">
<pin_list>
<pin id="1114" dir="0" index="0" bw="8" slack="1"/>
<pin id="1115" dir="1" index="1" bw="16" slack="0"/>
</pin_list>
<bind>
<opcode="sext(35) " fcode="sext"/>
<opset="sext_ln21_10/11 "/>
</bind>
</comp>

<comp id="1117" class="1004" name="sext_ln21_15_fu_1117">
<pin_list>
<pin id="1118" dir="0" index="0" bw="8" slack="0"/>
<pin id="1119" dir="1" index="1" bw="16" slack="0"/>
</pin_list>
<bind>
<opcode="sext(35) " fcode="sext"/>
<opset="sext_ln21_15/11 "/>
</bind>
</comp>

<comp id="1121" class="1004" name="grp_fu_1121">
<pin_list>
<pin id="1122" dir="0" index="0" bw="8" slack="1"/>
<pin id="1123" dir="0" index="1" bw="8" slack="3"/>
<pin id="1124" dir="1" index="2" bw="16" slack="1"/>
</pin_list>
<bind>
<opcode="mul(12) " fcode="mul"/>
<opset="mul_ln21_56/11 "/>
</bind>
</comp>

<comp id="1125" class="1004" name="grp_fu_1125">
<pin_list>
<pin id="1126" dir="0" index="0" bw="8" slack="1"/>
<pin id="1127" dir="0" index="1" bw="8" slack="3"/>
<pin id="1128" dir="1" index="2" bw="16" slack="1"/>
</pin_list>
<bind>
<opcode="mul(12) " fcode="mul"/>
<opset="mul_ln21_61/11 "/>
</bind>
</comp>

<comp id="1129" class="1004" name="grp_fu_1129">
<pin_list>
<pin id="1130" dir="0" index="0" bw="8" slack="1"/>
<pin id="1131" dir="0" index="1" bw="8" slack="2"/>
<pin id="1132" dir="1" index="2" bw="16" slack="1"/>
</pin_list>
<bind>
<opcode="mul(12) " fcode="mul"/>
<opset="mul_ln21_66/11 "/>
</bind>
</comp>

<comp id="1133" class="1004" name="grp_fu_1133">
<pin_list>
<pin id="1134" dir="0" index="0" bw="8" slack="1"/>
<pin id="1135" dir="0" index="1" bw="8" slack="2"/>
<pin id="1136" dir="1" index="2" bw="16" slack="1"/>
</pin_list>
<bind>
<opcode="mul(12) " fcode="mul"/>
<opset="mul_ln21_71/11 "/>
</bind>
</comp>

<comp id="1137" class="1004" name="sext_ln21_4_fu_1137">
<pin_list>
<pin id="1138" dir="0" index="0" bw="8" slack="2"/>
<pin id="1139" dir="1" index="1" bw="16" slack="0"/>
</pin_list>
<bind>
<opcode="sext(35) " fcode="sext"/>
<opset="sext_ln21_4/12 "/>
</bind>
</comp>

<comp id="1141" class="1004" name="sext_ln21_5_fu_1141">
<pin_list>
<pin id="1142" dir="0" index="0" bw="8" slack="2"/>
<pin id="1143" dir="1" index="1" bw="16" slack="0"/>
</pin_list>
<bind>
<opcode="sext(35) " fcode="sext"/>
<opset="sext_ln21_5/12 "/>
</bind>
</comp>

<comp id="1145" class="1004" name="sext_ln21_12_fu_1145">
<pin_list>
<pin id="1146" dir="0" index="0" bw="8" slack="1"/>
<pin id="1147" dir="1" index="1" bw="16" slack="0"/>
</pin_list>
<bind>
<opcode="sext(35) " fcode="sext"/>
<opset="sext_ln21_12/12 "/>
</bind>
</comp>

<comp id="1149" class="1004" name="sext_ln21_17_fu_1149">
<pin_list>
<pin id="1150" dir="0" index="0" bw="8" slack="0"/>
<pin id="1151" dir="1" index="1" bw="16" slack="0"/>
</pin_list>
<bind>
<opcode="sext(35) " fcode="sext"/>
<opset="sext_ln21_17/12 "/>
</bind>
</comp>

<comp id="1153" class="1004" name="sext_ln21_20_fu_1153">
<pin_list>
<pin id="1154" dir="0" index="0" bw="8" slack="0"/>
<pin id="1155" dir="1" index="1" bw="16" slack="0"/>
</pin_list>
<bind>
<opcode="sext(35) " fcode="sext"/>
<opset="sext_ln21_20/12 "/>
</bind>
</comp>

<comp id="1157" class="1004" name="sext_ln21_30_fu_1157">
<pin_list>
<pin id="1158" dir="0" index="0" bw="8" slack="2"/>
<pin id="1159" dir="1" index="1" bw="16" slack="0"/>
</pin_list>
<bind>
<opcode="sext(35) " fcode="sext"/>
<opset="sext_ln21_30/12 "/>
</bind>
</comp>

<comp id="1161" class="1004" name="sext_ln21_41_fu_1161">
<pin_list>
<pin id="1162" dir="0" index="0" bw="8" slack="6"/>
<pin id="1163" dir="1" index="1" bw="16" slack="0"/>
</pin_list>
<bind>
<opcode="sext(35) " fcode="sext"/>
<opset="sext_ln21_41/12 "/>
</bind>
</comp>

<comp id="1165" class="1004" name="grp_fu_1165">
<pin_list>
<pin id="1166" dir="0" index="0" bw="8" slack="0"/>
<pin id="1167" dir="0" index="1" bw="8" slack="4"/>
<pin id="1168" dir="1" index="2" bw="16" slack="1"/>
</pin_list>
<bind>
<opcode="mul(12) " fcode="mul"/>
<opset="mul_ln21_76/12 "/>
</bind>
</comp>

<comp id="1170" class="1004" name="grp_fu_1170">
<pin_list>
<pin id="1171" dir="0" index="0" bw="8" slack="0"/>
<pin id="1172" dir="0" index="1" bw="8" slack="4"/>
<pin id="1173" dir="1" index="2" bw="16" slack="1"/>
</pin_list>
<bind>
<opcode="mul(12) " fcode="mul"/>
<opset="mul_ln21_81/12 "/>
</bind>
</comp>

<comp id="1175" class="1004" name="grp_fu_1175">
<pin_list>
<pin id="1176" dir="0" index="0" bw="8" slack="0"/>
<pin id="1177" dir="0" index="1" bw="8" slack="4"/>
<pin id="1178" dir="1" index="2" bw="16" slack="1"/>
</pin_list>
<bind>
<opcode="mul(12) " fcode="mul"/>
<opset="mul_ln21_86/12 "/>
</bind>
</comp>

<comp id="1180" class="1004" name="grp_fu_1180">
<pin_list>
<pin id="1181" dir="0" index="0" bw="8" slack="0"/>
<pin id="1182" dir="0" index="1" bw="8" slack="3"/>
<pin id="1183" dir="1" index="2" bw="16" slack="1"/>
</pin_list>
<bind>
<opcode="mul(12) " fcode="mul"/>
<opset="mul_ln21_91/12 "/>
</bind>
</comp>

<comp id="1185" class="1004" name="sext_ln21_22_fu_1185">
<pin_list>
<pin id="1186" dir="0" index="0" bw="8" slack="0"/>
<pin id="1187" dir="1" index="1" bw="16" slack="0"/>
</pin_list>
<bind>
<opcode="sext(35) " fcode="sext"/>
<opset="sext_ln21_22/13 "/>
</bind>
</comp>

<comp id="1189" class="1004" name="sext_ln21_25_fu_1189">
<pin_list>
<pin id="1190" dir="0" index="0" bw="8" slack="0"/>
<pin id="1191" dir="1" index="1" bw="16" slack="0"/>
</pin_list>
<bind>
<opcode="sext(35) " fcode="sext"/>
<opset="sext_ln21_25/13 "/>
</bind>
</comp>

<comp id="1193" class="1004" name="sext_ln21_35_fu_1193">
<pin_list>
<pin id="1194" dir="0" index="0" bw="8" slack="2"/>
<pin id="1195" dir="1" index="1" bw="16" slack="0"/>
</pin_list>
<bind>
<opcode="sext(35) " fcode="sext"/>
<opset="sext_ln21_35/13 "/>
</bind>
</comp>

<comp id="1197" class="1004" name="grp_fu_1197">
<pin_list>
<pin id="1198" dir="0" index="0" bw="8" slack="1"/>
<pin id="1199" dir="0" index="1" bw="8" slack="4"/>
<pin id="1200" dir="1" index="2" bw="16" slack="1"/>
</pin_list>
<bind>
<opcode="mul(12) " fcode="mul"/>
<opset="mul_ln21_96/13 "/>
</bind>
</comp>

<comp id="1201" class="1004" name="sext_ln21_46_fu_1201">
<pin_list>
<pin id="1202" dir="0" index="0" bw="8" slack="7"/>
<pin id="1203" dir="1" index="1" bw="16" slack="0"/>
</pin_list>
<bind>
<opcode="sext(35) " fcode="sext"/>
<opset="sext_ln21_46/13 "/>
</bind>
</comp>

<comp id="1205" class="1004" name="grp_fu_1205">
<pin_list>
<pin id="1206" dir="0" index="0" bw="8" slack="0"/>
<pin id="1207" dir="0" index="1" bw="8" slack="5"/>
<pin id="1208" dir="1" index="2" bw="16" slack="1"/>
</pin_list>
<bind>
<opcode="mul(12) " fcode="mul"/>
<opset="mul_ln21_101/13 "/>
</bind>
</comp>

<comp id="1210" class="1004" name="grp_fu_1210">
<pin_list>
<pin id="1211" dir="0" index="0" bw="8" slack="0"/>
<pin id="1212" dir="0" index="1" bw="8" slack="5"/>
<pin id="1213" dir="1" index="2" bw="16" slack="1"/>
</pin_list>
<bind>
<opcode="mul(12) " fcode="mul"/>
<opset="mul_ln21_106/13 "/>
</bind>
</comp>

<comp id="1215" class="1004" name="grp_fu_1215">
<pin_list>
<pin id="1216" dir="0" index="0" bw="8" slack="0"/>
<pin id="1217" dir="0" index="1" bw="8" slack="5"/>
<pin id="1218" dir="1" index="2" bw="16" slack="1"/>
</pin_list>
<bind>
<opcode="mul(12) " fcode="mul"/>
<opset="mul_ln21_111/13 "/>
</bind>
</comp>

<comp id="1220" class="1004" name="sext_ln21_27_fu_1220">
<pin_list>
<pin id="1221" dir="0" index="0" bw="8" slack="0"/>
<pin id="1222" dir="1" index="1" bw="16" slack="0"/>
</pin_list>
<bind>
<opcode="sext(35) " fcode="sext"/>
<opset="sext_ln21_27/14 "/>
</bind>
</comp>

<comp id="1224" class="1004" name="sext_ln21_32_fu_1224">
<pin_list>
<pin id="1225" dir="0" index="0" bw="8" slack="3"/>
<pin id="1226" dir="1" index="1" bw="16" slack="0"/>
</pin_list>
<bind>
<opcode="sext(35) " fcode="sext"/>
<opset="sext_ln21_32/14 "/>
</bind>
</comp>

<comp id="1228" class="1004" name="grp_fu_1228">
<pin_list>
<pin id="1229" dir="0" index="0" bw="8" slack="1"/>
<pin id="1230" dir="0" index="1" bw="8" slack="5"/>
<pin id="1231" dir="1" index="2" bw="16" slack="1"/>
</pin_list>
<bind>
<opcode="mul(12) " fcode="mul"/>
<opset="mul_ln21_116/14 "/>
</bind>
</comp>

<comp id="1232" class="1004" name="grp_fu_1232">
<pin_list>
<pin id="1233" dir="0" index="0" bw="8" slack="1"/>
<pin id="1234" dir="0" index="1" bw="8" slack="5"/>
<pin id="1235" dir="1" index="2" bw="16" slack="1"/>
</pin_list>
<bind>
<opcode="mul(12) " fcode="mul"/>
<opset="mul_ln21_121/14 "/>
</bind>
</comp>

<comp id="1236" class="1004" name="sext_ln21_40_fu_1236">
<pin_list>
<pin id="1237" dir="0" index="0" bw="8" slack="3"/>
<pin id="1238" dir="1" index="1" bw="16" slack="0"/>
</pin_list>
<bind>
<opcode="sext(35) " fcode="sext"/>
<opset="sext_ln21_40/15 "/>
</bind>
</comp>

<comp id="1240" class="1004" name="add_ln21_3_fu_1240">
<pin_list>
<pin id="1241" dir="0" index="0" bw="16" slack="1"/>
<pin id="1242" dir="0" index="1" bw="16" slack="2"/>
<pin id="1243" dir="1" index="2" bw="16" slack="0"/>
</pin_list>
<bind>
<opcode="add(8) " fcode="add"/>
<opset="add_ln21_3/16 "/>
</bind>
</comp>

<comp id="1245" class="1004" name="add_ln21_7_fu_1245">
<pin_list>
<pin id="1246" dir="0" index="0" bw="16" slack="1"/>
<pin id="1247" dir="0" index="1" bw="16" slack="2"/>
<pin id="1248" dir="1" index="2" bw="16" slack="0"/>
</pin_list>
<bind>
<opcode="add(8) " fcode="add"/>
<opset="add_ln21_7/16 "/>
</bind>
</comp>

<comp id="1250" class="1004" name="add_ln21_11_fu_1250">
<pin_list>
<pin id="1251" dir="0" index="0" bw="16" slack="1"/>
<pin id="1252" dir="0" index="1" bw="16" slack="2"/>
<pin id="1253" dir="1" index="2" bw="16" slack="1"/>
</pin_list>
<bind>
<opcode="add(8) " fcode="add"/>
<opset="add_ln21_11/16 "/>
</bind>
</comp>

<comp id="1254" class="1004" name="sext_ln21_45_fu_1254">
<pin_list>
<pin id="1255" dir="0" index="0" bw="8" slack="3"/>
<pin id="1256" dir="1" index="1" bw="16" slack="0"/>
</pin_list>
<bind>
<opcode="sext(35) " fcode="sext"/>
<opset="sext_ln21_45/16 "/>
</bind>
</comp>

<comp id="1258" class="1004" name="add_ln21_15_fu_1258">
<pin_list>
<pin id="1259" dir="0" index="0" bw="16" slack="1"/>
<pin id="1260" dir="0" index="1" bw="16" slack="2"/>
<pin id="1261" dir="1" index="2" bw="16" slack="0"/>
</pin_list>
<bind>
<opcode="add(8) " fcode="add"/>
<opset="add_ln21_15/17 "/>
</bind>
</comp>

<comp id="1263" class="1004" name="sext_ln21_37_fu_1263">
<pin_list>
<pin id="1264" dir="0" index="0" bw="8" slack="5"/>
<pin id="1265" dir="1" index="1" bw="16" slack="0"/>
</pin_list>
<bind>
<opcode="sext(35) " fcode="sext"/>
<opset="sext_ln21_37/17 "/>
</bind>
</comp>

<comp id="1267" class="1004" name="add_ln21_19_fu_1267">
<pin_list>
<pin id="1268" dir="0" index="0" bw="16" slack="1"/>
<pin id="1269" dir="0" index="1" bw="16" slack="2"/>
<pin id="1270" dir="1" index="2" bw="16" slack="0"/>
</pin_list>
<bind>
<opcode="add(8) " fcode="add"/>
<opset="add_ln21_19/18 "/>
</bind>
</comp>

<comp id="1272" class="1004" name="add_ln21_23_fu_1272">
<pin_list>
<pin id="1273" dir="0" index="0" bw="16" slack="1"/>
<pin id="1274" dir="0" index="1" bw="16" slack="3"/>
<pin id="1275" dir="1" index="2" bw="16" slack="0"/>
</pin_list>
<bind>
<opcode="add(8) " fcode="add"/>
<opset="add_ln21_23/18 "/>
</bind>
</comp>

<comp id="1277" class="1004" name="sext_ln21_42_fu_1277">
<pin_list>
<pin id="1278" dir="0" index="0" bw="8" slack="5"/>
<pin id="1279" dir="1" index="1" bw="16" slack="0"/>
</pin_list>
<bind>
<opcode="sext(35) " fcode="sext"/>
<opset="sext_ln21_42/18 "/>
</bind>
</comp>

<comp id="1281" class="1004" name="add_ln21_27_fu_1281">
<pin_list>
<pin id="1282" dir="0" index="0" bw="16" slack="1"/>
<pin id="1283" dir="0" index="1" bw="16" slack="4"/>
<pin id="1284" dir="1" index="2" bw="16" slack="0"/>
</pin_list>
<bind>
<opcode="add(8) " fcode="add"/>
<opset="add_ln21_27/19 "/>
</bind>
</comp>

<comp id="1286" class="1004" name="add_ln21_31_fu_1286">
<pin_list>
<pin id="1287" dir="0" index="0" bw="16" slack="1"/>
<pin id="1288" dir="0" index="1" bw="16" slack="3"/>
<pin id="1289" dir="1" index="2" bw="16" slack="0"/>
</pin_list>
<bind>
<opcode="add(8) " fcode="add"/>
<opset="add_ln21_31/19 "/>
</bind>
</comp>

<comp id="1291" class="1004" name="sext_ln21_47_fu_1291">
<pin_list>
<pin id="1292" dir="0" index="0" bw="8" slack="5"/>
<pin id="1293" dir="1" index="1" bw="16" slack="0"/>
</pin_list>
<bind>
<opcode="sext(35) " fcode="sext"/>
<opset="sext_ln21_47/19 "/>
</bind>
</comp>

<comp id="1295" class="1004" name="add_ln21_35_fu_1295">
<pin_list>
<pin id="1296" dir="0" index="0" bw="16" slack="1"/>
<pin id="1297" dir="0" index="1" bw="16" slack="4"/>
<pin id="1298" dir="1" index="2" bw="16" slack="0"/>
</pin_list>
<bind>
<opcode="add(8) " fcode="add"/>
<opset="add_ln21_35/20 "/>
</bind>
</comp>

<comp id="1300" class="1004" name="add_ln21_39_fu_1300">
<pin_list>
<pin id="1301" dir="0" index="0" bw="16" slack="1"/>
<pin id="1302" dir="0" index="1" bw="16" slack="4"/>
<pin id="1303" dir="1" index="2" bw="16" slack="0"/>
</pin_list>
<bind>
<opcode="add(8) " fcode="add"/>
<opset="add_ln21_39/20 "/>
</bind>
</comp>

<comp id="1305" class="1004" name="add_ln21_43_fu_1305">
<pin_list>
<pin id="1306" dir="0" index="0" bw="16" slack="1"/>
<pin id="1307" dir="0" index="1" bw="16" slack="5"/>
<pin id="1308" dir="1" index="2" bw="16" slack="0"/>
</pin_list>
<bind>
<opcode="add(8) " fcode="add"/>
<opset="add_ln21_43/21 "/>
</bind>
</comp>

<comp id="1310" class="1004" name="add_ln21_47_fu_1310">
<pin_list>
<pin id="1311" dir="0" index="0" bw="16" slack="1"/>
<pin id="1312" dir="0" index="1" bw="16" slack="4"/>
<pin id="1313" dir="1" index="2" bw="16" slack="0"/>
</pin_list>
<bind>
<opcode="add(8) " fcode="add"/>
<opset="add_ln21_47/21 "/>
</bind>
</comp>

<comp id="1315" class="1004" name="add_ln21_51_fu_1315">
<pin_list>
<pin id="1316" dir="0" index="0" bw="16" slack="1"/>
<pin id="1317" dir="0" index="1" bw="16" slack="4"/>
<pin id="1318" dir="1" index="2" bw="16" slack="1"/>
</pin_list>
<bind>
<opcode="add(8) " fcode="add"/>
<opset="add_ln21_51/21 "/>
</bind>
</comp>

<comp id="1319" class="1004" name="add_ln21_55_fu_1319">
<pin_list>
<pin id="1320" dir="0" index="0" bw="16" slack="1"/>
<pin id="1321" dir="0" index="1" bw="16" slack="4"/>
<pin id="1322" dir="1" index="2" bw="16" slack="1"/>
</pin_list>
<bind>
<opcode="add(8) " fcode="add"/>
<opset="add_ln21_55/21 "/>
</bind>
</comp>

<comp id="1323" class="1004" name="add_ln21_59_fu_1323">
<pin_list>
<pin id="1324" dir="0" index="0" bw="16" slack="1"/>
<pin id="1325" dir="0" index="1" bw="16" slack="5"/>
<pin id="1326" dir="1" index="2" bw="16" slack="1"/>
</pin_list>
<bind>
<opcode="add(8) " fcode="add"/>
<opset="add_ln21_59/22 "/>
</bind>
</comp>

<comp id="1327" class="1004" name="add_ln21_63_fu_1327">
<pin_list>
<pin id="1328" dir="0" index="0" bw="16" slack="1"/>
<pin id="1329" dir="0" index="1" bw="16" slack="4"/>
<pin id="1330" dir="1" index="2" bw="16" slack="1"/>
</pin_list>
<bind>
<opcode="add(8) " fcode="add"/>
<opset="add_ln21_63/22 "/>
</bind>
</comp>

<comp id="1331" class="1004" name="add_ln21_67_fu_1331">
<pin_list>
<pin id="1332" dir="0" index="0" bw="16" slack="1"/>
<pin id="1333" dir="0" index="1" bw="16" slack="4"/>
<pin id="1334" dir="1" index="2" bw="16" slack="2"/>
</pin_list>
<bind>
<opcode="add(8) " fcode="add"/>
<opset="add_ln21_67/22 "/>
</bind>
</comp>

<comp id="1335" class="1004" name="add_ln21_71_fu_1335">
<pin_list>
<pin id="1336" dir="0" index="0" bw="16" slack="1"/>
<pin id="1337" dir="0" index="1" bw="16" slack="4"/>
<pin id="1338" dir="1" index="2" bw="16" slack="2"/>
</pin_list>
<bind>
<opcode="add(8) " fcode="add"/>
<opset="add_ln21_71/22 "/>
</bind>
</comp>

<comp id="1339" class="1004" name="add_ln21_75_fu_1339">
<pin_list>
<pin id="1340" dir="0" index="0" bw="16" slack="1"/>
<pin id="1341" dir="0" index="1" bw="16" slack="4"/>
<pin id="1342" dir="1" index="2" bw="16" slack="3"/>
</pin_list>
<bind>
<opcode="add(8) " fcode="add"/>
<opset="add_ln21_75/22 "/>
</bind>
</comp>

<comp id="1343" class="1004" name="add_ln21_79_fu_1343">
<pin_list>
<pin id="1344" dir="0" index="0" bw="16" slack="1"/>
<pin id="1345" dir="0" index="1" bw="16" slack="3"/>
<pin id="1346" dir="1" index="2" bw="16" slack="3"/>
</pin_list>
<bind>
<opcode="add(8) " fcode="add"/>
<opset="add_ln21_79/22 "/>
</bind>
</comp>

<comp id="1347" class="1004" name="add_ln21_83_fu_1347">
<pin_list>
<pin id="1348" dir="0" index="0" bw="16" slack="1"/>
<pin id="1349" dir="0" index="1" bw="16" slack="4"/>
<pin id="1350" dir="1" index="2" bw="16" slack="3"/>
</pin_list>
<bind>
<opcode="add(8) " fcode="add"/>
<opset="add_ln21_83/23 "/>
</bind>
</comp>

<comp id="1351" class="1004" name="add_ln21_87_fu_1351">
<pin_list>
<pin id="1352" dir="0" index="0" bw="16" slack="1"/>
<pin id="1353" dir="0" index="1" bw="16" slack="4"/>
<pin id="1354" dir="1" index="2" bw="16" slack="3"/>
</pin_list>
<bind>
<opcode="add(8) " fcode="add"/>
<opset="add_ln21_87/23 "/>
</bind>
</comp>

<comp id="1355" class="1004" name="add_ln21_91_fu_1355">
<pin_list>
<pin id="1356" dir="0" index="0" bw="16" slack="1"/>
<pin id="1357" dir="0" index="1" bw="16" slack="4"/>
<pin id="1358" dir="1" index="2" bw="16" slack="4"/>
</pin_list>
<bind>
<opcode="add(8) " fcode="add"/>
<opset="add_ln21_91/23 "/>
</bind>
</comp>

<comp id="1359" class="1004" name="add_ln21_95_fu_1359">
<pin_list>
<pin id="1360" dir="0" index="0" bw="16" slack="1"/>
<pin id="1361" dir="0" index="1" bw="16" slack="3"/>
<pin id="1362" dir="1" index="2" bw="16" slack="4"/>
</pin_list>
<bind>
<opcode="add(8) " fcode="add"/>
<opset="add_ln21_95/23 "/>
</bind>
</comp>

<comp id="1363" class="1004" name="add_ln21_99_fu_1363">
<pin_list>
<pin id="1364" dir="0" index="0" bw="16" slack="1"/>
<pin id="1365" dir="0" index="1" bw="16" slack="3"/>
<pin id="1366" dir="1" index="2" bw="16" slack="5"/>
</pin_list>
<bind>
<opcode="add(8) " fcode="add"/>
<opset="add_ln21_99/23 "/>
</bind>
</comp>

<comp id="1367" class="1007" name="grp_fu_1367">
<pin_list>
<pin id="1368" dir="0" index="0" bw="8" slack="0"/>
<pin id="1369" dir="0" index="1" bw="8" slack="0"/>
<pin id="1370" dir="0" index="2" bw="16" slack="2147483647"/>
<pin id="1371" dir="1" index="3" bw="16" slack="4"/>
</pin_list>
<bind>
<opcode="muladd(1172) " fcode="muladd"/>
<opset="mul_ln21_2/7 add_ln21_1/9 "/>
</bind>
</comp>

<comp id="1374" class="1007" name="grp_fu_1374">
<pin_list>
<pin id="1375" dir="0" index="0" bw="8" slack="0"/>
<pin id="1376" dir="0" index="1" bw="8" slack="0"/>
<pin id="1377" dir="0" index="2" bw="16" slack="2147483647"/>
<pin id="1378" dir="1" index="3" bw="16" slack="4"/>
</pin_list>
<bind>
<opcode="muladd(1172) " fcode="muladd"/>
<opset="mul_ln21_7/7 add_ln21_5/9 "/>
</bind>
</comp>

<comp id="1381" class="1007" name="grp_fu_1381">
<pin_list>
<pin id="1382" dir="0" index="0" bw="8" slack="0"/>
<pin id="1383" dir="0" index="1" bw="8" slack="0"/>
<pin id="1384" dir="0" index="2" bw="16" slack="2147483647"/>
<pin id="1385" dir="1" index="3" bw="16" slack="6"/>
</pin_list>
<bind>
<opcode="muladd(1172) " fcode="muladd"/>
<opset="mul_ln21_27/7 add_ln21_21/9 "/>
</bind>
</comp>

<comp id="1388" class="1007" name="grp_fu_1388">
<pin_list>
<pin id="1389" dir="0" index="0" bw="8" slack="0"/>
<pin id="1390" dir="0" index="1" bw="8" slack="0"/>
<pin id="1391" dir="0" index="2" bw="16" slack="2147483647"/>
<pin id="1392" dir="1" index="3" bw="16" slack="7"/>
</pin_list>
<bind>
<opcode="muladd(1172) " fcode="muladd"/>
<opset="mul_ln21_32/7 add_ln21_25/9 "/>
</bind>
</comp>

<comp id="1395" class="1007" name="grp_fu_1395">
<pin_list>
<pin id="1396" dir="0" index="0" bw="8" slack="0"/>
<pin id="1397" dir="0" index="1" bw="8" slack="1"/>
<pin id="1398" dir="0" index="2" bw="16" slack="2147483647"/>
<pin id="1399" dir="1" index="3" bw="16" slack="3"/>
</pin_list>
<bind>
<opcode="muladd(1172) " fcode="muladd"/>
<opset="mul_ln21_12/8 add_ln21_9/10 "/>
</bind>
</comp>

<comp id="1401" class="1007" name="grp_fu_1401">
<pin_list>
<pin id="1402" dir="0" index="0" bw="8" slack="0"/>
<pin id="1403" dir="0" index="1" bw="8" slack="1"/>
<pin id="1404" dir="0" index="2" bw="16" slack="2147483647"/>
<pin id="1405" dir="1" index="3" bw="16" slack="4"/>
</pin_list>
<bind>
<opcode="muladd(1172) " fcode="muladd"/>
<opset="mul_ln21_17/8 add_ln21_13/10 "/>
</bind>
</comp>

<comp id="1407" class="1007" name="grp_fu_1407">
<pin_list>
<pin id="1408" dir="0" index="0" bw="8" slack="1"/>
<pin id="1409" dir="0" index="1" bw="8" slack="0"/>
<pin id="1410" dir="0" index="2" bw="16" slack="2147483647"/>
<pin id="1411" dir="1" index="3" bw="16" slack="6"/>
</pin_list>
<bind>
<opcode="muladd(1172) " fcode="muladd"/>
<opset="mul_ln21_37/8 add_ln21_29/10 "/>
</bind>
</comp>

<comp id="1413" class="1007" name="grp_fu_1413">
<pin_list>
<pin id="1414" dir="0" index="0" bw="8" slack="1"/>
<pin id="1415" dir="0" index="1" bw="8" slack="0"/>
<pin id="1416" dir="0" index="2" bw="16" slack="2147483647"/>
<pin id="1417" dir="1" index="3" bw="16" slack="7"/>
</pin_list>
<bind>
<opcode="muladd(1172) " fcode="muladd"/>
<opset="mul_ln21_42/8 add_ln21_33/10 "/>
</bind>
</comp>

<comp id="1419" class="1007" name="grp_fu_1419">
<pin_list>
<pin id="1420" dir="0" index="0" bw="8" slack="0"/>
<pin id="1421" dir="0" index="1" bw="8" slack="1"/>
<pin id="1422" dir="0" index="2" bw="16" slack="2147483647"/>
<pin id="1423" dir="1" index="3" bw="16" slack="8"/>
</pin_list>
<bind>
<opcode="muladd(1172) " fcode="muladd"/>
<opset="mul_ln21_52/8 add_ln21_41/10 "/>
</bind>
</comp>

<comp id="1425" class="1007" name="grp_fu_1425">
<pin_list>
<pin id="1426" dir="0" index="0" bw="8" slack="0"/>
<pin id="1427" dir="0" index="1" bw="8" slack="1"/>
<pin id="1428" dir="0" index="2" bw="16" slack="2147483647"/>
<pin id="1429" dir="1" index="3" bw="16" slack="8"/>
</pin_list>
<bind>
<opcode="muladd(1172) " fcode="muladd"/>
<opset="mul_ln21_57/8 add_ln21_45/10 "/>
</bind>
</comp>

<comp id="1431" class="1007" name="grp_fu_1431">
<pin_list>
<pin id="1432" dir="0" index="0" bw="8" slack="0"/>
<pin id="1433" dir="0" index="1" bw="8" slack="2"/>
<pin id="1434" dir="0" index="2" bw="16" slack="2147483647"/>
<pin id="1435" dir="1" index="3" bw="16" slack="4"/>
</pin_list>
<bind>
<opcode="muladd(1172) " fcode="muladd"/>
<opset="mul_ln21_22/9 add_ln21_17/11 "/>
</bind>
</comp>

<comp id="1437" class="1007" name="grp_fu_1437">
<pin_list>
<pin id="1438" dir="0" index="0" bw="8" slack="2"/>
<pin id="1439" dir="0" index="1" bw="8" slack="0"/>
<pin id="1440" dir="0" index="2" bw="16" slack="2147483647"/>
<pin id="1441" dir="1" index="3" bw="16" slack="6"/>
</pin_list>
<bind>
<opcode="muladd(1172) " fcode="muladd"/>
<opset="mul_ln21_47/9 add_ln21_37/11 "/>
</bind>
</comp>

<comp id="1443" class="1007" name="grp_fu_1443">
<pin_list>
<pin id="1444" dir="0" index="0" bw="8" slack="1"/>
<pin id="1445" dir="0" index="1" bw="8" slack="1"/>
<pin id="1446" dir="0" index="2" bw="16" slack="2147483647"/>
<pin id="1447" dir="1" index="3" bw="16" slack="7"/>
</pin_list>
<bind>
<opcode="muladd(1172) " fcode="muladd"/>
<opset="mul_ln21_62/9 add_ln21_49/11 "/>
</bind>
</comp>

<comp id="1448" class="1007" name="grp_fu_1448">
<pin_list>
<pin id="1449" dir="0" index="0" bw="8" slack="1"/>
<pin id="1450" dir="0" index="1" bw="8" slack="1"/>
<pin id="1451" dir="0" index="2" bw="16" slack="2147483647"/>
<pin id="1452" dir="1" index="3" bw="16" slack="7"/>
</pin_list>
<bind>
<opcode="muladd(1172) " fcode="muladd"/>
<opset="mul_ln21_67/9 add_ln21_53/11 "/>
</bind>
</comp>

<comp id="1453" class="1007" name="grp_fu_1453">
<pin_list>
<pin id="1454" dir="0" index="0" bw="8" slack="1"/>
<pin id="1455" dir="0" index="1" bw="8" slack="0"/>
<pin id="1456" dir="0" index="2" bw="16" slack="2147483647"/>
<pin id="1457" dir="1" index="3" bw="16" slack="8"/>
</pin_list>
<bind>
<opcode="muladd(1172) " fcode="muladd"/>
<opset="mul_ln21_72/9 add_ln21_57/11 "/>
</bind>
</comp>

<comp id="1459" class="1007" name="grp_fu_1459">
<pin_list>
<pin id="1460" dir="0" index="0" bw="8" slack="0"/>
<pin id="1461" dir="0" index="1" bw="8" slack="2"/>
<pin id="1462" dir="0" index="2" bw="16" slack="2147483647"/>
<pin id="1463" dir="1" index="3" bw="16" slack="8"/>
</pin_list>
<bind>
<opcode="muladd(1172) " fcode="muladd"/>
<opset="mul_ln21_77/9 add_ln21_61/11 "/>
</bind>
</comp>

<comp id="1465" class="1007" name="grp_fu_1465">
<pin_list>
<pin id="1466" dir="0" index="0" bw="8" slack="1"/>
<pin id="1467" dir="0" index="1" bw="8" slack="3"/>
<pin id="1468" dir="0" index="2" bw="16" slack="2147483647"/>
<pin id="1469" dir="1" index="3" bw="16" slack="7"/>
</pin_list>
<bind>
<opcode="muladd(1172) " fcode="muladd"/>
<opset="mul_ln21_82/10 add_ln21_65/12 "/>
</bind>
</comp>

<comp id="1470" class="1007" name="grp_fu_1470">
<pin_list>
<pin id="1471" dir="0" index="0" bw="8" slack="1"/>
<pin id="1472" dir="0" index="1" bw="8" slack="2"/>
<pin id="1473" dir="0" index="2" bw="16" slack="2147483647"/>
<pin id="1474" dir="1" index="3" bw="16" slack="7"/>
</pin_list>
<bind>
<opcode="muladd(1172) " fcode="muladd"/>
<opset="mul_ln21_87/10 add_ln21_69/12 "/>
</bind>
</comp>

<comp id="1475" class="1007" name="grp_fu_1475">
<pin_list>
<pin id="1476" dir="0" index="0" bw="8" slack="1"/>
<pin id="1477" dir="0" index="1" bw="8" slack="2"/>
<pin id="1478" dir="0" index="2" bw="16" slack="2147483647"/>
<pin id="1479" dir="1" index="3" bw="16" slack="7"/>
</pin_list>
<bind>
<opcode="muladd(1172) " fcode="muladd"/>
<opset="mul_ln21_92/10 add_ln21_73/12 "/>
</bind>
</comp>

<comp id="1480" class="1007" name="grp_fu_1480">
<pin_list>
<pin id="1481" dir="0" index="0" bw="8" slack="1"/>
<pin id="1482" dir="0" index="1" bw="8" slack="1"/>
<pin id="1483" dir="0" index="2" bw="16" slack="2147483647"/>
<pin id="1484" dir="1" index="3" bw="16" slack="7"/>
</pin_list>
<bind>
<opcode="muladd(1172) " fcode="muladd"/>
<opset="mul_ln21_97/10 add_ln21_77/12 "/>
</bind>
</comp>

<comp id="1485" class="1007" name="grp_fu_1485">
<pin_list>
<pin id="1486" dir="0" index="0" bw="8" slack="0"/>
<pin id="1487" dir="0" index="1" bw="8" slack="3"/>
<pin id="1488" dir="0" index="2" bw="16" slack="2147483647"/>
<pin id="1489" dir="1" index="3" bw="16" slack="8"/>
</pin_list>
<bind>
<opcode="muladd(1172) " fcode="muladd"/>
<opset="mul_ln21_102/10 add_ln21_81/12 "/>
</bind>
</comp>

<comp id="1491" class="1007" name="grp_fu_1491">
<pin_list>
<pin id="1492" dir="0" index="0" bw="8" slack="0"/>
<pin id="1493" dir="0" index="1" bw="8" slack="3"/>
<pin id="1494" dir="0" index="2" bw="16" slack="2147483647"/>
<pin id="1495" dir="1" index="3" bw="16" slack="8"/>
</pin_list>
<bind>
<opcode="muladd(1172) " fcode="muladd"/>
<opset="mul_ln21_107/10 add_ln21_85/12 "/>
</bind>
</comp>

<comp id="1497" class="1007" name="grp_fu_1497">
<pin_list>
<pin id="1498" dir="0" index="0" bw="8" slack="0"/>
<pin id="1499" dir="0" index="1" bw="8" slack="0"/>
<pin id="1500" dir="0" index="2" bw="16" slack="2147483647"/>
<pin id="1501" dir="1" index="3" bw="16" slack="2"/>
</pin_list>
<bind>
<opcode="muladd(1172) " fcode="muladd"/>
<opset="mul_ln21/11 add_ln21/13 "/>
</bind>
</comp>

<comp id="1504" class="1007" name="grp_fu_1504">
<pin_list>
<pin id="1505" dir="0" index="0" bw="8" slack="0"/>
<pin id="1506" dir="0" index="1" bw="8" slack="0"/>
<pin id="1507" dir="0" index="2" bw="16" slack="2147483647"/>
<pin id="1508" dir="1" index="3" bw="16" slack="2"/>
</pin_list>
<bind>
<opcode="muladd(1172) " fcode="muladd"/>
<opset="mul_ln21_5/11 add_ln21_4/13 "/>
</bind>
</comp>

<comp id="1511" class="1007" name="grp_fu_1511">
<pin_list>
<pin id="1512" dir="0" index="0" bw="8" slack="0"/>
<pin id="1513" dir="0" index="1" bw="8" slack="0"/>
<pin id="1514" dir="0" index="2" bw="16" slack="2147483647"/>
<pin id="1515" dir="1" index="3" bw="16" slack="2"/>
</pin_list>
<bind>
<opcode="muladd(1172) " fcode="muladd"/>
<opset="mul_ln21_10/11 add_ln21_8/13 "/>
</bind>
</comp>

<comp id="1518" class="1007" name="grp_fu_1518">
<pin_list>
<pin id="1519" dir="0" index="0" bw="8" slack="1"/>
<pin id="1520" dir="0" index="1" bw="8" slack="3"/>
<pin id="1521" dir="0" index="2" bw="16" slack="2147483647"/>
<pin id="1522" dir="1" index="3" bw="16" slack="7"/>
</pin_list>
<bind>
<opcode="muladd(1172) " fcode="muladd"/>
<opset="mul_ln21_112/11 add_ln21_89/13 "/>
</bind>
</comp>

<comp id="1523" class="1007" name="grp_fu_1523">
<pin_list>
<pin id="1524" dir="0" index="0" bw="8" slack="1"/>
<pin id="1525" dir="0" index="1" bw="8" slack="3"/>
<pin id="1526" dir="0" index="2" bw="16" slack="2147483647"/>
<pin id="1527" dir="1" index="3" bw="16" slack="7"/>
</pin_list>
<bind>
<opcode="muladd(1172) " fcode="muladd"/>
<opset="mul_ln21_117/11 add_ln21_93/13 "/>
</bind>
</comp>

<comp id="1528" class="1007" name="grp_fu_1528">
<pin_list>
<pin id="1529" dir="0" index="0" bw="8" slack="1"/>
<pin id="1530" dir="0" index="1" bw="8" slack="2"/>
<pin id="1531" dir="0" index="2" bw="16" slack="2147483647"/>
<pin id="1532" dir="1" index="3" bw="16" slack="7"/>
</pin_list>
<bind>
<opcode="muladd(1172) " fcode="muladd"/>
<opset="mul_ln21_122/11 add_ln21_97/13 "/>
</bind>
</comp>

<comp id="1533" class="1007" name="grp_fu_1533">
<pin_list>
<pin id="1534" dir="0" index="0" bw="8" slack="0"/>
<pin id="1535" dir="0" index="1" bw="8" slack="0"/>
<pin id="1536" dir="0" index="2" bw="16" slack="2147483647"/>
<pin id="1537" dir="1" index="3" bw="16" slack="1"/>
</pin_list>
<bind>
<opcode="muladd(1172) " fcode="muladd"/>
<opset="mul_ln21_4/12 add_ln21_2/14 "/>
</bind>
</comp>

<comp id="1540" class="1007" name="grp_fu_1540">
<pin_list>
<pin id="1541" dir="0" index="0" bw="8" slack="0"/>
<pin id="1542" dir="0" index="1" bw="8" slack="0"/>
<pin id="1543" dir="0" index="2" bw="16" slack="2147483647"/>
<pin id="1544" dir="1" index="3" bw="16" slack="1"/>
</pin_list>
<bind>
<opcode="muladd(1172) " fcode="muladd"/>
<opset="mul_ln21_9/12 add_ln21_6/14 "/>
</bind>
</comp>

<comp id="1547" class="1007" name="grp_fu_1547">
<pin_list>
<pin id="1548" dir="0" index="0" bw="8" slack="0"/>
<pin id="1549" dir="0" index="1" bw="8" slack="0"/>
<pin id="1550" dir="0" index="2" bw="16" slack="2147483647"/>
<pin id="1551" dir="1" index="3" bw="16" slack="1"/>
</pin_list>
<bind>
<opcode="muladd(1172) " fcode="muladd"/>
<opset="mul_ln21_14/12 add_ln21_10/14 "/>
</bind>
</comp>

<comp id="1554" class="1007" name="grp_fu_1554">
<pin_list>
<pin id="1555" dir="0" index="0" bw="8" slack="0"/>
<pin id="1556" dir="0" index="1" bw="8" slack="1"/>
<pin id="1557" dir="0" index="2" bw="16" slack="2147483647"/>
<pin id="1558" dir="1" index="3" bw="16" slack="2"/>
</pin_list>
<bind>
<opcode="muladd(1172) " fcode="muladd"/>
<opset="mul_ln21_15/12 add_ln21_12/14 "/>
</bind>
</comp>

<comp id="1560" class="1007" name="grp_fu_1560">
<pin_list>
<pin id="1561" dir="0" index="0" bw="8" slack="0"/>
<pin id="1562" dir="0" index="1" bw="8" slack="1"/>
<pin id="1563" dir="0" index="2" bw="16" slack="2147483647"/>
<pin id="1564" dir="1" index="3" bw="16" slack="3"/>
</pin_list>
<bind>
<opcode="muladd(1172) " fcode="muladd"/>
<opset="mul_ln21_25/12 add_ln21_20/14 "/>
</bind>
</comp>

<comp id="1566" class="1007" name="grp_fu_1566">
<pin_list>
<pin id="1567" dir="0" index="0" bw="8" slack="0"/>
<pin id="1568" dir="0" index="1" bw="8" slack="1"/>
<pin id="1569" dir="0" index="2" bw="16" slack="2147483647"/>
<pin id="1570" dir="1" index="3" bw="16" slack="4"/>
</pin_list>
<bind>
<opcode="muladd(1172) " fcode="muladd"/>
<opset="mul_ln21_30/12 add_ln21_24/14 "/>
</bind>
</comp>

<comp id="1572" class="1007" name="grp_fu_1572">
<pin_list>
<pin id="1573" dir="0" index="0" bw="8" slack="0"/>
<pin id="1574" dir="0" index="1" bw="8" slack="1"/>
<pin id="1575" dir="0" index="2" bw="16" slack="2147483647"/>
<pin id="1576" dir="1" index="3" bw="16" slack="1"/>
</pin_list>
<bind>
<opcode="muladd(1172) " fcode="muladd"/>
<opset="mul_ln21_19/13 add_ln21_14/15 "/>
</bind>
</comp>

<comp id="1578" class="1007" name="grp_fu_1578">
<pin_list>
<pin id="1579" dir="0" index="0" bw="8" slack="0"/>
<pin id="1580" dir="0" index="1" bw="8" slack="2"/>
<pin id="1581" dir="0" index="2" bw="16" slack="2147483647"/>
<pin id="1582" dir="1" index="3" bw="16" slack="2"/>
</pin_list>
<bind>
<opcode="muladd(1172) " fcode="muladd"/>
<opset="mul_ln21_20/13 add_ln21_16/15 "/>
</bind>
</comp>

<comp id="1584" class="1007" name="grp_fu_1584">
<pin_list>
<pin id="1585" dir="0" index="0" bw="8" slack="1"/>
<pin id="1586" dir="0" index="1" bw="8" slack="2"/>
<pin id="1587" dir="0" index="2" bw="16" slack="2147483647"/>
<pin id="1588" dir="1" index="3" bw="16" slack="3"/>
</pin_list>
<bind>
<opcode="muladd(1172) " fcode="muladd"/>
<opset="mul_ln21_35/13 add_ln21_28/15 "/>
</bind>
</comp>

<comp id="1589" class="1007" name="grp_fu_1589">
<pin_list>
<pin id="1590" dir="0" index="0" bw="8" slack="1"/>
<pin id="1591" dir="0" index="1" bw="8" slack="1"/>
<pin id="1592" dir="0" index="2" bw="16" slack="2147483647"/>
<pin id="1593" dir="1" index="3" bw="16" slack="4"/>
</pin_list>
<bind>
<opcode="muladd(1172) " fcode="muladd"/>
<opset="mul_ln21_40/13 add_ln21_32/15 "/>
</bind>
</comp>

<comp id="1594" class="1007" name="grp_fu_1594">
<pin_list>
<pin id="1595" dir="0" index="0" bw="8" slack="1"/>
<pin id="1596" dir="0" index="1" bw="8" slack="0"/>
<pin id="1597" dir="0" index="2" bw="16" slack="2147483647"/>
<pin id="1598" dir="1" index="3" bw="16" slack="4"/>
</pin_list>
<bind>
<opcode="muladd(1172) " fcode="muladd"/>
<opset="mul_ln21_45/13 add_ln21_36/15 "/>
</bind>
</comp>

<comp id="1600" class="1007" name="grp_fu_1600">
<pin_list>
<pin id="1601" dir="0" index="0" bw="8" slack="0"/>
<pin id="1602" dir="0" index="1" bw="8" slack="2"/>
<pin id="1603" dir="0" index="2" bw="16" slack="2147483647"/>
<pin id="1604" dir="1" index="3" bw="16" slack="5"/>
</pin_list>
<bind>
<opcode="muladd(1172) " fcode="muladd"/>
<opset="mul_ln21_50/13 add_ln21_40/15 "/>
</bind>
</comp>

<comp id="1606" class="1007" name="grp_fu_1606">
<pin_list>
<pin id="1607" dir="0" index="0" bw="8" slack="0"/>
<pin id="1608" dir="0" index="1" bw="8" slack="2"/>
<pin id="1609" dir="0" index="2" bw="16" slack="2147483647"/>
<pin id="1610" dir="1" index="3" bw="16" slack="1"/>
</pin_list>
<bind>
<opcode="muladd(1172) " fcode="muladd"/>
<opset="mul_ln21_24/14 add_ln21_18/16 "/>
</bind>
</comp>

<comp id="1612" class="1007" name="grp_fu_1612">
<pin_list>
<pin id="1613" dir="0" index="0" bw="8" slack="0"/>
<pin id="1614" dir="0" index="1" bw="8" slack="2"/>
<pin id="1615" dir="0" index="2" bw="16" slack="2147483647"/>
<pin id="1616" dir="1" index="3" bw="16" slack="1"/>
</pin_list>
<bind>
<opcode="muladd(1172) " fcode="muladd"/>
<opset="mul_ln21_29/14 add_ln21_22/16 "/>
</bind>
</comp>

<comp id="1618" class="1007" name="grp_fu_1618">
<pin_list>
<pin id="1619" dir="0" index="0" bw="8" slack="1"/>
<pin id="1620" dir="0" index="1" bw="8" slack="3"/>
<pin id="1621" dir="0" index="2" bw="16" slack="2147483647"/>
<pin id="1622" dir="1" index="3" bw="16" slack="4"/>
</pin_list>
<bind>
<opcode="muladd(1172) " fcode="muladd"/>
<opset="mul_ln21_55/14 add_ln21_44/16 "/>
</bind>
</comp>

<comp id="1623" class="1007" name="grp_fu_1623">
<pin_list>
<pin id="1624" dir="0" index="0" bw="8" slack="1"/>
<pin id="1625" dir="0" index="1" bw="8" slack="3"/>
<pin id="1626" dir="0" index="2" bw="16" slack="2147483647"/>
<pin id="1627" dir="1" index="3" bw="16" slack="4"/>
</pin_list>
<bind>
<opcode="muladd(1172) " fcode="muladd"/>
<opset="mul_ln21_60/14 add_ln21_48/16 "/>
</bind>
</comp>

<comp id="1628" class="1007" name="grp_fu_1628">
<pin_list>
<pin id="1629" dir="0" index="0" bw="8" slack="1"/>
<pin id="1630" dir="0" index="1" bw="8" slack="2"/>
<pin id="1631" dir="0" index="2" bw="16" slack="2147483647"/>
<pin id="1632" dir="1" index="3" bw="16" slack="4"/>
</pin_list>
<bind>
<opcode="muladd(1172) " fcode="muladd"/>
<opset="mul_ln21_65/14 add_ln21_52/16 "/>
</bind>
</comp>

<comp id="1633" class="1007" name="grp_fu_1633">
<pin_list>
<pin id="1634" dir="0" index="0" bw="8" slack="1"/>
<pin id="1635" dir="0" index="1" bw="8" slack="1"/>
<pin id="1636" dir="0" index="2" bw="16" slack="2147483647"/>
<pin id="1637" dir="1" index="3" bw="16" slack="5"/>
</pin_list>
<bind>
<opcode="muladd(1172) " fcode="muladd"/>
<opset="mul_ln21_70/14 add_ln21_56/16 "/>
</bind>
</comp>

<comp id="1638" class="1007" name="grp_fu_1638">
<pin_list>
<pin id="1639" dir="0" index="0" bw="8" slack="1"/>
<pin id="1640" dir="0" index="1" bw="8" slack="3"/>
<pin id="1641" dir="0" index="2" bw="16" slack="2147483647"/>
<pin id="1642" dir="1" index="3" bw="16" slack="1"/>
</pin_list>
<bind>
<opcode="muladd(1172) " fcode="muladd"/>
<opset="mul_ln21_34/15 add_ln21_26/17 "/>
</bind>
</comp>

<comp id="1643" class="1007" name="grp_fu_1643">
<pin_list>
<pin id="1644" dir="0" index="0" bw="8" slack="1"/>
<pin id="1645" dir="0" index="1" bw="8" slack="3"/>
<pin id="1646" dir="0" index="2" bw="16" slack="2147483647"/>
<pin id="1647" dir="1" index="3" bw="16" slack="1"/>
</pin_list>
<bind>
<opcode="muladd(1172) " fcode="muladd"/>
<opset="mul_ln21_39/15 add_ln21_30/17 "/>
</bind>
</comp>

<comp id="1648" class="1007" name="grp_fu_1648">
<pin_list>
<pin id="1649" dir="0" index="0" bw="8" slack="0"/>
<pin id="1650" dir="0" index="1" bw="8" slack="4"/>
<pin id="1651" dir="0" index="2" bw="16" slack="2147483647"/>
<pin id="1652" dir="1" index="3" bw="16" slack="4"/>
</pin_list>
<bind>
<opcode="muladd(1172) " fcode="muladd"/>
<opset="mul_ln21_75/15 add_ln21_60/17 "/>
</bind>
</comp>

<comp id="1654" class="1007" name="grp_fu_1654">
<pin_list>
<pin id="1655" dir="0" index="0" bw="8" slack="0"/>
<pin id="1656" dir="0" index="1" bw="8" slack="4"/>
<pin id="1657" dir="0" index="2" bw="16" slack="2147483647"/>
<pin id="1658" dir="1" index="3" bw="16" slack="4"/>
</pin_list>
<bind>
<opcode="muladd(1172) " fcode="muladd"/>
<opset="mul_ln21_80/15 add_ln21_64/17 "/>
</bind>
</comp>

<comp id="1660" class="1007" name="grp_fu_1660">
<pin_list>
<pin id="1661" dir="0" index="0" bw="8" slack="0"/>
<pin id="1662" dir="0" index="1" bw="8" slack="4"/>
<pin id="1663" dir="0" index="2" bw="16" slack="2147483647"/>
<pin id="1664" dir="1" index="3" bw="16" slack="4"/>
</pin_list>
<bind>
<opcode="muladd(1172) " fcode="muladd"/>
<opset="mul_ln21_85/15 add_ln21_68/17 "/>
</bind>
</comp>

<comp id="1666" class="1007" name="grp_fu_1666">
<pin_list>
<pin id="1667" dir="0" index="0" bw="8" slack="0"/>
<pin id="1668" dir="0" index="1" bw="8" slack="3"/>
<pin id="1669" dir="0" index="2" bw="16" slack="2147483647"/>
<pin id="1670" dir="1" index="3" bw="16" slack="4"/>
</pin_list>
<bind>
<opcode="muladd(1172) " fcode="muladd"/>
<opset="mul_ln21_90/15 add_ln21_72/17 "/>
</bind>
</comp>

<comp id="1672" class="1007" name="grp_fu_1672">
<pin_list>
<pin id="1673" dir="0" index="0" bw="8" slack="2"/>
<pin id="1674" dir="0" index="1" bw="8" slack="3"/>
<pin id="1675" dir="0" index="2" bw="16" slack="2147483647"/>
<pin id="1676" dir="1" index="3" bw="16" slack="1"/>
</pin_list>
<bind>
<opcode="muladd(1172) " fcode="muladd"/>
<opset="mul_ln21_44/16 add_ln21_34/18 "/>
</bind>
</comp>

<comp id="1677" class="1007" name="grp_fu_1677">
<pin_list>
<pin id="1678" dir="0" index="0" bw="8" slack="2"/>
<pin id="1679" dir="0" index="1" bw="8" slack="2"/>
<pin id="1680" dir="0" index="2" bw="16" slack="2147483647"/>
<pin id="1681" dir="1" index="3" bw="16" slack="1"/>
</pin_list>
<bind>
<opcode="muladd(1172) " fcode="muladd"/>
<opset="mul_ln21_49/16 add_ln21_38/18 "/>
</bind>
</comp>

<comp id="1682" class="1007" name="grp_fu_1682">
<pin_list>
<pin id="1683" dir="0" index="0" bw="8" slack="1"/>
<pin id="1684" dir="0" index="1" bw="8" slack="3"/>
<pin id="1685" dir="0" index="2" bw="16" slack="2147483647"/>
<pin id="1686" dir="1" index="3" bw="16" slack="3"/>
</pin_list>
<bind>
<opcode="muladd(1172) " fcode="muladd"/>
<opset="mul_ln21_95/16 add_ln21_76/18 "/>
</bind>
</comp>

<comp id="1687" class="1007" name="grp_fu_1687">
<pin_list>
<pin id="1688" dir="0" index="0" bw="8" slack="0"/>
<pin id="1689" dir="0" index="1" bw="8" slack="5"/>
<pin id="1690" dir="0" index="2" bw="16" slack="2147483647"/>
<pin id="1691" dir="1" index="3" bw="16" slack="4"/>
</pin_list>
<bind>
<opcode="muladd(1172) " fcode="muladd"/>
<opset="mul_ln21_100/16 add_ln21_80/18 "/>
</bind>
</comp>

<comp id="1693" class="1007" name="grp_fu_1693">
<pin_list>
<pin id="1694" dir="0" index="0" bw="8" slack="0"/>
<pin id="1695" dir="0" index="1" bw="8" slack="5"/>
<pin id="1696" dir="0" index="2" bw="16" slack="2147483647"/>
<pin id="1697" dir="1" index="3" bw="16" slack="4"/>
</pin_list>
<bind>
<opcode="muladd(1172) " fcode="muladd"/>
<opset="mul_ln21_105/16 add_ln21_84/18 "/>
</bind>
</comp>

<comp id="1699" class="1007" name="grp_fu_1699">
<pin_list>
<pin id="1700" dir="0" index="0" bw="8" slack="0"/>
<pin id="1701" dir="0" index="1" bw="8" slack="5"/>
<pin id="1702" dir="0" index="2" bw="16" slack="2147483647"/>
<pin id="1703" dir="1" index="3" bw="16" slack="4"/>
</pin_list>
<bind>
<opcode="muladd(1172) " fcode="muladd"/>
<opset="mul_ln21_110/16 add_ln21_88/18 "/>
</bind>
</comp>

<comp id="1705" class="1007" name="grp_fu_1705">
<pin_list>
<pin id="1706" dir="0" index="0" bw="8" slack="0"/>
<pin id="1707" dir="0" index="1" bw="8" slack="5"/>
<pin id="1708" dir="0" index="2" bw="16" slack="2147483647"/>
<pin id="1709" dir="1" index="3" bw="16" slack="1"/>
</pin_list>
<bind>
<opcode="muladd(1172) " fcode="muladd"/>
<opset="mul_ln21_54/17 add_ln21_42/19 "/>
</bind>
</comp>

<comp id="1711" class="1007" name="grp_fu_1711">
<pin_list>
<pin id="1712" dir="0" index="0" bw="8" slack="0"/>
<pin id="1713" dir="0" index="1" bw="8" slack="5"/>
<pin id="1714" dir="0" index="2" bw="16" slack="2147483647"/>
<pin id="1715" dir="1" index="3" bw="16" slack="1"/>
</pin_list>
<bind>
<opcode="muladd(1172) " fcode="muladd"/>
<opset="mul_ln21_59/17 add_ln21_46/19 "/>
</bind>
</comp>

<comp id="1717" class="1007" name="grp_fu_1717">
<pin_list>
<pin id="1718" dir="0" index="0" bw="8" slack="0"/>
<pin id="1719" dir="0" index="1" bw="8" slack="5"/>
<pin id="1720" dir="0" index="2" bw="16" slack="2147483647"/>
<pin id="1721" dir="1" index="3" bw="16" slack="1"/>
</pin_list>
<bind>
<opcode="muladd(1172) " fcode="muladd"/>
<opset="mul_ln21_64/17 add_ln21_50/19 "/>
</bind>
</comp>

<comp id="1723" class="1007" name="grp_fu_1723">
<pin_list>
<pin id="1724" dir="0" index="0" bw="8" slack="0"/>
<pin id="1725" dir="0" index="1" bw="8" slack="4"/>
<pin id="1726" dir="0" index="2" bw="16" slack="2147483647"/>
<pin id="1727" dir="1" index="3" bw="16" slack="1"/>
</pin_list>
<bind>
<opcode="muladd(1172) " fcode="muladd"/>
<opset="mul_ln21_69/17 add_ln21_54/19 "/>
</bind>
</comp>

<comp id="1729" class="1007" name="grp_fu_1729">
<pin_list>
<pin id="1730" dir="0" index="0" bw="8" slack="1"/>
<pin id="1731" dir="0" index="1" bw="8" slack="5"/>
<pin id="1732" dir="0" index="2" bw="16" slack="2147483647"/>
<pin id="1733" dir="1" index="3" bw="16" slack="3"/>
</pin_list>
<bind>
<opcode="muladd(1172) " fcode="muladd"/>
<opset="mul_ln21_115/17 add_ln21_92/19 "/>
</bind>
</comp>

<comp id="1734" class="1007" name="grp_fu_1734">
<pin_list>
<pin id="1735" dir="0" index="0" bw="8" slack="1"/>
<pin id="1736" dir="0" index="1" bw="8" slack="4"/>
<pin id="1737" dir="0" index="2" bw="16" slack="2147483647"/>
<pin id="1738" dir="1" index="3" bw="16" slack="3"/>
</pin_list>
<bind>
<opcode="muladd(1172) " fcode="muladd"/>
<opset="mul_ln21_120/17 add_ln21_96/19 "/>
</bind>
</comp>

<comp id="1739" class="1007" name="grp_fu_1739">
<pin_list>
<pin id="1740" dir="0" index="0" bw="8" slack="1"/>
<pin id="1741" dir="0" index="1" bw="8" slack="4"/>
<pin id="1742" dir="0" index="2" bw="16" slack="2147483647"/>
<pin id="1743" dir="1" index="3" bw="16" slack="1"/>
</pin_list>
<bind>
<opcode="muladd(1172) " fcode="muladd"/>
<opset="mul_ln21_74/18 add_ln21_58/20 "/>
</bind>
</comp>

<comp id="1744" class="1007" name="grp_fu_1744">
<pin_list>
<pin id="1745" dir="0" index="0" bw="8" slack="0"/>
<pin id="1746" dir="0" index="1" bw="8" slack="6"/>
<pin id="1747" dir="0" index="2" bw="16" slack="2147483647"/>
<pin id="1748" dir="1" index="3" bw="16" slack="1"/>
</pin_list>
<bind>
<opcode="muladd(1172) " fcode="muladd"/>
<opset="mul_ln21_79/18 add_ln21_62/20 "/>
</bind>
</comp>

<comp id="1750" class="1007" name="grp_fu_1750">
<pin_list>
<pin id="1751" dir="0" index="0" bw="8" slack="0"/>
<pin id="1752" dir="0" index="1" bw="8" slack="6"/>
<pin id="1753" dir="0" index="2" bw="16" slack="2147483647"/>
<pin id="1754" dir="1" index="3" bw="16" slack="1"/>
</pin_list>
<bind>
<opcode="muladd(1172) " fcode="muladd"/>
<opset="mul_ln21_84/18 add_ln21_66/20 "/>
</bind>
</comp>

<comp id="1756" class="1007" name="grp_fu_1756">
<pin_list>
<pin id="1757" dir="0" index="0" bw="8" slack="0"/>
<pin id="1758" dir="0" index="1" bw="8" slack="6"/>
<pin id="1759" dir="0" index="2" bw="16" slack="2147483647"/>
<pin id="1760" dir="1" index="3" bw="16" slack="1"/>
</pin_list>
<bind>
<opcode="muladd(1172) " fcode="muladd"/>
<opset="mul_ln21_89/18 add_ln21_70/20 "/>
</bind>
</comp>

<comp id="1762" class="1007" name="grp_fu_1762">
<pin_list>
<pin id="1763" dir="0" index="0" bw="8" slack="0"/>
<pin id="1764" dir="0" index="1" bw="8" slack="5"/>
<pin id="1765" dir="0" index="2" bw="16" slack="2147483647"/>
<pin id="1766" dir="1" index="3" bw="16" slack="1"/>
</pin_list>
<bind>
<opcode="muladd(1172) " fcode="muladd"/>
<opset="mul_ln21_94/18 add_ln21_74/20 "/>
</bind>
</comp>

<comp id="1768" class="1007" name="grp_fu_1768">
<pin_list>
<pin id="1769" dir="0" index="0" bw="8" slack="0"/>
<pin id="1770" dir="0" index="1" bw="8" slack="4"/>
<pin id="1771" dir="0" index="2" bw="16" slack="2147483647"/>
<pin id="1772" dir="1" index="3" bw="16" slack="1"/>
</pin_list>
<bind>
<opcode="muladd(1172) " fcode="muladd"/>
<opset="mul_ln21_99/18 add_ln21_78/20 "/>
</bind>
</comp>

<comp id="1774" class="1007" name="grp_fu_1774">
<pin_list>
<pin id="1775" dir="0" index="0" bw="8" slack="0"/>
<pin id="1776" dir="0" index="1" bw="8" slack="7"/>
<pin id="1777" dir="0" index="2" bw="16" slack="2147483647"/>
<pin id="1778" dir="1" index="3" bw="16" slack="1"/>
</pin_list>
<bind>
<opcode="muladd(1172) " fcode="muladd"/>
<opset="mul_ln21_104/19 add_ln21_82/21 "/>
</bind>
</comp>

<comp id="1780" class="1007" name="grp_fu_1780">
<pin_list>
<pin id="1781" dir="0" index="0" bw="8" slack="0"/>
<pin id="1782" dir="0" index="1" bw="8" slack="7"/>
<pin id="1783" dir="0" index="2" bw="16" slack="2147483647"/>
<pin id="1784" dir="1" index="3" bw="16" slack="1"/>
</pin_list>
<bind>
<opcode="muladd(1172) " fcode="muladd"/>
<opset="mul_ln21_109/19 add_ln21_86/21 "/>
</bind>
</comp>

<comp id="1786" class="1007" name="grp_fu_1786">
<pin_list>
<pin id="1787" dir="0" index="0" bw="8" slack="0"/>
<pin id="1788" dir="0" index="1" bw="8" slack="7"/>
<pin id="1789" dir="0" index="2" bw="16" slack="2147483647"/>
<pin id="1790" dir="1" index="3" bw="16" slack="1"/>
</pin_list>
<bind>
<opcode="muladd(1172) " fcode="muladd"/>
<opset="mul_ln21_114/19 add_ln21_90/21 "/>
</bind>
</comp>

<comp id="1792" class="1007" name="grp_fu_1792">
<pin_list>
<pin id="1793" dir="0" index="0" bw="8" slack="0"/>
<pin id="1794" dir="0" index="1" bw="8" slack="6"/>
<pin id="1795" dir="0" index="2" bw="16" slack="2147483647"/>
<pin id="1796" dir="1" index="3" bw="16" slack="1"/>
</pin_list>
<bind>
<opcode="muladd(1172) " fcode="muladd"/>
<opset="mul_ln21_119/19 add_ln21_94/21 "/>
</bind>
</comp>

<comp id="1798" class="1007" name="grp_fu_1798">
<pin_list>
<pin id="1799" dir="0" index="0" bw="8" slack="0"/>
<pin id="1800" dir="0" index="1" bw="8" slack="5"/>
<pin id="1801" dir="0" index="2" bw="16" slack="2147483647"/>
<pin id="1802" dir="1" index="3" bw="16" slack="1"/>
</pin_list>
<bind>
<opcode="muladd(1172) " fcode="muladd"/>
<opset="mul_ln21_124/19 add_ln21_98/21 "/>
</bind>
</comp>

<comp id="1804" class="1005" name="a_addr_3_reg_1804">
<pin_list>
<pin id="1805" dir="0" index="0" bw="5" slack="1"/>
<pin id="1806" dir="1" index="1" bw="5" slack="1"/>
</pin_list>
<bind>
<opset="a_addr_3 "/>
</bind>
</comp>

<comp id="1809" class="1005" name="a_addr_8_reg_1809">
<pin_list>
<pin id="1810" dir="0" index="0" bw="5" slack="1"/>
<pin id="1811" dir="1" index="1" bw="5" slack="1"/>
</pin_list>
<bind>
<opset="a_addr_8 "/>
</bind>
</comp>

<comp id="1814" class="1005" name="b_addr_3_reg_1814">
<pin_list>
<pin id="1815" dir="0" index="0" bw="5" slack="1"/>
<pin id="1816" dir="1" index="1" bw="5" slack="1"/>
</pin_list>
<bind>
<opset="b_addr_3 "/>
</bind>
</comp>

<comp id="1819" class="1005" name="b_addr_8_reg_1819">
<pin_list>
<pin id="1820" dir="0" index="0" bw="5" slack="1"/>
<pin id="1821" dir="1" index="1" bw="5" slack="1"/>
</pin_list>
<bind>
<opset="b_addr_8 "/>
</bind>
</comp>

<comp id="1824" class="1005" name="a_addr_13_reg_1824">
<pin_list>
<pin id="1825" dir="0" index="0" bw="5" slack="1"/>
<pin id="1826" dir="1" index="1" bw="5" slack="1"/>
</pin_list>
<bind>
<opset="a_addr_13 "/>
</bind>
</comp>

<comp id="1829" class="1005" name="a_addr_18_reg_1829">
<pin_list>
<pin id="1830" dir="0" index="0" bw="5" slack="1"/>
<pin id="1831" dir="1" index="1" bw="5" slack="1"/>
</pin_list>
<bind>
<opset="a_addr_18 "/>
</bind>
</comp>

<comp id="1834" class="1005" name="b_addr_13_reg_1834">
<pin_list>
<pin id="1835" dir="0" index="0" bw="5" slack="1"/>
<pin id="1836" dir="1" index="1" bw="5" slack="1"/>
</pin_list>
<bind>
<opset="b_addr_13 "/>
</bind>
</comp>

<comp id="1839" class="1005" name="b_addr_18_reg_1839">
<pin_list>
<pin id="1840" dir="0" index="0" bw="5" slack="1"/>
<pin id="1841" dir="1" index="1" bw="5" slack="1"/>
</pin_list>
<bind>
<opset="b_addr_18 "/>
</bind>
</comp>

<comp id="1844" class="1005" name="sext_ln21_6_reg_1844">
<pin_list>
<pin id="1845" dir="0" index="0" bw="16" slack="1"/>
<pin id="1846" dir="1" index="1" bw="16" slack="1"/>
</pin_list>
<bind>
<opset="sext_ln21_6 "/>
</bind>
</comp>

<comp id="1853" class="1005" name="sext_ln21_7_reg_1853">
<pin_list>
<pin id="1854" dir="0" index="0" bw="16" slack="1"/>
<pin id="1855" dir="1" index="1" bw="16" slack="1"/>
</pin_list>
<bind>
<opset="sext_ln21_7 "/>
</bind>
</comp>

<comp id="1862" class="1005" name="sext_ln21_13_reg_1862">
<pin_list>
<pin id="1863" dir="0" index="0" bw="16" slack="1"/>
<pin id="1864" dir="1" index="1" bw="16" slack="1"/>
</pin_list>
<bind>
<opset="sext_ln21_13 "/>
</bind>
</comp>

<comp id="1871" class="1005" name="sext_ln21_33_reg_1871">
<pin_list>
<pin id="1872" dir="0" index="0" bw="16" slack="1"/>
<pin id="1873" dir="1" index="1" bw="16" slack="1"/>
</pin_list>
<bind>
<opset="sext_ln21_33 "/>
</bind>
</comp>

<comp id="1880" class="1005" name="a_addr_1_reg_1880">
<pin_list>
<pin id="1881" dir="0" index="0" bw="5" slack="1"/>
<pin id="1882" dir="1" index="1" bw="5" slack="1"/>
</pin_list>
<bind>
<opset="a_addr_1 "/>
</bind>
</comp>

<comp id="1885" class="1005" name="a_addr_23_reg_1885">
<pin_list>
<pin id="1886" dir="0" index="0" bw="5" slack="1"/>
<pin id="1887" dir="1" index="1" bw="5" slack="1"/>
</pin_list>
<bind>
<opset="a_addr_23 "/>
</bind>
</comp>

<comp id="1890" class="1005" name="b_addr_1_reg_1890">
<pin_list>
<pin id="1891" dir="0" index="0" bw="5" slack="1"/>
<pin id="1892" dir="1" index="1" bw="5" slack="1"/>
</pin_list>
<bind>
<opset="b_addr_1 "/>
</bind>
</comp>

<comp id="1895" class="1005" name="b_addr_23_reg_1895">
<pin_list>
<pin id="1896" dir="0" index="0" bw="5" slack="1"/>
<pin id="1897" dir="1" index="1" bw="5" slack="1"/>
</pin_list>
<bind>
<opset="b_addr_23 "/>
</bind>
</comp>

<comp id="1900" class="1005" name="sext_ln21_18_reg_1900">
<pin_list>
<pin id="1901" dir="0" index="0" bw="16" slack="1"/>
<pin id="1902" dir="1" index="1" bw="16" slack="1"/>
</pin_list>
<bind>
<opset="sext_ln21_18 "/>
</bind>
</comp>

<comp id="1909" class="1005" name="sext_ln21_23_reg_1909">
<pin_list>
<pin id="1910" dir="0" index="0" bw="16" slack="1"/>
<pin id="1911" dir="1" index="1" bw="16" slack="1"/>
</pin_list>
<bind>
<opset="sext_ln21_23 "/>
</bind>
</comp>

<comp id="1918" class="1005" name="a_addr_6_reg_1918">
<pin_list>
<pin id="1919" dir="0" index="0" bw="5" slack="1"/>
<pin id="1920" dir="1" index="1" bw="5" slack="1"/>
</pin_list>
<bind>
<opset="a_addr_6 "/>
</bind>
</comp>

<comp id="1923" class="1005" name="a_addr_11_reg_1923">
<pin_list>
<pin id="1924" dir="0" index="0" bw="5" slack="1"/>
<pin id="1925" dir="1" index="1" bw="5" slack="1"/>
</pin_list>
<bind>
<opset="a_addr_11 "/>
</bind>
</comp>

<comp id="1928" class="1005" name="b_addr_6_reg_1928">
<pin_list>
<pin id="1929" dir="0" index="0" bw="5" slack="1"/>
<pin id="1930" dir="1" index="1" bw="5" slack="1"/>
</pin_list>
<bind>
<opset="b_addr_6 "/>
</bind>
</comp>

<comp id="1933" class="1005" name="b_addr_11_reg_1933">
<pin_list>
<pin id="1934" dir="0" index="0" bw="5" slack="1"/>
<pin id="1935" dir="1" index="1" bw="5" slack="1"/>
</pin_list>
<bind>
<opset="b_addr_11 "/>
</bind>
</comp>

<comp id="1938" class="1005" name="sext_ln21_28_reg_1938">
<pin_list>
<pin id="1939" dir="0" index="0" bw="16" slack="1"/>
<pin id="1940" dir="1" index="1" bw="16" slack="1"/>
</pin_list>
<bind>
<opset="sext_ln21_28 "/>
</bind>
</comp>

<comp id="1947" class="1005" name="sext_ln21_38_reg_1947">
<pin_list>
<pin id="1948" dir="0" index="0" bw="16" slack="1"/>
<pin id="1949" dir="1" index="1" bw="16" slack="1"/>
</pin_list>
<bind>
<opset="sext_ln21_38 "/>
</bind>
</comp>

<comp id="1956" class="1005" name="a_addr_16_reg_1956">
<pin_list>
<pin id="1957" dir="0" index="0" bw="5" slack="1"/>
<pin id="1958" dir="1" index="1" bw="5" slack="1"/>
</pin_list>
<bind>
<opset="a_addr_16 "/>
</bind>
</comp>

<comp id="1961" class="1005" name="a_addr_21_reg_1961">
<pin_list>
<pin id="1962" dir="0" index="0" bw="5" slack="1"/>
<pin id="1963" dir="1" index="1" bw="5" slack="1"/>
</pin_list>
<bind>
<opset="a_addr_21 "/>
</bind>
</comp>

<comp id="1966" class="1005" name="b_addr_16_reg_1966">
<pin_list>
<pin id="1967" dir="0" index="0" bw="5" slack="1"/>
<pin id="1968" dir="1" index="1" bw="5" slack="1"/>
</pin_list>
<bind>
<opset="b_addr_16 "/>
</bind>
</comp>

<comp id="1971" class="1005" name="b_addr_21_reg_1971">
<pin_list>
<pin id="1972" dir="0" index="0" bw="5" slack="1"/>
<pin id="1973" dir="1" index="1" bw="5" slack="1"/>
</pin_list>
<bind>
<opset="b_addr_21 "/>
</bind>
</comp>

<comp id="1976" class="1005" name="sext_ln21_43_reg_1976">
<pin_list>
<pin id="1977" dir="0" index="0" bw="16" slack="1"/>
<pin id="1978" dir="1" index="1" bw="16" slack="1"/>
</pin_list>
<bind>
<opset="sext_ln21_43 "/>
</bind>
</comp>

<comp id="1985" class="1005" name="a_addr_4_reg_1985">
<pin_list>
<pin id="1986" dir="0" index="0" bw="5" slack="1"/>
<pin id="1987" dir="1" index="1" bw="5" slack="1"/>
</pin_list>
<bind>
<opset="a_addr_4 "/>
</bind>
</comp>

<comp id="1990" class="1005" name="a_addr_9_reg_1990">
<pin_list>
<pin id="1991" dir="0" index="0" bw="5" slack="1"/>
<pin id="1992" dir="1" index="1" bw="5" slack="1"/>
</pin_list>
<bind>
<opset="a_addr_9 "/>
</bind>
</comp>

<comp id="1995" class="1005" name="b_addr_4_reg_1995">
<pin_list>
<pin id="1996" dir="0" index="0" bw="5" slack="1"/>
<pin id="1997" dir="1" index="1" bw="5" slack="1"/>
</pin_list>
<bind>
<opset="b_addr_4 "/>
</bind>
</comp>

<comp id="2000" class="1005" name="b_addr_9_reg_2000">
<pin_list>
<pin id="2001" dir="0" index="0" bw="5" slack="1"/>
<pin id="2002" dir="1" index="1" bw="5" slack="1"/>
</pin_list>
<bind>
<opset="b_addr_9 "/>
</bind>
</comp>

<comp id="2005" class="1005" name="mul_ln21_3_reg_2005">
<pin_list>
<pin id="2006" dir="0" index="0" bw="16" slack="3"/>
<pin id="2007" dir="1" index="1" bw="16" slack="3"/>
</pin_list>
<bind>
<opset="mul_ln21_3 "/>
</bind>
</comp>

<comp id="2010" class="1005" name="mul_ln21_8_reg_2010">
<pin_list>
<pin id="2011" dir="0" index="0" bw="16" slack="3"/>
<pin id="2012" dir="1" index="1" bw="16" slack="3"/>
</pin_list>
<bind>
<opset="mul_ln21_8 "/>
</bind>
</comp>

<comp id="2015" class="1005" name="b_load_16_reg_2015">
<pin_list>
<pin id="2016" dir="0" index="0" bw="8" slack="3"/>
<pin id="2017" dir="1" index="1" bw="8" slack="3"/>
</pin_list>
<bind>
<opset="b_load_16 "/>
</bind>
</comp>

<comp id="2020" class="1005" name="b_load_21_reg_2020">
<pin_list>
<pin id="2021" dir="0" index="0" bw="8" slack="3"/>
<pin id="2022" dir="1" index="1" bw="8" slack="3"/>
</pin_list>
<bind>
<opset="b_load_21 "/>
</bind>
</comp>

<comp id="2025" class="1005" name="mul_ln21_28_reg_2025">
<pin_list>
<pin id="2026" dir="0" index="0" bw="16" slack="3"/>
<pin id="2027" dir="1" index="1" bw="16" slack="3"/>
</pin_list>
<bind>
<opset="mul_ln21_28 "/>
</bind>
</comp>

<comp id="2030" class="1005" name="mul_ln21_33_reg_2030">
<pin_list>
<pin id="2031" dir="0" index="0" bw="16" slack="3"/>
<pin id="2032" dir="1" index="1" bw="16" slack="3"/>
</pin_list>
<bind>
<opset="mul_ln21_33 "/>
</bind>
</comp>

<comp id="2035" class="1005" name="a_addr_14_reg_2035">
<pin_list>
<pin id="2036" dir="0" index="0" bw="5" slack="1"/>
<pin id="2037" dir="1" index="1" bw="5" slack="1"/>
</pin_list>
<bind>
<opset="a_addr_14 "/>
</bind>
</comp>

<comp id="2040" class="1005" name="a_addr_19_reg_2040">
<pin_list>
<pin id="2041" dir="0" index="0" bw="5" slack="1"/>
<pin id="2042" dir="1" index="1" bw="5" slack="1"/>
</pin_list>
<bind>
<opset="a_addr_19 "/>
</bind>
</comp>

<comp id="2045" class="1005" name="b_addr_14_reg_2045">
<pin_list>
<pin id="2046" dir="0" index="0" bw="5" slack="1"/>
<pin id="2047" dir="1" index="1" bw="5" slack="1"/>
</pin_list>
<bind>
<opset="b_addr_14 "/>
</bind>
</comp>

<comp id="2050" class="1005" name="b_addr_19_reg_2050">
<pin_list>
<pin id="2051" dir="0" index="0" bw="5" slack="1"/>
<pin id="2052" dir="1" index="1" bw="5" slack="1"/>
</pin_list>
<bind>
<opset="b_addr_19 "/>
</bind>
</comp>

<comp id="2055" class="1005" name="sext_ln21_8_reg_2055">
<pin_list>
<pin id="2056" dir="0" index="0" bw="16" slack="1"/>
<pin id="2057" dir="1" index="1" bw="16" slack="1"/>
</pin_list>
<bind>
<opset="sext_ln21_8 "/>
</bind>
</comp>

<comp id="2064" class="1005" name="sext_ln21_9_reg_2064">
<pin_list>
<pin id="2065" dir="0" index="0" bw="16" slack="1"/>
<pin id="2066" dir="1" index="1" bw="16" slack="1"/>
</pin_list>
<bind>
<opset="sext_ln21_9 "/>
</bind>
</comp>

<comp id="2073" class="1005" name="sext_ln21_14_reg_2073">
<pin_list>
<pin id="2074" dir="0" index="0" bw="16" slack="1"/>
<pin id="2075" dir="1" index="1" bw="16" slack="1"/>
</pin_list>
<bind>
<opset="sext_ln21_14 "/>
</bind>
</comp>

<comp id="2082" class="1005" name="mul_ln21_13_reg_2082">
<pin_list>
<pin id="2083" dir="0" index="0" bw="16" slack="3"/>
<pin id="2084" dir="1" index="1" bw="16" slack="3"/>
</pin_list>
<bind>
<opset="mul_ln21_13 "/>
</bind>
</comp>

<comp id="2087" class="1005" name="mul_ln21_18_reg_2087">
<pin_list>
<pin id="2088" dir="0" index="0" bw="16" slack="3"/>
<pin id="2089" dir="1" index="1" bw="16" slack="3"/>
</pin_list>
<bind>
<opset="mul_ln21_18 "/>
</bind>
</comp>

<comp id="2092" class="1005" name="sext_ln21_34_reg_2092">
<pin_list>
<pin id="2093" dir="0" index="0" bw="16" slack="1"/>
<pin id="2094" dir="1" index="1" bw="16" slack="1"/>
</pin_list>
<bind>
<opset="sext_ln21_34 "/>
</bind>
</comp>

<comp id="2101" class="1005" name="mul_ln21_38_reg_2101">
<pin_list>
<pin id="2102" dir="0" index="0" bw="16" slack="3"/>
<pin id="2103" dir="1" index="1" bw="16" slack="3"/>
</pin_list>
<bind>
<opset="mul_ln21_38 "/>
</bind>
</comp>

<comp id="2106" class="1005" name="mul_ln21_43_reg_2106">
<pin_list>
<pin id="2107" dir="0" index="0" bw="16" slack="3"/>
<pin id="2108" dir="1" index="1" bw="16" slack="3"/>
</pin_list>
<bind>
<opset="mul_ln21_43 "/>
</bind>
</comp>

<comp id="2111" class="1005" name="sext_ln21_48_reg_2111">
<pin_list>
<pin id="2112" dir="0" index="0" bw="16" slack="1"/>
<pin id="2113" dir="1" index="1" bw="16" slack="1"/>
</pin_list>
<bind>
<opset="sext_ln21_48 "/>
</bind>
</comp>

<comp id="2120" class="1005" name="a_addr_reg_2120">
<pin_list>
<pin id="2121" dir="0" index="0" bw="5" slack="1"/>
<pin id="2122" dir="1" index="1" bw="5" slack="1"/>
</pin_list>
<bind>
<opset="a_addr "/>
</bind>
</comp>

<comp id="2125" class="1005" name="a_addr_24_reg_2125">
<pin_list>
<pin id="2126" dir="0" index="0" bw="5" slack="1"/>
<pin id="2127" dir="1" index="1" bw="5" slack="1"/>
</pin_list>
<bind>
<opset="a_addr_24 "/>
</bind>
</comp>

<comp id="2130" class="1005" name="b_addr_reg_2130">
<pin_list>
<pin id="2131" dir="0" index="0" bw="5" slack="1"/>
<pin id="2132" dir="1" index="1" bw="5" slack="1"/>
</pin_list>
<bind>
<opset="b_addr "/>
</bind>
</comp>

<comp id="2135" class="1005" name="b_addr_24_reg_2135">
<pin_list>
<pin id="2136" dir="0" index="0" bw="5" slack="1"/>
<pin id="2137" dir="1" index="1" bw="5" slack="1"/>
</pin_list>
<bind>
<opset="b_addr_24 "/>
</bind>
</comp>

<comp id="2140" class="1005" name="sext_ln21_2_reg_2140">
<pin_list>
<pin id="2141" dir="0" index="0" bw="16" slack="1"/>
<pin id="2142" dir="1" index="1" bw="16" slack="1"/>
</pin_list>
<bind>
<opset="sext_ln21_2 "/>
</bind>
</comp>

<comp id="2149" class="1005" name="sext_ln21_3_reg_2149">
<pin_list>
<pin id="2150" dir="0" index="0" bw="16" slack="1"/>
<pin id="2151" dir="1" index="1" bw="16" slack="1"/>
</pin_list>
<bind>
<opset="sext_ln21_3 "/>
</bind>
</comp>

<comp id="2158" class="1005" name="sext_ln21_11_reg_2158">
<pin_list>
<pin id="2159" dir="0" index="0" bw="16" slack="1"/>
<pin id="2160" dir="1" index="1" bw="16" slack="1"/>
</pin_list>
<bind>
<opset="sext_ln21_11 "/>
</bind>
</comp>

<comp id="2167" class="1005" name="sext_ln21_16_reg_2167">
<pin_list>
<pin id="2168" dir="0" index="0" bw="16" slack="1"/>
<pin id="2169" dir="1" index="1" bw="16" slack="1"/>
</pin_list>
<bind>
<opset="sext_ln21_16 "/>
</bind>
</comp>

<comp id="2176" class="1005" name="sext_ln21_19_reg_2176">
<pin_list>
<pin id="2177" dir="0" index="0" bw="16" slack="1"/>
<pin id="2178" dir="1" index="1" bw="16" slack="1"/>
</pin_list>
<bind>
<opset="sext_ln21_19 "/>
</bind>
</comp>

<comp id="2185" class="1005" name="sext_ln21_24_reg_2185">
<pin_list>
<pin id="2186" dir="0" index="0" bw="16" slack="1"/>
<pin id="2187" dir="1" index="1" bw="16" slack="1"/>
</pin_list>
<bind>
<opset="sext_ln21_24 "/>
</bind>
</comp>

<comp id="2194" class="1005" name="mul_ln21_23_reg_2194">
<pin_list>
<pin id="2195" dir="0" index="0" bw="16" slack="3"/>
<pin id="2196" dir="1" index="1" bw="16" slack="3"/>
</pin_list>
<bind>
<opset="mul_ln21_23 "/>
</bind>
</comp>

<comp id="2199" class="1005" name="mul_ln21_48_reg_2199">
<pin_list>
<pin id="2200" dir="0" index="0" bw="16" slack="3"/>
<pin id="2201" dir="1" index="1" bw="16" slack="3"/>
</pin_list>
<bind>
<opset="mul_ln21_48 "/>
</bind>
</comp>

<comp id="2204" class="1005" name="sext_ln21_39_reg_2204">
<pin_list>
<pin id="2205" dir="0" index="0" bw="16" slack="1"/>
<pin id="2206" dir="1" index="1" bw="16" slack="1"/>
</pin_list>
<bind>
<opset="sext_ln21_39 "/>
</bind>
</comp>

<comp id="2213" class="1005" name="mul_ln21_53_reg_2213">
<pin_list>
<pin id="2214" dir="0" index="0" bw="16" slack="2"/>
<pin id="2215" dir="1" index="1" bw="16" slack="2"/>
</pin_list>
<bind>
<opset="mul_ln21_53 "/>
</bind>
</comp>

<comp id="2218" class="1005" name="mul_ln21_58_reg_2218">
<pin_list>
<pin id="2219" dir="0" index="0" bw="16" slack="2"/>
<pin id="2220" dir="1" index="1" bw="16" slack="2"/>
</pin_list>
<bind>
<opset="mul_ln21_58 "/>
</bind>
</comp>

<comp id="2223" class="1005" name="a_addr_2_reg_2223">
<pin_list>
<pin id="2224" dir="0" index="0" bw="5" slack="1"/>
<pin id="2225" dir="1" index="1" bw="5" slack="1"/>
</pin_list>
<bind>
<opset="a_addr_2 "/>
</bind>
</comp>

<comp id="2228" class="1005" name="a_addr_5_reg_2228">
<pin_list>
<pin id="2229" dir="0" index="0" bw="5" slack="1"/>
<pin id="2230" dir="1" index="1" bw="5" slack="1"/>
</pin_list>
<bind>
<opset="a_addr_5 "/>
</bind>
</comp>

<comp id="2233" class="1005" name="b_addr_2_reg_2233">
<pin_list>
<pin id="2234" dir="0" index="0" bw="5" slack="1"/>
<pin id="2235" dir="1" index="1" bw="5" slack="1"/>
</pin_list>
<bind>
<opset="b_addr_2 "/>
</bind>
</comp>

<comp id="2238" class="1005" name="b_addr_5_reg_2238">
<pin_list>
<pin id="2239" dir="0" index="0" bw="5" slack="1"/>
<pin id="2240" dir="1" index="1" bw="5" slack="1"/>
</pin_list>
<bind>
<opset="b_addr_5 "/>
</bind>
</comp>

<comp id="2243" class="1005" name="sext_ln21_21_reg_2243">
<pin_list>
<pin id="2244" dir="0" index="0" bw="16" slack="1"/>
<pin id="2245" dir="1" index="1" bw="16" slack="1"/>
</pin_list>
<bind>
<opset="sext_ln21_21 "/>
</bind>
</comp>

<comp id="2252" class="1005" name="sext_ln21_26_reg_2252">
<pin_list>
<pin id="2253" dir="0" index="0" bw="16" slack="1"/>
<pin id="2254" dir="1" index="1" bw="16" slack="1"/>
</pin_list>
<bind>
<opset="sext_ln21_26 "/>
</bind>
</comp>

<comp id="2261" class="1005" name="sext_ln21_29_reg_2261">
<pin_list>
<pin id="2262" dir="0" index="0" bw="16" slack="1"/>
<pin id="2263" dir="1" index="1" bw="16" slack="1"/>
</pin_list>
<bind>
<opset="sext_ln21_29 "/>
</bind>
</comp>

<comp id="2270" class="1005" name="sext_ln21_31_reg_2270">
<pin_list>
<pin id="2271" dir="0" index="0" bw="16" slack="1"/>
<pin id="2272" dir="1" index="1" bw="16" slack="1"/>
</pin_list>
<bind>
<opset="sext_ln21_31 "/>
</bind>
</comp>

<comp id="2279" class="1005" name="mul_ln21_63_reg_2279">
<pin_list>
<pin id="2280" dir="0" index="0" bw="16" slack="2"/>
<pin id="2281" dir="1" index="1" bw="16" slack="2"/>
</pin_list>
<bind>
<opset="mul_ln21_63 "/>
</bind>
</comp>

<comp id="2284" class="1005" name="mul_ln21_68_reg_2284">
<pin_list>
<pin id="2285" dir="0" index="0" bw="16" slack="2"/>
<pin id="2286" dir="1" index="1" bw="16" slack="2"/>
</pin_list>
<bind>
<opset="mul_ln21_68 "/>
</bind>
</comp>

<comp id="2289" class="1005" name="mul_ln21_73_reg_2289">
<pin_list>
<pin id="2290" dir="0" index="0" bw="16" slack="2"/>
<pin id="2291" dir="1" index="1" bw="16" slack="2"/>
</pin_list>
<bind>
<opset="mul_ln21_73 "/>
</bind>
</comp>

<comp id="2294" class="1005" name="sext_ln21_44_reg_2294">
<pin_list>
<pin id="2295" dir="0" index="0" bw="16" slack="1"/>
<pin id="2296" dir="1" index="1" bw="16" slack="1"/>
</pin_list>
<bind>
<opset="sext_ln21_44 "/>
</bind>
</comp>

<comp id="2303" class="1005" name="mul_ln21_78_reg_2303">
<pin_list>
<pin id="2304" dir="0" index="0" bw="16" slack="2"/>
<pin id="2305" dir="1" index="1" bw="16" slack="2"/>
</pin_list>
<bind>
<opset="mul_ln21_78 "/>
</bind>
</comp>

<comp id="2308" class="1005" name="a_addr_7_reg_2308">
<pin_list>
<pin id="2309" dir="0" index="0" bw="5" slack="1"/>
<pin id="2310" dir="1" index="1" bw="5" slack="1"/>
</pin_list>
<bind>
<opset="a_addr_7 "/>
</bind>
</comp>

<comp id="2313" class="1005" name="a_addr_10_reg_2313">
<pin_list>
<pin id="2314" dir="0" index="0" bw="5" slack="1"/>
<pin id="2315" dir="1" index="1" bw="5" slack="1"/>
</pin_list>
<bind>
<opset="a_addr_10 "/>
</bind>
</comp>

<comp id="2318" class="1005" name="b_addr_7_reg_2318">
<pin_list>
<pin id="2319" dir="0" index="0" bw="5" slack="1"/>
<pin id="2320" dir="1" index="1" bw="5" slack="1"/>
</pin_list>
<bind>
<opset="b_addr_7 "/>
</bind>
</comp>

<comp id="2323" class="1005" name="b_addr_10_reg_2323">
<pin_list>
<pin id="2324" dir="0" index="0" bw="5" slack="1"/>
<pin id="2325" dir="1" index="1" bw="5" slack="1"/>
</pin_list>
<bind>
<opset="b_addr_10 "/>
</bind>
</comp>

<comp id="2328" class="1005" name="add_ln21_1_reg_2328">
<pin_list>
<pin id="2329" dir="0" index="0" bw="16" slack="4"/>
<pin id="2330" dir="1" index="1" bw="16" slack="4"/>
</pin_list>
<bind>
<opset="add_ln21_1 "/>
</bind>
</comp>

<comp id="2333" class="1005" name="add_ln21_5_reg_2333">
<pin_list>
<pin id="2334" dir="0" index="0" bw="16" slack="4"/>
<pin id="2335" dir="1" index="1" bw="16" slack="4"/>
</pin_list>
<bind>
<opset="add_ln21_5 "/>
</bind>
</comp>

<comp id="2338" class="1005" name="add_ln21_21_reg_2338">
<pin_list>
<pin id="2339" dir="0" index="0" bw="16" slack="6"/>
<pin id="2340" dir="1" index="1" bw="16" slack="6"/>
</pin_list>
<bind>
<opset="add_ln21_21 "/>
</bind>
</comp>

<comp id="2343" class="1005" name="add_ln21_25_reg_2343">
<pin_list>
<pin id="2344" dir="0" index="0" bw="16" slack="7"/>
<pin id="2345" dir="1" index="1" bw="16" slack="7"/>
</pin_list>
<bind>
<opset="add_ln21_25 "/>
</bind>
</comp>

<comp id="2348" class="1005" name="sext_ln21_36_reg_2348">
<pin_list>
<pin id="2349" dir="0" index="0" bw="16" slack="1"/>
<pin id="2350" dir="1" index="1" bw="16" slack="1"/>
</pin_list>
<bind>
<opset="sext_ln21_36 "/>
</bind>
</comp>

<comp id="2357" class="1005" name="mul_ln21_83_reg_2357">
<pin_list>
<pin id="2358" dir="0" index="0" bw="16" slack="2"/>
<pin id="2359" dir="1" index="1" bw="16" slack="2"/>
</pin_list>
<bind>
<opset="mul_ln21_83 "/>
</bind>
</comp>

<comp id="2362" class="1005" name="mul_ln21_88_reg_2362">
<pin_list>
<pin id="2363" dir="0" index="0" bw="16" slack="2"/>
<pin id="2364" dir="1" index="1" bw="16" slack="2"/>
</pin_list>
<bind>
<opset="mul_ln21_88 "/>
</bind>
</comp>

<comp id="2367" class="1005" name="mul_ln21_93_reg_2367">
<pin_list>
<pin id="2368" dir="0" index="0" bw="16" slack="2"/>
<pin id="2369" dir="1" index="1" bw="16" slack="2"/>
</pin_list>
<bind>
<opset="mul_ln21_93 "/>
</bind>
</comp>

<comp id="2372" class="1005" name="mul_ln21_98_reg_2372">
<pin_list>
<pin id="2373" dir="0" index="0" bw="16" slack="2"/>
<pin id="2374" dir="1" index="1" bw="16" slack="2"/>
</pin_list>
<bind>
<opset="mul_ln21_98 "/>
</bind>
</comp>

<comp id="2377" class="1005" name="sext_ln21_49_reg_2377">
<pin_list>
<pin id="2378" dir="0" index="0" bw="16" slack="1"/>
<pin id="2379" dir="1" index="1" bw="16" slack="1"/>
</pin_list>
<bind>
<opset="sext_ln21_49 "/>
</bind>
</comp>

<comp id="2386" class="1005" name="a_addr_12_reg_2386">
<pin_list>
<pin id="2387" dir="0" index="0" bw="5" slack="1"/>
<pin id="2388" dir="1" index="1" bw="5" slack="1"/>
</pin_list>
<bind>
<opset="a_addr_12 "/>
</bind>
</comp>

<comp id="2391" class="1005" name="a_addr_15_reg_2391">
<pin_list>
<pin id="2392" dir="0" index="0" bw="5" slack="1"/>
<pin id="2393" dir="1" index="1" bw="5" slack="1"/>
</pin_list>
<bind>
<opset="a_addr_15 "/>
</bind>
</comp>

<comp id="2396" class="1005" name="b_addr_12_reg_2396">
<pin_list>
<pin id="2397" dir="0" index="0" bw="5" slack="1"/>
<pin id="2398" dir="1" index="1" bw="5" slack="1"/>
</pin_list>
<bind>
<opset="b_addr_12 "/>
</bind>
</comp>

<comp id="2401" class="1005" name="b_addr_15_reg_2401">
<pin_list>
<pin id="2402" dir="0" index="0" bw="5" slack="1"/>
<pin id="2403" dir="1" index="1" bw="5" slack="1"/>
</pin_list>
<bind>
<opset="b_addr_15 "/>
</bind>
</comp>

<comp id="2406" class="1005" name="sext_ln21_reg_2406">
<pin_list>
<pin id="2407" dir="0" index="0" bw="16" slack="1"/>
<pin id="2408" dir="1" index="1" bw="16" slack="1"/>
</pin_list>
<bind>
<opset="sext_ln21 "/>
</bind>
</comp>

<comp id="2415" class="1005" name="sext_ln21_1_reg_2415">
<pin_list>
<pin id="2416" dir="0" index="0" bw="16" slack="1"/>
<pin id="2417" dir="1" index="1" bw="16" slack="1"/>
</pin_list>
<bind>
<opset="sext_ln21_1 "/>
</bind>
</comp>

<comp id="2424" class="1005" name="sext_ln21_10_reg_2424">
<pin_list>
<pin id="2425" dir="0" index="0" bw="16" slack="1"/>
<pin id="2426" dir="1" index="1" bw="16" slack="1"/>
</pin_list>
<bind>
<opset="sext_ln21_10 "/>
</bind>
</comp>

<comp id="2433" class="1005" name="sext_ln21_15_reg_2433">
<pin_list>
<pin id="2434" dir="0" index="0" bw="16" slack="1"/>
<pin id="2435" dir="1" index="1" bw="16" slack="1"/>
</pin_list>
<bind>
<opset="sext_ln21_15 "/>
</bind>
</comp>

<comp id="2442" class="1005" name="add_ln21_9_reg_2442">
<pin_list>
<pin id="2443" dir="0" index="0" bw="16" slack="3"/>
<pin id="2444" dir="1" index="1" bw="16" slack="3"/>
</pin_list>
<bind>
<opset="add_ln21_9 "/>
</bind>
</comp>

<comp id="2447" class="1005" name="add_ln21_13_reg_2447">
<pin_list>
<pin id="2448" dir="0" index="0" bw="16" slack="4"/>
<pin id="2449" dir="1" index="1" bw="16" slack="4"/>
</pin_list>
<bind>
<opset="add_ln21_13 "/>
</bind>
</comp>

<comp id="2452" class="1005" name="add_ln21_29_reg_2452">
<pin_list>
<pin id="2453" dir="0" index="0" bw="16" slack="6"/>
<pin id="2454" dir="1" index="1" bw="16" slack="6"/>
</pin_list>
<bind>
<opset="add_ln21_29 "/>
</bind>
</comp>

<comp id="2457" class="1005" name="add_ln21_33_reg_2457">
<pin_list>
<pin id="2458" dir="0" index="0" bw="16" slack="7"/>
<pin id="2459" dir="1" index="1" bw="16" slack="7"/>
</pin_list>
<bind>
<opset="add_ln21_33 "/>
</bind>
</comp>

<comp id="2462" class="1005" name="add_ln21_41_reg_2462">
<pin_list>
<pin id="2463" dir="0" index="0" bw="16" slack="8"/>
<pin id="2464" dir="1" index="1" bw="16" slack="8"/>
</pin_list>
<bind>
<opset="add_ln21_41 "/>
</bind>
</comp>

<comp id="2467" class="1005" name="add_ln21_45_reg_2467">
<pin_list>
<pin id="2468" dir="0" index="0" bw="16" slack="8"/>
<pin id="2469" dir="1" index="1" bw="16" slack="8"/>
</pin_list>
<bind>
<opset="add_ln21_45 "/>
</bind>
</comp>

<comp id="2472" class="1005" name="mul_ln21_103_reg_2472">
<pin_list>
<pin id="2473" dir="0" index="0" bw="16" slack="1"/>
<pin id="2474" dir="1" index="1" bw="16" slack="1"/>
</pin_list>
<bind>
<opset="mul_ln21_103 "/>
</bind>
</comp>

<comp id="2477" class="1005" name="mul_ln21_108_reg_2477">
<pin_list>
<pin id="2478" dir="0" index="0" bw="16" slack="1"/>
<pin id="2479" dir="1" index="1" bw="16" slack="1"/>
</pin_list>
<bind>
<opset="mul_ln21_108 "/>
</bind>
</comp>

<comp id="2482" class="1005" name="mul_ln21_113_reg_2482">
<pin_list>
<pin id="2483" dir="0" index="0" bw="16" slack="2"/>
<pin id="2484" dir="1" index="1" bw="16" slack="2"/>
</pin_list>
<bind>
<opset="mul_ln21_113 "/>
</bind>
</comp>

<comp id="2487" class="1005" name="mul_ln21_118_reg_2487">
<pin_list>
<pin id="2488" dir="0" index="0" bw="16" slack="2"/>
<pin id="2489" dir="1" index="1" bw="16" slack="2"/>
</pin_list>
<bind>
<opset="mul_ln21_118 "/>
</bind>
</comp>

<comp id="2492" class="1005" name="a_addr_17_reg_2492">
<pin_list>
<pin id="2493" dir="0" index="0" bw="5" slack="1"/>
<pin id="2494" dir="1" index="1" bw="5" slack="1"/>
</pin_list>
<bind>
<opset="a_addr_17 "/>
</bind>
</comp>

<comp id="2497" class="1005" name="a_addr_20_reg_2497">
<pin_list>
<pin id="2498" dir="0" index="0" bw="5" slack="1"/>
<pin id="2499" dir="1" index="1" bw="5" slack="1"/>
</pin_list>
<bind>
<opset="a_addr_20 "/>
</bind>
</comp>

<comp id="2502" class="1005" name="b_addr_17_reg_2502">
<pin_list>
<pin id="2503" dir="0" index="0" bw="5" slack="1"/>
<pin id="2504" dir="1" index="1" bw="5" slack="1"/>
</pin_list>
<bind>
<opset="b_addr_17 "/>
</bind>
</comp>

<comp id="2507" class="1005" name="b_addr_20_reg_2507">
<pin_list>
<pin id="2508" dir="0" index="0" bw="5" slack="1"/>
<pin id="2509" dir="1" index="1" bw="5" slack="1"/>
</pin_list>
<bind>
<opset="b_addr_20 "/>
</bind>
</comp>

<comp id="2512" class="1005" name="sext_ln21_4_reg_2512">
<pin_list>
<pin id="2513" dir="0" index="0" bw="16" slack="1"/>
<pin id="2514" dir="1" index="1" bw="16" slack="1"/>
</pin_list>
<bind>
<opset="sext_ln21_4 "/>
</bind>
</comp>

<comp id="2521" class="1005" name="sext_ln21_5_reg_2521">
<pin_list>
<pin id="2522" dir="0" index="0" bw="16" slack="1"/>
<pin id="2523" dir="1" index="1" bw="16" slack="1"/>
</pin_list>
<bind>
<opset="sext_ln21_5 "/>
</bind>
</comp>

<comp id="2530" class="1005" name="mul_ln21_1_reg_2530">
<pin_list>
<pin id="2531" dir="0" index="0" bw="16" slack="1"/>
<pin id="2532" dir="1" index="1" bw="16" slack="1"/>
</pin_list>
<bind>
<opset="mul_ln21_1 "/>
</bind>
</comp>

<comp id="2535" class="1005" name="sext_ln21_12_reg_2535">
<pin_list>
<pin id="2536" dir="0" index="0" bw="16" slack="1"/>
<pin id="2537" dir="1" index="1" bw="16" slack="1"/>
</pin_list>
<bind>
<opset="sext_ln21_12 "/>
</bind>
</comp>

<comp id="2544" class="1005" name="mul_ln21_6_reg_2544">
<pin_list>
<pin id="2545" dir="0" index="0" bw="16" slack="1"/>
<pin id="2546" dir="1" index="1" bw="16" slack="1"/>
</pin_list>
<bind>
<opset="mul_ln21_6 "/>
</bind>
</comp>

<comp id="2549" class="1005" name="sext_ln21_17_reg_2549">
<pin_list>
<pin id="2550" dir="0" index="0" bw="16" slack="1"/>
<pin id="2551" dir="1" index="1" bw="16" slack="1"/>
</pin_list>
<bind>
<opset="sext_ln21_17 "/>
</bind>
</comp>

<comp id="2558" class="1005" name="mul_ln21_11_reg_2558">
<pin_list>
<pin id="2559" dir="0" index="0" bw="16" slack="1"/>
<pin id="2560" dir="1" index="1" bw="16" slack="1"/>
</pin_list>
<bind>
<opset="mul_ln21_11 "/>
</bind>
</comp>

<comp id="2563" class="1005" name="sext_ln21_20_reg_2563">
<pin_list>
<pin id="2564" dir="0" index="0" bw="16" slack="1"/>
<pin id="2565" dir="1" index="1" bw="16" slack="1"/>
</pin_list>
<bind>
<opset="sext_ln21_20 "/>
</bind>
</comp>

<comp id="2572" class="1005" name="add_ln21_17_reg_2572">
<pin_list>
<pin id="2573" dir="0" index="0" bw="16" slack="4"/>
<pin id="2574" dir="1" index="1" bw="16" slack="4"/>
</pin_list>
<bind>
<opset="add_ln21_17 "/>
</bind>
</comp>

<comp id="2577" class="1005" name="sext_ln21_30_reg_2577">
<pin_list>
<pin id="2578" dir="0" index="0" bw="16" slack="1"/>
<pin id="2579" dir="1" index="1" bw="16" slack="1"/>
</pin_list>
<bind>
<opset="sext_ln21_30 "/>
</bind>
</comp>

<comp id="2586" class="1005" name="add_ln21_37_reg_2586">
<pin_list>
<pin id="2587" dir="0" index="0" bw="16" slack="6"/>
<pin id="2588" dir="1" index="1" bw="16" slack="6"/>
</pin_list>
<bind>
<opset="add_ln21_37 "/>
</bind>
</comp>

<comp id="2591" class="1005" name="add_ln21_49_reg_2591">
<pin_list>
<pin id="2592" dir="0" index="0" bw="16" slack="7"/>
<pin id="2593" dir="1" index="1" bw="16" slack="7"/>
</pin_list>
<bind>
<opset="add_ln21_49 "/>
</bind>
</comp>

<comp id="2596" class="1005" name="add_ln21_53_reg_2596">
<pin_list>
<pin id="2597" dir="0" index="0" bw="16" slack="7"/>
<pin id="2598" dir="1" index="1" bw="16" slack="7"/>
</pin_list>
<bind>
<opset="add_ln21_53 "/>
</bind>
</comp>

<comp id="2601" class="1005" name="add_ln21_57_reg_2601">
<pin_list>
<pin id="2602" dir="0" index="0" bw="16" slack="8"/>
<pin id="2603" dir="1" index="1" bw="16" slack="8"/>
</pin_list>
<bind>
<opset="add_ln21_57 "/>
</bind>
</comp>

<comp id="2606" class="1005" name="sext_ln21_41_reg_2606">
<pin_list>
<pin id="2607" dir="0" index="0" bw="16" slack="1"/>
<pin id="2608" dir="1" index="1" bw="16" slack="1"/>
</pin_list>
<bind>
<opset="sext_ln21_41 "/>
</bind>
</comp>

<comp id="2615" class="1005" name="add_ln21_61_reg_2615">
<pin_list>
<pin id="2616" dir="0" index="0" bw="16" slack="8"/>
<pin id="2617" dir="1" index="1" bw="16" slack="8"/>
</pin_list>
<bind>
<opset="add_ln21_61 "/>
</bind>
</comp>

<comp id="2620" class="1005" name="mul_ln21_123_reg_2620">
<pin_list>
<pin id="2621" dir="0" index="0" bw="16" slack="1"/>
<pin id="2622" dir="1" index="1" bw="16" slack="1"/>
</pin_list>
<bind>
<opset="mul_ln21_123 "/>
</bind>
</comp>

<comp id="2625" class="1005" name="a_addr_22_reg_2625">
<pin_list>
<pin id="2626" dir="0" index="0" bw="5" slack="1"/>
<pin id="2627" dir="1" index="1" bw="5" slack="1"/>
</pin_list>
<bind>
<opset="a_addr_22 "/>
</bind>
</comp>

<comp id="2630" class="1005" name="b_addr_22_reg_2630">
<pin_list>
<pin id="2631" dir="0" index="0" bw="5" slack="1"/>
<pin id="2632" dir="1" index="1" bw="5" slack="1"/>
</pin_list>
<bind>
<opset="b_addr_22 "/>
</bind>
</comp>

<comp id="2635" class="1005" name="sext_ln21_22_reg_2635">
<pin_list>
<pin id="2636" dir="0" index="0" bw="16" slack="1"/>
<pin id="2637" dir="1" index="1" bw="16" slack="1"/>
</pin_list>
<bind>
<opset="sext_ln21_22 "/>
</bind>
</comp>

<comp id="2644" class="1005" name="mul_ln21_16_reg_2644">
<pin_list>
<pin id="2645" dir="0" index="0" bw="16" slack="1"/>
<pin id="2646" dir="1" index="1" bw="16" slack="1"/>
</pin_list>
<bind>
<opset="mul_ln21_16 "/>
</bind>
</comp>

<comp id="2649" class="1005" name="sext_ln21_25_reg_2649">
<pin_list>
<pin id="2650" dir="0" index="0" bw="16" slack="1"/>
<pin id="2651" dir="1" index="1" bw="16" slack="1"/>
</pin_list>
<bind>
<opset="sext_ln21_25 "/>
</bind>
</comp>

<comp id="2658" class="1005" name="mul_ln21_21_reg_2658">
<pin_list>
<pin id="2659" dir="0" index="0" bw="16" slack="2"/>
<pin id="2660" dir="1" index="1" bw="16" slack="2"/>
</pin_list>
<bind>
<opset="mul_ln21_21 "/>
</bind>
</comp>

<comp id="2663" class="1005" name="mul_ln21_26_reg_2663">
<pin_list>
<pin id="2664" dir="0" index="0" bw="16" slack="1"/>
<pin id="2665" dir="1" index="1" bw="16" slack="1"/>
</pin_list>
<bind>
<opset="mul_ln21_26 "/>
</bind>
</comp>

<comp id="2668" class="1005" name="mul_ln21_31_reg_2668">
<pin_list>
<pin id="2669" dir="0" index="0" bw="16" slack="1"/>
<pin id="2670" dir="1" index="1" bw="16" slack="1"/>
</pin_list>
<bind>
<opset="mul_ln21_31 "/>
</bind>
</comp>

<comp id="2673" class="1005" name="sext_ln21_35_reg_2673">
<pin_list>
<pin id="2674" dir="0" index="0" bw="16" slack="1"/>
<pin id="2675" dir="1" index="1" bw="16" slack="1"/>
</pin_list>
<bind>
<opset="sext_ln21_35 "/>
</bind>
</comp>

<comp id="2682" class="1005" name="add_ln21_65_reg_2682">
<pin_list>
<pin id="2683" dir="0" index="0" bw="16" slack="7"/>
<pin id="2684" dir="1" index="1" bw="16" slack="7"/>
</pin_list>
<bind>
<opset="add_ln21_65 "/>
</bind>
</comp>

<comp id="2687" class="1005" name="add_ln21_69_reg_2687">
<pin_list>
<pin id="2688" dir="0" index="0" bw="16" slack="7"/>
<pin id="2689" dir="1" index="1" bw="16" slack="7"/>
</pin_list>
<bind>
<opset="add_ln21_69 "/>
</bind>
</comp>

<comp id="2692" class="1005" name="add_ln21_73_reg_2692">
<pin_list>
<pin id="2693" dir="0" index="0" bw="16" slack="7"/>
<pin id="2694" dir="1" index="1" bw="16" slack="7"/>
</pin_list>
<bind>
<opset="add_ln21_73 "/>
</bind>
</comp>

<comp id="2697" class="1005" name="add_ln21_77_reg_2697">
<pin_list>
<pin id="2698" dir="0" index="0" bw="16" slack="7"/>
<pin id="2699" dir="1" index="1" bw="16" slack="7"/>
</pin_list>
<bind>
<opset="add_ln21_77 "/>
</bind>
</comp>

<comp id="2702" class="1005" name="sext_ln21_46_reg_2702">
<pin_list>
<pin id="2703" dir="0" index="0" bw="16" slack="1"/>
<pin id="2704" dir="1" index="1" bw="16" slack="1"/>
</pin_list>
<bind>
<opset="sext_ln21_46 "/>
</bind>
</comp>

<comp id="2711" class="1005" name="add_ln21_81_reg_2711">
<pin_list>
<pin id="2712" dir="0" index="0" bw="16" slack="8"/>
<pin id="2713" dir="1" index="1" bw="16" slack="8"/>
</pin_list>
<bind>
<opset="add_ln21_81 "/>
</bind>
</comp>

<comp id="2716" class="1005" name="add_ln21_85_reg_2716">
<pin_list>
<pin id="2717" dir="0" index="0" bw="16" slack="8"/>
<pin id="2718" dir="1" index="1" bw="16" slack="8"/>
</pin_list>
<bind>
<opset="add_ln21_85 "/>
</bind>
</comp>

<comp id="2721" class="1005" name="add_ln21_reg_2721">
<pin_list>
<pin id="2722" dir="0" index="0" bw="16" slack="2"/>
<pin id="2723" dir="1" index="1" bw="16" slack="2"/>
</pin_list>
<bind>
<opset="add_ln21 "/>
</bind>
</comp>

<comp id="2726" class="1005" name="add_ln21_4_reg_2726">
<pin_list>
<pin id="2727" dir="0" index="0" bw="16" slack="2"/>
<pin id="2728" dir="1" index="1" bw="16" slack="2"/>
</pin_list>
<bind>
<opset="add_ln21_4 "/>
</bind>
</comp>

<comp id="2731" class="1005" name="add_ln21_8_reg_2731">
<pin_list>
<pin id="2732" dir="0" index="0" bw="16" slack="2"/>
<pin id="2733" dir="1" index="1" bw="16" slack="2"/>
</pin_list>
<bind>
<opset="add_ln21_8 "/>
</bind>
</comp>

<comp id="2736" class="1005" name="sext_ln21_27_reg_2736">
<pin_list>
<pin id="2737" dir="0" index="0" bw="16" slack="1"/>
<pin id="2738" dir="1" index="1" bw="16" slack="1"/>
</pin_list>
<bind>
<opset="sext_ln21_27 "/>
</bind>
</comp>

<comp id="2745" class="1005" name="sext_ln21_32_reg_2745">
<pin_list>
<pin id="2746" dir="0" index="0" bw="16" slack="1"/>
<pin id="2747" dir="1" index="1" bw="16" slack="1"/>
</pin_list>
<bind>
<opset="sext_ln21_32 "/>
</bind>
</comp>

<comp id="2754" class="1005" name="mul_ln21_36_reg_2754">
<pin_list>
<pin id="2755" dir="0" index="0" bw="16" slack="1"/>
<pin id="2756" dir="1" index="1" bw="16" slack="1"/>
</pin_list>
<bind>
<opset="mul_ln21_36 "/>
</bind>
</comp>

<comp id="2759" class="1005" name="mul_ln21_41_reg_2759">
<pin_list>
<pin id="2760" dir="0" index="0" bw="16" slack="1"/>
<pin id="2761" dir="1" index="1" bw="16" slack="1"/>
</pin_list>
<bind>
<opset="mul_ln21_41 "/>
</bind>
</comp>

<comp id="2764" class="1005" name="mul_ln21_46_reg_2764">
<pin_list>
<pin id="2765" dir="0" index="0" bw="16" slack="1"/>
<pin id="2766" dir="1" index="1" bw="16" slack="1"/>
</pin_list>
<bind>
<opset="mul_ln21_46 "/>
</bind>
</comp>

<comp id="2769" class="1005" name="mul_ln21_51_reg_2769">
<pin_list>
<pin id="2770" dir="0" index="0" bw="16" slack="1"/>
<pin id="2771" dir="1" index="1" bw="16" slack="1"/>
</pin_list>
<bind>
<opset="mul_ln21_51 "/>
</bind>
</comp>

<comp id="2774" class="1005" name="add_ln21_89_reg_2774">
<pin_list>
<pin id="2775" dir="0" index="0" bw="16" slack="7"/>
<pin id="2776" dir="1" index="1" bw="16" slack="7"/>
</pin_list>
<bind>
<opset="add_ln21_89 "/>
</bind>
</comp>

<comp id="2779" class="1005" name="add_ln21_93_reg_2779">
<pin_list>
<pin id="2780" dir="0" index="0" bw="16" slack="7"/>
<pin id="2781" dir="1" index="1" bw="16" slack="7"/>
</pin_list>
<bind>
<opset="add_ln21_93 "/>
</bind>
</comp>

<comp id="2784" class="1005" name="add_ln21_97_reg_2784">
<pin_list>
<pin id="2785" dir="0" index="0" bw="16" slack="7"/>
<pin id="2786" dir="1" index="1" bw="16" slack="7"/>
</pin_list>
<bind>
<opset="add_ln21_97 "/>
</bind>
</comp>

<comp id="2789" class="1005" name="add_ln21_2_reg_2789">
<pin_list>
<pin id="2790" dir="0" index="0" bw="16" slack="1"/>
<pin id="2791" dir="1" index="1" bw="16" slack="1"/>
</pin_list>
<bind>
<opset="add_ln21_2 "/>
</bind>
</comp>

<comp id="2794" class="1005" name="add_ln21_6_reg_2794">
<pin_list>
<pin id="2795" dir="0" index="0" bw="16" slack="1"/>
<pin id="2796" dir="1" index="1" bw="16" slack="1"/>
</pin_list>
<bind>
<opset="add_ln21_6 "/>
</bind>
</comp>

<comp id="2799" class="1005" name="add_ln21_10_reg_2799">
<pin_list>
<pin id="2800" dir="0" index="0" bw="16" slack="1"/>
<pin id="2801" dir="1" index="1" bw="16" slack="1"/>
</pin_list>
<bind>
<opset="add_ln21_10 "/>
</bind>
</comp>

<comp id="2804" class="1005" name="add_ln21_12_reg_2804">
<pin_list>
<pin id="2805" dir="0" index="0" bw="16" slack="2"/>
<pin id="2806" dir="1" index="1" bw="16" slack="2"/>
</pin_list>
<bind>
<opset="add_ln21_12 "/>
</bind>
</comp>

<comp id="2809" class="1005" name="add_ln21_20_reg_2809">
<pin_list>
<pin id="2810" dir="0" index="0" bw="16" slack="3"/>
<pin id="2811" dir="1" index="1" bw="16" slack="3"/>
</pin_list>
<bind>
<opset="add_ln21_20 "/>
</bind>
</comp>

<comp id="2814" class="1005" name="add_ln21_24_reg_2814">
<pin_list>
<pin id="2815" dir="0" index="0" bw="16" slack="4"/>
<pin id="2816" dir="1" index="1" bw="16" slack="4"/>
</pin_list>
<bind>
<opset="add_ln21_24 "/>
</bind>
</comp>

<comp id="2819" class="1005" name="mul_ln21_56_reg_2819">
<pin_list>
<pin id="2820" dir="0" index="0" bw="16" slack="1"/>
<pin id="2821" dir="1" index="1" bw="16" slack="1"/>
</pin_list>
<bind>
<opset="mul_ln21_56 "/>
</bind>
</comp>

<comp id="2824" class="1005" name="mul_ln21_61_reg_2824">
<pin_list>
<pin id="2825" dir="0" index="0" bw="16" slack="1"/>
<pin id="2826" dir="1" index="1" bw="16" slack="1"/>
</pin_list>
<bind>
<opset="mul_ln21_61 "/>
</bind>
</comp>

<comp id="2829" class="1005" name="mul_ln21_66_reg_2829">
<pin_list>
<pin id="2830" dir="0" index="0" bw="16" slack="1"/>
<pin id="2831" dir="1" index="1" bw="16" slack="1"/>
</pin_list>
<bind>
<opset="mul_ln21_66 "/>
</bind>
</comp>

<comp id="2834" class="1005" name="mul_ln21_71_reg_2834">
<pin_list>
<pin id="2835" dir="0" index="0" bw="16" slack="1"/>
<pin id="2836" dir="1" index="1" bw="16" slack="1"/>
</pin_list>
<bind>
<opset="mul_ln21_71 "/>
</bind>
</comp>

<comp id="2839" class="1005" name="sext_ln21_40_reg_2839">
<pin_list>
<pin id="2840" dir="0" index="0" bw="16" slack="1"/>
<pin id="2841" dir="1" index="1" bw="16" slack="1"/>
</pin_list>
<bind>
<opset="sext_ln21_40 "/>
</bind>
</comp>

<comp id="2848" class="1005" name="add_ln21_11_reg_2848">
<pin_list>
<pin id="2849" dir="0" index="0" bw="16" slack="1"/>
<pin id="2850" dir="1" index="1" bw="16" slack="1"/>
</pin_list>
<bind>
<opset="add_ln21_11 "/>
</bind>
</comp>

<comp id="2853" class="1005" name="add_ln21_14_reg_2853">
<pin_list>
<pin id="2854" dir="0" index="0" bw="16" slack="1"/>
<pin id="2855" dir="1" index="1" bw="16" slack="1"/>
</pin_list>
<bind>
<opset="add_ln21_14 "/>
</bind>
</comp>

<comp id="2858" class="1005" name="add_ln21_16_reg_2858">
<pin_list>
<pin id="2859" dir="0" index="0" bw="16" slack="2"/>
<pin id="2860" dir="1" index="1" bw="16" slack="2"/>
</pin_list>
<bind>
<opset="add_ln21_16 "/>
</bind>
</comp>

<comp id="2863" class="1005" name="add_ln21_28_reg_2863">
<pin_list>
<pin id="2864" dir="0" index="0" bw="16" slack="3"/>
<pin id="2865" dir="1" index="1" bw="16" slack="3"/>
</pin_list>
<bind>
<opset="add_ln21_28 "/>
</bind>
</comp>

<comp id="2868" class="1005" name="add_ln21_32_reg_2868">
<pin_list>
<pin id="2869" dir="0" index="0" bw="16" slack="4"/>
<pin id="2870" dir="1" index="1" bw="16" slack="4"/>
</pin_list>
<bind>
<opset="add_ln21_32 "/>
</bind>
</comp>

<comp id="2873" class="1005" name="add_ln21_36_reg_2873">
<pin_list>
<pin id="2874" dir="0" index="0" bw="16" slack="4"/>
<pin id="2875" dir="1" index="1" bw="16" slack="4"/>
</pin_list>
<bind>
<opset="add_ln21_36 "/>
</bind>
</comp>

<comp id="2878" class="1005" name="add_ln21_40_reg_2878">
<pin_list>
<pin id="2879" dir="0" index="0" bw="16" slack="5"/>
<pin id="2880" dir="1" index="1" bw="16" slack="5"/>
</pin_list>
<bind>
<opset="add_ln21_40 "/>
</bind>
</comp>

<comp id="2883" class="1005" name="mul_ln21_76_reg_2883">
<pin_list>
<pin id="2884" dir="0" index="0" bw="16" slack="1"/>
<pin id="2885" dir="1" index="1" bw="16" slack="1"/>
</pin_list>
<bind>
<opset="mul_ln21_76 "/>
</bind>
</comp>

<comp id="2888" class="1005" name="mul_ln21_81_reg_2888">
<pin_list>
<pin id="2889" dir="0" index="0" bw="16" slack="1"/>
<pin id="2890" dir="1" index="1" bw="16" slack="1"/>
</pin_list>
<bind>
<opset="mul_ln21_81 "/>
</bind>
</comp>

<comp id="2893" class="1005" name="mul_ln21_86_reg_2893">
<pin_list>
<pin id="2894" dir="0" index="0" bw="16" slack="1"/>
<pin id="2895" dir="1" index="1" bw="16" slack="1"/>
</pin_list>
<bind>
<opset="mul_ln21_86 "/>
</bind>
</comp>

<comp id="2898" class="1005" name="mul_ln21_91_reg_2898">
<pin_list>
<pin id="2899" dir="0" index="0" bw="16" slack="1"/>
<pin id="2900" dir="1" index="1" bw="16" slack="1"/>
</pin_list>
<bind>
<opset="mul_ln21_91 "/>
</bind>
</comp>

<comp id="2903" class="1005" name="sext_ln21_45_reg_2903">
<pin_list>
<pin id="2904" dir="0" index="0" bw="16" slack="1"/>
<pin id="2905" dir="1" index="1" bw="16" slack="1"/>
</pin_list>
<bind>
<opset="sext_ln21_45 "/>
</bind>
</comp>

<comp id="2912" class="1005" name="add_ln21_18_reg_2912">
<pin_list>
<pin id="2913" dir="0" index="0" bw="16" slack="1"/>
<pin id="2914" dir="1" index="1" bw="16" slack="1"/>
</pin_list>
<bind>
<opset="add_ln21_18 "/>
</bind>
</comp>

<comp id="2917" class="1005" name="add_ln21_22_reg_2917">
<pin_list>
<pin id="2918" dir="0" index="0" bw="16" slack="1"/>
<pin id="2919" dir="1" index="1" bw="16" slack="1"/>
</pin_list>
<bind>
<opset="add_ln21_22 "/>
</bind>
</comp>

<comp id="2922" class="1005" name="sext_ln21_37_reg_2922">
<pin_list>
<pin id="2923" dir="0" index="0" bw="16" slack="1"/>
<pin id="2924" dir="1" index="1" bw="16" slack="1"/>
</pin_list>
<bind>
<opset="sext_ln21_37 "/>
</bind>
</comp>

<comp id="2931" class="1005" name="add_ln21_44_reg_2931">
<pin_list>
<pin id="2932" dir="0" index="0" bw="16" slack="4"/>
<pin id="2933" dir="1" index="1" bw="16" slack="4"/>
</pin_list>
<bind>
<opset="add_ln21_44 "/>
</bind>
</comp>

<comp id="2936" class="1005" name="add_ln21_48_reg_2936">
<pin_list>
<pin id="2937" dir="0" index="0" bw="16" slack="4"/>
<pin id="2938" dir="1" index="1" bw="16" slack="4"/>
</pin_list>
<bind>
<opset="add_ln21_48 "/>
</bind>
</comp>

<comp id="2941" class="1005" name="add_ln21_52_reg_2941">
<pin_list>
<pin id="2942" dir="0" index="0" bw="16" slack="4"/>
<pin id="2943" dir="1" index="1" bw="16" slack="4"/>
</pin_list>
<bind>
<opset="add_ln21_52 "/>
</bind>
</comp>

<comp id="2946" class="1005" name="add_ln21_56_reg_2946">
<pin_list>
<pin id="2947" dir="0" index="0" bw="16" slack="5"/>
<pin id="2948" dir="1" index="1" bw="16" slack="5"/>
</pin_list>
<bind>
<opset="add_ln21_56 "/>
</bind>
</comp>

<comp id="2951" class="1005" name="mul_ln21_96_reg_2951">
<pin_list>
<pin id="2952" dir="0" index="0" bw="16" slack="1"/>
<pin id="2953" dir="1" index="1" bw="16" slack="1"/>
</pin_list>
<bind>
<opset="mul_ln21_96 "/>
</bind>
</comp>

<comp id="2956" class="1005" name="mul_ln21_101_reg_2956">
<pin_list>
<pin id="2957" dir="0" index="0" bw="16" slack="1"/>
<pin id="2958" dir="1" index="1" bw="16" slack="1"/>
</pin_list>
<bind>
<opset="mul_ln21_101 "/>
</bind>
</comp>

<comp id="2961" class="1005" name="mul_ln21_106_reg_2961">
<pin_list>
<pin id="2962" dir="0" index="0" bw="16" slack="1"/>
<pin id="2963" dir="1" index="1" bw="16" slack="1"/>
</pin_list>
<bind>
<opset="mul_ln21_106 "/>
</bind>
</comp>

<comp id="2966" class="1005" name="mul_ln21_111_reg_2966">
<pin_list>
<pin id="2967" dir="0" index="0" bw="16" slack="1"/>
<pin id="2968" dir="1" index="1" bw="16" slack="1"/>
</pin_list>
<bind>
<opset="mul_ln21_111 "/>
</bind>
</comp>

<comp id="2971" class="1005" name="add_ln21_26_reg_2971">
<pin_list>
<pin id="2972" dir="0" index="0" bw="16" slack="1"/>
<pin id="2973" dir="1" index="1" bw="16" slack="1"/>
</pin_list>
<bind>
<opset="add_ln21_26 "/>
</bind>
</comp>

<comp id="2976" class="1005" name="add_ln21_30_reg_2976">
<pin_list>
<pin id="2977" dir="0" index="0" bw="16" slack="1"/>
<pin id="2978" dir="1" index="1" bw="16" slack="1"/>
</pin_list>
<bind>
<opset="add_ln21_30 "/>
</bind>
</comp>

<comp id="2981" class="1005" name="sext_ln21_42_reg_2981">
<pin_list>
<pin id="2982" dir="0" index="0" bw="16" slack="1"/>
<pin id="2983" dir="1" index="1" bw="16" slack="1"/>
</pin_list>
<bind>
<opset="sext_ln21_42 "/>
</bind>
</comp>

<comp id="2990" class="1005" name="add_ln21_60_reg_2990">
<pin_list>
<pin id="2991" dir="0" index="0" bw="16" slack="4"/>
<pin id="2992" dir="1" index="1" bw="16" slack="4"/>
</pin_list>
<bind>
<opset="add_ln21_60 "/>
</bind>
</comp>

<comp id="2995" class="1005" name="add_ln21_64_reg_2995">
<pin_list>
<pin id="2996" dir="0" index="0" bw="16" slack="4"/>
<pin id="2997" dir="1" index="1" bw="16" slack="4"/>
</pin_list>
<bind>
<opset="add_ln21_64 "/>
</bind>
</comp>

<comp id="3000" class="1005" name="add_ln21_68_reg_3000">
<pin_list>
<pin id="3001" dir="0" index="0" bw="16" slack="4"/>
<pin id="3002" dir="1" index="1" bw="16" slack="4"/>
</pin_list>
<bind>
<opset="add_ln21_68 "/>
</bind>
</comp>

<comp id="3005" class="1005" name="add_ln21_72_reg_3005">
<pin_list>
<pin id="3006" dir="0" index="0" bw="16" slack="4"/>
<pin id="3007" dir="1" index="1" bw="16" slack="4"/>
</pin_list>
<bind>
<opset="add_ln21_72 "/>
</bind>
</comp>

<comp id="3010" class="1005" name="mul_ln21_116_reg_3010">
<pin_list>
<pin id="3011" dir="0" index="0" bw="16" slack="1"/>
<pin id="3012" dir="1" index="1" bw="16" slack="1"/>
</pin_list>
<bind>
<opset="mul_ln21_116 "/>
</bind>
</comp>

<comp id="3015" class="1005" name="mul_ln21_121_reg_3015">
<pin_list>
<pin id="3016" dir="0" index="0" bw="16" slack="1"/>
<pin id="3017" dir="1" index="1" bw="16" slack="1"/>
</pin_list>
<bind>
<opset="mul_ln21_121 "/>
</bind>
</comp>

<comp id="3020" class="1005" name="add_ln21_34_reg_3020">
<pin_list>
<pin id="3021" dir="0" index="0" bw="16" slack="1"/>
<pin id="3022" dir="1" index="1" bw="16" slack="1"/>
</pin_list>
<bind>
<opset="add_ln21_34 "/>
</bind>
</comp>

<comp id="3025" class="1005" name="add_ln21_38_reg_3025">
<pin_list>
<pin id="3026" dir="0" index="0" bw="16" slack="1"/>
<pin id="3027" dir="1" index="1" bw="16" slack="1"/>
</pin_list>
<bind>
<opset="add_ln21_38 "/>
</bind>
</comp>

<comp id="3030" class="1005" name="add_ln21_76_reg_3030">
<pin_list>
<pin id="3031" dir="0" index="0" bw="16" slack="3"/>
<pin id="3032" dir="1" index="1" bw="16" slack="3"/>
</pin_list>
<bind>
<opset="add_ln21_76 "/>
</bind>
</comp>

<comp id="3035" class="1005" name="sext_ln21_47_reg_3035">
<pin_list>
<pin id="3036" dir="0" index="0" bw="16" slack="1"/>
<pin id="3037" dir="1" index="1" bw="16" slack="1"/>
</pin_list>
<bind>
<opset="sext_ln21_47 "/>
</bind>
</comp>

<comp id="3044" class="1005" name="add_ln21_80_reg_3044">
<pin_list>
<pin id="3045" dir="0" index="0" bw="16" slack="4"/>
<pin id="3046" dir="1" index="1" bw="16" slack="4"/>
</pin_list>
<bind>
<opset="add_ln21_80 "/>
</bind>
</comp>

<comp id="3049" class="1005" name="add_ln21_84_reg_3049">
<pin_list>
<pin id="3050" dir="0" index="0" bw="16" slack="4"/>
<pin id="3051" dir="1" index="1" bw="16" slack="4"/>
</pin_list>
<bind>
<opset="add_ln21_84 "/>
</bind>
</comp>

<comp id="3054" class="1005" name="add_ln21_88_reg_3054">
<pin_list>
<pin id="3055" dir="0" index="0" bw="16" slack="4"/>
<pin id="3056" dir="1" index="1" bw="16" slack="4"/>
</pin_list>
<bind>
<opset="add_ln21_88 "/>
</bind>
</comp>

<comp id="3059" class="1005" name="add_ln21_42_reg_3059">
<pin_list>
<pin id="3060" dir="0" index="0" bw="16" slack="1"/>
<pin id="3061" dir="1" index="1" bw="16" slack="1"/>
</pin_list>
<bind>
<opset="add_ln21_42 "/>
</bind>
</comp>

<comp id="3064" class="1005" name="add_ln21_46_reg_3064">
<pin_list>
<pin id="3065" dir="0" index="0" bw="16" slack="1"/>
<pin id="3066" dir="1" index="1" bw="16" slack="1"/>
</pin_list>
<bind>
<opset="add_ln21_46 "/>
</bind>
</comp>

<comp id="3069" class="1005" name="add_ln21_50_reg_3069">
<pin_list>
<pin id="3070" dir="0" index="0" bw="16" slack="1"/>
<pin id="3071" dir="1" index="1" bw="16" slack="1"/>
</pin_list>
<bind>
<opset="add_ln21_50 "/>
</bind>
</comp>

<comp id="3074" class="1005" name="add_ln21_54_reg_3074">
<pin_list>
<pin id="3075" dir="0" index="0" bw="16" slack="1"/>
<pin id="3076" dir="1" index="1" bw="16" slack="1"/>
</pin_list>
<bind>
<opset="add_ln21_54 "/>
</bind>
</comp>

<comp id="3079" class="1005" name="add_ln21_92_reg_3079">
<pin_list>
<pin id="3080" dir="0" index="0" bw="16" slack="3"/>
<pin id="3081" dir="1" index="1" bw="16" slack="3"/>
</pin_list>
<bind>
<opset="add_ln21_92 "/>
</bind>
</comp>

<comp id="3084" class="1005" name="add_ln21_96_reg_3084">
<pin_list>
<pin id="3085" dir="0" index="0" bw="16" slack="3"/>
<pin id="3086" dir="1" index="1" bw="16" slack="3"/>
</pin_list>
<bind>
<opset="add_ln21_96 "/>
</bind>
</comp>

<comp id="3089" class="1005" name="add_ln21_51_reg_3089">
<pin_list>
<pin id="3090" dir="0" index="0" bw="16" slack="1"/>
<pin id="3091" dir="1" index="1" bw="16" slack="1"/>
</pin_list>
<bind>
<opset="add_ln21_51 "/>
</bind>
</comp>

<comp id="3094" class="1005" name="add_ln21_55_reg_3094">
<pin_list>
<pin id="3095" dir="0" index="0" bw="16" slack="1"/>
<pin id="3096" dir="1" index="1" bw="16" slack="1"/>
</pin_list>
<bind>
<opset="add_ln21_55 "/>
</bind>
</comp>

<comp id="3099" class="1005" name="add_ln21_58_reg_3099">
<pin_list>
<pin id="3100" dir="0" index="0" bw="16" slack="1"/>
<pin id="3101" dir="1" index="1" bw="16" slack="1"/>
</pin_list>
<bind>
<opset="add_ln21_58 "/>
</bind>
</comp>

<comp id="3104" class="1005" name="add_ln21_62_reg_3104">
<pin_list>
<pin id="3105" dir="0" index="0" bw="16" slack="1"/>
<pin id="3106" dir="1" index="1" bw="16" slack="1"/>
</pin_list>
<bind>
<opset="add_ln21_62 "/>
</bind>
</comp>

<comp id="3109" class="1005" name="add_ln21_66_reg_3109">
<pin_list>
<pin id="3110" dir="0" index="0" bw="16" slack="1"/>
<pin id="3111" dir="1" index="1" bw="16" slack="1"/>
</pin_list>
<bind>
<opset="add_ln21_66 "/>
</bind>
</comp>

<comp id="3114" class="1005" name="add_ln21_70_reg_3114">
<pin_list>
<pin id="3115" dir="0" index="0" bw="16" slack="1"/>
<pin id="3116" dir="1" index="1" bw="16" slack="1"/>
</pin_list>
<bind>
<opset="add_ln21_70 "/>
</bind>
</comp>

<comp id="3119" class="1005" name="add_ln21_74_reg_3119">
<pin_list>
<pin id="3120" dir="0" index="0" bw="16" slack="1"/>
<pin id="3121" dir="1" index="1" bw="16" slack="1"/>
</pin_list>
<bind>
<opset="add_ln21_74 "/>
</bind>
</comp>

<comp id="3124" class="1005" name="add_ln21_78_reg_3124">
<pin_list>
<pin id="3125" dir="0" index="0" bw="16" slack="1"/>
<pin id="3126" dir="1" index="1" bw="16" slack="1"/>
</pin_list>
<bind>
<opset="add_ln21_78 "/>
</bind>
</comp>

<comp id="3129" class="1005" name="add_ln21_59_reg_3129">
<pin_list>
<pin id="3130" dir="0" index="0" bw="16" slack="1"/>
<pin id="3131" dir="1" index="1" bw="16" slack="1"/>
</pin_list>
<bind>
<opset="add_ln21_59 "/>
</bind>
</comp>

<comp id="3134" class="1005" name="add_ln21_63_reg_3134">
<pin_list>
<pin id="3135" dir="0" index="0" bw="16" slack="1"/>
<pin id="3136" dir="1" index="1" bw="16" slack="1"/>
</pin_list>
<bind>
<opset="add_ln21_63 "/>
</bind>
</comp>

<comp id="3139" class="1005" name="add_ln21_67_reg_3139">
<pin_list>
<pin id="3140" dir="0" index="0" bw="16" slack="2"/>
<pin id="3141" dir="1" index="1" bw="16" slack="2"/>
</pin_list>
<bind>
<opset="add_ln21_67 "/>
</bind>
</comp>

<comp id="3144" class="1005" name="add_ln21_71_reg_3144">
<pin_list>
<pin id="3145" dir="0" index="0" bw="16" slack="2"/>
<pin id="3146" dir="1" index="1" bw="16" slack="2"/>
</pin_list>
<bind>
<opset="add_ln21_71 "/>
</bind>
</comp>

<comp id="3149" class="1005" name="add_ln21_75_reg_3149">
<pin_list>
<pin id="3150" dir="0" index="0" bw="16" slack="3"/>
<pin id="3151" dir="1" index="1" bw="16" slack="3"/>
</pin_list>
<bind>
<opset="add_ln21_75 "/>
</bind>
</comp>

<comp id="3154" class="1005" name="add_ln21_79_reg_3154">
<pin_list>
<pin id="3155" dir="0" index="0" bw="16" slack="3"/>
<pin id="3156" dir="1" index="1" bw="16" slack="3"/>
</pin_list>
<bind>
<opset="add_ln21_79 "/>
</bind>
</comp>

<comp id="3159" class="1005" name="add_ln21_82_reg_3159">
<pin_list>
<pin id="3160" dir="0" index="0" bw="16" slack="1"/>
<pin id="3161" dir="1" index="1" bw="16" slack="1"/>
</pin_list>
<bind>
<opset="add_ln21_82 "/>
</bind>
</comp>

<comp id="3164" class="1005" name="add_ln21_86_reg_3164">
<pin_list>
<pin id="3165" dir="0" index="0" bw="16" slack="1"/>
<pin id="3166" dir="1" index="1" bw="16" slack="1"/>
</pin_list>
<bind>
<opset="add_ln21_86 "/>
</bind>
</comp>

<comp id="3169" class="1005" name="add_ln21_90_reg_3169">
<pin_list>
<pin id="3170" dir="0" index="0" bw="16" slack="1"/>
<pin id="3171" dir="1" index="1" bw="16" slack="1"/>
</pin_list>
<bind>
<opset="add_ln21_90 "/>
</bind>
</comp>

<comp id="3174" class="1005" name="add_ln21_94_reg_3174">
<pin_list>
<pin id="3175" dir="0" index="0" bw="16" slack="1"/>
<pin id="3176" dir="1" index="1" bw="16" slack="1"/>
</pin_list>
<bind>
<opset="add_ln21_94 "/>
</bind>
</comp>

<comp id="3179" class="1005" name="add_ln21_98_reg_3179">
<pin_list>
<pin id="3180" dir="0" index="0" bw="16" slack="1"/>
<pin id="3181" dir="1" index="1" bw="16" slack="1"/>
</pin_list>
<bind>
<opset="add_ln21_98 "/>
</bind>
</comp>

<comp id="3184" class="1005" name="add_ln21_83_reg_3184">
<pin_list>
<pin id="3185" dir="0" index="0" bw="16" slack="3"/>
<pin id="3186" dir="1" index="1" bw="16" slack="3"/>
</pin_list>
<bind>
<opset="add_ln21_83 "/>
</bind>
</comp>

<comp id="3189" class="1005" name="add_ln21_87_reg_3189">
<pin_list>
<pin id="3190" dir="0" index="0" bw="16" slack="3"/>
<pin id="3191" dir="1" index="1" bw="16" slack="3"/>
</pin_list>
<bind>
<opset="add_ln21_87 "/>
</bind>
</comp>

<comp id="3194" class="1005" name="add_ln21_91_reg_3194">
<pin_list>
<pin id="3195" dir="0" index="0" bw="16" slack="4"/>
<pin id="3196" dir="1" index="1" bw="16" slack="4"/>
</pin_list>
<bind>
<opset="add_ln21_91 "/>
</bind>
</comp>

<comp id="3199" class="1005" name="add_ln21_95_reg_3199">
<pin_list>
<pin id="3200" dir="0" index="0" bw="16" slack="4"/>
<pin id="3201" dir="1" index="1" bw="16" slack="4"/>
</pin_list>
<bind>
<opset="add_ln21_95 "/>
</bind>
</comp>

<comp id="3204" class="1005" name="add_ln21_99_reg_3204">
<pin_list>
<pin id="3205" dir="0" index="0" bw="16" slack="5"/>
<pin id="3206" dir="1" index="1" bw="16" slack="5"/>
</pin_list>
<bind>
<opset="add_ln21_99 "/>
</bind>
</comp>

</comp_list>

<net_list>
<net id="81"><net_src comp="0" pin="0"/><net_sink comp="76" pin=0"/></net>

<net id="82"><net_src comp="6" pin="0"/><net_sink comp="76" pin=1"/></net>

<net id="83"><net_src comp="8" pin="0"/><net_sink comp="76" pin=2"/></net>

<net id="89"><net_src comp="0" pin="0"/><net_sink comp="84" pin=0"/></net>

<net id="90"><net_src comp="6" pin="0"/><net_sink comp="84" pin=1"/></net>

<net id="91"><net_src comp="10" pin="0"/><net_sink comp="84" pin=2"/></net>

<net id="97"><net_src comp="2" pin="0"/><net_sink comp="92" pin=0"/></net>

<net id="98"><net_src comp="6" pin="0"/><net_sink comp="92" pin=1"/></net>

<net id="99"><net_src comp="12" pin="0"/><net_sink comp="92" pin=2"/></net>

<net id="105"><net_src comp="2" pin="0"/><net_sink comp="100" pin=0"/></net>

<net id="106"><net_src comp="6" pin="0"/><net_sink comp="100" pin=1"/></net>

<net id="107"><net_src comp="14" pin="0"/><net_sink comp="100" pin=2"/></net>

<net id="117"><net_src comp="76" pin="3"/><net_sink comp="108" pin=2"/></net>

<net id="127"><net_src comp="92" pin="3"/><net_sink comp="118" pin=2"/></net>

<net id="128"><net_src comp="100" pin="3"/><net_sink comp="118" pin=0"/></net>

<net id="129"><net_src comp="84" pin="3"/><net_sink comp="108" pin=0"/></net>

<net id="135"><net_src comp="0" pin="0"/><net_sink comp="130" pin=0"/></net>

<net id="136"><net_src comp="6" pin="0"/><net_sink comp="130" pin=1"/></net>

<net id="137"><net_src comp="16" pin="0"/><net_sink comp="130" pin=2"/></net>

<net id="143"><net_src comp="0" pin="0"/><net_sink comp="138" pin=0"/></net>

<net id="144"><net_src comp="6" pin="0"/><net_sink comp="138" pin=1"/></net>

<net id="145"><net_src comp="18" pin="0"/><net_sink comp="138" pin=2"/></net>

<net id="151"><net_src comp="2" pin="0"/><net_sink comp="146" pin=0"/></net>

<net id="152"><net_src comp="6" pin="0"/><net_sink comp="146" pin=1"/></net>

<net id="153"><net_src comp="20" pin="0"/><net_sink comp="146" pin=2"/></net>

<net id="159"><net_src comp="2" pin="0"/><net_sink comp="154" pin=0"/></net>

<net id="160"><net_src comp="6" pin="0"/><net_sink comp="154" pin=1"/></net>

<net id="161"><net_src comp="18" pin="0"/><net_sink comp="154" pin=2"/></net>

<net id="162"><net_src comp="146" pin="3"/><net_sink comp="118" pin=2"/></net>

<net id="163"><net_src comp="154" pin="3"/><net_sink comp="118" pin=0"/></net>

<net id="164"><net_src comp="130" pin="3"/><net_sink comp="108" pin=2"/></net>

<net id="165"><net_src comp="138" pin="3"/><net_sink comp="108" pin=0"/></net>

<net id="171"><net_src comp="0" pin="0"/><net_sink comp="166" pin=0"/></net>

<net id="172"><net_src comp="6" pin="0"/><net_sink comp="166" pin=1"/></net>

<net id="173"><net_src comp="22" pin="0"/><net_sink comp="166" pin=2"/></net>

<net id="179"><net_src comp="0" pin="0"/><net_sink comp="174" pin=0"/></net>

<net id="180"><net_src comp="6" pin="0"/><net_sink comp="174" pin=1"/></net>

<net id="181"><net_src comp="24" pin="0"/><net_sink comp="174" pin=2"/></net>

<net id="187"><net_src comp="2" pin="0"/><net_sink comp="182" pin=0"/></net>

<net id="188"><net_src comp="6" pin="0"/><net_sink comp="182" pin=1"/></net>

<net id="189"><net_src comp="26" pin="0"/><net_sink comp="182" pin=2"/></net>

<net id="195"><net_src comp="2" pin="0"/><net_sink comp="190" pin=0"/></net>

<net id="196"><net_src comp="6" pin="0"/><net_sink comp="190" pin=1"/></net>

<net id="197"><net_src comp="28" pin="0"/><net_sink comp="190" pin=2"/></net>

<net id="198"><net_src comp="166" pin="3"/><net_sink comp="108" pin=2"/></net>

<net id="199"><net_src comp="182" pin="3"/><net_sink comp="118" pin=2"/></net>

<net id="200"><net_src comp="190" pin="3"/><net_sink comp="118" pin=0"/></net>

<net id="201"><net_src comp="174" pin="3"/><net_sink comp="108" pin=0"/></net>

<net id="207"><net_src comp="0" pin="0"/><net_sink comp="202" pin=0"/></net>

<net id="208"><net_src comp="6" pin="0"/><net_sink comp="202" pin=1"/></net>

<net id="209"><net_src comp="30" pin="0"/><net_sink comp="202" pin=2"/></net>

<net id="215"><net_src comp="0" pin="0"/><net_sink comp="210" pin=0"/></net>

<net id="216"><net_src comp="6" pin="0"/><net_sink comp="210" pin=1"/></net>

<net id="217"><net_src comp="32" pin="0"/><net_sink comp="210" pin=2"/></net>

<net id="223"><net_src comp="2" pin="0"/><net_sink comp="218" pin=0"/></net>

<net id="224"><net_src comp="6" pin="0"/><net_sink comp="218" pin=1"/></net>

<net id="225"><net_src comp="30" pin="0"/><net_sink comp="218" pin=2"/></net>

<net id="231"><net_src comp="2" pin="0"/><net_sink comp="226" pin=0"/></net>

<net id="232"><net_src comp="6" pin="0"/><net_sink comp="226" pin=1"/></net>

<net id="233"><net_src comp="34" pin="0"/><net_sink comp="226" pin=2"/></net>

<net id="234"><net_src comp="218" pin="3"/><net_sink comp="118" pin=2"/></net>

<net id="235"><net_src comp="226" pin="3"/><net_sink comp="118" pin=0"/></net>

<net id="236"><net_src comp="202" pin="3"/><net_sink comp="108" pin=2"/></net>

<net id="237"><net_src comp="210" pin="3"/><net_sink comp="108" pin=0"/></net>

<net id="243"><net_src comp="0" pin="0"/><net_sink comp="238" pin=0"/></net>

<net id="244"><net_src comp="6" pin="0"/><net_sink comp="238" pin=1"/></net>

<net id="245"><net_src comp="14" pin="0"/><net_sink comp="238" pin=2"/></net>

<net id="251"><net_src comp="0" pin="0"/><net_sink comp="246" pin=0"/></net>

<net id="252"><net_src comp="6" pin="0"/><net_sink comp="246" pin=1"/></net>

<net id="253"><net_src comp="36" pin="0"/><net_sink comp="246" pin=2"/></net>

<net id="259"><net_src comp="2" pin="0"/><net_sink comp="254" pin=0"/></net>

<net id="260"><net_src comp="6" pin="0"/><net_sink comp="254" pin=1"/></net>

<net id="261"><net_src comp="10" pin="0"/><net_sink comp="254" pin=2"/></net>

<net id="267"><net_src comp="2" pin="0"/><net_sink comp="262" pin=0"/></net>

<net id="268"><net_src comp="6" pin="0"/><net_sink comp="262" pin=1"/></net>

<net id="269"><net_src comp="38" pin="0"/><net_sink comp="262" pin=2"/></net>

<net id="270"><net_src comp="254" pin="3"/><net_sink comp="118" pin=2"/></net>

<net id="271"><net_src comp="262" pin="3"/><net_sink comp="118" pin=0"/></net>

<net id="272"><net_src comp="238" pin="3"/><net_sink comp="108" pin=2"/></net>

<net id="273"><net_src comp="246" pin="3"/><net_sink comp="108" pin=0"/></net>

<net id="279"><net_src comp="0" pin="0"/><net_sink comp="274" pin=0"/></net>

<net id="280"><net_src comp="6" pin="0"/><net_sink comp="274" pin=1"/></net>

<net id="281"><net_src comp="40" pin="0"/><net_sink comp="274" pin=2"/></net>

<net id="287"><net_src comp="0" pin="0"/><net_sink comp="282" pin=0"/></net>

<net id="288"><net_src comp="6" pin="0"/><net_sink comp="282" pin=1"/></net>

<net id="289"><net_src comp="38" pin="0"/><net_sink comp="282" pin=2"/></net>

<net id="295"><net_src comp="2" pin="0"/><net_sink comp="290" pin=0"/></net>

<net id="296"><net_src comp="6" pin="0"/><net_sink comp="290" pin=1"/></net>

<net id="297"><net_src comp="42" pin="0"/><net_sink comp="290" pin=2"/></net>

<net id="303"><net_src comp="2" pin="0"/><net_sink comp="298" pin=0"/></net>

<net id="304"><net_src comp="6" pin="0"/><net_sink comp="298" pin=1"/></net>

<net id="305"><net_src comp="36" pin="0"/><net_sink comp="298" pin=2"/></net>

<net id="306"><net_src comp="274" pin="3"/><net_sink comp="108" pin=2"/></net>

<net id="307"><net_src comp="290" pin="3"/><net_sink comp="118" pin=2"/></net>

<net id="308"><net_src comp="298" pin="3"/><net_sink comp="118" pin=0"/></net>

<net id="309"><net_src comp="282" pin="3"/><net_sink comp="108" pin=0"/></net>

<net id="315"><net_src comp="0" pin="0"/><net_sink comp="310" pin=0"/></net>

<net id="316"><net_src comp="6" pin="0"/><net_sink comp="310" pin=1"/></net>

<net id="317"><net_src comp="44" pin="0"/><net_sink comp="310" pin=2"/></net>

<net id="323"><net_src comp="0" pin="0"/><net_sink comp="318" pin=0"/></net>

<net id="324"><net_src comp="6" pin="0"/><net_sink comp="318" pin=1"/></net>

<net id="325"><net_src comp="28" pin="0"/><net_sink comp="318" pin=2"/></net>

<net id="331"><net_src comp="2" pin="0"/><net_sink comp="326" pin=0"/></net>

<net id="332"><net_src comp="6" pin="0"/><net_sink comp="326" pin=1"/></net>

<net id="333"><net_src comp="46" pin="0"/><net_sink comp="326" pin=2"/></net>

<net id="339"><net_src comp="2" pin="0"/><net_sink comp="334" pin=0"/></net>

<net id="340"><net_src comp="6" pin="0"/><net_sink comp="334" pin=1"/></net>

<net id="341"><net_src comp="24" pin="0"/><net_sink comp="334" pin=2"/></net>

<net id="342"><net_src comp="326" pin="3"/><net_sink comp="118" pin=2"/></net>

<net id="343"><net_src comp="334" pin="3"/><net_sink comp="118" pin=0"/></net>

<net id="344"><net_src comp="310" pin="3"/><net_sink comp="108" pin=2"/></net>

<net id="345"><net_src comp="318" pin="3"/><net_sink comp="108" pin=0"/></net>

<net id="351"><net_src comp="0" pin="0"/><net_sink comp="346" pin=0"/></net>

<net id="352"><net_src comp="6" pin="0"/><net_sink comp="346" pin=1"/></net>

<net id="353"><net_src comp="6" pin="0"/><net_sink comp="346" pin=2"/></net>

<net id="359"><net_src comp="0" pin="0"/><net_sink comp="354" pin=0"/></net>

<net id="360"><net_src comp="6" pin="0"/><net_sink comp="354" pin=1"/></net>

<net id="361"><net_src comp="48" pin="0"/><net_sink comp="354" pin=2"/></net>

<net id="367"><net_src comp="2" pin="0"/><net_sink comp="362" pin=0"/></net>

<net id="368"><net_src comp="6" pin="0"/><net_sink comp="362" pin=1"/></net>

<net id="369"><net_src comp="6" pin="0"/><net_sink comp="362" pin=2"/></net>

<net id="375"><net_src comp="2" pin="0"/><net_sink comp="370" pin=0"/></net>

<net id="376"><net_src comp="6" pin="0"/><net_sink comp="370" pin=1"/></net>

<net id="377"><net_src comp="48" pin="0"/><net_sink comp="370" pin=2"/></net>

<net id="378"><net_src comp="346" pin="3"/><net_sink comp="108" pin=2"/></net>

<net id="379"><net_src comp="362" pin="3"/><net_sink comp="118" pin=2"/></net>

<net id="380"><net_src comp="370" pin="3"/><net_sink comp="118" pin=0"/></net>

<net id="381"><net_src comp="354" pin="3"/><net_sink comp="108" pin=0"/></net>

<net id="387"><net_src comp="0" pin="0"/><net_sink comp="382" pin=0"/></net>

<net id="388"><net_src comp="6" pin="0"/><net_sink comp="382" pin=1"/></net>

<net id="389"><net_src comp="50" pin="0"/><net_sink comp="382" pin=2"/></net>

<net id="395"><net_src comp="0" pin="0"/><net_sink comp="390" pin=0"/></net>

<net id="396"><net_src comp="6" pin="0"/><net_sink comp="390" pin=1"/></net>

<net id="397"><net_src comp="26" pin="0"/><net_sink comp="390" pin=2"/></net>

<net id="403"><net_src comp="2" pin="0"/><net_sink comp="398" pin=0"/></net>

<net id="404"><net_src comp="6" pin="0"/><net_sink comp="398" pin=1"/></net>

<net id="405"><net_src comp="52" pin="0"/><net_sink comp="398" pin=2"/></net>

<net id="411"><net_src comp="2" pin="0"/><net_sink comp="406" pin=0"/></net>

<net id="412"><net_src comp="6" pin="0"/><net_sink comp="406" pin=1"/></net>

<net id="413"><net_src comp="22" pin="0"/><net_sink comp="406" pin=2"/></net>

<net id="414"><net_src comp="382" pin="3"/><net_sink comp="108" pin=2"/></net>

<net id="415"><net_src comp="398" pin="3"/><net_sink comp="118" pin=2"/></net>

<net id="416"><net_src comp="406" pin="3"/><net_sink comp="118" pin=0"/></net>

<net id="417"><net_src comp="390" pin="3"/><net_sink comp="108" pin=0"/></net>

<net id="423"><net_src comp="0" pin="0"/><net_sink comp="418" pin=0"/></net>

<net id="424"><net_src comp="6" pin="0"/><net_sink comp="418" pin=1"/></net>

<net id="425"><net_src comp="34" pin="0"/><net_sink comp="418" pin=2"/></net>

<net id="431"><net_src comp="0" pin="0"/><net_sink comp="426" pin=0"/></net>

<net id="432"><net_src comp="6" pin="0"/><net_sink comp="426" pin=1"/></net>

<net id="433"><net_src comp="52" pin="0"/><net_sink comp="426" pin=2"/></net>

<net id="439"><net_src comp="2" pin="0"/><net_sink comp="434" pin=0"/></net>

<net id="440"><net_src comp="6" pin="0"/><net_sink comp="434" pin=1"/></net>

<net id="441"><net_src comp="32" pin="0"/><net_sink comp="434" pin=2"/></net>

<net id="447"><net_src comp="2" pin="0"/><net_sink comp="442" pin=0"/></net>

<net id="448"><net_src comp="6" pin="0"/><net_sink comp="442" pin=1"/></net>

<net id="449"><net_src comp="50" pin="0"/><net_sink comp="442" pin=2"/></net>

<net id="450"><net_src comp="434" pin="3"/><net_sink comp="118" pin=2"/></net>

<net id="451"><net_src comp="442" pin="3"/><net_sink comp="118" pin=0"/></net>

<net id="452"><net_src comp="418" pin="3"/><net_sink comp="108" pin=2"/></net>

<net id="453"><net_src comp="426" pin="3"/><net_sink comp="108" pin=0"/></net>

<net id="459"><net_src comp="0" pin="0"/><net_sink comp="454" pin=0"/></net>

<net id="460"><net_src comp="6" pin="0"/><net_sink comp="454" pin=1"/></net>

<net id="461"><net_src comp="54" pin="0"/><net_sink comp="454" pin=2"/></net>

<net id="467"><net_src comp="0" pin="0"/><net_sink comp="462" pin=0"/></net>

<net id="468"><net_src comp="6" pin="0"/><net_sink comp="462" pin=1"/></net>

<net id="469"><net_src comp="12" pin="0"/><net_sink comp="462" pin=2"/></net>

<net id="475"><net_src comp="2" pin="0"/><net_sink comp="470" pin=0"/></net>

<net id="476"><net_src comp="6" pin="0"/><net_sink comp="470" pin=1"/></net>

<net id="477"><net_src comp="54" pin="0"/><net_sink comp="470" pin=2"/></net>

<net id="483"><net_src comp="2" pin="0"/><net_sink comp="478" pin=0"/></net>

<net id="484"><net_src comp="6" pin="0"/><net_sink comp="478" pin=1"/></net>

<net id="485"><net_src comp="8" pin="0"/><net_sink comp="478" pin=2"/></net>

<net id="486"><net_src comp="470" pin="3"/><net_sink comp="118" pin=2"/></net>

<net id="487"><net_src comp="478" pin="3"/><net_sink comp="118" pin=0"/></net>

<net id="488"><net_src comp="454" pin="3"/><net_sink comp="108" pin=2"/></net>

<net id="489"><net_src comp="462" pin="3"/><net_sink comp="108" pin=0"/></net>

<net id="495"><net_src comp="0" pin="0"/><net_sink comp="490" pin=0"/></net>

<net id="496"><net_src comp="6" pin="0"/><net_sink comp="490" pin=1"/></net>

<net id="497"><net_src comp="20" pin="0"/><net_sink comp="490" pin=2"/></net>

<net id="503"><net_src comp="0" pin="0"/><net_sink comp="498" pin=0"/></net>

<net id="504"><net_src comp="6" pin="0"/><net_sink comp="498" pin=1"/></net>

<net id="505"><net_src comp="42" pin="0"/><net_sink comp="498" pin=2"/></net>

<net id="511"><net_src comp="2" pin="0"/><net_sink comp="506" pin=0"/></net>

<net id="512"><net_src comp="6" pin="0"/><net_sink comp="506" pin=1"/></net>

<net id="513"><net_src comp="16" pin="0"/><net_sink comp="506" pin=2"/></net>

<net id="519"><net_src comp="2" pin="0"/><net_sink comp="514" pin=0"/></net>

<net id="520"><net_src comp="6" pin="0"/><net_sink comp="514" pin=1"/></net>

<net id="521"><net_src comp="40" pin="0"/><net_sink comp="514" pin=2"/></net>

<net id="522"><net_src comp="506" pin="3"/><net_sink comp="118" pin=2"/></net>

<net id="523"><net_src comp="514" pin="3"/><net_sink comp="118" pin=0"/></net>

<net id="524"><net_src comp="490" pin="3"/><net_sink comp="108" pin=2"/></net>

<net id="525"><net_src comp="498" pin="3"/><net_sink comp="108" pin=0"/></net>

<net id="531"><net_src comp="0" pin="0"/><net_sink comp="526" pin=0"/></net>

<net id="532"><net_src comp="6" pin="0"/><net_sink comp="526" pin=1"/></net>

<net id="533"><net_src comp="46" pin="0"/><net_sink comp="526" pin=2"/></net>

<net id="539"><net_src comp="2" pin="0"/><net_sink comp="534" pin=0"/></net>

<net id="540"><net_src comp="6" pin="0"/><net_sink comp="534" pin=1"/></net>

<net id="541"><net_src comp="44" pin="0"/><net_sink comp="534" pin=2"/></net>

<net id="542"><net_src comp="534" pin="3"/><net_sink comp="118" pin=0"/></net>

<net id="543"><net_src comp="526" pin="3"/><net_sink comp="108" pin=0"/></net>

<net id="549"><net_src comp="4" pin="0"/><net_sink comp="544" pin=0"/></net>

<net id="550"><net_src comp="6" pin="0"/><net_sink comp="544" pin=1"/></net>

<net id="551"><net_src comp="6" pin="0"/><net_sink comp="544" pin=2"/></net>

<net id="557"><net_src comp="4" pin="0"/><net_sink comp="552" pin=0"/></net>

<net id="558"><net_src comp="6" pin="0"/><net_sink comp="552" pin=1"/></net>

<net id="559"><net_src comp="22" pin="0"/><net_sink comp="552" pin=2"/></net>

<net id="565"><net_src comp="544" pin="3"/><net_sink comp="560" pin=0"/></net>

<net id="570"><net_src comp="552" pin="3"/><net_sink comp="560" pin=2"/></net>

<net id="576"><net_src comp="4" pin="0"/><net_sink comp="571" pin=0"/></net>

<net id="577"><net_src comp="6" pin="0"/><net_sink comp="571" pin=1"/></net>

<net id="578"><net_src comp="50" pin="0"/><net_sink comp="571" pin=2"/></net>

<net id="584"><net_src comp="4" pin="0"/><net_sink comp="579" pin=0"/></net>

<net id="585"><net_src comp="6" pin="0"/><net_sink comp="579" pin=1"/></net>

<net id="586"><net_src comp="8" pin="0"/><net_sink comp="579" pin=2"/></net>

<net id="587"><net_src comp="571" pin="3"/><net_sink comp="560" pin=0"/></net>

<net id="588"><net_src comp="579" pin="3"/><net_sink comp="560" pin=2"/></net>

<net id="594"><net_src comp="4" pin="0"/><net_sink comp="589" pin=0"/></net>

<net id="595"><net_src comp="6" pin="0"/><net_sink comp="589" pin=1"/></net>

<net id="596"><net_src comp="40" pin="0"/><net_sink comp="589" pin=2"/></net>

<net id="602"><net_src comp="4" pin="0"/><net_sink comp="597" pin=0"/></net>

<net id="603"><net_src comp="6" pin="0"/><net_sink comp="597" pin=1"/></net>

<net id="604"><net_src comp="26" pin="0"/><net_sink comp="597" pin=2"/></net>

<net id="605"><net_src comp="589" pin="3"/><net_sink comp="560" pin=0"/></net>

<net id="606"><net_src comp="597" pin="3"/><net_sink comp="560" pin=2"/></net>

<net id="612"><net_src comp="4" pin="0"/><net_sink comp="607" pin=0"/></net>

<net id="613"><net_src comp="6" pin="0"/><net_sink comp="607" pin=1"/></net>

<net id="614"><net_src comp="30" pin="0"/><net_sink comp="607" pin=2"/></net>

<net id="620"><net_src comp="4" pin="0"/><net_sink comp="615" pin=0"/></net>

<net id="621"><net_src comp="6" pin="0"/><net_sink comp="615" pin=1"/></net>

<net id="622"><net_src comp="34" pin="0"/><net_sink comp="615" pin=2"/></net>

<net id="623"><net_src comp="607" pin="3"/><net_sink comp="560" pin=0"/></net>

<net id="624"><net_src comp="615" pin="3"/><net_sink comp="560" pin=2"/></net>

<net id="630"><net_src comp="4" pin="0"/><net_sink comp="625" pin=0"/></net>

<net id="631"><net_src comp="6" pin="0"/><net_sink comp="625" pin=1"/></net>

<net id="632"><net_src comp="10" pin="0"/><net_sink comp="625" pin=2"/></net>

<net id="638"><net_src comp="4" pin="0"/><net_sink comp="633" pin=0"/></net>

<net id="639"><net_src comp="6" pin="0"/><net_sink comp="633" pin=1"/></net>

<net id="640"><net_src comp="38" pin="0"/><net_sink comp="633" pin=2"/></net>

<net id="641"><net_src comp="625" pin="3"/><net_sink comp="560" pin=0"/></net>

<net id="642"><net_src comp="633" pin="3"/><net_sink comp="560" pin=2"/></net>

<net id="648"><net_src comp="4" pin="0"/><net_sink comp="643" pin=0"/></net>

<net id="649"><net_src comp="6" pin="0"/><net_sink comp="643" pin=1"/></net>

<net id="650"><net_src comp="52" pin="0"/><net_sink comp="643" pin=2"/></net>

<net id="656"><net_src comp="4" pin="0"/><net_sink comp="651" pin=0"/></net>

<net id="657"><net_src comp="6" pin="0"/><net_sink comp="651" pin=1"/></net>

<net id="658"><net_src comp="32" pin="0"/><net_sink comp="651" pin=2"/></net>

<net id="659"><net_src comp="643" pin="3"/><net_sink comp="560" pin=0"/></net>

<net id="660"><net_src comp="651" pin="3"/><net_sink comp="560" pin=2"/></net>

<net id="666"><net_src comp="4" pin="0"/><net_sink comp="661" pin=0"/></net>

<net id="667"><net_src comp="6" pin="0"/><net_sink comp="661" pin=1"/></net>

<net id="668"><net_src comp="54" pin="0"/><net_sink comp="661" pin=2"/></net>

<net id="674"><net_src comp="4" pin="0"/><net_sink comp="669" pin=0"/></net>

<net id="675"><net_src comp="6" pin="0"/><net_sink comp="669" pin=1"/></net>

<net id="676"><net_src comp="16" pin="0"/><net_sink comp="669" pin=2"/></net>

<net id="677"><net_src comp="661" pin="3"/><net_sink comp="560" pin=0"/></net>

<net id="678"><net_src comp="669" pin="3"/><net_sink comp="560" pin=2"/></net>

<net id="684"><net_src comp="4" pin="0"/><net_sink comp="679" pin=0"/></net>

<net id="685"><net_src comp="6" pin="0"/><net_sink comp="679" pin=1"/></net>

<net id="686"><net_src comp="44" pin="0"/><net_sink comp="679" pin=2"/></net>

<net id="692"><net_src comp="4" pin="0"/><net_sink comp="687" pin=0"/></net>

<net id="693"><net_src comp="6" pin="0"/><net_sink comp="687" pin=1"/></net>

<net id="694"><net_src comp="12" pin="0"/><net_sink comp="687" pin=2"/></net>

<net id="695"><net_src comp="679" pin="3"/><net_sink comp="560" pin=0"/></net>

<net id="696"><net_src comp="687" pin="3"/><net_sink comp="560" pin=2"/></net>

<net id="702"><net_src comp="4" pin="0"/><net_sink comp="697" pin=0"/></net>

<net id="703"><net_src comp="6" pin="0"/><net_sink comp="697" pin=1"/></net>

<net id="704"><net_src comp="14" pin="0"/><net_sink comp="697" pin=2"/></net>

<net id="710"><net_src comp="4" pin="0"/><net_sink comp="705" pin=0"/></net>

<net id="711"><net_src comp="6" pin="0"/><net_sink comp="705" pin=1"/></net>

<net id="712"><net_src comp="20" pin="0"/><net_sink comp="705" pin=2"/></net>

<net id="713"><net_src comp="697" pin="3"/><net_sink comp="560" pin=0"/></net>

<net id="714"><net_src comp="705" pin="3"/><net_sink comp="560" pin=2"/></net>

<net id="720"><net_src comp="4" pin="0"/><net_sink comp="715" pin=0"/></net>

<net id="721"><net_src comp="6" pin="0"/><net_sink comp="715" pin=1"/></net>

<net id="722"><net_src comp="18" pin="0"/><net_sink comp="715" pin=2"/></net>

<net id="728"><net_src comp="4" pin="0"/><net_sink comp="723" pin=0"/></net>

<net id="729"><net_src comp="6" pin="0"/><net_sink comp="723" pin=1"/></net>

<net id="730"><net_src comp="28" pin="0"/><net_sink comp="723" pin=2"/></net>

<net id="731"><net_src comp="715" pin="3"/><net_sink comp="560" pin=0"/></net>

<net id="732"><net_src comp="723" pin="3"/><net_sink comp="560" pin=2"/></net>

<net id="738"><net_src comp="4" pin="0"/><net_sink comp="733" pin=0"/></net>

<net id="739"><net_src comp="6" pin="0"/><net_sink comp="733" pin=1"/></net>

<net id="740"><net_src comp="42" pin="0"/><net_sink comp="733" pin=2"/></net>

<net id="746"><net_src comp="4" pin="0"/><net_sink comp="741" pin=0"/></net>

<net id="747"><net_src comp="6" pin="0"/><net_sink comp="741" pin=1"/></net>

<net id="748"><net_src comp="36" pin="0"/><net_sink comp="741" pin=2"/></net>

<net id="749"><net_src comp="733" pin="3"/><net_sink comp="560" pin=0"/></net>

<net id="750"><net_src comp="741" pin="3"/><net_sink comp="560" pin=2"/></net>

<net id="756"><net_src comp="4" pin="0"/><net_sink comp="751" pin=0"/></net>

<net id="757"><net_src comp="6" pin="0"/><net_sink comp="751" pin=1"/></net>

<net id="758"><net_src comp="46" pin="0"/><net_sink comp="751" pin=2"/></net>

<net id="764"><net_src comp="4" pin="0"/><net_sink comp="759" pin=0"/></net>

<net id="765"><net_src comp="6" pin="0"/><net_sink comp="759" pin=1"/></net>

<net id="766"><net_src comp="24" pin="0"/><net_sink comp="759" pin=2"/></net>

<net id="767"><net_src comp="751" pin="3"/><net_sink comp="560" pin=2"/></net>

<net id="768"><net_src comp="759" pin="3"/><net_sink comp="560" pin=0"/></net>

<net id="774"><net_src comp="4" pin="0"/><net_sink comp="769" pin=0"/></net>

<net id="775"><net_src comp="6" pin="0"/><net_sink comp="769" pin=1"/></net>

<net id="776"><net_src comp="48" pin="0"/><net_sink comp="769" pin=2"/></net>

<net id="777"><net_src comp="769" pin="3"/><net_sink comp="560" pin=0"/></net>

<net id="781"><net_src comp="108" pin="7"/><net_sink comp="778" pin=0"/></net>

<net id="782"><net_src comp="108" pin="3"/><net_sink comp="778" pin=0"/></net>

<net id="786"><net_src comp="108" pin="3"/><net_sink comp="783" pin=0"/></net>

<net id="787"><net_src comp="108" pin="7"/><net_sink comp="783" pin=0"/></net>

<net id="791"><net_src comp="118" pin="7"/><net_sink comp="788" pin=0"/></net>

<net id="795"><net_src comp="108" pin="3"/><net_sink comp="792" pin=0"/></net>

<net id="796"><net_src comp="108" pin="7"/><net_sink comp="792" pin=0"/></net>

<net id="800"><net_src comp="118" pin="7"/><net_sink comp="797" pin=0"/></net>

<net id="804"><net_src comp="118" pin="3"/><net_sink comp="801" pin=0"/></net>

<net id="808"><net_src comp="108" pin="3"/><net_sink comp="805" pin=0"/></net>

<net id="809"><net_src comp="108" pin="7"/><net_sink comp="805" pin=0"/></net>

<net id="813"><net_src comp="108" pin="7"/><net_sink comp="810" pin=0"/></net>

<net id="814"><net_src comp="108" pin="3"/><net_sink comp="810" pin=0"/></net>

<net id="818"><net_src comp="108" pin="3"/><net_sink comp="815" pin=0"/></net>

<net id="822"><net_src comp="108" pin="7"/><net_sink comp="819" pin=0"/></net>

<net id="826"><net_src comp="118" pin="7"/><net_sink comp="823" pin=0"/></net>

<net id="831"><net_src comp="823" pin="1"/><net_sink comp="827" pin=0"/></net>

<net id="832"><net_src comp="819" pin="1"/><net_sink comp="827" pin=1"/></net>

<net id="836"><net_src comp="118" pin="3"/><net_sink comp="833" pin=0"/></net>

<net id="841"><net_src comp="833" pin="1"/><net_sink comp="837" pin=0"/></net>

<net id="842"><net_src comp="819" pin="1"/><net_sink comp="837" pin=1"/></net>

<net id="846"><net_src comp="108" pin="3"/><net_sink comp="843" pin=0"/></net>

<net id="851"><net_src comp="843" pin="1"/><net_sink comp="847" pin=0"/></net>

<net id="852"><net_src comp="823" pin="1"/><net_sink comp="847" pin=1"/></net>

<net id="857"><net_src comp="843" pin="1"/><net_sink comp="853" pin=0"/></net>

<net id="858"><net_src comp="833" pin="1"/><net_sink comp="853" pin=1"/></net>

<net id="862"><net_src comp="118" pin="7"/><net_sink comp="859" pin=0"/></net>

<net id="867"><net_src comp="859" pin="1"/><net_sink comp="863" pin=0"/></net>

<net id="871"><net_src comp="118" pin="3"/><net_sink comp="868" pin=0"/></net>

<net id="876"><net_src comp="868" pin="1"/><net_sink comp="872" pin=0"/></net>

<net id="881"><net_src comp="859" pin="1"/><net_sink comp="877" pin=1"/></net>

<net id="886"><net_src comp="868" pin="1"/><net_sink comp="882" pin=1"/></net>

<net id="890"><net_src comp="118" pin="3"/><net_sink comp="887" pin=0"/></net>

<net id="895"><net_src comp="887" pin="1"/><net_sink comp="891" pin=0"/></net>

<net id="900"><net_src comp="887" pin="1"/><net_sink comp="896" pin=1"/></net>

<net id="904"><net_src comp="778" pin="1"/><net_sink comp="901" pin=0"/></net>

<net id="909"><net_src comp="901" pin="1"/><net_sink comp="905" pin=0"/></net>

<net id="914"><net_src comp="901" pin="1"/><net_sink comp="910" pin=0"/></net>

<net id="930"><net_src comp="783" pin="1"/><net_sink comp="927" pin=0"/></net>

<net id="935"><net_src comp="927" pin="1"/><net_sink comp="931" pin=0"/></net>

<net id="955"><net_src comp="108" pin="7"/><net_sink comp="952" pin=0"/></net>

<net id="959"><net_src comp="118" pin="7"/><net_sink comp="956" pin=0"/></net>

<net id="963"><net_src comp="118" pin="3"/><net_sink comp="960" pin=0"/></net>

<net id="967"><net_src comp="108" pin="3"/><net_sink comp="964" pin=0"/></net>

<net id="971"><net_src comp="792" pin="1"/><net_sink comp="968" pin=0"/></net>

<net id="976"><net_src comp="968" pin="1"/><net_sink comp="972" pin=0"/></net>

<net id="981"><net_src comp="968" pin="1"/><net_sink comp="977" pin=0"/></net>

<net id="986"><net_src comp="968" pin="1"/><net_sink comp="982" pin=0"/></net>

<net id="991"><net_src comp="968" pin="1"/><net_sink comp="987" pin=0"/></net>

<net id="995"><net_src comp="778" pin="1"/><net_sink comp="992" pin=0"/></net>

<net id="999"><net_src comp="788" pin="1"/><net_sink comp="996" pin=0"/></net>

<net id="1004"><net_src comp="996" pin="1"/><net_sink comp="1000" pin=0"/></net>

<net id="1005"><net_src comp="992" pin="1"/><net_sink comp="1000" pin=1"/></net>

<net id="1009"><net_src comp="797" pin="1"/><net_sink comp="1006" pin=0"/></net>

<net id="1014"><net_src comp="1006" pin="1"/><net_sink comp="1010" pin=0"/></net>

<net id="1015"><net_src comp="992" pin="1"/><net_sink comp="1010" pin=1"/></net>

<net id="1019"><net_src comp="801" pin="1"/><net_sink comp="1016" pin=0"/></net>

<net id="1023"><net_src comp="118" pin="7"/><net_sink comp="1020" pin=0"/></net>

<net id="1028"><net_src comp="1016" pin="1"/><net_sink comp="1024" pin=0"/></net>

<net id="1029"><net_src comp="992" pin="1"/><net_sink comp="1024" pin=1"/></net>

<net id="1033"><net_src comp="118" pin="3"/><net_sink comp="1030" pin=0"/></net>

<net id="1037"><net_src comp="108" pin="7"/><net_sink comp="1034" pin=0"/></net>

<net id="1049"><net_src comp="1042" pin="1"/><net_sink comp="1045" pin=0"/></net>

<net id="1056"><net_src comp="118" pin="3"/><net_sink comp="1053" pin=0"/></net>

<net id="1061"><net_src comp="1050" pin="1"/><net_sink comp="1057" pin=0"/></net>

<net id="1065"><net_src comp="783" pin="1"/><net_sink comp="1062" pin=0"/></net>

<net id="1070"><net_src comp="1062" pin="1"/><net_sink comp="1066" pin=0"/></net>

<net id="1075"><net_src comp="1062" pin="1"/><net_sink comp="1071" pin=0"/></net>

<net id="1079"><net_src comp="778" pin="1"/><net_sink comp="1076" pin=0"/></net>

<net id="1095"><net_src comp="805" pin="1"/><net_sink comp="1092" pin=0"/></net>

<net id="1100"><net_src comp="1092" pin="1"/><net_sink comp="1096" pin=0"/></net>

<net id="1104"><net_src comp="783" pin="1"/><net_sink comp="1101" pin=0"/></net>

<net id="1108"><net_src comp="778" pin="1"/><net_sink comp="1105" pin=0"/></net>

<net id="1112"><net_src comp="788" pin="1"/><net_sink comp="1109" pin=0"/></net>

<net id="1116"><net_src comp="801" pin="1"/><net_sink comp="1113" pin=0"/></net>

<net id="1120"><net_src comp="118" pin="3"/><net_sink comp="1117" pin=0"/></net>

<net id="1140"><net_src comp="783" pin="1"/><net_sink comp="1137" pin=0"/></net>

<net id="1144"><net_src comp="797" pin="1"/><net_sink comp="1141" pin=0"/></net>

<net id="1148"><net_src comp="788" pin="1"/><net_sink comp="1145" pin=0"/></net>

<net id="1152"><net_src comp="118" pin="7"/><net_sink comp="1149" pin=0"/></net>

<net id="1156"><net_src comp="118" pin="3"/><net_sink comp="1153" pin=0"/></net>

<net id="1160"><net_src comp="792" pin="1"/><net_sink comp="1157" pin=0"/></net>

<net id="1164"><net_src comp="810" pin="1"/><net_sink comp="1161" pin=0"/></net>

<net id="1169"><net_src comp="1161" pin="1"/><net_sink comp="1165" pin=0"/></net>

<net id="1174"><net_src comp="1161" pin="1"/><net_sink comp="1170" pin=0"/></net>

<net id="1179"><net_src comp="1161" pin="1"/><net_sink comp="1175" pin=0"/></net>

<net id="1184"><net_src comp="1161" pin="1"/><net_sink comp="1180" pin=0"/></net>

<net id="1188"><net_src comp="118" pin="7"/><net_sink comp="1185" pin=0"/></net>

<net id="1192"><net_src comp="118" pin="3"/><net_sink comp="1189" pin=0"/></net>

<net id="1196"><net_src comp="805" pin="1"/><net_sink comp="1193" pin=0"/></net>

<net id="1204"><net_src comp="815" pin="1"/><net_sink comp="1201" pin=0"/></net>

<net id="1209"><net_src comp="1201" pin="1"/><net_sink comp="1205" pin=0"/></net>

<net id="1214"><net_src comp="1201" pin="1"/><net_sink comp="1210" pin=0"/></net>

<net id="1219"><net_src comp="1201" pin="1"/><net_sink comp="1215" pin=0"/></net>

<net id="1223"><net_src comp="118" pin="3"/><net_sink comp="1220" pin=0"/></net>

<net id="1227"><net_src comp="778" pin="1"/><net_sink comp="1224" pin=0"/></net>

<net id="1239"><net_src comp="783" pin="1"/><net_sink comp="1236" pin=0"/></net>

<net id="1244"><net_src comp="1240" pin="2"/><net_sink comp="560" pin=1"/></net>

<net id="1249"><net_src comp="1245" pin="2"/><net_sink comp="560" pin=4"/></net>

<net id="1257"><net_src comp="810" pin="1"/><net_sink comp="1254" pin=0"/></net>

<net id="1262"><net_src comp="1258" pin="2"/><net_sink comp="560" pin=4"/></net>

<net id="1266"><net_src comp="792" pin="1"/><net_sink comp="1263" pin=0"/></net>

<net id="1271"><net_src comp="1267" pin="2"/><net_sink comp="560" pin=1"/></net>

<net id="1276"><net_src comp="1272" pin="2"/><net_sink comp="560" pin=4"/></net>

<net id="1280"><net_src comp="805" pin="1"/><net_sink comp="1277" pin=0"/></net>

<net id="1285"><net_src comp="1281" pin="2"/><net_sink comp="560" pin=1"/></net>

<net id="1290"><net_src comp="1286" pin="2"/><net_sink comp="560" pin=4"/></net>

<net id="1294"><net_src comp="815" pin="1"/><net_sink comp="1291" pin=0"/></net>

<net id="1299"><net_src comp="1295" pin="2"/><net_sink comp="560" pin=1"/></net>

<net id="1304"><net_src comp="1300" pin="2"/><net_sink comp="560" pin=4"/></net>

<net id="1309"><net_src comp="1305" pin="2"/><net_sink comp="560" pin=1"/></net>

<net id="1314"><net_src comp="1310" pin="2"/><net_sink comp="560" pin=4"/></net>

<net id="1372"><net_src comp="956" pin="1"/><net_sink comp="1367" pin=0"/></net>

<net id="1373"><net_src comp="952" pin="1"/><net_sink comp="1367" pin=1"/></net>

<net id="1379"><net_src comp="960" pin="1"/><net_sink comp="1374" pin=0"/></net>

<net id="1380"><net_src comp="952" pin="1"/><net_sink comp="1374" pin=1"/></net>

<net id="1386"><net_src comp="964" pin="1"/><net_sink comp="1381" pin=0"/></net>

<net id="1387"><net_src comp="956" pin="1"/><net_sink comp="1381" pin=1"/></net>

<net id="1393"><net_src comp="964" pin="1"/><net_sink comp="1388" pin=0"/></net>

<net id="1394"><net_src comp="960" pin="1"/><net_sink comp="1388" pin=1"/></net>

<net id="1400"><net_src comp="1020" pin="1"/><net_sink comp="1395" pin=0"/></net>

<net id="1406"><net_src comp="1030" pin="1"/><net_sink comp="1401" pin=0"/></net>

<net id="1412"><net_src comp="1020" pin="1"/><net_sink comp="1407" pin=1"/></net>

<net id="1418"><net_src comp="1030" pin="1"/><net_sink comp="1413" pin=1"/></net>

<net id="1424"><net_src comp="1034" pin="1"/><net_sink comp="1419" pin=0"/></net>

<net id="1430"><net_src comp="1034" pin="1"/><net_sink comp="1425" pin=0"/></net>

<net id="1436"><net_src comp="1053" pin="1"/><net_sink comp="1431" pin=0"/></net>

<net id="1442"><net_src comp="1053" pin="1"/><net_sink comp="1437" pin=1"/></net>

<net id="1458"><net_src comp="1053" pin="1"/><net_sink comp="1453" pin=1"/></net>

<net id="1464"><net_src comp="1076" pin="1"/><net_sink comp="1459" pin=0"/></net>

<net id="1490"><net_src comp="1101" pin="1"/><net_sink comp="1485" pin=0"/></net>

<net id="1496"><net_src comp="1101" pin="1"/><net_sink comp="1491" pin=0"/></net>

<net id="1502"><net_src comp="1109" pin="1"/><net_sink comp="1497" pin=0"/></net>

<net id="1503"><net_src comp="1105" pin="1"/><net_sink comp="1497" pin=1"/></net>

<net id="1509"><net_src comp="1113" pin="1"/><net_sink comp="1504" pin=0"/></net>

<net id="1510"><net_src comp="1105" pin="1"/><net_sink comp="1504" pin=1"/></net>

<net id="1516"><net_src comp="1117" pin="1"/><net_sink comp="1511" pin=0"/></net>

<net id="1517"><net_src comp="1105" pin="1"/><net_sink comp="1511" pin=1"/></net>

<net id="1538"><net_src comp="1141" pin="1"/><net_sink comp="1533" pin=0"/></net>

<net id="1539"><net_src comp="1137" pin="1"/><net_sink comp="1533" pin=1"/></net>

<net id="1545"><net_src comp="1145" pin="1"/><net_sink comp="1540" pin=0"/></net>

<net id="1546"><net_src comp="1137" pin="1"/><net_sink comp="1540" pin=1"/></net>

<net id="1552"><net_src comp="1149" pin="1"/><net_sink comp="1547" pin=0"/></net>

<net id="1553"><net_src comp="1137" pin="1"/><net_sink comp="1547" pin=1"/></net>

<net id="1559"><net_src comp="1153" pin="1"/><net_sink comp="1554" pin=0"/></net>

<net id="1565"><net_src comp="1157" pin="1"/><net_sink comp="1560" pin=0"/></net>

<net id="1571"><net_src comp="1157" pin="1"/><net_sink comp="1566" pin=0"/></net>

<net id="1577"><net_src comp="1185" pin="1"/><net_sink comp="1572" pin=0"/></net>

<net id="1583"><net_src comp="1189" pin="1"/><net_sink comp="1578" pin=0"/></net>

<net id="1599"><net_src comp="1189" pin="1"/><net_sink comp="1594" pin=1"/></net>

<net id="1605"><net_src comp="1193" pin="1"/><net_sink comp="1600" pin=0"/></net>

<net id="1611"><net_src comp="1220" pin="1"/><net_sink comp="1606" pin=0"/></net>

<net id="1617"><net_src comp="1224" pin="1"/><net_sink comp="1612" pin=0"/></net>

<net id="1653"><net_src comp="1236" pin="1"/><net_sink comp="1648" pin=0"/></net>

<net id="1659"><net_src comp="1236" pin="1"/><net_sink comp="1654" pin=0"/></net>

<net id="1665"><net_src comp="1236" pin="1"/><net_sink comp="1660" pin=0"/></net>

<net id="1671"><net_src comp="1236" pin="1"/><net_sink comp="1666" pin=0"/></net>

<net id="1692"><net_src comp="1254" pin="1"/><net_sink comp="1687" pin=0"/></net>

<net id="1698"><net_src comp="1254" pin="1"/><net_sink comp="1693" pin=0"/></net>

<net id="1704"><net_src comp="1254" pin="1"/><net_sink comp="1699" pin=0"/></net>

<net id="1710"><net_src comp="1263" pin="1"/><net_sink comp="1705" pin=0"/></net>

<net id="1716"><net_src comp="1263" pin="1"/><net_sink comp="1711" pin=0"/></net>

<net id="1722"><net_src comp="1263" pin="1"/><net_sink comp="1717" pin=0"/></net>

<net id="1728"><net_src comp="1263" pin="1"/><net_sink comp="1723" pin=0"/></net>

<net id="1749"><net_src comp="1277" pin="1"/><net_sink comp="1744" pin=0"/></net>

<net id="1755"><net_src comp="1277" pin="1"/><net_sink comp="1750" pin=0"/></net>

<net id="1761"><net_src comp="1277" pin="1"/><net_sink comp="1756" pin=0"/></net>

<net id="1767"><net_src comp="1277" pin="1"/><net_sink comp="1762" pin=0"/></net>

<net id="1773"><net_src comp="1277" pin="1"/><net_sink comp="1768" pin=0"/></net>

<net id="1779"><net_src comp="1291" pin="1"/><net_sink comp="1774" pin=0"/></net>

<net id="1785"><net_src comp="1291" pin="1"/><net_sink comp="1780" pin=0"/></net>

<net id="1791"><net_src comp="1291" pin="1"/><net_sink comp="1786" pin=0"/></net>

<net id="1797"><net_src comp="1291" pin="1"/><net_sink comp="1792" pin=0"/></net>

<net id="1803"><net_src comp="1291" pin="1"/><net_sink comp="1798" pin=0"/></net>

<net id="1807"><net_src comp="76" pin="3"/><net_sink comp="1804" pin=0"/></net>

<net id="1808"><net_src comp="1804" pin="1"/><net_sink comp="108" pin=2"/></net>

<net id="1812"><net_src comp="84" pin="3"/><net_sink comp="1809" pin=0"/></net>

<net id="1813"><net_src comp="1809" pin="1"/><net_sink comp="108" pin=0"/></net>

<net id="1817"><net_src comp="92" pin="3"/><net_sink comp="1814" pin=0"/></net>

<net id="1818"><net_src comp="1814" pin="1"/><net_sink comp="118" pin=2"/></net>

<net id="1822"><net_src comp="100" pin="3"/><net_sink comp="1819" pin=0"/></net>

<net id="1823"><net_src comp="1819" pin="1"/><net_sink comp="118" pin=0"/></net>

<net id="1827"><net_src comp="130" pin="3"/><net_sink comp="1824" pin=0"/></net>

<net id="1828"><net_src comp="1824" pin="1"/><net_sink comp="108" pin=2"/></net>

<net id="1832"><net_src comp="138" pin="3"/><net_sink comp="1829" pin=0"/></net>

<net id="1833"><net_src comp="1829" pin="1"/><net_sink comp="108" pin=0"/></net>

<net id="1837"><net_src comp="146" pin="3"/><net_sink comp="1834" pin=0"/></net>

<net id="1838"><net_src comp="1834" pin="1"/><net_sink comp="118" pin=2"/></net>

<net id="1842"><net_src comp="154" pin="3"/><net_sink comp="1839" pin=0"/></net>

<net id="1843"><net_src comp="1839" pin="1"/><net_sink comp="118" pin=0"/></net>

<net id="1847"><net_src comp="819" pin="1"/><net_sink comp="1844" pin=0"/></net>

<net id="1848"><net_src comp="1844" pin="1"/><net_sink comp="827" pin=1"/></net>

<net id="1849"><net_src comp="1844" pin="1"/><net_sink comp="837" pin=1"/></net>

<net id="1850"><net_src comp="1844" pin="1"/><net_sink comp="863" pin=1"/></net>

<net id="1851"><net_src comp="1844" pin="1"/><net_sink comp="872" pin=1"/></net>

<net id="1852"><net_src comp="1844" pin="1"/><net_sink comp="891" pin=1"/></net>

<net id="1856"><net_src comp="823" pin="1"/><net_sink comp="1853" pin=0"/></net>

<net id="1857"><net_src comp="1853" pin="1"/><net_sink comp="827" pin=0"/></net>

<net id="1858"><net_src comp="1853" pin="1"/><net_sink comp="847" pin=1"/></net>

<net id="1859"><net_src comp="1853" pin="1"/><net_sink comp="905" pin=1"/></net>

<net id="1860"><net_src comp="1853" pin="1"/><net_sink comp="931" pin=1"/></net>

<net id="1861"><net_src comp="1853" pin="1"/><net_sink comp="972" pin=1"/></net>

<net id="1865"><net_src comp="833" pin="1"/><net_sink comp="1862" pin=0"/></net>

<net id="1866"><net_src comp="1862" pin="1"/><net_sink comp="837" pin=0"/></net>

<net id="1867"><net_src comp="1862" pin="1"/><net_sink comp="853" pin=1"/></net>

<net id="1868"><net_src comp="1862" pin="1"/><net_sink comp="910" pin=1"/></net>

<net id="1869"><net_src comp="1862" pin="1"/><net_sink comp="936" pin=1"/></net>

<net id="1870"><net_src comp="1862" pin="1"/><net_sink comp="977" pin=1"/></net>

<net id="1874"><net_src comp="843" pin="1"/><net_sink comp="1871" pin=0"/></net>

<net id="1875"><net_src comp="1871" pin="1"/><net_sink comp="847" pin=0"/></net>

<net id="1876"><net_src comp="1871" pin="1"/><net_sink comp="853" pin=0"/></net>

<net id="1877"><net_src comp="1871" pin="1"/><net_sink comp="877" pin=0"/></net>

<net id="1878"><net_src comp="1871" pin="1"/><net_sink comp="882" pin=0"/></net>

<net id="1879"><net_src comp="1871" pin="1"/><net_sink comp="896" pin=0"/></net>

<net id="1883"><net_src comp="166" pin="3"/><net_sink comp="1880" pin=0"/></net>

<net id="1884"><net_src comp="1880" pin="1"/><net_sink comp="108" pin=2"/></net>

<net id="1888"><net_src comp="174" pin="3"/><net_sink comp="1885" pin=0"/></net>

<net id="1889"><net_src comp="1885" pin="1"/><net_sink comp="108" pin=0"/></net>

<net id="1893"><net_src comp="182" pin="3"/><net_sink comp="1890" pin=0"/></net>

<net id="1894"><net_src comp="1890" pin="1"/><net_sink comp="118" pin=2"/></net>

<net id="1898"><net_src comp="190" pin="3"/><net_sink comp="1895" pin=0"/></net>

<net id="1899"><net_src comp="1895" pin="1"/><net_sink comp="118" pin=0"/></net>

<net id="1903"><net_src comp="859" pin="1"/><net_sink comp="1900" pin=0"/></net>

<net id="1904"><net_src comp="1900" pin="1"/><net_sink comp="863" pin=0"/></net>

<net id="1905"><net_src comp="1900" pin="1"/><net_sink comp="877" pin=1"/></net>

<net id="1906"><net_src comp="1900" pin="1"/><net_sink comp="915" pin=1"/></net>

<net id="1907"><net_src comp="1900" pin="1"/><net_sink comp="940" pin=1"/></net>

<net id="1908"><net_src comp="1900" pin="1"/><net_sink comp="982" pin=1"/></net>

<net id="1912"><net_src comp="868" pin="1"/><net_sink comp="1909" pin=0"/></net>

<net id="1913"><net_src comp="1909" pin="1"/><net_sink comp="872" pin=0"/></net>

<net id="1914"><net_src comp="1909" pin="1"/><net_sink comp="882" pin=1"/></net>

<net id="1915"><net_src comp="1909" pin="1"/><net_sink comp="919" pin=1"/></net>

<net id="1916"><net_src comp="1909" pin="1"/><net_sink comp="944" pin=1"/></net>

<net id="1917"><net_src comp="1909" pin="1"/><net_sink comp="987" pin=1"/></net>

<net id="1921"><net_src comp="202" pin="3"/><net_sink comp="1918" pin=0"/></net>

<net id="1922"><net_src comp="1918" pin="1"/><net_sink comp="108" pin=2"/></net>

<net id="1926"><net_src comp="210" pin="3"/><net_sink comp="1923" pin=0"/></net>

<net id="1927"><net_src comp="1923" pin="1"/><net_sink comp="108" pin=0"/></net>

<net id="1931"><net_src comp="218" pin="3"/><net_sink comp="1928" pin=0"/></net>

<net id="1932"><net_src comp="1928" pin="1"/><net_sink comp="118" pin=2"/></net>

<net id="1936"><net_src comp="226" pin="3"/><net_sink comp="1933" pin=0"/></net>

<net id="1937"><net_src comp="1933" pin="1"/><net_sink comp="118" pin=0"/></net>

<net id="1941"><net_src comp="887" pin="1"/><net_sink comp="1938" pin=0"/></net>

<net id="1942"><net_src comp="1938" pin="1"/><net_sink comp="891" pin=0"/></net>

<net id="1943"><net_src comp="1938" pin="1"/><net_sink comp="896" pin=1"/></net>

<net id="1944"><net_src comp="1938" pin="1"/><net_sink comp="923" pin=1"/></net>

<net id="1945"><net_src comp="1938" pin="1"/><net_sink comp="948" pin=1"/></net>

<net id="1946"><net_src comp="1938" pin="1"/><net_sink comp="1038" pin=1"/></net>

<net id="1950"><net_src comp="901" pin="1"/><net_sink comp="1947" pin=0"/></net>

<net id="1951"><net_src comp="1947" pin="1"/><net_sink comp="905" pin=0"/></net>

<net id="1952"><net_src comp="1947" pin="1"/><net_sink comp="910" pin=0"/></net>

<net id="1953"><net_src comp="1947" pin="1"/><net_sink comp="915" pin=0"/></net>

<net id="1954"><net_src comp="1947" pin="1"/><net_sink comp="919" pin=0"/></net>

<net id="1955"><net_src comp="1947" pin="1"/><net_sink comp="923" pin=0"/></net>

<net id="1959"><net_src comp="238" pin="3"/><net_sink comp="1956" pin=0"/></net>

<net id="1960"><net_src comp="1956" pin="1"/><net_sink comp="108" pin=2"/></net>

<net id="1964"><net_src comp="246" pin="3"/><net_sink comp="1961" pin=0"/></net>

<net id="1965"><net_src comp="1961" pin="1"/><net_sink comp="108" pin=0"/></net>

<net id="1969"><net_src comp="254" pin="3"/><net_sink comp="1966" pin=0"/></net>

<net id="1970"><net_src comp="1966" pin="1"/><net_sink comp="118" pin=2"/></net>

<net id="1974"><net_src comp="262" pin="3"/><net_sink comp="1971" pin=0"/></net>

<net id="1975"><net_src comp="1971" pin="1"/><net_sink comp="118" pin=0"/></net>

<net id="1979"><net_src comp="927" pin="1"/><net_sink comp="1976" pin=0"/></net>

<net id="1980"><net_src comp="1976" pin="1"/><net_sink comp="931" pin=0"/></net>

<net id="1981"><net_src comp="1976" pin="1"/><net_sink comp="936" pin=0"/></net>

<net id="1982"><net_src comp="1976" pin="1"/><net_sink comp="940" pin=0"/></net>

<net id="1983"><net_src comp="1976" pin="1"/><net_sink comp="944" pin=0"/></net>

<net id="1984"><net_src comp="1976" pin="1"/><net_sink comp="948" pin=0"/></net>

<net id="1988"><net_src comp="274" pin="3"/><net_sink comp="1985" pin=0"/></net>

<net id="1989"><net_src comp="1985" pin="1"/><net_sink comp="108" pin=2"/></net>

<net id="1993"><net_src comp="282" pin="3"/><net_sink comp="1990" pin=0"/></net>

<net id="1994"><net_src comp="1990" pin="1"/><net_sink comp="108" pin=0"/></net>

<net id="1998"><net_src comp="290" pin="3"/><net_sink comp="1995" pin=0"/></net>

<net id="1999"><net_src comp="1995" pin="1"/><net_sink comp="118" pin=2"/></net>

<net id="2003"><net_src comp="298" pin="3"/><net_sink comp="2000" pin=0"/></net>

<net id="2004"><net_src comp="2000" pin="1"/><net_sink comp="118" pin=0"/></net>

<net id="2008"><net_src comp="827" pin="2"/><net_sink comp="2005" pin=0"/></net>

<net id="2009"><net_src comp="2005" pin="1"/><net_sink comp="1367" pin=0"/></net>

<net id="2013"><net_src comp="837" pin="2"/><net_sink comp="2010" pin=0"/></net>

<net id="2014"><net_src comp="2010" pin="1"/><net_sink comp="1374" pin=0"/></net>

<net id="2018"><net_src comp="118" pin="7"/><net_sink comp="2015" pin=0"/></net>

<net id="2019"><net_src comp="2015" pin="1"/><net_sink comp="1042" pin=0"/></net>

<net id="2023"><net_src comp="118" pin="3"/><net_sink comp="2020" pin=0"/></net>

<net id="2024"><net_src comp="2020" pin="1"/><net_sink comp="1050" pin=0"/></net>

<net id="2028"><net_src comp="847" pin="2"/><net_sink comp="2025" pin=0"/></net>

<net id="2029"><net_src comp="2025" pin="1"/><net_sink comp="1381" pin=0"/></net>

<net id="2033"><net_src comp="853" pin="2"/><net_sink comp="2030" pin=0"/></net>

<net id="2034"><net_src comp="2030" pin="1"/><net_sink comp="1388" pin=0"/></net>

<net id="2038"><net_src comp="310" pin="3"/><net_sink comp="2035" pin=0"/></net>

<net id="2039"><net_src comp="2035" pin="1"/><net_sink comp="108" pin=2"/></net>

<net id="2043"><net_src comp="318" pin="3"/><net_sink comp="2040" pin=0"/></net>

<net id="2044"><net_src comp="2040" pin="1"/><net_sink comp="108" pin=0"/></net>

<net id="2048"><net_src comp="326" pin="3"/><net_sink comp="2045" pin=0"/></net>

<net id="2049"><net_src comp="2045" pin="1"/><net_sink comp="118" pin=2"/></net>

<net id="2053"><net_src comp="334" pin="3"/><net_sink comp="2050" pin=0"/></net>

<net id="2054"><net_src comp="2050" pin="1"/><net_sink comp="118" pin=0"/></net>

<net id="2058"><net_src comp="952" pin="1"/><net_sink comp="2055" pin=0"/></net>

<net id="2059"><net_src comp="2055" pin="1"/><net_sink comp="1367" pin=1"/></net>

<net id="2060"><net_src comp="2055" pin="1"/><net_sink comp="1374" pin=1"/></net>

<net id="2061"><net_src comp="2055" pin="1"/><net_sink comp="1395" pin=1"/></net>

<net id="2062"><net_src comp="2055" pin="1"/><net_sink comp="1401" pin=1"/></net>

<net id="2063"><net_src comp="2055" pin="1"/><net_sink comp="1431" pin=1"/></net>

<net id="2067"><net_src comp="956" pin="1"/><net_sink comp="2064" pin=0"/></net>

<net id="2068"><net_src comp="2064" pin="1"/><net_sink comp="1367" pin=0"/></net>

<net id="2069"><net_src comp="2064" pin="1"/><net_sink comp="1381" pin=1"/></net>

<net id="2070"><net_src comp="2064" pin="1"/><net_sink comp="1419" pin=1"/></net>

<net id="2071"><net_src comp="2064" pin="1"/><net_sink comp="1459" pin=1"/></net>

<net id="2072"><net_src comp="2064" pin="1"/><net_sink comp="1485" pin=1"/></net>

<net id="2076"><net_src comp="960" pin="1"/><net_sink comp="2073" pin=0"/></net>

<net id="2077"><net_src comp="2073" pin="1"/><net_sink comp="1374" pin=0"/></net>

<net id="2078"><net_src comp="2073" pin="1"/><net_sink comp="1388" pin=1"/></net>

<net id="2079"><net_src comp="2073" pin="1"/><net_sink comp="1425" pin=1"/></net>

<net id="2080"><net_src comp="2073" pin="1"/><net_sink comp="1465" pin=1"/></net>

<net id="2081"><net_src comp="2073" pin="1"/><net_sink comp="1491" pin=1"/></net>

<net id="2085"><net_src comp="863" pin="2"/><net_sink comp="2082" pin=0"/></net>

<net id="2086"><net_src comp="2082" pin="1"/><net_sink comp="1395" pin=0"/></net>

<net id="2090"><net_src comp="872" pin="2"/><net_sink comp="2087" pin=0"/></net>

<net id="2091"><net_src comp="2087" pin="1"/><net_sink comp="1401" pin=0"/></net>

<net id="2095"><net_src comp="964" pin="1"/><net_sink comp="2092" pin=0"/></net>

<net id="2096"><net_src comp="2092" pin="1"/><net_sink comp="1381" pin=0"/></net>

<net id="2097"><net_src comp="2092" pin="1"/><net_sink comp="1388" pin=0"/></net>

<net id="2098"><net_src comp="2092" pin="1"/><net_sink comp="1407" pin=0"/></net>

<net id="2099"><net_src comp="2092" pin="1"/><net_sink comp="1413" pin=0"/></net>

<net id="2100"><net_src comp="2092" pin="1"/><net_sink comp="1437" pin=0"/></net>

<net id="2104"><net_src comp="877" pin="2"/><net_sink comp="2101" pin=0"/></net>

<net id="2105"><net_src comp="2101" pin="1"/><net_sink comp="1407" pin=0"/></net>

<net id="2109"><net_src comp="882" pin="2"/><net_sink comp="2106" pin=0"/></net>

<net id="2110"><net_src comp="2106" pin="1"/><net_sink comp="1413" pin=0"/></net>

<net id="2114"><net_src comp="968" pin="1"/><net_sink comp="2111" pin=0"/></net>

<net id="2115"><net_src comp="2111" pin="1"/><net_sink comp="972" pin=0"/></net>

<net id="2116"><net_src comp="2111" pin="1"/><net_sink comp="977" pin=0"/></net>

<net id="2117"><net_src comp="2111" pin="1"/><net_sink comp="982" pin=0"/></net>

<net id="2118"><net_src comp="2111" pin="1"/><net_sink comp="987" pin=0"/></net>

<net id="2119"><net_src comp="2111" pin="1"/><net_sink comp="1038" pin=0"/></net>

<net id="2123"><net_src comp="346" pin="3"/><net_sink comp="2120" pin=0"/></net>

<net id="2124"><net_src comp="2120" pin="1"/><net_sink comp="108" pin=2"/></net>

<net id="2128"><net_src comp="354" pin="3"/><net_sink comp="2125" pin=0"/></net>

<net id="2129"><net_src comp="2125" pin="1"/><net_sink comp="108" pin=0"/></net>

<net id="2133"><net_src comp="362" pin="3"/><net_sink comp="2130" pin=0"/></net>

<net id="2134"><net_src comp="2130" pin="1"/><net_sink comp="118" pin=2"/></net>

<net id="2138"><net_src comp="370" pin="3"/><net_sink comp="2135" pin=0"/></net>

<net id="2139"><net_src comp="2135" pin="1"/><net_sink comp="118" pin=0"/></net>

<net id="2143"><net_src comp="992" pin="1"/><net_sink comp="2140" pin=0"/></net>

<net id="2144"><net_src comp="2140" pin="1"/><net_sink comp="1000" pin=1"/></net>

<net id="2145"><net_src comp="2140" pin="1"/><net_sink comp="1010" pin=1"/></net>

<net id="2146"><net_src comp="2140" pin="1"/><net_sink comp="1024" pin=1"/></net>

<net id="2147"><net_src comp="2140" pin="1"/><net_sink comp="1045" pin=1"/></net>

<net id="2148"><net_src comp="2140" pin="1"/><net_sink comp="1057" pin=1"/></net>

<net id="2152"><net_src comp="996" pin="1"/><net_sink comp="2149" pin=0"/></net>

<net id="2153"><net_src comp="2149" pin="1"/><net_sink comp="1000" pin=0"/></net>

<net id="2154"><net_src comp="2149" pin="1"/><net_sink comp="1066" pin=1"/></net>

<net id="2155"><net_src comp="2149" pin="1"/><net_sink comp="1096" pin=1"/></net>

<net id="2156"><net_src comp="2149" pin="1"/><net_sink comp="1165" pin=1"/></net>

<net id="2157"><net_src comp="2149" pin="1"/><net_sink comp="1205" pin=1"/></net>

<net id="2161"><net_src comp="1006" pin="1"/><net_sink comp="2158" pin=0"/></net>

<net id="2162"><net_src comp="2158" pin="1"/><net_sink comp="1010" pin=0"/></net>

<net id="2163"><net_src comp="2158" pin="1"/><net_sink comp="1071" pin=1"/></net>

<net id="2164"><net_src comp="2158" pin="1"/><net_sink comp="1121" pin=1"/></net>

<net id="2165"><net_src comp="2158" pin="1"/><net_sink comp="1170" pin=1"/></net>

<net id="2166"><net_src comp="2158" pin="1"/><net_sink comp="1210" pin=1"/></net>

<net id="2170"><net_src comp="1016" pin="1"/><net_sink comp="2167" pin=0"/></net>

<net id="2171"><net_src comp="2167" pin="1"/><net_sink comp="1024" pin=0"/></net>

<net id="2172"><net_src comp="2167" pin="1"/><net_sink comp="1080" pin=1"/></net>

<net id="2173"><net_src comp="2167" pin="1"/><net_sink comp="1125" pin=1"/></net>

<net id="2174"><net_src comp="2167" pin="1"/><net_sink comp="1175" pin=1"/></net>

<net id="2175"><net_src comp="2167" pin="1"/><net_sink comp="1215" pin=1"/></net>

<net id="2179"><net_src comp="1020" pin="1"/><net_sink comp="2176" pin=0"/></net>

<net id="2180"><net_src comp="2176" pin="1"/><net_sink comp="1395" pin=0"/></net>

<net id="2181"><net_src comp="2176" pin="1"/><net_sink comp="1407" pin=1"/></net>

<net id="2182"><net_src comp="2176" pin="1"/><net_sink comp="1443" pin=1"/></net>

<net id="2183"><net_src comp="2176" pin="1"/><net_sink comp="1470" pin=1"/></net>

<net id="2184"><net_src comp="2176" pin="1"/><net_sink comp="1518" pin=1"/></net>

<net id="2188"><net_src comp="1030" pin="1"/><net_sink comp="2185" pin=0"/></net>

<net id="2189"><net_src comp="2185" pin="1"/><net_sink comp="1401" pin=0"/></net>

<net id="2190"><net_src comp="2185" pin="1"/><net_sink comp="1413" pin=1"/></net>

<net id="2191"><net_src comp="2185" pin="1"/><net_sink comp="1448" pin=1"/></net>

<net id="2192"><net_src comp="2185" pin="1"/><net_sink comp="1475" pin=1"/></net>

<net id="2193"><net_src comp="2185" pin="1"/><net_sink comp="1523" pin=1"/></net>

<net id="2197"><net_src comp="891" pin="2"/><net_sink comp="2194" pin=0"/></net>

<net id="2198"><net_src comp="2194" pin="1"/><net_sink comp="1431" pin=0"/></net>

<net id="2202"><net_src comp="896" pin="2"/><net_sink comp="2199" pin=0"/></net>

<net id="2203"><net_src comp="2199" pin="1"/><net_sink comp="1437" pin=0"/></net>

<net id="2207"><net_src comp="1034" pin="1"/><net_sink comp="2204" pin=0"/></net>

<net id="2208"><net_src comp="2204" pin="1"/><net_sink comp="1419" pin=0"/></net>

<net id="2209"><net_src comp="2204" pin="1"/><net_sink comp="1425" pin=0"/></net>

<net id="2210"><net_src comp="2204" pin="1"/><net_sink comp="1443" pin=0"/></net>

<net id="2211"><net_src comp="2204" pin="1"/><net_sink comp="1448" pin=0"/></net>

<net id="2212"><net_src comp="2204" pin="1"/><net_sink comp="1453" pin=0"/></net>

<net id="2216"><net_src comp="905" pin="2"/><net_sink comp="2213" pin=0"/></net>

<net id="2217"><net_src comp="2213" pin="1"/><net_sink comp="1419" pin=0"/></net>

<net id="2221"><net_src comp="910" pin="2"/><net_sink comp="2218" pin=0"/></net>

<net id="2222"><net_src comp="2218" pin="1"/><net_sink comp="1425" pin=0"/></net>

<net id="2226"><net_src comp="382" pin="3"/><net_sink comp="2223" pin=0"/></net>

<net id="2227"><net_src comp="2223" pin="1"/><net_sink comp="108" pin=2"/></net>

<net id="2231"><net_src comp="390" pin="3"/><net_sink comp="2228" pin=0"/></net>

<net id="2232"><net_src comp="2228" pin="1"/><net_sink comp="108" pin=0"/></net>

<net id="2236"><net_src comp="398" pin="3"/><net_sink comp="2233" pin=0"/></net>

<net id="2237"><net_src comp="2233" pin="1"/><net_sink comp="118" pin=2"/></net>

<net id="2241"><net_src comp="406" pin="3"/><net_sink comp="2238" pin=0"/></net>

<net id="2242"><net_src comp="2238" pin="1"/><net_sink comp="118" pin=0"/></net>

<net id="2246"><net_src comp="1042" pin="1"/><net_sink comp="2243" pin=0"/></net>

<net id="2247"><net_src comp="2243" pin="1"/><net_sink comp="1045" pin=0"/></net>

<net id="2248"><net_src comp="2243" pin="1"/><net_sink comp="1084" pin=1"/></net>

<net id="2249"><net_src comp="2243" pin="1"/><net_sink comp="1129" pin=1"/></net>

<net id="2250"><net_src comp="2243" pin="1"/><net_sink comp="1180" pin=1"/></net>

<net id="2251"><net_src comp="2243" pin="1"/><net_sink comp="1228" pin=1"/></net>

<net id="2255"><net_src comp="1050" pin="1"/><net_sink comp="2252" pin=0"/></net>

<net id="2256"><net_src comp="2252" pin="1"/><net_sink comp="1057" pin=0"/></net>

<net id="2257"><net_src comp="2252" pin="1"/><net_sink comp="1088" pin=1"/></net>

<net id="2258"><net_src comp="2252" pin="1"/><net_sink comp="1133" pin=1"/></net>

<net id="2259"><net_src comp="2252" pin="1"/><net_sink comp="1197" pin=1"/></net>

<net id="2260"><net_src comp="2252" pin="1"/><net_sink comp="1232" pin=1"/></net>

<net id="2264"><net_src comp="1053" pin="1"/><net_sink comp="2261" pin=0"/></net>

<net id="2265"><net_src comp="2261" pin="1"/><net_sink comp="1431" pin=0"/></net>

<net id="2266"><net_src comp="2261" pin="1"/><net_sink comp="1437" pin=1"/></net>

<net id="2267"><net_src comp="2261" pin="1"/><net_sink comp="1453" pin=1"/></net>

<net id="2268"><net_src comp="2261" pin="1"/><net_sink comp="1480" pin=1"/></net>

<net id="2269"><net_src comp="2261" pin="1"/><net_sink comp="1528" pin=1"/></net>

<net id="2273"><net_src comp="1062" pin="1"/><net_sink comp="2270" pin=0"/></net>

<net id="2274"><net_src comp="2270" pin="1"/><net_sink comp="1066" pin=0"/></net>

<net id="2275"><net_src comp="2270" pin="1"/><net_sink comp="1071" pin=0"/></net>

<net id="2276"><net_src comp="2270" pin="1"/><net_sink comp="1080" pin=0"/></net>

<net id="2277"><net_src comp="2270" pin="1"/><net_sink comp="1084" pin=0"/></net>

<net id="2278"><net_src comp="2270" pin="1"/><net_sink comp="1088" pin=0"/></net>

<net id="2282"><net_src comp="915" pin="2"/><net_sink comp="2279" pin=0"/></net>

<net id="2283"><net_src comp="2279" pin="1"/><net_sink comp="1443" pin=0"/></net>

<net id="2287"><net_src comp="919" pin="2"/><net_sink comp="2284" pin=0"/></net>

<net id="2288"><net_src comp="2284" pin="1"/><net_sink comp="1448" pin=0"/></net>

<net id="2292"><net_src comp="923" pin="2"/><net_sink comp="2289" pin=0"/></net>

<net id="2293"><net_src comp="2289" pin="1"/><net_sink comp="1453" pin=0"/></net>

<net id="2297"><net_src comp="1076" pin="1"/><net_sink comp="2294" pin=0"/></net>

<net id="2298"><net_src comp="2294" pin="1"/><net_sink comp="1459" pin=0"/></net>

<net id="2299"><net_src comp="2294" pin="1"/><net_sink comp="1465" pin=0"/></net>

<net id="2300"><net_src comp="2294" pin="1"/><net_sink comp="1470" pin=0"/></net>

<net id="2301"><net_src comp="2294" pin="1"/><net_sink comp="1475" pin=0"/></net>

<net id="2302"><net_src comp="2294" pin="1"/><net_sink comp="1480" pin=0"/></net>

<net id="2306"><net_src comp="931" pin="2"/><net_sink comp="2303" pin=0"/></net>

<net id="2307"><net_src comp="2303" pin="1"/><net_sink comp="1459" pin=0"/></net>

<net id="2311"><net_src comp="418" pin="3"/><net_sink comp="2308" pin=0"/></net>

<net id="2312"><net_src comp="2308" pin="1"/><net_sink comp="108" pin=2"/></net>

<net id="2316"><net_src comp="426" pin="3"/><net_sink comp="2313" pin=0"/></net>

<net id="2317"><net_src comp="2313" pin="1"/><net_sink comp="108" pin=0"/></net>

<net id="2321"><net_src comp="434" pin="3"/><net_sink comp="2318" pin=0"/></net>

<net id="2322"><net_src comp="2318" pin="1"/><net_sink comp="118" pin=2"/></net>

<net id="2326"><net_src comp="442" pin="3"/><net_sink comp="2323" pin=0"/></net>

<net id="2327"><net_src comp="2323" pin="1"/><net_sink comp="118" pin=0"/></net>

<net id="2331"><net_src comp="1367" pin="3"/><net_sink comp="2328" pin=0"/></net>

<net id="2332"><net_src comp="2328" pin="1"/><net_sink comp="1533" pin=0"/></net>

<net id="2336"><net_src comp="1374" pin="3"/><net_sink comp="2333" pin=0"/></net>

<net id="2337"><net_src comp="2333" pin="1"/><net_sink comp="1540" pin=0"/></net>

<net id="2341"><net_src comp="1381" pin="3"/><net_sink comp="2338" pin=0"/></net>

<net id="2342"><net_src comp="2338" pin="1"/><net_sink comp="1612" pin=0"/></net>

<net id="2346"><net_src comp="1388" pin="3"/><net_sink comp="2343" pin=0"/></net>

<net id="2347"><net_src comp="2343" pin="1"/><net_sink comp="1638" pin=0"/></net>

<net id="2351"><net_src comp="1092" pin="1"/><net_sink comp="2348" pin=0"/></net>

<net id="2352"><net_src comp="2348" pin="1"/><net_sink comp="1096" pin=0"/></net>

<net id="2353"><net_src comp="2348" pin="1"/><net_sink comp="1121" pin=0"/></net>

<net id="2354"><net_src comp="2348" pin="1"/><net_sink comp="1125" pin=0"/></net>

<net id="2355"><net_src comp="2348" pin="1"/><net_sink comp="1129" pin=0"/></net>

<net id="2356"><net_src comp="2348" pin="1"/><net_sink comp="1133" pin=0"/></net>

<net id="2360"><net_src comp="936" pin="2"/><net_sink comp="2357" pin=0"/></net>

<net id="2361"><net_src comp="2357" pin="1"/><net_sink comp="1465" pin=0"/></net>

<net id="2365"><net_src comp="940" pin="2"/><net_sink comp="2362" pin=0"/></net>

<net id="2366"><net_src comp="2362" pin="1"/><net_sink comp="1470" pin=0"/></net>

<net id="2370"><net_src comp="944" pin="2"/><net_sink comp="2367" pin=0"/></net>

<net id="2371"><net_src comp="2367" pin="1"/><net_sink comp="1475" pin=0"/></net>

<net id="2375"><net_src comp="948" pin="2"/><net_sink comp="2372" pin=0"/></net>

<net id="2376"><net_src comp="2372" pin="1"/><net_sink comp="1480" pin=0"/></net>

<net id="2380"><net_src comp="1101" pin="1"/><net_sink comp="2377" pin=0"/></net>

<net id="2381"><net_src comp="2377" pin="1"/><net_sink comp="1485" pin=0"/></net>

<net id="2382"><net_src comp="2377" pin="1"/><net_sink comp="1491" pin=0"/></net>

<net id="2383"><net_src comp="2377" pin="1"/><net_sink comp="1518" pin=0"/></net>

<net id="2384"><net_src comp="2377" pin="1"/><net_sink comp="1523" pin=0"/></net>

<net id="2385"><net_src comp="2377" pin="1"/><net_sink comp="1528" pin=0"/></net>

<net id="2389"><net_src comp="454" pin="3"/><net_sink comp="2386" pin=0"/></net>

<net id="2390"><net_src comp="2386" pin="1"/><net_sink comp="108" pin=2"/></net>

<net id="2394"><net_src comp="462" pin="3"/><net_sink comp="2391" pin=0"/></net>

<net id="2395"><net_src comp="2391" pin="1"/><net_sink comp="108" pin=0"/></net>

<net id="2399"><net_src comp="470" pin="3"/><net_sink comp="2396" pin=0"/></net>

<net id="2400"><net_src comp="2396" pin="1"/><net_sink comp="118" pin=2"/></net>

<net id="2404"><net_src comp="478" pin="3"/><net_sink comp="2401" pin=0"/></net>

<net id="2405"><net_src comp="2401" pin="1"/><net_sink comp="118" pin=0"/></net>

<net id="2409"><net_src comp="1105" pin="1"/><net_sink comp="2406" pin=0"/></net>

<net id="2410"><net_src comp="2406" pin="1"/><net_sink comp="1497" pin=1"/></net>

<net id="2411"><net_src comp="2406" pin="1"/><net_sink comp="1504" pin=1"/></net>

<net id="2412"><net_src comp="2406" pin="1"/><net_sink comp="1511" pin=1"/></net>

<net id="2413"><net_src comp="2406" pin="1"/><net_sink comp="1554" pin=1"/></net>

<net id="2414"><net_src comp="2406" pin="1"/><net_sink comp="1578" pin=1"/></net>

<net id="2418"><net_src comp="1109" pin="1"/><net_sink comp="2415" pin=0"/></net>

<net id="2419"><net_src comp="2415" pin="1"/><net_sink comp="1497" pin=0"/></net>

<net id="2420"><net_src comp="2415" pin="1"/><net_sink comp="1560" pin=1"/></net>

<net id="2421"><net_src comp="2415" pin="1"/><net_sink comp="1600" pin=1"/></net>

<net id="2422"><net_src comp="2415" pin="1"/><net_sink comp="1648" pin=1"/></net>

<net id="2423"><net_src comp="2415" pin="1"/><net_sink comp="1687" pin=1"/></net>

<net id="2427"><net_src comp="1113" pin="1"/><net_sink comp="2424" pin=0"/></net>

<net id="2428"><net_src comp="2424" pin="1"/><net_sink comp="1504" pin=0"/></net>

<net id="2429"><net_src comp="2424" pin="1"/><net_sink comp="1566" pin=1"/></net>

<net id="2430"><net_src comp="2424" pin="1"/><net_sink comp="1618" pin=1"/></net>

<net id="2431"><net_src comp="2424" pin="1"/><net_sink comp="1654" pin=1"/></net>

<net id="2432"><net_src comp="2424" pin="1"/><net_sink comp="1693" pin=1"/></net>

<net id="2436"><net_src comp="1117" pin="1"/><net_sink comp="2433" pin=0"/></net>

<net id="2437"><net_src comp="2433" pin="1"/><net_sink comp="1511" pin=0"/></net>

<net id="2438"><net_src comp="2433" pin="1"/><net_sink comp="1584" pin=1"/></net>

<net id="2439"><net_src comp="2433" pin="1"/><net_sink comp="1623" pin=1"/></net>

<net id="2440"><net_src comp="2433" pin="1"/><net_sink comp="1660" pin=1"/></net>

<net id="2441"><net_src comp="2433" pin="1"/><net_sink comp="1699" pin=1"/></net>

<net id="2445"><net_src comp="1395" pin="3"/><net_sink comp="2442" pin=0"/></net>

<net id="2446"><net_src comp="2442" pin="1"/><net_sink comp="1547" pin=0"/></net>

<net id="2450"><net_src comp="1401" pin="3"/><net_sink comp="2447" pin=0"/></net>

<net id="2451"><net_src comp="2447" pin="1"/><net_sink comp="1572" pin=0"/></net>

<net id="2455"><net_src comp="1407" pin="3"/><net_sink comp="2452" pin=0"/></net>

<net id="2456"><net_src comp="2452" pin="1"/><net_sink comp="1643" pin=0"/></net>

<net id="2460"><net_src comp="1413" pin="3"/><net_sink comp="2457" pin=0"/></net>

<net id="2461"><net_src comp="2457" pin="1"/><net_sink comp="1672" pin=0"/></net>

<net id="2465"><net_src comp="1419" pin="3"/><net_sink comp="2462" pin=0"/></net>

<net id="2466"><net_src comp="2462" pin="1"/><net_sink comp="1705" pin=0"/></net>

<net id="2470"><net_src comp="1425" pin="3"/><net_sink comp="2467" pin=0"/></net>

<net id="2471"><net_src comp="2467" pin="1"/><net_sink comp="1711" pin=0"/></net>

<net id="2475"><net_src comp="972" pin="2"/><net_sink comp="2472" pin=0"/></net>

<net id="2476"><net_src comp="2472" pin="1"/><net_sink comp="1485" pin=0"/></net>

<net id="2480"><net_src comp="977" pin="2"/><net_sink comp="2477" pin=0"/></net>

<net id="2481"><net_src comp="2477" pin="1"/><net_sink comp="1491" pin=0"/></net>

<net id="2485"><net_src comp="982" pin="2"/><net_sink comp="2482" pin=0"/></net>

<net id="2486"><net_src comp="2482" pin="1"/><net_sink comp="1518" pin=0"/></net>

<net id="2490"><net_src comp="987" pin="2"/><net_sink comp="2487" pin=0"/></net>

<net id="2491"><net_src comp="2487" pin="1"/><net_sink comp="1523" pin=0"/></net>

<net id="2495"><net_src comp="490" pin="3"/><net_sink comp="2492" pin=0"/></net>

<net id="2496"><net_src comp="2492" pin="1"/><net_sink comp="108" pin=2"/></net>

<net id="2500"><net_src comp="498" pin="3"/><net_sink comp="2497" pin=0"/></net>

<net id="2501"><net_src comp="2497" pin="1"/><net_sink comp="108" pin=0"/></net>

<net id="2505"><net_src comp="506" pin="3"/><net_sink comp="2502" pin=0"/></net>

<net id="2506"><net_src comp="2502" pin="1"/><net_sink comp="118" pin=2"/></net>

<net id="2510"><net_src comp="514" pin="3"/><net_sink comp="2507" pin=0"/></net>

<net id="2511"><net_src comp="2507" pin="1"/><net_sink comp="118" pin=0"/></net>

<net id="2515"><net_src comp="1137" pin="1"/><net_sink comp="2512" pin=0"/></net>

<net id="2516"><net_src comp="2512" pin="1"/><net_sink comp="1533" pin=1"/></net>

<net id="2517"><net_src comp="2512" pin="1"/><net_sink comp="1540" pin=1"/></net>

<net id="2518"><net_src comp="2512" pin="1"/><net_sink comp="1547" pin=1"/></net>

<net id="2519"><net_src comp="2512" pin="1"/><net_sink comp="1572" pin=1"/></net>

<net id="2520"><net_src comp="2512" pin="1"/><net_sink comp="1606" pin=1"/></net>

<net id="2524"><net_src comp="1141" pin="1"/><net_sink comp="2521" pin=0"/></net>

<net id="2525"><net_src comp="2521" pin="1"/><net_sink comp="1533" pin=0"/></net>

<net id="2526"><net_src comp="2521" pin="1"/><net_sink comp="1612" pin=1"/></net>

<net id="2527"><net_src comp="2521" pin="1"/><net_sink comp="1705" pin=1"/></net>

<net id="2528"><net_src comp="2521" pin="1"/><net_sink comp="1744" pin=1"/></net>

<net id="2529"><net_src comp="2521" pin="1"/><net_sink comp="1774" pin=1"/></net>

<net id="2533"><net_src comp="1000" pin="2"/><net_sink comp="2530" pin=0"/></net>

<net id="2534"><net_src comp="2530" pin="1"/><net_sink comp="1497" pin=0"/></net>

<net id="2538"><net_src comp="1145" pin="1"/><net_sink comp="2535" pin=0"/></net>

<net id="2539"><net_src comp="2535" pin="1"/><net_sink comp="1540" pin=0"/></net>

<net id="2540"><net_src comp="2535" pin="1"/><net_sink comp="1638" pin=1"/></net>

<net id="2541"><net_src comp="2535" pin="1"/><net_sink comp="1711" pin=1"/></net>

<net id="2542"><net_src comp="2535" pin="1"/><net_sink comp="1750" pin=1"/></net>

<net id="2543"><net_src comp="2535" pin="1"/><net_sink comp="1780" pin=1"/></net>

<net id="2547"><net_src comp="1010" pin="2"/><net_sink comp="2544" pin=0"/></net>

<net id="2548"><net_src comp="2544" pin="1"/><net_sink comp="1504" pin=0"/></net>

<net id="2552"><net_src comp="1149" pin="1"/><net_sink comp="2549" pin=0"/></net>

<net id="2553"><net_src comp="2549" pin="1"/><net_sink comp="1547" pin=0"/></net>

<net id="2554"><net_src comp="2549" pin="1"/><net_sink comp="1643" pin=1"/></net>

<net id="2555"><net_src comp="2549" pin="1"/><net_sink comp="1717" pin=1"/></net>

<net id="2556"><net_src comp="2549" pin="1"/><net_sink comp="1756" pin=1"/></net>

<net id="2557"><net_src comp="2549" pin="1"/><net_sink comp="1786" pin=1"/></net>

<net id="2561"><net_src comp="1024" pin="2"/><net_sink comp="2558" pin=0"/></net>

<net id="2562"><net_src comp="2558" pin="1"/><net_sink comp="1511" pin=0"/></net>

<net id="2566"><net_src comp="1153" pin="1"/><net_sink comp="2563" pin=0"/></net>

<net id="2567"><net_src comp="2563" pin="1"/><net_sink comp="1554" pin=0"/></net>

<net id="2568"><net_src comp="2563" pin="1"/><net_sink comp="1589" pin=1"/></net>

<net id="2569"><net_src comp="2563" pin="1"/><net_sink comp="1628" pin=1"/></net>

<net id="2570"><net_src comp="2563" pin="1"/><net_sink comp="1666" pin=1"/></net>

<net id="2571"><net_src comp="2563" pin="1"/><net_sink comp="1729" pin=1"/></net>

<net id="2575"><net_src comp="1431" pin="3"/><net_sink comp="2572" pin=0"/></net>

<net id="2576"><net_src comp="2572" pin="1"/><net_sink comp="1606" pin=0"/></net>

<net id="2580"><net_src comp="1157" pin="1"/><net_sink comp="2577" pin=0"/></net>

<net id="2581"><net_src comp="2577" pin="1"/><net_sink comp="1560" pin=0"/></net>

<net id="2582"><net_src comp="2577" pin="1"/><net_sink comp="1566" pin=0"/></net>

<net id="2583"><net_src comp="2577" pin="1"/><net_sink comp="1584" pin=0"/></net>

<net id="2584"><net_src comp="2577" pin="1"/><net_sink comp="1589" pin=0"/></net>

<net id="2585"><net_src comp="2577" pin="1"/><net_sink comp="1594" pin=0"/></net>

<net id="2589"><net_src comp="1437" pin="3"/><net_sink comp="2586" pin=0"/></net>

<net id="2590"><net_src comp="2586" pin="1"/><net_sink comp="1677" pin=0"/></net>

<net id="2594"><net_src comp="1443" pin="3"/><net_sink comp="2591" pin=0"/></net>

<net id="2595"><net_src comp="2591" pin="1"/><net_sink comp="1717" pin=0"/></net>

<net id="2599"><net_src comp="1448" pin="3"/><net_sink comp="2596" pin=0"/></net>

<net id="2600"><net_src comp="2596" pin="1"/><net_sink comp="1723" pin=0"/></net>

<net id="2604"><net_src comp="1453" pin="3"/><net_sink comp="2601" pin=0"/></net>

<net id="2605"><net_src comp="2601" pin="1"/><net_sink comp="1739" pin=0"/></net>

<net id="2609"><net_src comp="1161" pin="1"/><net_sink comp="2606" pin=0"/></net>

<net id="2610"><net_src comp="2606" pin="1"/><net_sink comp="1165" pin=0"/></net>

<net id="2611"><net_src comp="2606" pin="1"/><net_sink comp="1170" pin=0"/></net>

<net id="2612"><net_src comp="2606" pin="1"/><net_sink comp="1175" pin=0"/></net>

<net id="2613"><net_src comp="2606" pin="1"/><net_sink comp="1180" pin=0"/></net>

<net id="2614"><net_src comp="2606" pin="1"/><net_sink comp="1197" pin=0"/></net>

<net id="2618"><net_src comp="1459" pin="3"/><net_sink comp="2615" pin=0"/></net>

<net id="2619"><net_src comp="2615" pin="1"/><net_sink comp="1744" pin=0"/></net>

<net id="2623"><net_src comp="1038" pin="2"/><net_sink comp="2620" pin=0"/></net>

<net id="2624"><net_src comp="2620" pin="1"/><net_sink comp="1528" pin=0"/></net>

<net id="2628"><net_src comp="526" pin="3"/><net_sink comp="2625" pin=0"/></net>

<net id="2629"><net_src comp="2625" pin="1"/><net_sink comp="108" pin=0"/></net>

<net id="2633"><net_src comp="534" pin="3"/><net_sink comp="2630" pin=0"/></net>

<net id="2634"><net_src comp="2630" pin="1"/><net_sink comp="118" pin=0"/></net>

<net id="2638"><net_src comp="1185" pin="1"/><net_sink comp="2635" pin=0"/></net>

<net id="2639"><net_src comp="2635" pin="1"/><net_sink comp="1572" pin=0"/></net>

<net id="2640"><net_src comp="2635" pin="1"/><net_sink comp="1672" pin=1"/></net>

<net id="2641"><net_src comp="2635" pin="1"/><net_sink comp="1723" pin=1"/></net>

<net id="2642"><net_src comp="2635" pin="1"/><net_sink comp="1762" pin=1"/></net>

<net id="2643"><net_src comp="2635" pin="1"/><net_sink comp="1792" pin=1"/></net>

<net id="2647"><net_src comp="1045" pin="2"/><net_sink comp="2644" pin=0"/></net>

<net id="2648"><net_src comp="2644" pin="1"/><net_sink comp="1554" pin=0"/></net>

<net id="2652"><net_src comp="1189" pin="1"/><net_sink comp="2649" pin=0"/></net>

<net id="2653"><net_src comp="2649" pin="1"/><net_sink comp="1578" pin=0"/></net>

<net id="2654"><net_src comp="2649" pin="1"/><net_sink comp="1594" pin=1"/></net>

<net id="2655"><net_src comp="2649" pin="1"/><net_sink comp="1633" pin=1"/></net>

<net id="2656"><net_src comp="2649" pin="1"/><net_sink comp="1682" pin=1"/></net>

<net id="2657"><net_src comp="2649" pin="1"/><net_sink comp="1734" pin=1"/></net>

<net id="2661"><net_src comp="1057" pin="2"/><net_sink comp="2658" pin=0"/></net>

<net id="2662"><net_src comp="2658" pin="1"/><net_sink comp="1578" pin=0"/></net>

<net id="2666"><net_src comp="1066" pin="2"/><net_sink comp="2663" pin=0"/></net>

<net id="2667"><net_src comp="2663" pin="1"/><net_sink comp="1560" pin=0"/></net>

<net id="2671"><net_src comp="1071" pin="2"/><net_sink comp="2668" pin=0"/></net>

<net id="2672"><net_src comp="2668" pin="1"/><net_sink comp="1566" pin=0"/></net>

<net id="2676"><net_src comp="1193" pin="1"/><net_sink comp="2673" pin=0"/></net>

<net id="2677"><net_src comp="2673" pin="1"/><net_sink comp="1600" pin=0"/></net>

<net id="2678"><net_src comp="2673" pin="1"/><net_sink comp="1618" pin=0"/></net>

<net id="2679"><net_src comp="2673" pin="1"/><net_sink comp="1623" pin=0"/></net>

<net id="2680"><net_src comp="2673" pin="1"/><net_sink comp="1628" pin=0"/></net>

<net id="2681"><net_src comp="2673" pin="1"/><net_sink comp="1633" pin=0"/></net>

<net id="2685"><net_src comp="1465" pin="3"/><net_sink comp="2682" pin=0"/></net>

<net id="2686"><net_src comp="2682" pin="1"/><net_sink comp="1750" pin=0"/></net>

<net id="2690"><net_src comp="1470" pin="3"/><net_sink comp="2687" pin=0"/></net>

<net id="2691"><net_src comp="2687" pin="1"/><net_sink comp="1756" pin=0"/></net>

<net id="2695"><net_src comp="1475" pin="3"/><net_sink comp="2692" pin=0"/></net>

<net id="2696"><net_src comp="2692" pin="1"/><net_sink comp="1762" pin=0"/></net>

<net id="2700"><net_src comp="1480" pin="3"/><net_sink comp="2697" pin=0"/></net>

<net id="2701"><net_src comp="2697" pin="1"/><net_sink comp="1768" pin=0"/></net>

<net id="2705"><net_src comp="1201" pin="1"/><net_sink comp="2702" pin=0"/></net>

<net id="2706"><net_src comp="2702" pin="1"/><net_sink comp="1205" pin=0"/></net>

<net id="2707"><net_src comp="2702" pin="1"/><net_sink comp="1210" pin=0"/></net>

<net id="2708"><net_src comp="2702" pin="1"/><net_sink comp="1215" pin=0"/></net>

<net id="2709"><net_src comp="2702" pin="1"/><net_sink comp="1228" pin=0"/></net>

<net id="2710"><net_src comp="2702" pin="1"/><net_sink comp="1232" pin=0"/></net>

<net id="2714"><net_src comp="1485" pin="3"/><net_sink comp="2711" pin=0"/></net>

<net id="2715"><net_src comp="2711" pin="1"/><net_sink comp="1774" pin=0"/></net>

<net id="2719"><net_src comp="1491" pin="3"/><net_sink comp="2716" pin=0"/></net>

<net id="2720"><net_src comp="2716" pin="1"/><net_sink comp="1780" pin=0"/></net>

<net id="2724"><net_src comp="1497" pin="3"/><net_sink comp="2721" pin=0"/></net>

<net id="2725"><net_src comp="2721" pin="1"/><net_sink comp="1240" pin=1"/></net>

<net id="2729"><net_src comp="1504" pin="3"/><net_sink comp="2726" pin=0"/></net>

<net id="2730"><net_src comp="2726" pin="1"/><net_sink comp="1245" pin=1"/></net>

<net id="2734"><net_src comp="1511" pin="3"/><net_sink comp="2731" pin=0"/></net>

<net id="2735"><net_src comp="2731" pin="1"/><net_sink comp="1250" pin=1"/></net>

<net id="2739"><net_src comp="1220" pin="1"/><net_sink comp="2736" pin=0"/></net>

<net id="2740"><net_src comp="2736" pin="1"/><net_sink comp="1606" pin=0"/></net>

<net id="2741"><net_src comp="2736" pin="1"/><net_sink comp="1677" pin=1"/></net>

<net id="2742"><net_src comp="2736" pin="1"/><net_sink comp="1739" pin=1"/></net>

<net id="2743"><net_src comp="2736" pin="1"/><net_sink comp="1768" pin=1"/></net>

<net id="2744"><net_src comp="2736" pin="1"/><net_sink comp="1798" pin=1"/></net>

<net id="2748"><net_src comp="1224" pin="1"/><net_sink comp="2745" pin=0"/></net>

<net id="2749"><net_src comp="2745" pin="1"/><net_sink comp="1612" pin=0"/></net>

<net id="2750"><net_src comp="2745" pin="1"/><net_sink comp="1638" pin=0"/></net>

<net id="2751"><net_src comp="2745" pin="1"/><net_sink comp="1643" pin=0"/></net>

<net id="2752"><net_src comp="2745" pin="1"/><net_sink comp="1672" pin=0"/></net>

<net id="2753"><net_src comp="2745" pin="1"/><net_sink comp="1677" pin=0"/></net>

<net id="2757"><net_src comp="1080" pin="2"/><net_sink comp="2754" pin=0"/></net>

<net id="2758"><net_src comp="2754" pin="1"/><net_sink comp="1584" pin=0"/></net>

<net id="2762"><net_src comp="1084" pin="2"/><net_sink comp="2759" pin=0"/></net>

<net id="2763"><net_src comp="2759" pin="1"/><net_sink comp="1589" pin=0"/></net>

<net id="2767"><net_src comp="1088" pin="2"/><net_sink comp="2764" pin=0"/></net>

<net id="2768"><net_src comp="2764" pin="1"/><net_sink comp="1594" pin=0"/></net>

<net id="2772"><net_src comp="1096" pin="2"/><net_sink comp="2769" pin=0"/></net>

<net id="2773"><net_src comp="2769" pin="1"/><net_sink comp="1600" pin=0"/></net>

<net id="2777"><net_src comp="1518" pin="3"/><net_sink comp="2774" pin=0"/></net>

<net id="2778"><net_src comp="2774" pin="1"/><net_sink comp="1786" pin=0"/></net>

<net id="2782"><net_src comp="1523" pin="3"/><net_sink comp="2779" pin=0"/></net>

<net id="2783"><net_src comp="2779" pin="1"/><net_sink comp="1792" pin=0"/></net>

<net id="2787"><net_src comp="1528" pin="3"/><net_sink comp="2784" pin=0"/></net>

<net id="2788"><net_src comp="2784" pin="1"/><net_sink comp="1798" pin=0"/></net>

<net id="2792"><net_src comp="1533" pin="3"/><net_sink comp="2789" pin=0"/></net>

<net id="2793"><net_src comp="2789" pin="1"/><net_sink comp="1240" pin=0"/></net>

<net id="2797"><net_src comp="1540" pin="3"/><net_sink comp="2794" pin=0"/></net>

<net id="2798"><net_src comp="2794" pin="1"/><net_sink comp="1245" pin=0"/></net>

<net id="2802"><net_src comp="1547" pin="3"/><net_sink comp="2799" pin=0"/></net>

<net id="2803"><net_src comp="2799" pin="1"/><net_sink comp="1250" pin=0"/></net>

<net id="2807"><net_src comp="1554" pin="3"/><net_sink comp="2804" pin=0"/></net>

<net id="2808"><net_src comp="2804" pin="1"/><net_sink comp="1258" pin=1"/></net>

<net id="2812"><net_src comp="1560" pin="3"/><net_sink comp="2809" pin=0"/></net>

<net id="2813"><net_src comp="2809" pin="1"/><net_sink comp="1272" pin=1"/></net>

<net id="2817"><net_src comp="1566" pin="3"/><net_sink comp="2814" pin=0"/></net>

<net id="2818"><net_src comp="2814" pin="1"/><net_sink comp="1281" pin=1"/></net>

<net id="2822"><net_src comp="1121" pin="2"/><net_sink comp="2819" pin=0"/></net>

<net id="2823"><net_src comp="2819" pin="1"/><net_sink comp="1618" pin=0"/></net>

<net id="2827"><net_src comp="1125" pin="2"/><net_sink comp="2824" pin=0"/></net>

<net id="2828"><net_src comp="2824" pin="1"/><net_sink comp="1623" pin=0"/></net>

<net id="2832"><net_src comp="1129" pin="2"/><net_sink comp="2829" pin=0"/></net>

<net id="2833"><net_src comp="2829" pin="1"/><net_sink comp="1628" pin=0"/></net>

<net id="2837"><net_src comp="1133" pin="2"/><net_sink comp="2834" pin=0"/></net>

<net id="2838"><net_src comp="2834" pin="1"/><net_sink comp="1633" pin=0"/></net>

<net id="2842"><net_src comp="1236" pin="1"/><net_sink comp="2839" pin=0"/></net>

<net id="2843"><net_src comp="2839" pin="1"/><net_sink comp="1648" pin=0"/></net>

<net id="2844"><net_src comp="2839" pin="1"/><net_sink comp="1654" pin=0"/></net>

<net id="2845"><net_src comp="2839" pin="1"/><net_sink comp="1660" pin=0"/></net>

<net id="2846"><net_src comp="2839" pin="1"/><net_sink comp="1666" pin=0"/></net>

<net id="2847"><net_src comp="2839" pin="1"/><net_sink comp="1682" pin=0"/></net>

<net id="2851"><net_src comp="1250" pin="2"/><net_sink comp="2848" pin=0"/></net>

<net id="2852"><net_src comp="2848" pin="1"/><net_sink comp="560" pin=1"/></net>

<net id="2856"><net_src comp="1572" pin="3"/><net_sink comp="2853" pin=0"/></net>

<net id="2857"><net_src comp="2853" pin="1"/><net_sink comp="1258" pin=0"/></net>

<net id="2861"><net_src comp="1578" pin="3"/><net_sink comp="2858" pin=0"/></net>

<net id="2862"><net_src comp="2858" pin="1"/><net_sink comp="1267" pin=1"/></net>

<net id="2866"><net_src comp="1584" pin="3"/><net_sink comp="2863" pin=0"/></net>

<net id="2867"><net_src comp="2863" pin="1"/><net_sink comp="1286" pin=1"/></net>

<net id="2871"><net_src comp="1589" pin="3"/><net_sink comp="2868" pin=0"/></net>

<net id="2872"><net_src comp="2868" pin="1"/><net_sink comp="1295" pin=1"/></net>

<net id="2876"><net_src comp="1594" pin="3"/><net_sink comp="2873" pin=0"/></net>

<net id="2877"><net_src comp="2873" pin="1"/><net_sink comp="1300" pin=1"/></net>

<net id="2881"><net_src comp="1600" pin="3"/><net_sink comp="2878" pin=0"/></net>

<net id="2882"><net_src comp="2878" pin="1"/><net_sink comp="1305" pin=1"/></net>

<net id="2886"><net_src comp="1165" pin="2"/><net_sink comp="2883" pin=0"/></net>

<net id="2887"><net_src comp="2883" pin="1"/><net_sink comp="1648" pin=0"/></net>

<net id="2891"><net_src comp="1170" pin="2"/><net_sink comp="2888" pin=0"/></net>

<net id="2892"><net_src comp="2888" pin="1"/><net_sink comp="1654" pin=0"/></net>

<net id="2896"><net_src comp="1175" pin="2"/><net_sink comp="2893" pin=0"/></net>

<net id="2897"><net_src comp="2893" pin="1"/><net_sink comp="1660" pin=0"/></net>

<net id="2901"><net_src comp="1180" pin="2"/><net_sink comp="2898" pin=0"/></net>

<net id="2902"><net_src comp="2898" pin="1"/><net_sink comp="1666" pin=0"/></net>

<net id="2906"><net_src comp="1254" pin="1"/><net_sink comp="2903" pin=0"/></net>

<net id="2907"><net_src comp="2903" pin="1"/><net_sink comp="1687" pin=0"/></net>

<net id="2908"><net_src comp="2903" pin="1"/><net_sink comp="1693" pin=0"/></net>

<net id="2909"><net_src comp="2903" pin="1"/><net_sink comp="1699" pin=0"/></net>

<net id="2910"><net_src comp="2903" pin="1"/><net_sink comp="1729" pin=0"/></net>

<net id="2911"><net_src comp="2903" pin="1"/><net_sink comp="1734" pin=0"/></net>

<net id="2915"><net_src comp="1606" pin="3"/><net_sink comp="2912" pin=0"/></net>

<net id="2916"><net_src comp="2912" pin="1"/><net_sink comp="1267" pin=0"/></net>

<net id="2920"><net_src comp="1612" pin="3"/><net_sink comp="2917" pin=0"/></net>

<net id="2921"><net_src comp="2917" pin="1"/><net_sink comp="1272" pin=0"/></net>

<net id="2925"><net_src comp="1263" pin="1"/><net_sink comp="2922" pin=0"/></net>

<net id="2926"><net_src comp="2922" pin="1"/><net_sink comp="1705" pin=0"/></net>

<net id="2927"><net_src comp="2922" pin="1"/><net_sink comp="1711" pin=0"/></net>

<net id="2928"><net_src comp="2922" pin="1"/><net_sink comp="1717" pin=0"/></net>

<net id="2929"><net_src comp="2922" pin="1"/><net_sink comp="1723" pin=0"/></net>

<net id="2930"><net_src comp="2922" pin="1"/><net_sink comp="1739" pin=0"/></net>

<net id="2934"><net_src comp="1618" pin="3"/><net_sink comp="2931" pin=0"/></net>

<net id="2935"><net_src comp="2931" pin="1"/><net_sink comp="1310" pin=1"/></net>

<net id="2939"><net_src comp="1623" pin="3"/><net_sink comp="2936" pin=0"/></net>

<net id="2940"><net_src comp="2936" pin="1"/><net_sink comp="1315" pin=1"/></net>

<net id="2944"><net_src comp="1628" pin="3"/><net_sink comp="2941" pin=0"/></net>

<net id="2945"><net_src comp="2941" pin="1"/><net_sink comp="1319" pin=1"/></net>

<net id="2949"><net_src comp="1633" pin="3"/><net_sink comp="2946" pin=0"/></net>

<net id="2950"><net_src comp="2946" pin="1"/><net_sink comp="1323" pin=1"/></net>

<net id="2954"><net_src comp="1197" pin="2"/><net_sink comp="2951" pin=0"/></net>

<net id="2955"><net_src comp="2951" pin="1"/><net_sink comp="1682" pin=0"/></net>

<net id="2959"><net_src comp="1205" pin="2"/><net_sink comp="2956" pin=0"/></net>

<net id="2960"><net_src comp="2956" pin="1"/><net_sink comp="1687" pin=0"/></net>

<net id="2964"><net_src comp="1210" pin="2"/><net_sink comp="2961" pin=0"/></net>

<net id="2965"><net_src comp="2961" pin="1"/><net_sink comp="1693" pin=0"/></net>

<net id="2969"><net_src comp="1215" pin="2"/><net_sink comp="2966" pin=0"/></net>

<net id="2970"><net_src comp="2966" pin="1"/><net_sink comp="1699" pin=0"/></net>

<net id="2974"><net_src comp="1638" pin="3"/><net_sink comp="2971" pin=0"/></net>

<net id="2975"><net_src comp="2971" pin="1"/><net_sink comp="1281" pin=0"/></net>

<net id="2979"><net_src comp="1643" pin="3"/><net_sink comp="2976" pin=0"/></net>

<net id="2980"><net_src comp="2976" pin="1"/><net_sink comp="1286" pin=0"/></net>

<net id="2984"><net_src comp="1277" pin="1"/><net_sink comp="2981" pin=0"/></net>

<net id="2985"><net_src comp="2981" pin="1"/><net_sink comp="1744" pin=0"/></net>

<net id="2986"><net_src comp="2981" pin="1"/><net_sink comp="1750" pin=0"/></net>

<net id="2987"><net_src comp="2981" pin="1"/><net_sink comp="1756" pin=0"/></net>

<net id="2988"><net_src comp="2981" pin="1"/><net_sink comp="1762" pin=0"/></net>

<net id="2989"><net_src comp="2981" pin="1"/><net_sink comp="1768" pin=0"/></net>

<net id="2993"><net_src comp="1648" pin="3"/><net_sink comp="2990" pin=0"/></net>

<net id="2994"><net_src comp="2990" pin="1"/><net_sink comp="1327" pin=1"/></net>

<net id="2998"><net_src comp="1654" pin="3"/><net_sink comp="2995" pin=0"/></net>

<net id="2999"><net_src comp="2995" pin="1"/><net_sink comp="1331" pin=1"/></net>

<net id="3003"><net_src comp="1660" pin="3"/><net_sink comp="3000" pin=0"/></net>

<net id="3004"><net_src comp="3000" pin="1"/><net_sink comp="1335" pin=1"/></net>

<net id="3008"><net_src comp="1666" pin="3"/><net_sink comp="3005" pin=0"/></net>

<net id="3009"><net_src comp="3005" pin="1"/><net_sink comp="1339" pin=1"/></net>

<net id="3013"><net_src comp="1228" pin="2"/><net_sink comp="3010" pin=0"/></net>

<net id="3014"><net_src comp="3010" pin="1"/><net_sink comp="1729" pin=0"/></net>

<net id="3018"><net_src comp="1232" pin="2"/><net_sink comp="3015" pin=0"/></net>

<net id="3019"><net_src comp="3015" pin="1"/><net_sink comp="1734" pin=0"/></net>

<net id="3023"><net_src comp="1672" pin="3"/><net_sink comp="3020" pin=0"/></net>

<net id="3024"><net_src comp="3020" pin="1"/><net_sink comp="1295" pin=0"/></net>

<net id="3028"><net_src comp="1677" pin="3"/><net_sink comp="3025" pin=0"/></net>

<net id="3029"><net_src comp="3025" pin="1"/><net_sink comp="1300" pin=0"/></net>

<net id="3033"><net_src comp="1682" pin="3"/><net_sink comp="3030" pin=0"/></net>

<net id="3034"><net_src comp="3030" pin="1"/><net_sink comp="1343" pin=1"/></net>

<net id="3038"><net_src comp="1291" pin="1"/><net_sink comp="3035" pin=0"/></net>

<net id="3039"><net_src comp="3035" pin="1"/><net_sink comp="1774" pin=0"/></net>

<net id="3040"><net_src comp="3035" pin="1"/><net_sink comp="1780" pin=0"/></net>

<net id="3041"><net_src comp="3035" pin="1"/><net_sink comp="1786" pin=0"/></net>

<net id="3042"><net_src comp="3035" pin="1"/><net_sink comp="1792" pin=0"/></net>

<net id="3043"><net_src comp="3035" pin="1"/><net_sink comp="1798" pin=0"/></net>

<net id="3047"><net_src comp="1687" pin="3"/><net_sink comp="3044" pin=0"/></net>

<net id="3048"><net_src comp="3044" pin="1"/><net_sink comp="1347" pin=1"/></net>

<net id="3052"><net_src comp="1693" pin="3"/><net_sink comp="3049" pin=0"/></net>

<net id="3053"><net_src comp="3049" pin="1"/><net_sink comp="1351" pin=1"/></net>

<net id="3057"><net_src comp="1699" pin="3"/><net_sink comp="3054" pin=0"/></net>

<net id="3058"><net_src comp="3054" pin="1"/><net_sink comp="1355" pin=1"/></net>

<net id="3062"><net_src comp="1705" pin="3"/><net_sink comp="3059" pin=0"/></net>

<net id="3063"><net_src comp="3059" pin="1"/><net_sink comp="1305" pin=0"/></net>

<net id="3067"><net_src comp="1711" pin="3"/><net_sink comp="3064" pin=0"/></net>

<net id="3068"><net_src comp="3064" pin="1"/><net_sink comp="1310" pin=0"/></net>

<net id="3072"><net_src comp="1717" pin="3"/><net_sink comp="3069" pin=0"/></net>

<net id="3073"><net_src comp="3069" pin="1"/><net_sink comp="1315" pin=0"/></net>

<net id="3077"><net_src comp="1723" pin="3"/><net_sink comp="3074" pin=0"/></net>

<net id="3078"><net_src comp="3074" pin="1"/><net_sink comp="1319" pin=0"/></net>

<net id="3082"><net_src comp="1729" pin="3"/><net_sink comp="3079" pin=0"/></net>

<net id="3083"><net_src comp="3079" pin="1"/><net_sink comp="1359" pin=1"/></net>

<net id="3087"><net_src comp="1734" pin="3"/><net_sink comp="3084" pin=0"/></net>

<net id="3088"><net_src comp="3084" pin="1"/><net_sink comp="1363" pin=1"/></net>

<net id="3092"><net_src comp="1315" pin="2"/><net_sink comp="3089" pin=0"/></net>

<net id="3093"><net_src comp="3089" pin="1"/><net_sink comp="560" pin=1"/></net>

<net id="3097"><net_src comp="1319" pin="2"/><net_sink comp="3094" pin=0"/></net>

<net id="3098"><net_src comp="3094" pin="1"/><net_sink comp="560" pin=4"/></net>

<net id="3102"><net_src comp="1739" pin="3"/><net_sink comp="3099" pin=0"/></net>

<net id="3103"><net_src comp="3099" pin="1"/><net_sink comp="1323" pin=0"/></net>

<net id="3107"><net_src comp="1744" pin="3"/><net_sink comp="3104" pin=0"/></net>

<net id="3108"><net_src comp="3104" pin="1"/><net_sink comp="1327" pin=0"/></net>

<net id="3112"><net_src comp="1750" pin="3"/><net_sink comp="3109" pin=0"/></net>

<net id="3113"><net_src comp="3109" pin="1"/><net_sink comp="1331" pin=0"/></net>

<net id="3117"><net_src comp="1756" pin="3"/><net_sink comp="3114" pin=0"/></net>

<net id="3118"><net_src comp="3114" pin="1"/><net_sink comp="1335" pin=0"/></net>

<net id="3122"><net_src comp="1762" pin="3"/><net_sink comp="3119" pin=0"/></net>

<net id="3123"><net_src comp="3119" pin="1"/><net_sink comp="1339" pin=0"/></net>

<net id="3127"><net_src comp="1768" pin="3"/><net_sink comp="3124" pin=0"/></net>

<net id="3128"><net_src comp="3124" pin="1"/><net_sink comp="1343" pin=0"/></net>

<net id="3132"><net_src comp="1323" pin="2"/><net_sink comp="3129" pin=0"/></net>

<net id="3133"><net_src comp="3129" pin="1"/><net_sink comp="560" pin=1"/></net>

<net id="3137"><net_src comp="1327" pin="2"/><net_sink comp="3134" pin=0"/></net>

<net id="3138"><net_src comp="3134" pin="1"/><net_sink comp="560" pin=4"/></net>

<net id="3142"><net_src comp="1331" pin="2"/><net_sink comp="3139" pin=0"/></net>

<net id="3143"><net_src comp="3139" pin="1"/><net_sink comp="560" pin=1"/></net>

<net id="3147"><net_src comp="1335" pin="2"/><net_sink comp="3144" pin=0"/></net>

<net id="3148"><net_src comp="3144" pin="1"/><net_sink comp="560" pin=4"/></net>

<net id="3152"><net_src comp="1339" pin="2"/><net_sink comp="3149" pin=0"/></net>

<net id="3153"><net_src comp="3149" pin="1"/><net_sink comp="560" pin=1"/></net>

<net id="3157"><net_src comp="1343" pin="2"/><net_sink comp="3154" pin=0"/></net>

<net id="3158"><net_src comp="3154" pin="1"/><net_sink comp="560" pin=4"/></net>

<net id="3162"><net_src comp="1774" pin="3"/><net_sink comp="3159" pin=0"/></net>

<net id="3163"><net_src comp="3159" pin="1"/><net_sink comp="1347" pin=0"/></net>

<net id="3167"><net_src comp="1780" pin="3"/><net_sink comp="3164" pin=0"/></net>

<net id="3168"><net_src comp="3164" pin="1"/><net_sink comp="1351" pin=0"/></net>

<net id="3172"><net_src comp="1786" pin="3"/><net_sink comp="3169" pin=0"/></net>

<net id="3173"><net_src comp="3169" pin="1"/><net_sink comp="1355" pin=0"/></net>

<net id="3177"><net_src comp="1792" pin="3"/><net_sink comp="3174" pin=0"/></net>

<net id="3178"><net_src comp="3174" pin="1"/><net_sink comp="1359" pin=0"/></net>

<net id="3182"><net_src comp="1798" pin="3"/><net_sink comp="3179" pin=0"/></net>

<net id="3183"><net_src comp="3179" pin="1"/><net_sink comp="1363" pin=0"/></net>

<net id="3187"><net_src comp="1347" pin="2"/><net_sink comp="3184" pin=0"/></net>

<net id="3188"><net_src comp="3184" pin="1"/><net_sink comp="560" pin=1"/></net>

<net id="3192"><net_src comp="1351" pin="2"/><net_sink comp="3189" pin=0"/></net>

<net id="3193"><net_src comp="3189" pin="1"/><net_sink comp="560" pin=4"/></net>

<net id="3197"><net_src comp="1355" pin="2"/><net_sink comp="3194" pin=0"/></net>

<net id="3198"><net_src comp="3194" pin="1"/><net_sink comp="560" pin=4"/></net>

<net id="3202"><net_src comp="1359" pin="2"/><net_sink comp="3199" pin=0"/></net>

<net id="3203"><net_src comp="3199" pin="1"/><net_sink comp="560" pin=1"/></net>

<net id="3207"><net_src comp="1363" pin="2"/><net_sink comp="3204" pin=0"/></net>

<net id="3208"><net_src comp="3204" pin="1"/><net_sink comp="560" pin=1"/></net>

</net_list>

</model> 
---------------- Datapath Model END ------------------

* FSMD analyzer results:
  - Output states:
	Port: prod | {16 17 18 19 20 21 22 23 24 25 26 27 28 }
 - Input state : 
	Port: matrix_mult : a | {1 2 3 4 5 6 7 8 9 10 11 12 13 14 }
	Port: matrix_mult : b | {1 2 3 4 5 6 7 8 9 10 11 12 13 14 }
  - Chain level:
	State 1
		a_load_3 : 1
		b_load_3 : 1
		b_load_8 : 1
		a_load_8 : 1
	State 2
		sext_ln21_6 : 1
		sext_ln21_7 : 1
		mul_ln21_3 : 2
		sext_ln21_13 : 1
		mul_ln21_8 : 2
		b_load_13 : 1
		b_load_18 : 1
		sext_ln21_33 : 1
		mul_ln21_28 : 2
		mul_ln21_33 : 2
		a_load_13 : 1
		a_load_18 : 1
	State 3
		a_load_1 : 1
		b_load_1 : 1
		sext_ln21_18 : 1
		mul_ln21_13 : 2
		sext_ln21_23 : 1
		mul_ln21_18 : 2
		b_load_23 : 1
		mul_ln21_38 : 2
		mul_ln21_43 : 2
		a_load_23 : 1
	State 4
		b_load_6 : 1
		b_load_11 : 1
		sext_ln21_28 : 1
		mul_ln21_23 : 2
		a_load_6 : 1
		mul_ln21_48 : 2
		a_load_11 : 1
		mul_ln21_53 : 1
		mul_ln21_58 : 1
	State 5
		b_load_16 : 1
		b_load_21 : 1
		a_load_16 : 1
		mul_ln21_78 : 1
		a_load_21 : 1
	State 6
		a_load_4 : 1
		b_load_4 : 1
		b_load_9 : 1
		a_load_9 : 1
	State 7
		sext_ln21_8 : 1
		sext_ln21_9 : 1
		mul_ln21_2 : 2
		sext_ln21_14 : 1
		mul_ln21_7 : 2
		b_load_14 : 1
		b_load_19 : 1
		sext_ln21_34 : 1
		mul_ln21_27 : 2
		mul_ln21_32 : 2
		a_load_14 : 1
		a_load_19 : 1
		mul_ln21_103 : 1
		mul_ln21_108 : 1
		mul_ln21_113 : 1
		mul_ln21_118 : 1
	State 8
		a_load : 1
		b_load : 1
		mul_ln21_1 : 1
		mul_ln21_6 : 1
		sext_ln21_19 : 1
		mul_ln21_11 : 1
		mul_ln21_12 : 2
		sext_ln21_24 : 1
		mul_ln21_17 : 2
		b_load_24 : 1
		mul_ln21_37 : 2
		mul_ln21_42 : 2
		sext_ln21_39 : 1
		mul_ln21_52 : 2
		mul_ln21_57 : 2
		a_load_24 : 1
	State 9
		a_load_2 : 1
		b_load_2 : 1
		add_ln21_1 : 1
		b_load_5 : 1
		add_ln21_5 : 1
		mul_ln21_16 : 1
		sext_ln21_29 : 1
		mul_ln21_21 : 1
		mul_ln21_22 : 2
		a_load_5 : 1
		mul_ln21_26 : 1
		add_ln21_21 : 1
		mul_ln21_31 : 1
		add_ln21_25 : 1
		mul_ln21_47 : 2
		mul_ln21_72 : 2
		mul_ln21_77 : 1
	State 10
		b_load_7 : 1
		b_load_10 : 1
		add_ln21_9 : 1
		add_ln21_13 : 1
		a_load_7 : 1
		add_ln21_29 : 1
		add_ln21_33 : 1
		a_load_10 : 1
		mul_ln21_51 : 1
		add_ln21_41 : 1
		add_ln21_45 : 1
		mul_ln21_102 : 1
		mul_ln21_107 : 1
	State 11
		mul_ln21 : 1
		mul_ln21_5 : 1
		sext_ln21_15 : 1
		b_load_12 : 1
		mul_ln21_10 : 2
		b_load_15 : 1
		add_ln21_17 : 1
		add_ln21_37 : 1
		a_load_12 : 1
		add_ln21_49 : 1
		add_ln21_53 : 1
		add_ln21_57 : 1
		a_load_15 : 1
		add_ln21_61 : 1
	State 12
		mul_ln21_4 : 1
		mul_ln21_9 : 1
		sext_ln21_17 : 1
		mul_ln21_14 : 2
		sext_ln21_20 : 1
		b_load_17 : 1
		mul_ln21_15 : 2
		b_load_20 : 1
		mul_ln21_25 : 1
		mul_ln21_30 : 1
		a_load_17 : 1
		mul_ln21_76 : 1
		mul_ln21_81 : 1
		add_ln21_65 : 1
		mul_ln21_86 : 1
		add_ln21_69 : 1
		mul_ln21_91 : 1
		add_ln21_73 : 1
		add_ln21_77 : 1
		a_load_20 : 1
		add_ln21_81 : 1
		add_ln21_85 : 1
	State 13
		add_ln21 : 1
		add_ln21_4 : 1
		add_ln21_8 : 1
		sext_ln21_22 : 1
		mul_ln21_19 : 2
		sext_ln21_25 : 1
		b_load_22 : 1
		mul_ln21_20 : 2
		mul_ln21_45 : 2
		mul_ln21_50 : 1
		a_load_22 : 1
		mul_ln21_101 : 1
		mul_ln21_106 : 1
		mul_ln21_111 : 1
		add_ln21_89 : 1
		add_ln21_93 : 1
		add_ln21_97 : 1
	State 14
		add_ln21_2 : 1
		add_ln21_6 : 1
		add_ln21_10 : 1
		add_ln21_12 : 1
		sext_ln21_27 : 1
		mul_ln21_24 : 2
		mul_ln21_29 : 1
		add_ln21_20 : 1
		add_ln21_24 : 1
	State 15
		add_ln21_14 : 1
		add_ln21_16 : 1
		add_ln21_28 : 1
		add_ln21_32 : 1
		add_ln21_36 : 1
		add_ln21_40 : 1
		mul_ln21_75 : 1
		mul_ln21_80 : 1
		mul_ln21_85 : 1
		mul_ln21_90 : 1
	State 16
		store_ln21 : 1
		store_ln21 : 1
		add_ln21_18 : 1
		add_ln21_22 : 1
		add_ln21_44 : 1
		add_ln21_48 : 1
		add_ln21_52 : 1
		add_ln21_56 : 1
		mul_ln21_100 : 1
		mul_ln21_105 : 1
		mul_ln21_110 : 1
	State 17
		store_ln21 : 1
		store_ln21 : 1
		add_ln21_26 : 1
		add_ln21_30 : 1
		mul_ln21_54 : 1
		mul_ln21_59 : 1
		mul_ln21_64 : 1
		mul_ln21_69 : 1
		add_ln21_60 : 1
		add_ln21_64 : 1
		add_ln21_68 : 1
		add_ln21_72 : 1
	State 18
		store_ln21 : 1
		store_ln21 : 1
		add_ln21_34 : 1
		add_ln21_38 : 1
		mul_ln21_79 : 1
		mul_ln21_84 : 1
		mul_ln21_89 : 1
		mul_ln21_94 : 1
		mul_ln21_99 : 1
		add_ln21_76 : 1
		add_ln21_80 : 1
		add_ln21_84 : 1
		add_ln21_88 : 1
	State 19
		store_ln21 : 1
		store_ln21 : 1
		add_ln21_42 : 1
		add_ln21_46 : 1
		add_ln21_50 : 1
		add_ln21_54 : 1
		mul_ln21_104 : 1
		mul_ln21_109 : 1
		mul_ln21_114 : 1
		mul_ln21_119 : 1
		add_ln21_92 : 1
		mul_ln21_124 : 1
		add_ln21_96 : 1
	State 20
		store_ln21 : 1
		store_ln21 : 1
		add_ln21_58 : 1
		add_ln21_62 : 1
		add_ln21_66 : 1
		add_ln21_70 : 1
		add_ln21_74 : 1
		add_ln21_78 : 1
	State 21
		store_ln21 : 1
		store_ln21 : 1
		add_ln21_82 : 1
		add_ln21_86 : 1
		add_ln21_90 : 1
		add_ln21_94 : 1
		add_ln21_98 : 1
	State 22
		store_ln21 : 1
		store_ln21 : 1
	State 23
		store_ln21 : 1
		store_ln21 : 1
	State 24
		store_ln21 : 1
		store_ln21 : 1
	State 25
		store_ln21 : 1
		store_ln21 : 1
	State 26
		store_ln21 : 1
		store_ln21 : 1
	State 27
		store_ln21 : 1
		store_ln21 : 1
	State 28
		store_ln21 : 1


============================================================
+ Verbose Summary: Datapath Resource usage 
============================================================

* Functional unit list:
|----------|----------------------|---------|---------|---------|
| Operation|    Functional Unit   |   DSP   |    FF   |   LUT   |
|----------|----------------------|---------|---------|---------|
|          |      grp_fu_827      |    0    |   102   |    77   |
|          |      grp_fu_837      |    0    |   102   |    77   |
|          |      grp_fu_847      |    0    |   102   |    77   |
|          |      grp_fu_853      |    0    |   102   |    77   |
|          |      grp_fu_863      |    0    |   102   |    77   |
|          |      grp_fu_872      |    0    |   102   |    77   |
|          |      grp_fu_877      |    0    |   102   |    77   |
|          |      grp_fu_882      |    0    |   102   |    77   |
|          |      grp_fu_891      |    0    |   102   |    77   |
|          |      grp_fu_896      |    0    |   102   |    77   |
|          |      grp_fu_905      |    0    |   102   |    77   |
|          |      grp_fu_910      |    0    |   102   |    77   |
|          |      grp_fu_915      |    0    |   102   |    77   |
|          |      grp_fu_919      |    0    |   102   |    77   |
|          |      grp_fu_923      |    0    |   102   |    77   |
|          |      grp_fu_931      |    0    |   102   |    77   |
|          |      grp_fu_936      |    0    |   102   |    77   |
|          |      grp_fu_940      |    0    |   102   |    77   |
|          |      grp_fu_944      |    0    |   102   |    77   |
|          |      grp_fu_948      |    0    |   102   |    77   |
|          |      grp_fu_972      |    0    |   102   |    77   |
|          |      grp_fu_977      |    0    |   102   |    77   |
|          |      grp_fu_982      |    0    |   102   |    77   |
|          |      grp_fu_987      |    0    |   102   |    77   |
|    mul   |      grp_fu_1000     |    0    |   102   |    77   |
|          |      grp_fu_1010     |    0    |   102   |    77   |
|          |      grp_fu_1024     |    0    |   102   |    77   |
|          |      grp_fu_1038     |    0    |   102   |    77   |
|          |      grp_fu_1045     |    0    |   102   |    77   |
|          |      grp_fu_1057     |    0    |   102   |    77   |
|          |      grp_fu_1066     |    0    |   102   |    77   |
|          |      grp_fu_1071     |    0    |   102   |    77   |
|          |      grp_fu_1080     |    0    |   102   |    77   |
|          |      grp_fu_1084     |    0    |   102   |    77   |
|          |      grp_fu_1088     |    0    |   102   |    77   |
|          |      grp_fu_1096     |    0    |   102   |    77   |
|          |      grp_fu_1121     |    0    |   102   |    77   |
|          |      grp_fu_1125     |    0    |   102   |    77   |
|          |      grp_fu_1129     |    0    |   102   |    77   |
|          |      grp_fu_1133     |    0    |   102   |    77   |
|          |      grp_fu_1165     |    0    |   102   |    77   |
|          |      grp_fu_1170     |    0    |   102   |    77   |
|          |      grp_fu_1175     |    0    |   102   |    77   |
|          |      grp_fu_1180     |    0    |   102   |    77   |
|          |      grp_fu_1197     |    0    |   102   |    77   |
|          |      grp_fu_1205     |    0    |   102   |    77   |
|          |      grp_fu_1210     |    0    |   102   |    77   |
|          |      grp_fu_1215     |    0    |   102   |    77   |
|          |      grp_fu_1228     |    0    |   102   |    77   |
|          |      grp_fu_1232     |    0    |   102   |    77   |
|----------|----------------------|---------|---------|---------|
|          |  add_ln21_3_fu_1240  |    0    |    0    |    23   |
|          |  add_ln21_7_fu_1245  |    0    |    0    |    23   |
|          |  add_ln21_11_fu_1250 |    0    |    0    |    23   |
|          |  add_ln21_15_fu_1258 |    0    |    0    |    23   |
|          |  add_ln21_19_fu_1267 |    0    |    0    |    23   |
|          |  add_ln21_23_fu_1272 |    0    |    0    |    23   |
|          |  add_ln21_27_fu_1281 |    0    |    0    |    23   |
|          |  add_ln21_31_fu_1286 |    0    |    0    |    23   |
|          |  add_ln21_35_fu_1295 |    0    |    0    |    23   |
|          |  add_ln21_39_fu_1300 |    0    |    0    |    23   |
|          |  add_ln21_43_fu_1305 |    0    |    0    |    23   |
|          |  add_ln21_47_fu_1310 |    0    |    0    |    23   |
|    add   |  add_ln21_51_fu_1315 |    0    |    0    |    23   |
|          |  add_ln21_55_fu_1319 |    0    |    0    |    23   |
|          |  add_ln21_59_fu_1323 |    0    |    0    |    23   |
|          |  add_ln21_63_fu_1327 |    0    |    0    |    23   |
|          |  add_ln21_67_fu_1331 |    0    |    0    |    23   |
|          |  add_ln21_71_fu_1335 |    0    |    0    |    23   |
|          |  add_ln21_75_fu_1339 |    0    |    0    |    23   |
|          |  add_ln21_79_fu_1343 |    0    |    0    |    23   |
|          |  add_ln21_83_fu_1347 |    0    |    0    |    23   |
|          |  add_ln21_87_fu_1351 |    0    |    0    |    23   |
|          |  add_ln21_91_fu_1355 |    0    |    0    |    23   |
|          |  add_ln21_95_fu_1359 |    0    |    0    |    23   |
|          |  add_ln21_99_fu_1363 |    0    |    0    |    23   |
|----------|----------------------|---------|---------|---------|
|          |      grp_fu_1367     |    1    |    0    |    0    |
|          |      grp_fu_1374     |    1    |    0    |    0    |
|          |      grp_fu_1381     |    1    |    0    |    0    |
|          |      grp_fu_1388     |    1    |    0    |    0    |
|          |      grp_fu_1395     |    1    |    0    |    0    |
|          |      grp_fu_1401     |    1    |    0    |    0    |
|          |      grp_fu_1407     |    1    |    0    |    0    |
|          |      grp_fu_1413     |    1    |    0    |    0    |
|          |      grp_fu_1419     |    1    |    0    |    0    |
|          |      grp_fu_1425     |    1    |    0    |    0    |
|          |      grp_fu_1431     |    1    |    0    |    0    |
|          |      grp_fu_1437     |    1    |    0    |    0    |
|          |      grp_fu_1443     |    1    |    0    |    0    |
|          |      grp_fu_1448     |    1    |    0    |    0    |
|          |      grp_fu_1453     |    1    |    0    |    0    |
|          |      grp_fu_1459     |    1    |    0    |    0    |
|          |      grp_fu_1465     |    1    |    0    |    0    |
|          |      grp_fu_1470     |    1    |    0    |    0    |
|          |      grp_fu_1475     |    1    |    0    |    0    |
|          |      grp_fu_1480     |    1    |    0    |    0    |
|          |      grp_fu_1485     |    1    |    0    |    0    |
|          |      grp_fu_1491     |    1    |    0    |    0    |
|          |      grp_fu_1497     |    1    |    0    |    0    |
|          |      grp_fu_1504     |    1    |    0    |    0    |
|          |      grp_fu_1511     |    1    |    0    |    0    |
|          |      grp_fu_1518     |    1    |    0    |    0    |
|          |      grp_fu_1523     |    1    |    0    |    0    |
|          |      grp_fu_1528     |    1    |    0    |    0    |
|          |      grp_fu_1533     |    1    |    0    |    0    |
|          |      grp_fu_1540     |    1    |    0    |    0    |
|          |      grp_fu_1547     |    1    |    0    |    0    |
|          |      grp_fu_1554     |    1    |    0    |    0    |
|          |      grp_fu_1560     |    1    |    0    |    0    |
|          |      grp_fu_1566     |    1    |    0    |    0    |
|          |      grp_fu_1572     |    1    |    0    |    0    |
|          |      grp_fu_1578     |    1    |    0    |    0    |
|          |      grp_fu_1584     |    1    |    0    |    0    |
|  muladd  |      grp_fu_1589     |    1    |    0    |    0    |
|          |      grp_fu_1594     |    1    |    0    |    0    |
|          |      grp_fu_1600     |    1    |    0    |    0    |
|          |      grp_fu_1606     |    1    |    0    |    0    |
|          |      grp_fu_1612     |    1    |    0    |    0    |
|          |      grp_fu_1618     |    1    |    0    |    0    |
|          |      grp_fu_1623     |    1    |    0    |    0    |
|          |      grp_fu_1628     |    1    |    0    |    0    |
|          |      grp_fu_1633     |    1    |    0    |    0    |
|          |      grp_fu_1638     |    1    |    0    |    0    |
|          |      grp_fu_1643     |    1    |    0    |    0    |
|          |      grp_fu_1648     |    1    |    0    |    0    |
|          |      grp_fu_1654     |    1    |    0    |    0    |
|          |      grp_fu_1660     |    1    |    0    |    0    |
|          |      grp_fu_1666     |    1    |    0    |    0    |
|          |      grp_fu_1672     |    1    |    0    |    0    |
|          |      grp_fu_1677     |    1    |    0    |    0    |
|          |      grp_fu_1682     |    1    |    0    |    0    |
|          |      grp_fu_1687     |    1    |    0    |    0    |
|          |      grp_fu_1693     |    1    |    0    |    0    |
|          |      grp_fu_1699     |    1    |    0    |    0    |
|          |      grp_fu_1705     |    1    |    0    |    0    |
|          |      grp_fu_1711     |    1    |    0    |    0    |
|          |      grp_fu_1717     |    1    |    0    |    0    |
|          |      grp_fu_1723     |    1    |    0    |    0    |
|          |      grp_fu_1729     |    1    |    0    |    0    |
|          |      grp_fu_1734     |    1    |    0    |    0    |
|          |      grp_fu_1739     |    1    |    0    |    0    |
|          |      grp_fu_1744     |    1    |    0    |    0    |
|          |      grp_fu_1750     |    1    |    0    |    0    |
|          |      grp_fu_1756     |    1    |    0    |    0    |
|          |      grp_fu_1762     |    1    |    0    |    0    |
|          |      grp_fu_1768     |    1    |    0    |    0    |
|          |      grp_fu_1774     |    1    |    0    |    0    |
|          |      grp_fu_1780     |    1    |    0    |    0    |
|          |      grp_fu_1786     |    1    |    0    |    0    |
|          |      grp_fu_1792     |    1    |    0    |    0    |
|          |      grp_fu_1798     |    1    |    0    |    0    |
|----------|----------------------|---------|---------|---------|
|          |  sext_ln21_6_fu_819  |    0    |    0    |    0    |
|          |  sext_ln21_7_fu_823  |    0    |    0    |    0    |
|          |  sext_ln21_13_fu_833 |    0    |    0    |    0    |
|          |  sext_ln21_33_fu_843 |    0    |    0    |    0    |
|          |  sext_ln21_18_fu_859 |    0    |    0    |    0    |
|          |  sext_ln21_23_fu_868 |    0    |    0    |    0    |
|          |  sext_ln21_28_fu_887 |    0    |    0    |    0    |
|          |  sext_ln21_38_fu_901 |    0    |    0    |    0    |
|          |  sext_ln21_43_fu_927 |    0    |    0    |    0    |
|          |  sext_ln21_8_fu_952  |    0    |    0    |    0    |
|          |  sext_ln21_9_fu_956  |    0    |    0    |    0    |
|          |  sext_ln21_14_fu_960 |    0    |    0    |    0    |
|          |  sext_ln21_34_fu_964 |    0    |    0    |    0    |
|          |  sext_ln21_48_fu_968 |    0    |    0    |    0    |
|          |  sext_ln21_2_fu_992  |    0    |    0    |    0    |
|          |  sext_ln21_3_fu_996  |    0    |    0    |    0    |
|          | sext_ln21_11_fu_1006 |    0    |    0    |    0    |
|          | sext_ln21_16_fu_1016 |    0    |    0    |    0    |
|          | sext_ln21_19_fu_1020 |    0    |    0    |    0    |
|          | sext_ln21_24_fu_1030 |    0    |    0    |    0    |
|          | sext_ln21_39_fu_1034 |    0    |    0    |    0    |
|          | sext_ln21_21_fu_1042 |    0    |    0    |    0    |
|          | sext_ln21_26_fu_1050 |    0    |    0    |    0    |
|          | sext_ln21_29_fu_1053 |    0    |    0    |    0    |
|   sext   | sext_ln21_31_fu_1062 |    0    |    0    |    0    |
|          | sext_ln21_44_fu_1076 |    0    |    0    |    0    |
|          | sext_ln21_36_fu_1092 |    0    |    0    |    0    |
|          | sext_ln21_49_fu_1101 |    0    |    0    |    0    |
|          |   sext_ln21_fu_1105  |    0    |    0    |    0    |
|          |  sext_ln21_1_fu_1109 |    0    |    0    |    0    |
|          | sext_ln21_10_fu_1113 |    0    |    0    |    0    |
|          | sext_ln21_15_fu_1117 |    0    |    0    |    0    |
|          |  sext_ln21_4_fu_1137 |    0    |    0    |    0    |
|          |  sext_ln21_5_fu_1141 |    0    |    0    |    0    |
|          | sext_ln21_12_fu_1145 |    0    |    0    |    0    |
|          | sext_ln21_17_fu_1149 |    0    |    0    |    0    |
|          | sext_ln21_20_fu_1153 |    0    |    0    |    0    |
|          | sext_ln21_30_fu_1157 |    0    |    0    |    0    |
|          | sext_ln21_41_fu_1161 |    0    |    0    |    0    |
|          | sext_ln21_22_fu_1185 |    0    |    0    |    0    |
|          | sext_ln21_25_fu_1189 |    0    |    0    |    0    |
|          | sext_ln21_35_fu_1193 |    0    |    0    |    0    |
|          | sext_ln21_46_fu_1201 |    0    |    0    |    0    |
|          | sext_ln21_27_fu_1220 |    0    |    0    |    0    |
|          | sext_ln21_32_fu_1224 |    0    |    0    |    0    |
|          | sext_ln21_40_fu_1236 |    0    |    0    |    0    |
|          | sext_ln21_45_fu_1254 |    0    |    0    |    0    |
|          | sext_ln21_37_fu_1263 |    0    |    0    |    0    |
|          | sext_ln21_42_fu_1277 |    0    |    0    |    0    |
|          | sext_ln21_47_fu_1291 |    0    |    0    |    0    |
|----------|----------------------|---------|---------|---------|
|   Total  |                      |    75   |   5100  |   4425  |
|----------|----------------------|---------|---------|---------|

Memories:
N/A

* Register list:
+---------------------+--------+
|                     |   FF   |
+---------------------+--------+
|  a_addr_10_reg_2313 |    5   |
|  a_addr_11_reg_1923 |    5   |
|  a_addr_12_reg_2386 |    5   |
|  a_addr_13_reg_1824 |    5   |
|  a_addr_14_reg_2035 |    5   |
|  a_addr_15_reg_2391 |    5   |
|  a_addr_16_reg_1956 |    5   |
|  a_addr_17_reg_2492 |    5   |
|  a_addr_18_reg_1829 |    5   |
|  a_addr_19_reg_2040 |    5   |
|  a_addr_1_reg_1880  |    5   |
|  a_addr_20_reg_2497 |    5   |
|  a_addr_21_reg_1961 |    5   |
|  a_addr_22_reg_2625 |    5   |
|  a_addr_23_reg_1885 |    5   |
|  a_addr_24_reg_2125 |    5   |
|  a_addr_2_reg_2223  |    5   |
|  a_addr_3_reg_1804  |    5   |
|  a_addr_4_reg_1985  |    5   |
|  a_addr_5_reg_2228  |    5   |
|  a_addr_6_reg_1918  |    5   |
|  a_addr_7_reg_2308  |    5   |
|  a_addr_8_reg_1809  |    5   |
|  a_addr_9_reg_1990  |    5   |
|   a_addr_reg_2120   |    5   |
| add_ln21_10_reg_2799|   16   |
| add_ln21_11_reg_2848|   16   |
| add_ln21_12_reg_2804|   16   |
| add_ln21_13_reg_2447|   16   |
| add_ln21_14_reg_2853|   16   |
| add_ln21_16_reg_2858|   16   |
| add_ln21_17_reg_2572|   16   |
| add_ln21_18_reg_2912|   16   |
| add_ln21_1_reg_2328 |   16   |
| add_ln21_20_reg_2809|   16   |
| add_ln21_21_reg_2338|   16   |
| add_ln21_22_reg_2917|   16   |
| add_ln21_24_reg_2814|   16   |
| add_ln21_25_reg_2343|   16   |
| add_ln21_26_reg_2971|   16   |
| add_ln21_28_reg_2863|   16   |
| add_ln21_29_reg_2452|   16   |
| add_ln21_2_reg_2789 |   16   |
| add_ln21_30_reg_2976|   16   |
| add_ln21_32_reg_2868|   16   |
| add_ln21_33_reg_2457|   16   |
| add_ln21_34_reg_3020|   16   |
| add_ln21_36_reg_2873|   16   |
| add_ln21_37_reg_2586|   16   |
| add_ln21_38_reg_3025|   16   |
| add_ln21_40_reg_2878|   16   |
| add_ln21_41_reg_2462|   16   |
| add_ln21_42_reg_3059|   16   |
| add_ln21_44_reg_2931|   16   |
| add_ln21_45_reg_2467|   16   |
| add_ln21_46_reg_3064|   16   |
| add_ln21_48_reg_2936|   16   |
| add_ln21_49_reg_2591|   16   |
| add_ln21_4_reg_2726 |   16   |
| add_ln21_50_reg_3069|   16   |
| add_ln21_51_reg_3089|   16   |
| add_ln21_52_reg_2941|   16   |
| add_ln21_53_reg_2596|   16   |
| add_ln21_54_reg_3074|   16   |
| add_ln21_55_reg_3094|   16   |
| add_ln21_56_reg_2946|   16   |
| add_ln21_57_reg_2601|   16   |
| add_ln21_58_reg_3099|   16   |
| add_ln21_59_reg_3129|   16   |
| add_ln21_5_reg_2333 |   16   |
| add_ln21_60_reg_2990|   16   |
| add_ln21_61_reg_2615|   16   |
| add_ln21_62_reg_3104|   16   |
| add_ln21_63_reg_3134|   16   |
| add_ln21_64_reg_2995|   16   |
| add_ln21_65_reg_2682|   16   |
| add_ln21_66_reg_3109|   16   |
| add_ln21_67_reg_3139|   16   |
| add_ln21_68_reg_3000|   16   |
| add_ln21_69_reg_2687|   16   |
| add_ln21_6_reg_2794 |   16   |
| add_ln21_70_reg_3114|   16   |
| add_ln21_71_reg_3144|   16   |
| add_ln21_72_reg_3005|   16   |
| add_ln21_73_reg_2692|   16   |
| add_ln21_74_reg_3119|   16   |
| add_ln21_75_reg_3149|   16   |
| add_ln21_76_reg_3030|   16   |
| add_ln21_77_reg_2697|   16   |
| add_ln21_78_reg_3124|   16   |
| add_ln21_79_reg_3154|   16   |
| add_ln21_80_reg_3044|   16   |
| add_ln21_81_reg_2711|   16   |
| add_ln21_82_reg_3159|   16   |
| add_ln21_83_reg_3184|   16   |
| add_ln21_84_reg_3049|   16   |
| add_ln21_85_reg_2716|   16   |
| add_ln21_86_reg_3164|   16   |
| add_ln21_87_reg_3189|   16   |
| add_ln21_88_reg_3054|   16   |
| add_ln21_89_reg_2774|   16   |
| add_ln21_8_reg_2731 |   16   |
| add_ln21_90_reg_3169|   16   |
| add_ln21_91_reg_3194|   16   |
| add_ln21_92_reg_3079|   16   |
| add_ln21_93_reg_2779|   16   |
| add_ln21_94_reg_3174|   16   |
| add_ln21_95_reg_3199|   16   |
| add_ln21_96_reg_3084|   16   |
| add_ln21_97_reg_2784|   16   |
| add_ln21_98_reg_3179|   16   |
| add_ln21_99_reg_3204|   16   |
| add_ln21_9_reg_2442 |   16   |
|  add_ln21_reg_2721  |   16   |
|  b_addr_10_reg_2323 |    5   |
|  b_addr_11_reg_1933 |    5   |
|  b_addr_12_reg_2396 |    5   |
|  b_addr_13_reg_1834 |    5   |
|  b_addr_14_reg_2045 |    5   |
|  b_addr_15_reg_2401 |    5   |
|  b_addr_16_reg_1966 |    5   |
|  b_addr_17_reg_2502 |    5   |
|  b_addr_18_reg_1839 |    5   |
|  b_addr_19_reg_2050 |    5   |
|  b_addr_1_reg_1890  |    5   |
|  b_addr_20_reg_2507 |    5   |
|  b_addr_21_reg_1971 |    5   |
|  b_addr_22_reg_2630 |    5   |
|  b_addr_23_reg_1895 |    5   |
|  b_addr_24_reg_2135 |    5   |
|  b_addr_2_reg_2233  |    5   |
|  b_addr_3_reg_1814  |    5   |
|  b_addr_4_reg_1995  |    5   |
|  b_addr_5_reg_2238  |    5   |
|  b_addr_6_reg_1928  |    5   |
|  b_addr_7_reg_2318  |    5   |
|  b_addr_8_reg_1819  |    5   |
|  b_addr_9_reg_2000  |    5   |
|   b_addr_reg_2130   |    5   |
|  b_load_16_reg_2015 |    8   |
|  b_load_21_reg_2020 |    8   |
|mul_ln21_101_reg_2956|   16   |
|mul_ln21_103_reg_2472|   16   |
|mul_ln21_106_reg_2961|   16   |
|mul_ln21_108_reg_2477|   16   |
|mul_ln21_111_reg_2966|   16   |
|mul_ln21_113_reg_2482|   16   |
|mul_ln21_116_reg_3010|   16   |
|mul_ln21_118_reg_2487|   16   |
| mul_ln21_11_reg_2558|   16   |
|mul_ln21_121_reg_3015|   16   |
|mul_ln21_123_reg_2620|   16   |
| mul_ln21_13_reg_2082|   16   |
| mul_ln21_16_reg_2644|   16   |
| mul_ln21_18_reg_2087|   16   |
| mul_ln21_1_reg_2530 |   16   |
| mul_ln21_21_reg_2658|   16   |
| mul_ln21_23_reg_2194|   16   |
| mul_ln21_26_reg_2663|   16   |
| mul_ln21_28_reg_2025|   16   |
| mul_ln21_31_reg_2668|   16   |
| mul_ln21_33_reg_2030|   16   |
| mul_ln21_36_reg_2754|   16   |
| mul_ln21_38_reg_2101|   16   |
| mul_ln21_3_reg_2005 |   16   |
| mul_ln21_41_reg_2759|   16   |
| mul_ln21_43_reg_2106|   16   |
| mul_ln21_46_reg_2764|   16   |
| mul_ln21_48_reg_2199|   16   |
| mul_ln21_51_reg_2769|   16   |
| mul_ln21_53_reg_2213|   16   |
| mul_ln21_56_reg_2819|   16   |
| mul_ln21_58_reg_2218|   16   |
| mul_ln21_61_reg_2824|   16   |
| mul_ln21_63_reg_2279|   16   |
| mul_ln21_66_reg_2829|   16   |
| mul_ln21_68_reg_2284|   16   |
| mul_ln21_6_reg_2544 |   16   |
| mul_ln21_71_reg_2834|   16   |
| mul_ln21_73_reg_2289|   16   |
| mul_ln21_76_reg_2883|   16   |
| mul_ln21_78_reg_2303|   16   |
| mul_ln21_81_reg_2888|   16   |
| mul_ln21_83_reg_2357|   16   |
| mul_ln21_86_reg_2893|   16   |
| mul_ln21_88_reg_2362|   16   |
| mul_ln21_8_reg_2010 |   16   |
| mul_ln21_91_reg_2898|   16   |
| mul_ln21_93_reg_2367|   16   |
| mul_ln21_96_reg_2951|   16   |
| mul_ln21_98_reg_2372|   16   |
|       reg_778       |    8   |
|       reg_783       |    8   |
|       reg_788       |    8   |
|       reg_792       |    8   |
|       reg_797       |    8   |
|       reg_801       |    8   |
|       reg_805       |    8   |
|       reg_810       |    8   |
|       reg_815       |    8   |
|sext_ln21_10_reg_2424|   16   |
|sext_ln21_11_reg_2158|   16   |
|sext_ln21_12_reg_2535|   16   |
|sext_ln21_13_reg_1862|   16   |
|sext_ln21_14_reg_2073|   16   |
|sext_ln21_15_reg_2433|   16   |
|sext_ln21_16_reg_2167|   16   |
|sext_ln21_17_reg_2549|   16   |
|sext_ln21_18_reg_1900|   16   |
|sext_ln21_19_reg_2176|   16   |
| sext_ln21_1_reg_2415|   16   |
|sext_ln21_20_reg_2563|   16   |
|sext_ln21_21_reg_2243|   16   |
|sext_ln21_22_reg_2635|   16   |
|sext_ln21_23_reg_1909|   16   |
|sext_ln21_24_reg_2185|   16   |
|sext_ln21_25_reg_2649|   16   |
|sext_ln21_26_reg_2252|   16   |
|sext_ln21_27_reg_2736|   16   |
|sext_ln21_28_reg_1938|   16   |
|sext_ln21_29_reg_2261|   16   |
| sext_ln21_2_reg_2140|   16   |
|sext_ln21_30_reg_2577|   16   |
|sext_ln21_31_reg_2270|   16   |
|sext_ln21_32_reg_2745|   16   |
|sext_ln21_33_reg_1871|   16   |
|sext_ln21_34_reg_2092|   16   |
|sext_ln21_35_reg_2673|   16   |
|sext_ln21_36_reg_2348|   16   |
|sext_ln21_37_reg_2922|   16   |
|sext_ln21_38_reg_1947|   16   |
|sext_ln21_39_reg_2204|   16   |
| sext_ln21_3_reg_2149|   16   |
|sext_ln21_40_reg_2839|   16   |
|sext_ln21_41_reg_2606|   16   |
|sext_ln21_42_reg_2981|   16   |
|sext_ln21_43_reg_1976|   16   |
|sext_ln21_44_reg_2294|   16   |
|sext_ln21_45_reg_2903|   16   |
|sext_ln21_46_reg_2702|   16   |
|sext_ln21_47_reg_3035|   16   |
|sext_ln21_48_reg_2111|   16   |
|sext_ln21_49_reg_2377|   16   |
| sext_ln21_4_reg_2512|   16   |
| sext_ln21_5_reg_2521|   16   |
| sext_ln21_6_reg_1844|   16   |
| sext_ln21_7_reg_1853|   16   |
| sext_ln21_8_reg_2055|   16   |
| sext_ln21_9_reg_2064|   16   |
|  sext_ln21_reg_2406 |   16   |
+---------------------+--------+
|        Total        |  3362  |
+---------------------+--------+

* Multiplexer (MUX) list: 
|-------------------|------|------|------|--------||---------||---------||---------|
|        Comp       |  Pin | Size |  BW  | S x BW ||  Delay  ||    FF   ||   LUT   |
|-------------------|------|------|------|--------||---------||---------||---------|
| grp_access_fu_108 |  p0  |  26  |   5  |   130  ||    0    ||   117   |
| grp_access_fu_108 |  p2  |  24  |   0  |    0   ||    0    ||   113   |
| grp_access_fu_118 |  p0  |  26  |   5  |   130  ||    0    ||   117   |
| grp_access_fu_118 |  p2  |  24  |   0  |    0   ||    0    ||   113   |
| grp_access_fu_560 |  p0  |  13  |   5  |   65   ||    0    ||    65   |
| grp_access_fu_560 |  p1  |  13  |  16  |   208  ||    0    ||    65   |
| grp_access_fu_560 |  p2  |  12  |   0  |    0   ||    0    ||    65   |
| grp_access_fu_560 |  p4  |  12  |   5  |   60   ||    0    ||    65   |
|      reg_778      |  p0  |   2  |   8  |   16   ||    0    ||    9    |
|      reg_783      |  p0  |   2  |   8  |   16   ||    0    ||    9    |
|      reg_792      |  p0  |   2  |   8  |   16   ||    0    ||    9    |
|      reg_805      |  p0  |   2  |   8  |   16   ||    0    ||    9    |
|      reg_810      |  p0  |   2  |   8  |   16   ||    0    ||    9    |
|     grp_fu_827    |  p0  |   2  |   8  |   16   ||    0    ||    9    |
|     grp_fu_827    |  p1  |   2  |   8  |   16   ||    0    ||    9    |
|     grp_fu_837    |  p0  |   2  |   8  |   16   ||    0    ||    9    |
|     grp_fu_837    |  p1  |   2  |   8  |   16   ||    0    ||    9    |
|     grp_fu_847    |  p0  |   2  |   8  |   16   ||    0    ||    9    |
|     grp_fu_847    |  p1  |   2  |   8  |   16   ||    0    ||    9    |
|     grp_fu_853    |  p0  |   2  |   8  |   16   ||    0    ||    9    |
|     grp_fu_853    |  p1  |   2  |   8  |   16   ||    0    ||    9    |
|     grp_fu_863    |  p0  |   2  |   8  |   16   ||    0    ||    9    |
|     grp_fu_872    |  p0  |   2  |   8  |   16   ||    0    ||    9    |
|     grp_fu_877    |  p1  |   2  |   8  |   16   ||    0    ||    9    |
|     grp_fu_882    |  p1  |   2  |   8  |   16   ||    0    ||    9    |
|     grp_fu_891    |  p0  |   2  |   8  |   16   ||    0    ||    9    |
|     grp_fu_896    |  p1  |   2  |   8  |   16   ||    0    ||    9    |
|     grp_fu_905    |  p0  |   2  |   8  |   16   ||    0    ||    9    |
|     grp_fu_910    |  p0  |   2  |   8  |   16   ||    0    ||    9    |
|     grp_fu_931    |  p0  |   2  |   8  |   16   ||    0    ||    9    |
|     grp_fu_972    |  p0  |   2  |   8  |   16   ||    0    ||    9    |
|     grp_fu_977    |  p0  |   2  |   8  |   16   ||    0    ||    9    |
|     grp_fu_982    |  p0  |   2  |   8  |   16   ||    0    ||    9    |
|     grp_fu_987    |  p0  |   2  |   8  |   16   ||    0    ||    9    |
|    grp_fu_1000    |  p0  |   2  |   8  |   16   ||    0    ||    9    |
|    grp_fu_1000    |  p1  |   2  |   8  |   16   ||    0    ||    9    |
|    grp_fu_1010    |  p0  |   2  |   8  |   16   ||    0    ||    9    |
|    grp_fu_1010    |  p1  |   2  |   8  |   16   ||    0    ||    9    |
|    grp_fu_1024    |  p0  |   2  |   8  |   16   ||    0    ||    9    |
|    grp_fu_1024    |  p1  |   2  |   8  |   16   ||    0    ||    9    |
|    grp_fu_1045    |  p0  |   2  |   8  |   16   ||    0    ||    9    |
|    grp_fu_1057    |  p0  |   2  |   8  |   16   ||    0    ||    9    |
|    grp_fu_1066    |  p0  |   2  |   8  |   16   ||    0    ||    9    |
|    grp_fu_1071    |  p0  |   2  |   8  |   16   ||    0    ||    9    |
|    grp_fu_1096    |  p0  |   2  |   8  |   16   ||    0    ||    9    |
|    grp_fu_1165    |  p0  |   2  |   8  |   16   ||    0    ||    9    |
|    grp_fu_1170    |  p0  |   2  |   8  |   16   ||    0    ||    9    |
|    grp_fu_1175    |  p0  |   2  |   8  |   16   ||    0    ||    9    |
|    grp_fu_1180    |  p0  |   2  |   8  |   16   ||    0    ||    9    |
|    grp_fu_1205    |  p0  |   2  |   8  |   16   ||    0    ||    9    |
|    grp_fu_1210    |  p0  |   2  |   8  |   16   ||    0    ||    9    |
|    grp_fu_1215    |  p0  |   2  |   8  |   16   ||    0    ||    9    |
|    grp_fu_1367    |  p0  |   3  |   8  |   24   ||    0    ||    14   |
|    grp_fu_1367    |  p1  |   2  |   8  |   16   ||    0    ||    9    |
|    grp_fu_1374    |  p0  |   3  |   8  |   24   ||    0    ||    14   |
|    grp_fu_1374    |  p1  |   2  |   8  |   16   ||    0    ||    9    |
|    grp_fu_1381    |  p0  |   3  |   8  |   24   ||    0    ||    14   |
|    grp_fu_1381    |  p1  |   2  |   8  |   16   ||    0    ||    9    |
|    grp_fu_1388    |  p0  |   3  |   8  |   24   ||    0    ||    14   |
|    grp_fu_1388    |  p1  |   2  |   8  |   16   ||    0    ||    9    |
|    grp_fu_1395    |  p0  |   3  |   8  |   24   ||    0    ||    14   |
|    grp_fu_1401    |  p0  |   3  |   8  |   24   ||    0    ||    14   |
|    grp_fu_1407    |  p0  |   2  |   8  |   16   ||    0    ||    9    |
|    grp_fu_1407    |  p1  |   2  |   8  |   16   ||    0    ||    9    |
|    grp_fu_1413    |  p0  |   2  |   8  |   16   ||    0    ||    9    |
|    grp_fu_1413    |  p1  |   2  |   8  |   16   ||    0    ||    9    |
|    grp_fu_1419    |  p0  |   3  |   8  |   24   ||    0    ||    14   |
|    grp_fu_1425    |  p0  |   3  |   8  |   24   ||    0    ||    14   |
|    grp_fu_1431    |  p0  |   3  |   8  |   24   ||    0    ||    14   |
|    grp_fu_1437    |  p0  |   2  |   8  |   16   ||    0    ||    9    |
|    grp_fu_1437    |  p1  |   2  |   8  |   16   ||    0    ||    9    |
|    grp_fu_1443    |  p0  |   2  |   8  |   16   ||    0    ||    9    |
|    grp_fu_1448    |  p0  |   2  |   8  |   16   ||    0    ||    9    |
|    grp_fu_1453    |  p0  |   2  |   8  |   16   ||    0    ||    9    |
|    grp_fu_1453    |  p1  |   2  |   8  |   16   ||    0    ||    9    |
|    grp_fu_1459    |  p0  |   3  |   8  |   24   ||    0    ||    14   |
|    grp_fu_1465    |  p0  |   2  |   8  |   16   ||    0    ||    9    |
|    grp_fu_1470    |  p0  |   2  |   8  |   16   ||    0    ||    9    |
|    grp_fu_1475    |  p0  |   2  |   8  |   16   ||    0    ||    9    |
|    grp_fu_1480    |  p0  |   2  |   8  |   16   ||    0    ||    9    |
|    grp_fu_1485    |  p0  |   3  |   8  |   24   ||    0    ||    14   |
|    grp_fu_1491    |  p0  |   3  |   8  |   24   ||    0    ||    14   |
|    grp_fu_1497    |  p0  |   3  |   8  |   24   ||    0    ||    14   |
|    grp_fu_1497    |  p1  |   2  |   8  |   16   ||    0    ||    9    |
|    grp_fu_1504    |  p0  |   3  |   8  |   24   ||    0    ||    14   |
|    grp_fu_1504    |  p1  |   2  |   8  |   16   ||    0    ||    9    |
|    grp_fu_1511    |  p0  |   3  |   8  |   24   ||    0    ||    14   |
|    grp_fu_1511    |  p1  |   2  |   8  |   16   ||    0    ||    9    |
|    grp_fu_1518    |  p0  |   2  |   8  |   16   ||    0    ||    9    |
|    grp_fu_1523    |  p0  |   2  |   8  |   16   ||    0    ||    9    |
|    grp_fu_1528    |  p0  |   2  |   8  |   16   ||    0    ||    9    |
|    grp_fu_1533    |  p0  |   3  |   8  |   24   ||    0    ||    14   |
|    grp_fu_1533    |  p1  |   2  |   8  |   16   ||    0    ||    9    |
|    grp_fu_1540    |  p0  |   3  |   8  |   24   ||    0    ||    14   |
|    grp_fu_1540    |  p1  |   2  |   8  |   16   ||    0    ||    9    |
|    grp_fu_1547    |  p0  |   3  |   8  |   24   ||    0    ||    14   |
|    grp_fu_1547    |  p1  |   2  |   8  |   16   ||    0    ||    9    |
|    grp_fu_1554    |  p0  |   3  |   8  |   24   ||    0    ||    14   |
|    grp_fu_1560    |  p0  |   3  |   8  |   24   ||    0    ||    14   |
|    grp_fu_1566    |  p0  |   3  |   8  |   24   ||    0    ||    14   |
|    grp_fu_1572    |  p0  |   3  |   8  |   24   ||    0    ||    14   |
|    grp_fu_1578    |  p0  |   3  |   8  |   24   ||    0    ||    14   |
|    grp_fu_1584    |  p0  |   2  |   8  |   16   ||    0    ||    9    |
|    grp_fu_1589    |  p0  |   2  |   8  |   16   ||    0    ||    9    |
|    grp_fu_1594    |  p0  |   2  |   8  |   16   ||    0    ||    9    |
|    grp_fu_1594    |  p1  |   2  |   8  |   16   ||    0    ||    9    |
|    grp_fu_1600    |  p0  |   3  |   8  |   24   ||    0    ||    14   |
|    grp_fu_1606    |  p0  |   3  |   8  |   24   ||    0    ||    14   |
|    grp_fu_1612    |  p0  |   3  |   8  |   24   ||    0    ||    14   |
|    grp_fu_1618    |  p0  |   2  |   8  |   16   ||    0    ||    9    |
|    grp_fu_1623    |  p0  |   2  |   8  |   16   ||    0    ||    9    |
|    grp_fu_1628    |  p0  |   2  |   8  |   16   ||    0    ||    9    |
|    grp_fu_1633    |  p0  |   2  |   8  |   16   ||    0    ||    9    |
|    grp_fu_1638    |  p0  |   2  |   8  |   16   ||    0    ||    9    |
|    grp_fu_1643    |  p0  |   2  |   8  |   16   ||    0    ||    9    |
|    grp_fu_1648    |  p0  |   3  |   8  |   24   ||    0    ||    14   |
|    grp_fu_1654    |  p0  |   3  |   8  |   24   ||    0    ||    14   |
|    grp_fu_1660    |  p0  |   3  |   8  |   24   ||    0    ||    14   |
|    grp_fu_1666    |  p0  |   3  |   8  |   24   ||    0    ||    14   |
|    grp_fu_1672    |  p0  |   2  |   8  |   16   ||    0    ||    9    |
|    grp_fu_1677    |  p0  |   2  |   8  |   16   ||    0    ||    9    |
|    grp_fu_1682    |  p0  |   2  |   8  |   16   ||    0    ||    9    |
|    grp_fu_1687    |  p0  |   3  |   8  |   24   ||    0    ||    14   |
|    grp_fu_1693    |  p0  |   3  |   8  |   24   ||    0    ||    14   |
|    grp_fu_1699    |  p0  |   3  |   8  |   24   ||    0    ||    14   |
|    grp_fu_1705    |  p0  |   3  |   8  |   24   ||    0    ||    14   |
|    grp_fu_1711    |  p0  |   3  |   8  |   24   ||    0    ||    14   |
|    grp_fu_1717    |  p0  |   3  |   8  |   24   ||    0    ||    14   |
|    grp_fu_1723    |  p0  |   3  |   8  |   24   ||    0    ||    14   |
|    grp_fu_1729    |  p0  |   2  |   8  |   16   ||    0    ||    9    |
|    grp_fu_1734    |  p0  |   2  |   8  |   16   ||    0    ||    9    |
|    grp_fu_1739    |  p0  |   2  |   8  |   16   ||    0    ||    9    |
|    grp_fu_1744    |  p0  |   3  |   8  |   24   ||    0    ||    14   |
|    grp_fu_1750    |  p0  |   3  |   8  |   24   ||    0    ||    14   |
|    grp_fu_1756    |  p0  |   3  |   8  |   24   ||    0    ||    14   |
|    grp_fu_1762    |  p0  |   3  |   8  |   24   ||    0    ||    14   |
|    grp_fu_1768    |  p0  |   3  |   8  |   24   ||    0    ||    14   |
|    grp_fu_1774    |  p0  |   3  |   8  |   24   ||    0    ||    14   |
|    grp_fu_1780    |  p0  |   3  |   8  |   24   ||    0    ||    14   |
|    grp_fu_1786    |  p0  |   3  |   8  |   24   ||    0    ||    14   |
|    grp_fu_1792    |  p0  |   3  |   8  |   24   ||    0    ||    14   |
|    grp_fu_1798    |  p0  |   3  |   8  |   24   ||    0    ||    14   |
|-------------------|------|------|------|--------||---------||---------||---------|
|       Total       |      |      |      |  3113  || 241.981 ||    0    ||   2161  |
|-------------------|------|------|------|--------||---------||---------||---------|



* Summary:
+-----------+--------+--------+--------+--------+
|           |   DSP  |  Delay |   FF   |   LUT  |
+-----------+--------+--------+--------+--------+
|  Function |   75   |    -   |  5100  |  4425  |
|   Memory  |    -   |    -   |    -   |    -   |
|Multiplexer|    -   |   241  |    0   |  2161  |
|  Register |    -   |    -   |  3362  |    -   |
+-----------+--------+--------+--------+--------+
|   Total   |   75   |   241  |  8462  |  6586  |
+-----------+--------+--------+--------+--------+
