

================================================================
== Vitis HLS Report for 'matrix_mult'
================================================================
* Date:           Tue Oct  6 18:41:02 2026

* Version:        2026.1 (Build 6493734 on Jun 16 2026)
* Project:        matrix_mult
* Solution:       hls
* Product family: zynq
* Target device:  xc7z020-clg484-1


================================================================
== Performance Estimates
================================================================
+ Timing: 
    * Summary: 
    +--------+---------+----------+------------+
    |  Clock |  Target | Estimated| Uncertainty|
    +--------+---------+----------+------------+
    |ap_clk  |  5.00 ns|  5.415 ns|     1.35 ns|
    +--------+---------+----------+------------+

+ Latency: 
    * Summary: 
    +---------+---------+----------+----------+-----+-----+-----------------------------------------+
    |  Latency (cycles) |  Latency (absolute) |  Interval |                 Pipeline                |
    |   min   |   max   |    min   |    max   | min | max |                   Type                  |
    +---------+---------+----------+----------+-----+-----+-----------------------------------------+
    |       85|       85|  0.460 us|  0.460 us|   80|   80|  loop auto-rewind stp (delay=5 cycle(s))|
    +---------+---------+----------+----------+-----+-----+-----------------------------------------+

    + Detail: 
        * Instance: 
        N/A

        * Loop: 
        +-----------+---------+---------+----------+-----------+-----------+------+----------+
        |           |  Latency (cycles) | Iteration|  Initiation Interval  | Trip |          |
        | Loop Name |   min   |   max   |  Latency |  achieved |   target  | Count| Pipelined|
        +-----------+---------+---------+----------+-----------+-----------+------+----------+
        |- Row_Col  |       83|       83|        12|          3|          1|    25|       yes|
        +-----------+---------+---------+----------+-----------+-----------+------+----------+

============================================================
+ Verbose Summary: Synthesis Manager
============================================================
InlineROM: 1
ExposeGlobal: 0
============================================================
+ Verbose Summary: CDFG Model
============================================================
IsTopModel: 1
ResetActiveHigh: 1
IsCombinational: 2
IsDatapathOnly: 0
HasWiredReturn: 1
HasMFsm: 2
HasVarLatency: 1
IsPipeline: 0
IsRtlPipelined: 0
IsInstanceOverlapped: 0
IsDontTouch: 0
HasImplIP: 0
IsGatedGlobalClock: 0

+ Individual pipeline summary: 
  * Pipeline-0: initiation interval (II) = 3, depth = 12


============================================================
+ Verbose Summary: Schedule
============================================================
* Number of FSM states : 12
* Pipeline : 1
  Pipeline-0 : II = 3, D = 12, States = { 1 2 3 4 5 6 7 8 9 10 11 12 }
* Dataflow Pipeline: 0

* FSM state transitions: 
1 --> 2 
2 --> 3 
3 --> 4 
4 --> 5 
5 --> 6 
6 --> 7 
7 --> 8 
8 --> 9 
9 --> 10 
10 --> 11 
11 --> 12 
12 --> 

* FSM state operations: 

State 1 <SV = 0> <Delay = 3.23>
ST_1 : Operation 15 [1/1] (0.00ns)   --->   "%indvar_flatten1 = alloca i32 1"   --->   Operation 15 'alloca' 'indvar_flatten1' <Predicate = true> <Delay = 0.00>
ST_1 : Operation 16 [1/1] (0.00ns)   --->   "%i = alloca i32 1" [../source/tut3B_Col/matrix_mult.cpp:9]   --->   Operation 16 'alloca' 'i' <Predicate = true> <Delay = 0.00>
ST_1 : Operation 17 [1/1] (0.00ns)   --->   "%j = alloca i32 1" [../source/tut3B_Col/matrix_mult.cpp:12]   --->   Operation 17 'alloca' 'j' <Predicate = true> <Delay = 0.00>
ST_1 : Operation 18 [1/1] (0.00ns)   --->   "%spectopmodule_ln3 = spectopmodule void @_ssdm_op_SpecTopModule, void @empty_1" [../source/tut3B_Col/matrix_mult.cpp:3]   --->   Operation 18 'spectopmodule' 'spectopmodule_ln3' <Predicate = true> <Delay = 0.00>
ST_1 : Operation 19 [1/1] (0.00ns)   --->   "%specinterface_ln0 = specinterface void @_ssdm_op_SpecInterface, i8 %a, void @empty, i32 0, i32 0, void @empty_0, i32 4294967295, i32 0, void @empty_0, void @empty_0, void @empty_0, i32 0, i32 0, i32 0, i32 0, void @empty_0, void @empty_0, i32 4294967295, i32 0, i32 0, i32 0"   --->   Operation 19 'specinterface' 'specinterface_ln0' <Predicate = true> <Delay = 0.00>
ST_1 : Operation 20 [1/1] (0.00ns)   --->   "%specbitsmap_ln0 = specbitsmap void @_ssdm_op_SpecBitsMap, i8 %a"   --->   Operation 20 'specbitsmap' 'specbitsmap_ln0' <Predicate = true> <Delay = 0.00>
ST_1 : Operation 21 [1/1] (0.00ns)   --->   "%specinterface_ln0 = specinterface void @_ssdm_op_SpecInterface, i8 %b, void @empty, i32 0, i32 0, void @empty_0, i32 4294967295, i32 0, void @empty_0, void @empty_0, void @empty_0, i32 0, i32 0, i32 0, i32 0, void @empty_0, void @empty_0, i32 4294967295, i32 0, i32 0, i32 0"   --->   Operation 21 'specinterface' 'specinterface_ln0' <Predicate = true> <Delay = 0.00>
ST_1 : Operation 22 [1/1] (0.00ns)   --->   "%specbitsmap_ln0 = specbitsmap void @_ssdm_op_SpecBitsMap, i8 %b"   --->   Operation 22 'specbitsmap' 'specbitsmap_ln0' <Predicate = true> <Delay = 0.00>
ST_1 : Operation 23 [1/1] (0.00ns)   --->   "%specinterface_ln0 = specinterface void @_ssdm_op_SpecInterface, i16 %prod, void @empty, i32 0, i32 0, void @empty_0, i32 4294967295, i32 0, void @empty_0, void @empty_0, void @empty_0, i32 0, i32 0, i32 0, i32 0, void @empty_0, void @empty_0, i32 4294967295, i32 0, i32 0, i32 0"   --->   Operation 23 'specinterface' 'specinterface_ln0' <Predicate = true> <Delay = 0.00>
ST_1 : Operation 24 [1/1] (0.00ns)   --->   "%specbitsmap_ln0 = specbitsmap void @_ssdm_op_SpecBitsMap, i16 %prod"   --->   Operation 24 'specbitsmap' 'specbitsmap_ln0' <Predicate = true> <Delay = 0.00>
ST_1 : Operation 25 [1/1] (1.58ns)   --->   "%store_ln12 = store i3 0, i3 %j" [../source/tut3B_Col/matrix_mult.cpp:12]   --->   Operation 25 'store' 'store_ln12' <Predicate = true> <Delay = 1.58>
ST_1 : Operation 26 [1/1] (1.58ns)   --->   "%store_ln9 = store i3 0, i3 %i" [../source/tut3B_Col/matrix_mult.cpp:9]   --->   Operation 26 'store' 'store_ln9' <Predicate = true> <Delay = 1.58>
ST_1 : Operation 27 [1/1] (1.58ns)   --->   "%store_ln0 = store i5 0, i5 %indvar_flatten1"   --->   Operation 27 'store' 'store_ln0' <Predicate = true> <Delay = 1.58>
ST_1 : Operation 28 [1/1] (1.58ns)   --->   "%br_ln0 = br void %for.inc29"   --->   Operation 28 'br' 'br_ln0' <Predicate = true> <Delay = 1.58>
ST_1 : Operation 29 [1/1] (0.00ns)   --->   "%icmp_ln124 = phi i1 0, void %entry, i1 %icmp_ln12, void %for.inc29" [../source/tut3B_Col/matrix_mult.cpp:12]   --->   Operation 29 'phi' 'icmp_ln124' <Predicate = true> <Delay = 0.00>
ST_1 : Operation 30 [1/1] (0.00ns)   --->   "%i_1 = load i3 %i" [../source/tut3B_Col/matrix_mult.cpp:9]   --->   Operation 30 'load' 'i_1' <Predicate = true> <Delay = 0.00>
ST_1 : Operation 31 [1/1] (0.00ns)   --->   "%j_1 = load i3 %j" [../source/tut3B_Col/matrix_mult.cpp:9]   --->   Operation 31 'load' 'j_1' <Predicate = true> <Delay = 0.00>
ST_1 : Operation 32 [1/1] (0.98ns)   --->   "%select_ln9 = select i1 %icmp_ln124, i3 0, i3 %j_1" [../source/tut3B_Col/matrix_mult.cpp:9]   --->   Operation 32 'select' 'select_ln9' <Predicate = true> <Delay = 0.98> <CoreInst = "Sel">   --->   Core 73 'Sel' <Latency = 0> <II = 1> <Delay = 0.98> <FuncUnit> <Opcode : 'select'> <InPorts = 3> <OutPorts = 1>
ST_1 : Operation 33 [1/1] (0.00ns) (grouped into LUT with out node i_3)   --->   "%empty = select i1 %icmp_ln124, i3 1, i3 0" [../source/tut3B_Col/matrix_mult.cpp:12]   --->   Operation 33 'select' 'empty' <Predicate = true> <Delay = 0.00> <CoreInst = "Sel">   --->   Core 73 'Sel' <Latency = 0> <II = 1> <Delay = 0.99> <FuncUnit> <Opcode : 'select'> <InPorts = 3> <OutPorts = 1>
ST_1 : Operation 34 [1/1] (1.65ns) (out node of the LUT)   --->   "%i_3 = add i3 %i_1, i3 %empty" [../source/tut3B_Col/matrix_mult.cpp:9]   --->   Operation 34 'add' 'i_3' <Predicate = true> <Delay = 1.65> <CoreInst = "Adder">   --->   Core 1 'Adder' <Latency = 0> <II = 1> <Delay = 1.65> <FuncUnit> <Opcode : 'add' 'sub'> <InPorts = 2> <OutPorts = 1>
ST_1 : Operation 35 [1/1] (0.00ns)   --->   "%zext_ln12 = zext i3 %select_ln9" [../source/tut3B_Col/matrix_mult.cpp:12]   --->   Operation 35 'zext' 'zext_ln12' <Predicate = true> <Delay = 0.00>
ST_1 : Operation 36 [1/1] (0.00ns)   --->   "%b_addr = getelementptr i8 %b, i64 0, i64 %zext_ln12" [../source/tut3B_Col/matrix_mult.cpp:20]   --->   Operation 36 'getelementptr' 'b_addr' <Predicate = true> <Delay = 0.00>
ST_1 : Operation 37 [2/2] (0.00ns)   --->   "%b_load = load i5 %b_addr" [../source/tut3B_Col/matrix_mult.cpp:20]   --->   Operation 37 'load' 'b_load' <Predicate = true> <Delay = 0.00> <CoreInst = "RAM">   --->   Core 81 'RAM' <Latency = 1> <II = 1> <Delay = 2.32> <Storage> <Opcode : 'load' 'store'> <Ports = 2> <Width = 8> <Depth = 25> <RAM>

State 2 <SV = 1> <Delay = 3.56>
ST_2 : Operation 38 [1/1] (0.00ns)   --->   "%zext_ln20 = zext i3 %i_3" [../source/tut3B_Col/matrix_mult.cpp:20]   --->   Operation 38 'zext' 'zext_ln20' <Predicate = true> <Delay = 0.00>
ST_2 : Operation 39 [1/1] (0.00ns)   --->   "%tmp = bitconcatenate i5 @_ssdm_op_BitConcatenate.i5.i3.i2, i3 %i_3, i2 0" [../source/tut3B_Col/matrix_mult.cpp:20]   --->   Operation 39 'bitconcatenate' 'tmp' <Predicate = true> <Delay = 0.00>
ST_2 : Operation 40 [1/1] (0.00ns)   --->   "%zext_ln20_1 = zext i5 %tmp" [../source/tut3B_Col/matrix_mult.cpp:20]   --->   Operation 40 'zext' 'zext_ln20_1' <Predicate = true> <Delay = 0.00>
ST_2 : Operation 41 [1/1] (1.78ns)   --->   "%add_ln20_13 = add i6 %zext_ln20_1, i6 %zext_ln20" [../source/tut3B_Col/matrix_mult.cpp:20]   --->   Operation 41 'add' 'add_ln20_13' <Predicate = true> <Delay = 1.78> <CoreInst = "Adder">   --->   Core 1 'Adder' <Latency = 0> <II = 1> <Delay = 1.78> <FuncUnit> <Opcode : 'add' 'sub'> <InPorts = 2> <OutPorts = 1>
ST_2 : Operation 42 [1/1] (0.00ns)   --->   "%trunc_ln20 = trunc i6 %add_ln20_13" [../source/tut3B_Col/matrix_mult.cpp:20]   --->   Operation 42 'trunc' 'trunc_ln20' <Predicate = true> <Delay = 0.00>
ST_2 : Operation 43 [1/1] (1.78ns)   --->   "%add_ln20_4 = add i5 %trunc_ln20, i5 1" [../source/tut3B_Col/matrix_mult.cpp:20]   --->   Operation 43 'add' 'add_ln20_4' <Predicate = true> <Delay = 1.78> <CoreInst = "Adder">   --->   Core 1 'Adder' <Latency = 0> <II = 1> <Delay = 1.78> <FuncUnit> <Opcode : 'add' 'sub'> <InPorts = 2> <OutPorts = 1>
ST_2 : Operation 44 [1/1] (0.00ns)   --->   "%zext_ln20_3 = zext i5 %add_ln20_4" [../source/tut3B_Col/matrix_mult.cpp:20]   --->   Operation 44 'zext' 'zext_ln20_3' <Predicate = true> <Delay = 0.00>
ST_2 : Operation 45 [1/1] (0.00ns)   --->   "%a_addr_1 = getelementptr i8 %a, i64 0, i64 %zext_ln20_3" [../source/tut3B_Col/matrix_mult.cpp:20]   --->   Operation 45 'getelementptr' 'a_addr_1' <Predicate = true> <Delay = 0.00>
ST_2 : Operation 46 [1/1] (1.78ns)   --->   "%add_ln20_6 = add i5 %trunc_ln20, i5 3" [../source/tut3B_Col/matrix_mult.cpp:20]   --->   Operation 46 'add' 'add_ln20_6' <Predicate = true> <Delay = 1.78> <CoreInst = "Adder">   --->   Core 1 'Adder' <Latency = 0> <II = 1> <Delay = 1.78> <FuncUnit> <Opcode : 'add' 'sub'> <InPorts = 2> <OutPorts = 1>
ST_2 : Operation 47 [1/1] (0.00ns)   --->   "%zext_ln20_5 = zext i5 %add_ln20_6" [../source/tut3B_Col/matrix_mult.cpp:20]   --->   Operation 47 'zext' 'zext_ln20_5' <Predicate = true> <Delay = 0.00>
ST_2 : Operation 48 [1/1] (0.00ns)   --->   "%a_addr_3 = getelementptr i8 %a, i64 0, i64 %zext_ln20_5" [../source/tut3B_Col/matrix_mult.cpp:20]   --->   Operation 48 'getelementptr' 'a_addr_3' <Predicate = true> <Delay = 0.00>
ST_2 : Operation 49 [2/2] (0.00ns)   --->   "%a_load_1 = load i5 %a_addr_1" [../source/tut3B_Col/matrix_mult.cpp:20]   --->   Operation 49 'load' 'a_load_1' <Predicate = true> <Delay = 0.00> <CoreInst = "RAM">   --->   Core 81 'RAM' <Latency = 1> <II = 1> <Delay = 2.32> <Storage> <Opcode : 'load' 'store'> <Ports = 2> <Width = 8> <Depth = 25> <RAM>
ST_2 : Operation 50 [2/2] (0.00ns)   --->   "%a_load_3 = load i5 %a_addr_3" [../source/tut3B_Col/matrix_mult.cpp:20]   --->   Operation 50 'load' 'a_load_3' <Predicate = true> <Delay = 0.00> <CoreInst = "RAM">   --->   Core 81 'RAM' <Latency = 1> <II = 1> <Delay = 2.32> <Storage> <Opcode : 'load' 'store'> <Ports = 2> <Width = 8> <Depth = 25> <RAM>
ST_2 : Operation 51 [1/1] (0.00ns)   --->   "%zext_ln20_7 = zext i3 %select_ln9" [../source/tut3B_Col/matrix_mult.cpp:20]   --->   Operation 51 'zext' 'zext_ln20_7' <Predicate = true> <Delay = 0.00>
ST_2 : Operation 52 [1/1] (0.00ns)   --->   "%zext_ln20_8 = zext i3 %select_ln9" [../source/tut3B_Col/matrix_mult.cpp:20]   --->   Operation 52 'zext' 'zext_ln20_8' <Predicate = true> <Delay = 0.00>
ST_2 : Operation 53 [1/1] (1.73ns)   --->   "%add_ln20_8 = add i4 %zext_ln20_8, i4 5" [../source/tut3B_Col/matrix_mult.cpp:20]   --->   Operation 53 'add' 'add_ln20_8' <Predicate = true> <Delay = 1.73> <CoreInst = "Adder">   --->   Core 1 'Adder' <Latency = 0> <II = 1> <Delay = 1.73> <FuncUnit> <Opcode : 'add' 'sub'> <InPorts = 2> <OutPorts = 1>
ST_2 : Operation 54 [1/1] (0.00ns)   --->   "%zext_ln20_9 = zext i4 %add_ln20_8" [../source/tut3B_Col/matrix_mult.cpp:20]   --->   Operation 54 'zext' 'zext_ln20_9' <Predicate = true> <Delay = 0.00>
ST_2 : Operation 55 [1/1] (0.00ns)   --->   "%b_addr_1 = getelementptr i8 %b, i64 0, i64 %zext_ln20_9" [../source/tut3B_Col/matrix_mult.cpp:20]   --->   Operation 55 'getelementptr' 'b_addr_1' <Predicate = true> <Delay = 0.00>
ST_2 : Operation 56 [1/1] (1.78ns)   --->   "%add_ln20_10 = add i5 %zext_ln20_7, i5 15" [../source/tut3B_Col/matrix_mult.cpp:20]   --->   Operation 56 'add' 'add_ln20_10' <Predicate = true> <Delay = 1.78> <CoreInst = "Adder">   --->   Core 1 'Adder' <Latency = 0> <II = 1> <Delay = 1.78> <FuncUnit> <Opcode : 'add' 'sub'> <InPorts = 2> <OutPorts = 1>
ST_2 : Operation 57 [1/1] (0.00ns)   --->   "%zext_ln20_11 = zext i5 %add_ln20_10" [../source/tut3B_Col/matrix_mult.cpp:20]   --->   Operation 57 'zext' 'zext_ln20_11' <Predicate = true> <Delay = 0.00>
ST_2 : Operation 58 [1/1] (0.00ns)   --->   "%b_addr_3 = getelementptr i8 %b, i64 0, i64 %zext_ln20_11" [../source/tut3B_Col/matrix_mult.cpp:20]   --->   Operation 58 'getelementptr' 'b_addr_3' <Predicate = true> <Delay = 0.00>
ST_2 : Operation 59 [1/2] ( I:0.00ns O:0.00ns )   --->   "%b_load = load i5 %b_addr" [../source/tut3B_Col/matrix_mult.cpp:20]   --->   Operation 59 'load' 'b_load' <Predicate = true> <Delay = 0.00> <CoreInst = "RAM">   --->   Core 81 'RAM' <Latency = 1> <II = 1> <Delay = 2.32> <Storage> <Opcode : 'load' 'store'> <Ports = 2> <Width = 8> <Depth = 25> <RAM>
ST_2 : Operation 60 [2/2] (0.00ns)   --->   "%b_load_1 = load i5 %b_addr_1" [../source/tut3B_Col/matrix_mult.cpp:20]   --->   Operation 60 'load' 'b_load_1' <Predicate = true> <Delay = 0.00> <CoreInst = "RAM">   --->   Core 81 'RAM' <Latency = 1> <II = 1> <Delay = 2.32> <Storage> <Opcode : 'load' 'store'> <Ports = 2> <Width = 8> <Depth = 25> <RAM>
ST_2 : Operation 61 [2/2] (0.00ns)   --->   "%b_load_3 = load i5 %b_addr_3" [../source/tut3B_Col/matrix_mult.cpp:20]   --->   Operation 61 'load' 'b_load_3' <Predicate = true> <Delay = 0.00> <CoreInst = "RAM">   --->   Core 81 'RAM' <Latency = 1> <II = 1> <Delay = 2.32> <Storage> <Opcode : 'load' 'store'> <Ports = 2> <Width = 8> <Depth = 25> <RAM>
ST_2 : Operation 62 [1/1] (1.65ns)   --->   "%j_3 = add i3 %select_ln9, i3 1" [../source/tut3B_Col/matrix_mult.cpp:12]   --->   Operation 62 'add' 'j_3' <Predicate = true> <Delay = 1.65> <CoreInst = "Adder">   --->   Core 1 'Adder' <Latency = 0> <II = 1> <Delay = 1.65> <FuncUnit> <Opcode : 'add' 'sub'> <InPorts = 2> <OutPorts = 1>
ST_2 : Operation 63 [1/1] (1.65ns)   --->   "%icmp_ln12 = icmp_eq  i3 %j_3, i3 5" [../source/tut3B_Col/matrix_mult.cpp:12]   --->   Operation 63 'icmp' 'icmp_ln12' <Predicate = true> <Delay = 1.65> <CoreInst = "Cmp">   --->   Core 9 'Cmp' <Latency = 0> <II = 1> <Delay = 1.65> <FuncUnit> <Opcode : 'seteq' 'setne' 'setle' 'setge' 'setlt' 'setgt'> <InPorts = 2> <OutPorts = 1>
ST_2 : Operation 64 [1/1] (1.58ns)   --->   "%store_ln12 = store i3 %j_3, i3 %j" [../source/tut3B_Col/matrix_mult.cpp:12]   --->   Operation 64 'store' 'store_ln12' <Predicate = true> <Delay = 1.58>
ST_2 : Operation 65 [1/1] (1.58ns)   --->   "%store_ln9 = store i3 %i_3, i3 %i" [../source/tut3B_Col/matrix_mult.cpp:9]   --->   Operation 65 'store' 'store_ln9' <Predicate = true> <Delay = 1.58>

State 3 <SV = 2> <Delay = 5.41>
ST_3 : Operation 66 [1/1] (0.00ns)   --->   "%indvar_flatten1_load = load i5 %indvar_flatten1" [../source/tut3B_Col/matrix_mult.cpp:9]   --->   Operation 66 'load' 'indvar_flatten1_load' <Predicate = true> <Delay = 0.00>
ST_3 : Operation 67 [1/1] (0.00ns)   --->   "%zext_ln20_2 = zext i6 %add_ln20_13" [../source/tut3B_Col/matrix_mult.cpp:20]   --->   Operation 67 'zext' 'zext_ln20_2' <Predicate = true> <Delay = 0.00>
ST_3 : Operation 68 [1/1] (0.00ns)   --->   "%a_addr = getelementptr i8 %a, i64 0, i64 %zext_ln20_2" [../source/tut3B_Col/matrix_mult.cpp:20]   --->   Operation 68 'getelementptr' 'a_addr' <Predicate = true> <Delay = 0.00>
ST_3 : Operation 69 [1/1] (1.78ns)   --->   "%add_ln20_7 = add i5 %trunc_ln20, i5 4" [../source/tut3B_Col/matrix_mult.cpp:20]   --->   Operation 69 'add' 'add_ln20_7' <Predicate = true> <Delay = 1.78> <CoreInst = "Adder">   --->   Core 1 'Adder' <Latency = 0> <II = 1> <Delay = 1.78> <FuncUnit> <Opcode : 'add' 'sub'> <InPorts = 2> <OutPorts = 1>
ST_3 : Operation 70 [1/1] (0.00ns)   --->   "%zext_ln20_6 = zext i5 %add_ln20_7" [../source/tut3B_Col/matrix_mult.cpp:20]   --->   Operation 70 'zext' 'zext_ln20_6' <Predicate = true> <Delay = 0.00>
ST_3 : Operation 71 [1/1] (0.00ns)   --->   "%a_addr_4 = getelementptr i8 %a, i64 0, i64 %zext_ln20_6" [../source/tut3B_Col/matrix_mult.cpp:20]   --->   Operation 71 'getelementptr' 'a_addr_4' <Predicate = true> <Delay = 0.00>
ST_3 : Operation 72 [2/2] (0.00ns)   --->   "%a_load = load i5 %a_addr" [../source/tut3B_Col/matrix_mult.cpp:20]   --->   Operation 72 'load' 'a_load' <Predicate = true> <Delay = 0.00> <CoreInst = "RAM">   --->   Core 81 'RAM' <Latency = 1> <II = 1> <Delay = 2.32> <Storage> <Opcode : 'load' 'store'> <Ports = 2> <Width = 8> <Depth = 25> <RAM>
ST_3 : Operation 73 [1/2] ( I:0.00ns O:0.00ns )   --->   "%a_load_1 = load i5 %a_addr_1" [../source/tut3B_Col/matrix_mult.cpp:20]   --->   Operation 73 'load' 'a_load_1' <Predicate = true> <Delay = 0.00> <CoreInst = "RAM">   --->   Core 81 'RAM' <Latency = 1> <II = 1> <Delay = 2.32> <Storage> <Opcode : 'load' 'store'> <Ports = 2> <Width = 8> <Depth = 25> <RAM>
ST_3 : Operation 74 [1/2] ( I:0.00ns O:0.00ns )   --->   "%a_load_3 = load i5 %a_addr_3" [../source/tut3B_Col/matrix_mult.cpp:20]   --->   Operation 74 'load' 'a_load_3' <Predicate = true> <Delay = 0.00> <CoreInst = "RAM">   --->   Core 81 'RAM' <Latency = 1> <II = 1> <Delay = 2.32> <Storage> <Opcode : 'load' 'store'> <Ports = 2> <Width = 8> <Depth = 25> <RAM>
ST_3 : Operation 75 [1/1] (0.00ns)   --->   "%sext_ln20_3 = sext i8 %a_load_3" [../source/tut3B_Col/matrix_mult.cpp:20]   --->   Operation 75 'sext' 'sext_ln20_3' <Predicate = true> <Delay = 0.00>
ST_3 : Operation 76 [2/2] (0.00ns)   --->   "%a_load_4 = load i5 %a_addr_4" [../source/tut3B_Col/matrix_mult.cpp:20]   --->   Operation 76 'load' 'a_load_4' <Predicate = true> <Delay = 0.00> <CoreInst = "RAM">   --->   Core 81 'RAM' <Latency = 1> <II = 1> <Delay = 2.32> <Storage> <Opcode : 'load' 'store'> <Ports = 2> <Width = 8> <Depth = 25> <RAM>
ST_3 : Operation 77 [1/1] (1.78ns)   --->   "%add_ln20_9 = add i5 %zext_ln20_7, i5 10" [../source/tut3B_Col/matrix_mult.cpp:20]   --->   Operation 77 'add' 'add_ln20_9' <Predicate = true> <Delay = 1.78> <CoreInst = "Adder">   --->   Core 1 'Adder' <Latency = 0> <II = 1> <Delay = 1.78> <FuncUnit> <Opcode : 'add' 'sub'> <InPorts = 2> <OutPorts = 1>
ST_3 : Operation 78 [1/1] (0.00ns)   --->   "%zext_ln20_10 = zext i5 %add_ln20_9" [../source/tut3B_Col/matrix_mult.cpp:20]   --->   Operation 78 'zext' 'zext_ln20_10' <Predicate = true> <Delay = 0.00>
ST_3 : Operation 79 [1/1] (0.00ns)   --->   "%b_addr_2 = getelementptr i8 %b, i64 0, i64 %zext_ln20_10" [../source/tut3B_Col/matrix_mult.cpp:20]   --->   Operation 79 'getelementptr' 'b_addr_2' <Predicate = true> <Delay = 0.00>
ST_3 : Operation 80 [1/1] (1.78ns)   --->   "%add_ln20_11 = add i5 %zext_ln20_7, i5 20" [../source/tut3B_Col/matrix_mult.cpp:20]   --->   Operation 80 'add' 'add_ln20_11' <Predicate = true> <Delay = 1.78> <CoreInst = "Adder">   --->   Core 1 'Adder' <Latency = 0> <II = 1> <Delay = 1.78> <FuncUnit> <Opcode : 'add' 'sub'> <InPorts = 2> <OutPorts = 1>
ST_3 : Operation 81 [1/1] (0.00ns)   --->   "%zext_ln20_12 = zext i5 %add_ln20_11" [../source/tut3B_Col/matrix_mult.cpp:20]   --->   Operation 81 'zext' 'zext_ln20_12' <Predicate = true> <Delay = 0.00>
ST_3 : Operation 82 [1/1] (0.00ns)   --->   "%b_addr_4 = getelementptr i8 %b, i64 0, i64 %zext_ln20_12" [../source/tut3B_Col/matrix_mult.cpp:20]   --->   Operation 82 'getelementptr' 'b_addr_4' <Predicate = true> <Delay = 0.00>
ST_3 : Operation 83 [1/2] ( I:0.00ns O:0.00ns )   --->   "%b_load_1 = load i5 %b_addr_1" [../source/tut3B_Col/matrix_mult.cpp:20]   --->   Operation 83 'load' 'b_load_1' <Predicate = true> <Delay = 0.00> <CoreInst = "RAM">   --->   Core 81 'RAM' <Latency = 1> <II = 1> <Delay = 2.32> <Storage> <Opcode : 'load' 'store'> <Ports = 2> <Width = 8> <Depth = 25> <RAM>
ST_3 : Operation 84 [2/2] (0.00ns)   --->   "%b_load_2 = load i5 %b_addr_2" [../source/tut3B_Col/matrix_mult.cpp:20]   --->   Operation 84 'load' 'b_load_2' <Predicate = true> <Delay = 0.00> <CoreInst = "RAM">   --->   Core 81 'RAM' <Latency = 1> <II = 1> <Delay = 2.32> <Storage> <Opcode : 'load' 'store'> <Ports = 2> <Width = 8> <Depth = 25> <RAM>
ST_3 : Operation 85 [1/2] ( I:0.00ns O:0.00ns )   --->   "%b_load_3 = load i5 %b_addr_3" [../source/tut3B_Col/matrix_mult.cpp:20]   --->   Operation 85 'load' 'b_load_3' <Predicate = true> <Delay = 0.00> <CoreInst = "RAM">   --->   Core 81 'RAM' <Latency = 1> <II = 1> <Delay = 2.32> <Storage> <Opcode : 'load' 'store'> <Ports = 2> <Width = 8> <Depth = 25> <RAM>
ST_3 : Operation 86 [1/1] (0.00ns)   --->   "%sext_ln20_8 = sext i8 %b_load_3" [../source/tut3B_Col/matrix_mult.cpp:20]   --->   Operation 86 'sext' 'sext_ln20_8' <Predicate = true> <Delay = 0.00>
ST_3 : Operation 87 [2/2] (0.00ns)   --->   "%b_load_4 = load i5 %b_addr_4" [../source/tut3B_Col/matrix_mult.cpp:20]   --->   Operation 87 'load' 'b_load_4' <Predicate = true> <Delay = 0.00> <CoreInst = "RAM">   --->   Core 81 'RAM' <Latency = 1> <II = 1> <Delay = 2.32> <Storage> <Opcode : 'load' 'store'> <Ports = 2> <Width = 8> <Depth = 25> <RAM>
ST_3 : Operation 88 [5/5] (5.41ns)   --->   "%mul_ln20_3 = mul i16 %sext_ln20_8, i16 %sext_ln20_3" [../source/tut3B_Col/matrix_mult.cpp:20]   --->   Operation 88 'mul' 'mul_ln20_3' <Predicate = true> <Delay = 5.41> <CoreInst = "Multiplier">   --->   Core 3 'Multiplier' <Latency = 4> <II = 1> <Delay = 5.41> <FuncUnit> <Opcode : 'mul'> <InPorts = 2> <OutPorts = 1>
ST_3 : Operation 89 [1/1] (1.78ns)   --->   "%add_ln9_1 = add i5 %indvar_flatten1_load, i5 1" [../source/tut3B_Col/matrix_mult.cpp:9]   --->   Operation 89 'add' 'add_ln9_1' <Predicate = true> <Delay = 1.78> <CoreInst = "Adder">   --->   Core 1 'Adder' <Latency = 0> <II = 1> <Delay = 1.78> <FuncUnit> <Opcode : 'add' 'sub'> <InPorts = 2> <OutPorts = 1>
ST_3 : Operation 90 [1/1] (1.78ns)   --->   "%icmp_ln9 = icmp_eq  i5 %indvar_flatten1_load, i5 24" [../source/tut3B_Col/matrix_mult.cpp:9]   --->   Operation 90 'icmp' 'icmp_ln9' <Predicate = true> <Delay = 1.78> <CoreInst = "Cmp">   --->   Core 9 'Cmp' <Latency = 0> <II = 1> <Delay = 1.78> <FuncUnit> <Opcode : 'seteq' 'setne' 'setle' 'setge' 'setlt' 'setgt'> <InPorts = 2> <OutPorts = 1>
ST_3 : Operation 91 [1/1] (1.58ns)   --->   "%store_ln9 = store i5 %add_ln9_1, i5 %indvar_flatten1" [../source/tut3B_Col/matrix_mult.cpp:9]   --->   Operation 91 'store' 'store_ln9' <Predicate = true> <Delay = 1.58>
ST_3 : Operation 92 [1/1] (0.00ns)   --->   "%br_ln9 = br i1 %icmp_ln9, void %for.inc29, void %for.end31" [../source/tut3B_Col/matrix_mult.cpp:9]   --->   Operation 92 'br' 'br_ln9' <Predicate = true> <Delay = 0.00>

State 4 <SV = 3> <Delay = 5.41>
ST_4 : Operation 93 [1/1] (1.78ns)   --->   "%add_ln20_5 = add i5 %trunc_ln20, i5 2" [../source/tut3B_Col/matrix_mult.cpp:20]   --->   Operation 93 'add' 'add_ln20_5' <Predicate = true> <Delay = 1.78> <CoreInst = "Adder">   --->   Core 1 'Adder' <Latency = 0> <II = 1> <Delay = 1.78> <FuncUnit> <Opcode : 'add' 'sub'> <InPorts = 2> <OutPorts = 1>
ST_4 : Operation 94 [1/1] (0.00ns)   --->   "%zext_ln20_4 = zext i5 %add_ln20_5" [../source/tut3B_Col/matrix_mult.cpp:20]   --->   Operation 94 'zext' 'zext_ln20_4' <Predicate = true> <Delay = 0.00>
ST_4 : Operation 95 [1/1] (0.00ns)   --->   "%a_addr_2 = getelementptr i8 %a, i64 0, i64 %zext_ln20_4" [../source/tut3B_Col/matrix_mult.cpp:20]   --->   Operation 95 'getelementptr' 'a_addr_2' <Predicate = true> <Delay = 0.00>
ST_4 : Operation 96 [1/2] ( I:0.00ns O:0.00ns )   --->   "%a_load = load i5 %a_addr" [../source/tut3B_Col/matrix_mult.cpp:20]   --->   Operation 96 'load' 'a_load' <Predicate = true> <Delay = 0.00> <CoreInst = "RAM">   --->   Core 81 'RAM' <Latency = 1> <II = 1> <Delay = 2.32> <Storage> <Opcode : 'load' 'store'> <Ports = 2> <Width = 8> <Depth = 25> <RAM>
ST_4 : Operation 97 [1/1] (0.00ns)   --->   "%sext_ln20_1 = sext i8 %a_load_1" [../source/tut3B_Col/matrix_mult.cpp:20]   --->   Operation 97 'sext' 'sext_ln20_1' <Predicate = true> <Delay = 0.00>
ST_4 : Operation 98 [2/2] (0.00ns)   --->   "%a_load_2 = load i5 %a_addr_2" [../source/tut3B_Col/matrix_mult.cpp:20]   --->   Operation 98 'load' 'a_load_2' <Predicate = true> <Delay = 0.00> <CoreInst = "RAM">   --->   Core 81 'RAM' <Latency = 1> <II = 1> <Delay = 2.32> <Storage> <Opcode : 'load' 'store'> <Ports = 2> <Width = 8> <Depth = 25> <RAM>
ST_4 : Operation 99 [1/2] ( I:0.00ns O:0.00ns )   --->   "%a_load_4 = load i5 %a_addr_4" [../source/tut3B_Col/matrix_mult.cpp:20]   --->   Operation 99 'load' 'a_load_4' <Predicate = true> <Delay = 0.00> <CoreInst = "RAM">   --->   Core 81 'RAM' <Latency = 1> <II = 1> <Delay = 2.32> <Storage> <Opcode : 'load' 'store'> <Ports = 2> <Width = 8> <Depth = 25> <RAM>
ST_4 : Operation 100 [1/1] (1.78ns)   --->   "%add_ln20_12 = add i5 %trunc_ln20, i5 %zext_ln20_7" [../source/tut3B_Col/matrix_mult.cpp:20]   --->   Operation 100 'add' 'add_ln20_12' <Predicate = true> <Delay = 1.78> <CoreInst = "Adder">   --->   Core 1 'Adder' <Latency = 0> <II = 1> <Delay = 1.78> <FuncUnit> <Opcode : 'add' 'sub'> <InPorts = 2> <OutPorts = 1>
ST_4 : Operation 101 [1/1] (0.00ns)   --->   "%sext_ln20_6 = sext i8 %b_load_1" [../source/tut3B_Col/matrix_mult.cpp:20]   --->   Operation 101 'sext' 'sext_ln20_6' <Predicate = true> <Delay = 0.00>
ST_4 : Operation 102 [1/2] ( I:0.00ns O:0.00ns )   --->   "%b_load_2 = load i5 %b_addr_2" [../source/tut3B_Col/matrix_mult.cpp:20]   --->   Operation 102 'load' 'b_load_2' <Predicate = true> <Delay = 0.00> <CoreInst = "RAM">   --->   Core 81 'RAM' <Latency = 1> <II = 1> <Delay = 2.32> <Storage> <Opcode : 'load' 'store'> <Ports = 2> <Width = 8> <Depth = 25> <RAM>
ST_4 : Operation 103 [1/2] ( I:0.00ns O:0.00ns )   --->   "%b_load_4 = load i5 %b_addr_4" [../source/tut3B_Col/matrix_mult.cpp:20]   --->   Operation 103 'load' 'b_load_4' <Predicate = true> <Delay = 0.00> <CoreInst = "RAM">   --->   Core 81 'RAM' <Latency = 1> <II = 1> <Delay = 2.32> <Storage> <Opcode : 'load' 'store'> <Ports = 2> <Width = 8> <Depth = 25> <RAM>
ST_4 : Operation 104 [5/5] (5.41ns)   --->   "%mul_ln20_1 = mul i16 %sext_ln20_6, i16 %sext_ln20_1" [../source/tut3B_Col/matrix_mult.cpp:20]   --->   Operation 104 'mul' 'mul_ln20_1' <Predicate = true> <Delay = 5.41> <CoreInst = "Multiplier">   --->   Core 3 'Multiplier' <Latency = 4> <II = 1> <Delay = 5.41> <FuncUnit> <Opcode : 'mul'> <InPorts = 2> <OutPorts = 1>
ST_4 : Operation 105 [4/5] (5.41ns)   --->   "%mul_ln20_3 = mul i16 %sext_ln20_8, i16 %sext_ln20_3" [../source/tut3B_Col/matrix_mult.cpp:20]   --->   Operation 105 'mul' 'mul_ln20_3' <Predicate = true> <Delay = 5.41> <CoreInst = "Multiplier">   --->   Core 3 'Multiplier' <Latency = 4> <II = 1> <Delay = 5.41> <FuncUnit> <Opcode : 'mul'> <InPorts = 2> <OutPorts = 1>

State 5 <SV = 4> <Delay = 5.41>
ST_5 : Operation 106 [1/2] ( I:0.00ns O:0.00ns )   --->   "%a_load_2 = load i5 %a_addr_2" [../source/tut3B_Col/matrix_mult.cpp:20]   --->   Operation 106 'load' 'a_load_2' <Predicate = true> <Delay = 0.00> <CoreInst = "RAM">   --->   Core 81 'RAM' <Latency = 1> <II = 1> <Delay = 2.32> <Storage> <Opcode : 'load' 'store'> <Ports = 2> <Width = 8> <Depth = 25> <RAM>
ST_5 : Operation 107 [4/5] (5.41ns)   --->   "%mul_ln20_1 = mul i16 %sext_ln20_6, i16 %sext_ln20_1" [../source/tut3B_Col/matrix_mult.cpp:20]   --->   Operation 107 'mul' 'mul_ln20_1' <Predicate = true> <Delay = 5.41> <CoreInst = "Multiplier">   --->   Core 3 'Multiplier' <Latency = 4> <II = 1> <Delay = 5.41> <FuncUnit> <Opcode : 'mul'> <InPorts = 2> <OutPorts = 1>
ST_5 : Operation 108 [3/5] (5.41ns)   --->   "%mul_ln20_3 = mul i16 %sext_ln20_8, i16 %sext_ln20_3" [../source/tut3B_Col/matrix_mult.cpp:20]   --->   Operation 108 'mul' 'mul_ln20_3' <Predicate = true> <Delay = 5.41> <CoreInst = "Multiplier">   --->   Core 3 'Multiplier' <Latency = 4> <II = 1> <Delay = 5.41> <FuncUnit> <Opcode : 'mul'> <InPorts = 2> <OutPorts = 1>

State 6 <SV = 5> <Delay = 5.41>
ST_6 : Operation 109 [1/1] (0.00ns)   --->   "%sext_ln20_4 = sext i8 %a_load_4" [../source/tut3B_Col/matrix_mult.cpp:20]   --->   Operation 109 'sext' 'sext_ln20_4' <Predicate = true> <Delay = 0.00>
ST_6 : Operation 110 [1/1] (0.00ns)   --->   "%sext_ln20_9 = sext i8 %b_load_4" [../source/tut3B_Col/matrix_mult.cpp:20]   --->   Operation 110 'sext' 'sext_ln20_9' <Predicate = true> <Delay = 0.00>
ST_6 : Operation 111 [3/5] (5.41ns)   --->   "%mul_ln20_1 = mul i16 %sext_ln20_6, i16 %sext_ln20_1" [../source/tut3B_Col/matrix_mult.cpp:20]   --->   Operation 111 'mul' 'mul_ln20_1' <Predicate = true> <Delay = 5.41> <CoreInst = "Multiplier">   --->   Core 3 'Multiplier' <Latency = 4> <II = 1> <Delay = 5.41> <FuncUnit> <Opcode : 'mul'> <InPorts = 2> <OutPorts = 1>
ST_6 : Operation 112 [3/3] (1.05ns) (grouped into DSP with root node add_ln20_1)   --->   "%mul_ln20_2 = mul i16 %sext_ln20_9, i16 %sext_ln20_4" [../source/tut3B_Col/matrix_mult.cpp:20]   --->   Operation 112 'mul' 'mul_ln20_2' <Predicate = true> <Delay = 1.05> <CoreInst = "DSP48">   --->   Core 116 'DSP48' <Latency = 3> <II = 1> <Delay = 2.15> <IPBlock> <Opcode : 'add' 'sub' 'mul' 'select'> <InPorts = 0> <OutPorts = 1> <Sync> <CReg>
ST_6 : Operation 113 [2/5] (5.41ns)   --->   "%mul_ln20_3 = mul i16 %sext_ln20_8, i16 %sext_ln20_3" [../source/tut3B_Col/matrix_mult.cpp:20]   --->   Operation 113 'mul' 'mul_ln20_3' <Predicate = true> <Delay = 5.41> <CoreInst = "Multiplier">   --->   Core 3 'Multiplier' <Latency = 4> <II = 1> <Delay = 5.41> <FuncUnit> <Opcode : 'mul'> <InPorts = 2> <OutPorts = 1>

State 7 <SV = 6> <Delay = 5.41>
ST_7 : Operation 114 [1/1] (0.00ns)   --->   "%sext_ln20 = sext i8 %a_load" [../source/tut3B_Col/matrix_mult.cpp:20]   --->   Operation 114 'sext' 'sext_ln20' <Predicate = true> <Delay = 0.00>
ST_7 : Operation 115 [1/1] (0.00ns)   --->   "%sext_ln20_5 = sext i8 %b_load" [../source/tut3B_Col/matrix_mult.cpp:20]   --->   Operation 115 'sext' 'sext_ln20_5' <Predicate = true> <Delay = 0.00>
ST_7 : Operation 116 [3/3] (1.05ns) (grouped into DSP with root node add_ln20)   --->   "%mul_ln20 = mul i16 %sext_ln20_5, i16 %sext_ln20" [../source/tut3B_Col/matrix_mult.cpp:20]   --->   Operation 116 'mul' 'mul_ln20' <Predicate = true> <Delay = 1.05> <CoreInst = "DSP48">   --->   Core 116 'DSP48' <Latency = 3> <II = 1> <Delay = 2.15> <IPBlock> <Opcode : 'add' 'sub' 'mul' 'select'> <InPorts = 0> <OutPorts = 1> <Sync> <CReg>
ST_7 : Operation 117 [2/5] (5.41ns)   --->   "%mul_ln20_1 = mul i16 %sext_ln20_6, i16 %sext_ln20_1" [../source/tut3B_Col/matrix_mult.cpp:20]   --->   Operation 117 'mul' 'mul_ln20_1' <Predicate = true> <Delay = 5.41> <CoreInst = "Multiplier">   --->   Core 3 'Multiplier' <Latency = 4> <II = 1> <Delay = 5.41> <FuncUnit> <Opcode : 'mul'> <InPorts = 2> <OutPorts = 1>
ST_7 : Operation 118 [2/3] (1.05ns) (grouped into DSP with root node add_ln20_1)   --->   "%mul_ln20_2 = mul i16 %sext_ln20_9, i16 %sext_ln20_4" [../source/tut3B_Col/matrix_mult.cpp:20]   --->   Operation 118 'mul' 'mul_ln20_2' <Predicate = true> <Delay = 1.05> <CoreInst = "DSP48">   --->   Core 116 'DSP48' <Latency = 3> <II = 1> <Delay = 2.15> <IPBlock> <Opcode : 'add' 'sub' 'mul' 'select'> <InPorts = 0> <OutPorts = 1> <Sync> <CReg>
ST_7 : Operation 119 [1/5] (5.41ns)   --->   "%mul_ln20_3 = mul i16 %sext_ln20_8, i16 %sext_ln20_3" [../source/tut3B_Col/matrix_mult.cpp:20]   --->   Operation 119 'mul' 'mul_ln20_3' <Predicate = true> <Delay = 5.41> <CoreInst = "Multiplier">   --->   Core 3 'Multiplier' <Latency = 4> <II = 1> <Delay = 5.41> <FuncUnit> <Opcode : 'mul'> <InPorts = 2> <OutPorts = 1>

State 8 <SV = 7> <Delay = 5.41>
ST_8 : Operation 120 [1/1] (0.00ns)   --->   "%sext_ln20_2 = sext i8 %a_load_2" [../source/tut3B_Col/matrix_mult.cpp:20]   --->   Operation 120 'sext' 'sext_ln20_2' <Predicate = true> <Delay = 0.00>
ST_8 : Operation 121 [1/1] (0.00ns)   --->   "%sext_ln20_7 = sext i8 %b_load_2" [../source/tut3B_Col/matrix_mult.cpp:20]   --->   Operation 121 'sext' 'sext_ln20_7' <Predicate = true> <Delay = 0.00>
ST_8 : Operation 122 [2/3] (1.05ns) (grouped into DSP with root node add_ln20)   --->   "%mul_ln20 = mul i16 %sext_ln20_5, i16 %sext_ln20" [../source/tut3B_Col/matrix_mult.cpp:20]   --->   Operation 122 'mul' 'mul_ln20' <Predicate = true> <Delay = 1.05> <CoreInst = "DSP48">   --->   Core 116 'DSP48' <Latency = 3> <II = 1> <Delay = 2.15> <IPBlock> <Opcode : 'add' 'sub' 'mul' 'select'> <InPorts = 0> <OutPorts = 1> <Sync> <CReg>
ST_8 : Operation 123 [1/5] (5.41ns)   --->   "%mul_ln20_1 = mul i16 %sext_ln20_6, i16 %sext_ln20_1" [../source/tut3B_Col/matrix_mult.cpp:20]   --->   Operation 123 'mul' 'mul_ln20_1' <Predicate = true> <Delay = 5.41> <CoreInst = "Multiplier">   --->   Core 3 'Multiplier' <Latency = 4> <II = 1> <Delay = 5.41> <FuncUnit> <Opcode : 'mul'> <InPorts = 2> <OutPorts = 1>
ST_8 : Operation 124 [1/3] (0.00ns) (grouped into DSP with root node add_ln20_1)   --->   "%mul_ln20_2 = mul i16 %sext_ln20_9, i16 %sext_ln20_4" [../source/tut3B_Col/matrix_mult.cpp:20]   --->   Operation 124 'mul' 'mul_ln20_2' <Predicate = true> <Delay = 0.00> <CoreInst = "DSP48">   --->   Core 116 'DSP48' <Latency = 3> <II = 1> <Delay = 2.15> <IPBlock> <Opcode : 'add' 'sub' 'mul' 'select'> <InPorts = 0> <OutPorts = 1> <Sync> <CReg>
ST_8 : Operation 125 [3/3] (1.05ns) (grouped into DSP with root node add_ln20_2)   --->   "%mul_ln20_4 = mul i16 %sext_ln20_7, i16 %sext_ln20_2" [../source/tut3B_Col/matrix_mult.cpp:20]   --->   Operation 125 'mul' 'mul_ln20_4' <Predicate = true> <Delay = 1.05> <CoreInst = "DSP48">   --->   Core 116 'DSP48' <Latency = 3> <II = 1> <Delay = 2.15> <IPBlock> <Opcode : 'add' 'sub' 'mul' 'select'> <InPorts = 0> <OutPorts = 1> <Sync> <CReg>
ST_8 : Operation 126 [2/2] (2.10ns) (root node of the DSP)   --->   "%add_ln20_1 = add i16 %mul_ln20_3, i16 %mul_ln20_2" [../source/tut3B_Col/matrix_mult.cpp:20]   --->   Operation 126 'add' 'add_ln20_1' <Predicate = true> <Delay = 2.10> <CoreInst = "DSP48">   --->   Core 116 'DSP48' <Latency = 3> <II = 1> <Delay = 2.15> <IPBlock> <Opcode : 'add' 'sub' 'mul' 'select'> <InPorts = 0> <OutPorts = 1> <Sync> <CReg>

State 9 <SV = 8> <Delay = 2.10>
ST_9 : Operation 127 [1/3] (0.00ns) (grouped into DSP with root node add_ln20)   --->   "%mul_ln20 = mul i16 %sext_ln20_5, i16 %sext_ln20" [../source/tut3B_Col/matrix_mult.cpp:20]   --->   Operation 127 'mul' 'mul_ln20' <Predicate = true> <Delay = 0.00> <CoreInst = "DSP48">   --->   Core 116 'DSP48' <Latency = 3> <II = 1> <Delay = 2.15> <IPBlock> <Opcode : 'add' 'sub' 'mul' 'select'> <InPorts = 0> <OutPorts = 1> <Sync> <CReg>
ST_9 : Operation 128 [2/3] (1.05ns) (grouped into DSP with root node add_ln20_2)   --->   "%mul_ln20_4 = mul i16 %sext_ln20_7, i16 %sext_ln20_2" [../source/tut3B_Col/matrix_mult.cpp:20]   --->   Operation 128 'mul' 'mul_ln20_4' <Predicate = true> <Delay = 1.05> <CoreInst = "DSP48">   --->   Core 116 'DSP48' <Latency = 3> <II = 1> <Delay = 2.15> <IPBlock> <Opcode : 'add' 'sub' 'mul' 'select'> <InPorts = 0> <OutPorts = 1> <Sync> <CReg>
ST_9 : Operation 129 [2/2] (2.10ns) (root node of the DSP)   --->   "%add_ln20 = add i16 %mul_ln20_1, i16 %mul_ln20" [../source/tut3B_Col/matrix_mult.cpp:20]   --->   Operation 129 'add' 'add_ln20' <Predicate = true> <Delay = 2.10> <CoreInst = "DSP48">   --->   Core 116 'DSP48' <Latency = 3> <II = 1> <Delay = 2.15> <IPBlock> <Opcode : 'add' 'sub' 'mul' 'select'> <InPorts = 0> <OutPorts = 1> <Sync> <CReg>
ST_9 : Operation 130 [1/2] (2.10ns) (root node of the DSP)   --->   "%add_ln20_1 = add i16 %mul_ln20_3, i16 %mul_ln20_2" [../source/tut3B_Col/matrix_mult.cpp:20]   --->   Operation 130 'add' 'add_ln20_1' <Predicate = true> <Delay = 2.10> <CoreInst = "DSP48">   --->   Core 116 'DSP48' <Latency = 3> <II = 1> <Delay = 2.15> <IPBlock> <Opcode : 'add' 'sub' 'mul' 'select'> <InPorts = 0> <OutPorts = 1> <Sync> <CReg>

State 10 <SV = 9> <Delay = 2.10>
ST_10 : Operation 131 [1/3] (0.00ns) (grouped into DSP with root node add_ln20_2)   --->   "%mul_ln20_4 = mul i16 %sext_ln20_7, i16 %sext_ln20_2" [../source/tut3B_Col/matrix_mult.cpp:20]   --->   Operation 131 'mul' 'mul_ln20_4' <Predicate = true> <Delay = 0.00> <CoreInst = "DSP48">   --->   Core 116 'DSP48' <Latency = 3> <II = 1> <Delay = 2.15> <IPBlock> <Opcode : 'add' 'sub' 'mul' 'select'> <InPorts = 0> <OutPorts = 1> <Sync> <CReg>
ST_10 : Operation 132 [1/2] (2.10ns) (root node of the DSP)   --->   "%add_ln20 = add i16 %mul_ln20_1, i16 %mul_ln20" [../source/tut3B_Col/matrix_mult.cpp:20]   --->   Operation 132 'add' 'add_ln20' <Predicate = true> <Delay = 2.10> <CoreInst = "DSP48">   --->   Core 116 'DSP48' <Latency = 3> <II = 1> <Delay = 2.15> <IPBlock> <Opcode : 'add' 'sub' 'mul' 'select'> <InPorts = 0> <OutPorts = 1> <Sync> <CReg>
ST_10 : Operation 133 [2/2] (2.10ns) (root node of the DSP)   --->   "%add_ln20_2 = add i16 %add_ln20_1, i16 %mul_ln20_4" [../source/tut3B_Col/matrix_mult.cpp:20]   --->   Operation 133 'add' 'add_ln20_2' <Predicate = true> <Delay = 2.10> <CoreInst = "DSP48">   --->   Core 116 'DSP48' <Latency = 3> <II = 1> <Delay = 2.15> <IPBlock> <Opcode : 'add' 'sub' 'mul' 'select'> <InPorts = 0> <OutPorts = 1> <Sync> <CReg>

State 11 <SV = 10> <Delay = 2.10>
ST_11 : Operation 134 [1/2] (2.10ns) (root node of the DSP)   --->   "%add_ln20_2 = add i16 %add_ln20_1, i16 %mul_ln20_4" [../source/tut3B_Col/matrix_mult.cpp:20]   --->   Operation 134 'add' 'add_ln20_2' <Predicate = true> <Delay = 2.10> <CoreInst = "DSP48">   --->   Core 116 'DSP48' <Latency = 3> <II = 1> <Delay = 2.15> <IPBlock> <Opcode : 'add' 'sub' 'mul' 'select'> <InPorts = 0> <OutPorts = 1> <Sync> <CReg>

State 12 <SV = 11> <Delay = 2.07>
ST_12 : Operation 135 [1/1] (0.00ns)   --->   "%specloopname_ln0 = specloopname void @_ssdm_op_SpecLoopName, void @Row_Col_str"   --->   Operation 135 'specloopname' 'specloopname_ln0' <Predicate = true> <Delay = 0.00>
ST_12 : Operation 136 [1/1] (0.00ns)   --->   "%speclooptripcount_ln0 = speclooptripcount void @_ssdm_op_SpecLoopTripCount, i64 25, i64 25, i64 25"   --->   Operation 136 'speclooptripcount' 'speclooptripcount_ln0' <Predicate = true> <Delay = 0.00>
ST_12 : Operation 137 [1/1] (0.00ns)   --->   "%zext_ln20_13 = zext i5 %add_ln20_12" [../source/tut3B_Col/matrix_mult.cpp:20]   --->   Operation 137 'zext' 'zext_ln20_13' <Predicate = true> <Delay = 0.00>
ST_12 : Operation 138 [1/1] (0.00ns)   --->   "%prod_addr = getelementptr i16 %prod, i64 0, i64 %zext_ln20_13" [../source/tut3B_Col/matrix_mult.cpp:20]   --->   Operation 138 'getelementptr' 'prod_addr' <Predicate = true> <Delay = 0.00>
ST_12 : Operation 139 [1/1] (0.00ns)   --->   "%specpipeline_ln13 = specpipeline void @_ssdm_op_SpecPipeline, i32 1, i32 0, i32 0, i32 0, i32 4294967295, void @empty_0" [../source/tut3B_Col/matrix_mult.cpp:13]   --->   Operation 139 'specpipeline' 'specpipeline_ln13' <Predicate = true> <Delay = 0.00>
ST_12 : Operation 140 [1/1] (2.07ns)   --->   "%add_ln20_3 = add i16 %add_ln20_2, i16 %add_ln20" [../source/tut3B_Col/matrix_mult.cpp:20]   --->   Operation 140 'add' 'add_ln20_3' <Predicate = true> <Delay = 2.07> <CoreInst = "Adder">   --->   Core 1 'Adder' <Latency = 0> <II = 1> <Delay = 2.07> <FuncUnit> <Opcode : 'add' 'sub'> <InPorts = 2> <OutPorts = 1>
ST_12 : Operation 141 [1/1] ( I:0.00ns O:0.00ns )   --->   "%store_ln20 = store i16 %add_ln20_3, i5 %prod_addr" [../source/tut3B_Col/matrix_mult.cpp:20]   --->   Operation 141 'store' 'store_ln20' <Predicate = true> <Delay = 0.00> <CoreInst = "RAM">   --->   Core 81 'RAM' <Latency = 0> <II = 1> <Delay = 1.86> <Storage> <Opcode : 'load' 'store'> <Ports = 2> <Width = 16> <Depth = 25> <RAM>
ST_12 : Operation 142 [1/1] (1.58ns)   --->   "%ret_ln24 = ret" [../source/tut3B_Col/matrix_mult.cpp:24]   --->   Operation 142 'ret' 'ret_ln24' <Predicate = (icmp_ln9)> <Delay = 1.58>


============================================================
+ Verbose Summary: Binding
============================================================
STG Binding: 
---------------- STG Properties BEGIN ----------------
- Is combinational: 0
- Is one-state seq: 0
- Is datapath-only: 0
- Is pipelined: 0
- Is top level: 1
Port [ Return ] is wired: 1; IO mode=ap_ctrl_hs:ce=0
Port [ a]:  wired=1; compound=1; hidden=0; nouse=0; global=0; static=0; extern=0; dir=0; type=1; pingpong=0; private_global=0; MemPort=[11]; IO mode=ap_memory:ce=0
Port [ b]:  wired=1; compound=1; hidden=0; nouse=0; global=0; static=0; extern=0; dir=0; type=1; pingpong=0; private_global=0; MemPort=[11]; IO mode=ap_memory:ce=0
Port [ prod]:  wired=1; compound=1; hidden=0; nouse=0; global=0; static=0; extern=0; dir=1; type=1; pingpong=0; private_global=0; MemPort=[03]; IO mode=ap_memory:ce=0
---------------- STG Properties END ------------------

---------------- Datapath Model BEGIN ----------------

<LifeTime>
<method=bitvector/>
indvar_flatten1       (alloca           ) [ 0111000000000]
i                     (alloca           ) [ 0110000000000]
j                     (alloca           ) [ 0110000000000]
spectopmodule_ln3     (spectopmodule    ) [ 0000000000000]
specinterface_ln0     (specinterface    ) [ 0000000000000]
specbitsmap_ln0       (specbitsmap      ) [ 0000000000000]
specinterface_ln0     (specinterface    ) [ 0000000000000]
specbitsmap_ln0       (specbitsmap      ) [ 0000000000000]
specinterface_ln0     (specinterface    ) [ 0000000000000]
specbitsmap_ln0       (specbitsmap      ) [ 0000000000000]
store_ln12            (store            ) [ 0000000000000]
store_ln9             (store            ) [ 0000000000000]
store_ln0             (store            ) [ 0000000000000]
br_ln0                (br               ) [ 0000000000000]
icmp_ln124            (phi              ) [ 0100000000000]
i_1                   (load             ) [ 0000000000000]
j_1                   (load             ) [ 0000000000000]
select_ln9            (select           ) [ 0010000000000]
empty                 (select           ) [ 0000000000000]
i_3                   (add              ) [ 0010000000000]
zext_ln12             (zext             ) [ 0000000000000]
b_addr                (getelementptr    ) [ 0010000000000]
zext_ln20             (zext             ) [ 0000000000000]
tmp                   (bitconcatenate   ) [ 0000000000000]
zext_ln20_1           (zext             ) [ 0000000000000]
add_ln20_13           (add              ) [ 0001000000000]
trunc_ln20            (trunc            ) [ 0101100000000]
add_ln20_4            (add              ) [ 0000000000000]
zext_ln20_3           (zext             ) [ 0000000000000]
a_addr_1              (getelementptr    ) [ 0001000000000]
add_ln20_6            (add              ) [ 0000000000000]
zext_ln20_5           (zext             ) [ 0000000000000]
a_addr_3              (getelementptr    ) [ 0001000000000]
zext_ln20_7           (zext             ) [ 0101100000000]
zext_ln20_8           (zext             ) [ 0000000000000]
add_ln20_8            (add              ) [ 0000000000000]
zext_ln20_9           (zext             ) [ 0000000000000]
b_addr_1              (getelementptr    ) [ 0001000000000]
add_ln20_10           (add              ) [ 0000000000000]
zext_ln20_11          (zext             ) [ 0000000000000]
b_addr_3              (getelementptr    ) [ 0001000000000]
b_load                (load             ) [ 0111111100000]
j_3                   (add              ) [ 0000000000000]
icmp_ln12             (icmp             ) [ 0101000000000]
store_ln12            (store            ) [ 0000000000000]
store_ln9             (store            ) [ 0000000000000]
indvar_flatten1_load  (load             ) [ 0000000000000]
zext_ln20_2           (zext             ) [ 0000000000000]
a_addr                (getelementptr    ) [ 0100100000000]
add_ln20_7            (add              ) [ 0000000000000]
zext_ln20_6           (zext             ) [ 0000000000000]
a_addr_4              (getelementptr    ) [ 0100100000000]
a_load_1              (load             ) [ 0100100000000]
a_load_3              (load             ) [ 0000000000000]
sext_ln20_3           (sext             ) [ 0111111100000]
add_ln20_9            (add              ) [ 0000000000000]
zext_ln20_10          (zext             ) [ 0000000000000]
b_addr_2              (getelementptr    ) [ 0100100000000]
add_ln20_11           (add              ) [ 0000000000000]
zext_ln20_12          (zext             ) [ 0000000000000]
b_addr_4              (getelementptr    ) [ 0100100000000]
b_load_1              (load             ) [ 0100100000000]
b_load_3              (load             ) [ 0000000000000]
sext_ln20_8           (sext             ) [ 0111111100000]
add_ln9_1             (add              ) [ 0000000000000]
icmp_ln9              (icmp             ) [ 0111111111111]
store_ln9             (store            ) [ 0000000000000]
br_ln9                (br               ) [ 0101000000000]
add_ln20_5            (add              ) [ 0000000000000]
zext_ln20_4           (zext             ) [ 0000000000000]
a_addr_2              (getelementptr    ) [ 0010010000000]
a_load                (load             ) [ 0111011100000]
sext_ln20_1           (sext             ) [ 0111011110000]
a_load_4              (load             ) [ 0011011000000]
add_ln20_12           (add              ) [ 0111011111111]
sext_ln20_6           (sext             ) [ 0111011110000]
b_load_2              (load             ) [ 0111011110000]
b_load_4              (load             ) [ 0011011000000]
a_load_2              (load             ) [ 0111001110000]
sext_ln20_4           (sext             ) [ 0110000110000]
sext_ln20_9           (sext             ) [ 0110000110000]
sext_ln20             (sext             ) [ 0011000011000]
sext_ln20_5           (sext             ) [ 0011000011000]
mul_ln20_3            (mul              ) [ 0011000011000]
sext_ln20_2           (sext             ) [ 0101000001100]
sext_ln20_7           (sext             ) [ 0101000001100]
mul_ln20_1            (mul              ) [ 0101000001100]
mul_ln20_2            (mul              ) [ 0001000001000]
mul_ln20              (mul              ) [ 0100000000100]
add_ln20_1            (add              ) [ 0110000000110]
mul_ln20_4            (mul              ) [ 0010000000010]
add_ln20              (add              ) [ 0011000000011]
add_ln20_2            (add              ) [ 0001000000001]
specloopname_ln0      (specloopname     ) [ 0000000000000]
speclooptripcount_ln0 (speclooptripcount) [ 0000000000000]
zext_ln20_13          (zext             ) [ 0000000000000]
prod_addr             (getelementptr    ) [ 0000000000000]
specpipeline_ln13     (specpipeline     ) [ 0000000000000]
add_ln20_3            (add              ) [ 0000000000000]
store_ln20            (store            ) [ 0000000000000]
ret_ln24              (ret              ) [ 0000000000000]
</LifeTime>

<model>

<comp_list>
<comp id="0" class="1000" name="a">
<pin_list>
<pin id="1" dir="1" index="0" bw="1" slack="0"/>
</pin_list>
<bind>
<StgValue><ssdm name="a"/><MemPortTyVec>1 1 </MemPortTyVec>
</StgValue>
</bind>
</comp>

<comp id="2" class="1000" name="b">
<pin_list>
<pin id="3" dir="1" index="0" bw="1" slack="0"/>
</pin_list>
<bind>
<StgValue><ssdm name="b"/><MemPortTyVec>1 1 </MemPortTyVec>
</StgValue>
</bind>
</comp>

<comp id="4" class="1000" name="prod">
<pin_list>
<pin id="5" dir="1" index="0" bw="1" slack="0"/>
</pin_list>
<bind>
<StgValue><ssdm name="prod"/><MemPortTyVec>0 3 </MemPortTyVec>
</StgValue>
</bind>
</comp>

<comp id="6" class="1001" name="const_6">
<pin_list>
<pin id="7" dir="1" index="0" bw="1" slack="0"/>
</pin_list>
<bind>
<StgValue><ssdm name=""/></StgValue>
</bind>
</comp>

<comp id="8" class="1001" name="const_8">
<pin_list>
<pin id="9" dir="1" index="0" bw="1" slack="2147483647"/>
</pin_list>
<bind>
<StgValue><ssdm name="_ssdm_op_SpecTopModule"/></StgValue>
</bind>
</comp>

<comp id="10" class="1001" name="const_10">
<pin_list>
<pin id="11" dir="1" index="0" bw="1" slack="2147483647"/>
</pin_list>
<bind>
<StgValue><ssdm name="empty_1"/></StgValue>
</bind>
</comp>

<comp id="12" class="1001" name="const_12">
<pin_list>
<pin id="13" dir="1" index="0" bw="1" slack="2147483647"/>
</pin_list>
<bind>
<StgValue><ssdm name="_ssdm_op_SpecInterface"/></StgValue>
</bind>
</comp>

<comp id="14" class="1001" name="const_14">
<pin_list>
<pin id="15" dir="1" index="0" bw="1" slack="2147483647"/>
</pin_list>
<bind>
<StgValue><ssdm name="empty"/></StgValue>
</bind>
</comp>

<comp id="16" class="1001" name="const_16">
<pin_list>
<pin id="17" dir="1" index="0" bw="1" slack="2147483647"/>
</pin_list>
<bind>
<StgValue><ssdm name=""/></StgValue>
</bind>
</comp>

<comp id="18" class="1001" name="const_18">
<pin_list>
<pin id="19" dir="1" index="0" bw="1" slack="2147483647"/>
</pin_list>
<bind>
<StgValue><ssdm name="empty_0"/></StgValue>
</bind>
</comp>

<comp id="20" class="1001" name="const_20">
<pin_list>
<pin id="21" dir="1" index="0" bw="1" slack="2147483647"/>
</pin_list>
<bind>
<StgValue><ssdm name=""/></StgValue>
</bind>
</comp>

<comp id="22" class="1001" name="const_22">
<pin_list>
<pin id="23" dir="1" index="0" bw="1" slack="2147483647"/>
</pin_list>
<bind>
<StgValue><ssdm name="_ssdm_op_SpecBitsMap"/></StgValue>
</bind>
</comp>

<comp id="24" class="1001" name="const_24">
<pin_list>
<pin id="25" dir="1" index="0" bw="1" slack="0"/>
</pin_list>
<bind>
<StgValue><ssdm name=""/></StgValue>
</bind>
</comp>

<comp id="26" class="1001" name="const_26">
<pin_list>
<pin id="27" dir="1" index="0" bw="1" slack="0"/>
</pin_list>
<bind>
<StgValue><ssdm name=""/></StgValue>
</bind>
</comp>

<comp id="28" class="1001" name="const_28">
<pin_list>
<pin id="29" dir="1" index="0" bw="1" slack="0"/>
</pin_list>
<bind>
<StgValue><ssdm name=""/></StgValue>
</bind>
</comp>

<comp id="30" class="1001" name="const_30">
<pin_list>
<pin id="31" dir="1" index="0" bw="1" slack="0"/>
</pin_list>
<bind>
<StgValue><ssdm name=""/></StgValue>
</bind>
</comp>

<comp id="32" class="1001" name="const_32">
<pin_list>
<pin id="33" dir="1" index="0" bw="1" slack="0"/>
</pin_list>
<bind>
<StgValue><ssdm name=""/></StgValue>
</bind>
</comp>

<comp id="34" class="1001" name="const_34">
<pin_list>
<pin id="35" dir="1" index="0" bw="1" slack="0"/>
</pin_list>
<bind>
<StgValue><ssdm name="_ssdm_op_BitConcatenate.i5.i3.i2"/></StgValue>
</bind>
</comp>

<comp id="36" class="1001" name="const_36">
<pin_list>
<pin id="37" dir="1" index="0" bw="1" slack="0"/>
</pin_list>
<bind>
<StgValue><ssdm name=""/></StgValue>
</bind>
</comp>

<comp id="38" class="1001" name="const_38">
<pin_list>
<pin id="39" dir="1" index="0" bw="1" slack="0"/>
</pin_list>
<bind>
<StgValue><ssdm name=""/></StgValue>
</bind>
</comp>

<comp id="40" class="1001" name="const_40">
<pin_list>
<pin id="41" dir="1" index="0" bw="1" slack="0"/>
</pin_list>
<bind>
<StgValue><ssdm name=""/></StgValue>
</bind>
</comp>

<comp id="42" class="1001" name="const_42">
<pin_list>
<pin id="43" dir="1" index="0" bw="1" slack="0"/>
</pin_list>
<bind>
<StgValue><ssdm name=""/></StgValue>
</bind>
</comp>

<comp id="44" class="1001" name="const_44">
<pin_list>
<pin id="45" dir="1" index="0" bw="1" slack="0"/>
</pin_list>
<bind>
<StgValue><ssdm name=""/></StgValue>
</bind>
</comp>

<comp id="46" class="1001" name="const_46">
<pin_list>
<pin id="47" dir="1" index="0" bw="1" slack="0"/>
</pin_list>
<bind>
<StgValue><ssdm name=""/></StgValue>
</bind>
</comp>

<comp id="48" class="1001" name="const_48">
<pin_list>
<pin id="49" dir="1" index="0" bw="1" slack="0"/>
</pin_list>
<bind>
<StgValue><ssdm name=""/></StgValue>
</bind>
</comp>

<comp id="50" class="1001" name="const_50">
<pin_list>
<pin id="51" dir="1" index="0" bw="1" slack="0"/>
</pin_list>
<bind>
<StgValue><ssdm name=""/></StgValue>
</bind>
</comp>

<comp id="52" class="1001" name="const_52">
<pin_list>
<pin id="53" dir="1" index="0" bw="1" slack="0"/>
</pin_list>
<bind>
<StgValue><ssdm name=""/></StgValue>
</bind>
</comp>

<comp id="54" class="1001" name="const_54">
<pin_list>
<pin id="55" dir="1" index="0" bw="1" slack="0"/>
</pin_list>
<bind>
<StgValue><ssdm name=""/></StgValue>
</bind>
</comp>

<comp id="56" class="1001" name="const_56">
<pin_list>
<pin id="57" dir="1" index="0" bw="1" slack="0"/>
</pin_list>
<bind>
<StgValue><ssdm name=""/></StgValue>
</bind>
</comp>

<comp id="58" class="1001" name="const_58">
<pin_list>
<pin id="59" dir="1" index="0" bw="1" slack="2147483647"/>
</pin_list>
<bind>
<StgValue><ssdm name="_ssdm_op_SpecLoopName"/></StgValue>
</bind>
</comp>

<comp id="60" class="1001" name="const_60">
<pin_list>
<pin id="61" dir="1" index="0" bw="1" slack="2147483647"/>
</pin_list>
<bind>
<StgValue><ssdm name="Row_Col_str"/></StgValue>
</bind>
</comp>

<comp id="62" class="1001" name="const_62">
<pin_list>
<pin id="63" dir="1" index="0" bw="1" slack="2147483647"/>
</pin_list>
<bind>
<StgValue><ssdm name="_ssdm_op_SpecLoopTripCount"/></StgValue>
</bind>
</comp>

<comp id="64" class="1001" name="const_64">
<pin_list>
<pin id="65" dir="1" index="0" bw="1" slack="2147483647"/>
</pin_list>
<bind>
<StgValue><ssdm name=""/></StgValue>
</bind>
</comp>

<comp id="66" class="1001" name="const_66">
<pin_list>
<pin id="67" dir="1" index="0" bw="1" slack="2147483647"/>
</pin_list>
<bind>
<StgValue><ssdm name="_ssdm_op_SpecPipeline"/></StgValue>
</bind>
</comp>

<comp id="68" class="1004" name="indvar_flatten1_fu_68">
<pin_list>
<pin id="69" dir="0" index="0" bw="1" slack="0"/>
<pin id="70" dir="1" index="1" bw="5" slack="0"/>
</pin_list>
<bind>
<opcode="alloca(26) " fcode="alloca"/>
<opset="indvar_flatten1/1 "/>
</bind>
</comp>

<comp id="72" class="1004" name="i_fu_72">
<pin_list>
<pin id="73" dir="0" index="0" bw="1" slack="0"/>
<pin id="74" dir="1" index="1" bw="3" slack="0"/>
</pin_list>
<bind>
<opcode="alloca(26) " fcode="alloca"/>
<opset="i/1 "/>
</bind>
</comp>

<comp id="76" class="1004" name="j_fu_76">
<pin_list>
<pin id="77" dir="0" index="0" bw="1" slack="0"/>
<pin id="78" dir="1" index="1" bw="3" slack="0"/>
</pin_list>
<bind>
<opcode="alloca(26) " fcode="alloca"/>
<opset="j/1 "/>
</bind>
</comp>

<comp id="80" class="1004" name="b_addr_gep_fu_80">
<pin_list>
<pin id="81" dir="0" index="0" bw="8" slack="0"/>
<pin id="82" dir="0" index="1" bw="1" slack="0"/>
<pin id="83" dir="0" index="2" bw="3" slack="0"/>
<pin id="84" dir="1" index="3" bw="5" slack="0"/>
</pin_list>
<bind>
<opcode="getelementptr(29) " fcode="getelementptr"/>
<opset="b_addr/1 "/>
</bind>
</comp>

<comp id="87" class="1004" name="grp_access_fu_87">
<pin_list>
<pin id="88" dir="0" index="0" bw="5" slack="0"/>
<pin id="89" dir="0" index="1" bw="8" slack="2147483647"/>
<pin id="90" dir="0" index="2" bw="0" slack="0"/>
<pin id="132" dir="0" index="4" bw="5" slack="2147483647"/>
<pin id="133" dir="0" index="5" bw="8" slack="2147483647"/>
<pin id="134" dir="0" index="6" bw="0" slack="2147483647"/>
<pin id="91" dir="1" index="3" bw="8" slack="0"/>
<pin id="135" dir="1" index="7" bw="8" slack="1"/>
</pin_list>
<bind>
<opcode="load(27) " fcode="load"/>
<opset="b_load/1 b_load_1/2 b_load_3/2 b_load_2/3 b_load_4/3 "/>
</bind>
</comp>

<comp id="93" class="1004" name="a_addr_1_gep_fu_93">
<pin_list>
<pin id="94" dir="0" index="0" bw="8" slack="0"/>
<pin id="95" dir="0" index="1" bw="1" slack="0"/>
<pin id="96" dir="0" index="2" bw="5" slack="0"/>
<pin id="97" dir="1" index="3" bw="5" slack="0"/>
</pin_list>
<bind>
<opcode="getelementptr(29) " fcode="getelementptr"/>
<opset="a_addr_1/2 "/>
</bind>
</comp>

<comp id="100" class="1004" name="a_addr_3_gep_fu_100">
<pin_list>
<pin id="101" dir="0" index="0" bw="8" slack="0"/>
<pin id="102" dir="0" index="1" bw="1" slack="0"/>
<pin id="103" dir="0" index="2" bw="5" slack="0"/>
<pin id="104" dir="1" index="3" bw="5" slack="0"/>
</pin_list>
<bind>
<opcode="getelementptr(29) " fcode="getelementptr"/>
<opset="a_addr_3/2 "/>
</bind>
</comp>

<comp id="107" class="1004" name="grp_access_fu_107">
<pin_list>
<pin id="108" dir="0" index="0" bw="5" slack="0"/>
<pin id="109" dir="0" index="1" bw="8" slack="2147483647"/>
<pin id="110" dir="0" index="2" bw="0" slack="0"/>
<pin id="112" dir="0" index="4" bw="5" slack="2147483647"/>
<pin id="113" dir="0" index="5" bw="8" slack="2147483647"/>
<pin id="114" dir="0" index="6" bw="0" slack="2147483647"/>
<pin id="111" dir="1" index="3" bw="8" slack="0"/>
<pin id="115" dir="1" index="7" bw="8" slack="1"/>
</pin_list>
<bind>
<opcode="load(27) " fcode="load"/>
<opset="a_load_1/2 a_load_3/2 a_load/3 a_load_4/3 a_load_2/4 "/>
</bind>
</comp>

<comp id="118" class="1004" name="b_addr_1_gep_fu_118">
<pin_list>
<pin id="119" dir="0" index="0" bw="8" slack="0"/>
<pin id="120" dir="0" index="1" bw="1" slack="0"/>
<pin id="121" dir="0" index="2" bw="4" slack="0"/>
<pin id="122" dir="1" index="3" bw="5" slack="0"/>
</pin_list>
<bind>
<opcode="getelementptr(29) " fcode="getelementptr"/>
<opset="b_addr_1/2 "/>
</bind>
</comp>

<comp id="125" class="1004" name="b_addr_3_gep_fu_125">
<pin_list>
<pin id="126" dir="0" index="0" bw="8" slack="0"/>
<pin id="127" dir="0" index="1" bw="1" slack="0"/>
<pin id="128" dir="0" index="2" bw="5" slack="0"/>
<pin id="129" dir="1" index="3" bw="5" slack="0"/>
</pin_list>
<bind>
<opcode="getelementptr(29) " fcode="getelementptr"/>
<opset="b_addr_3/2 "/>
</bind>
</comp>

<comp id="138" class="1004" name="a_addr_gep_fu_138">
<pin_list>
<pin id="139" dir="0" index="0" bw="8" slack="0"/>
<pin id="140" dir="0" index="1" bw="1" slack="0"/>
<pin id="141" dir="0" index="2" bw="6" slack="0"/>
<pin id="142" dir="1" index="3" bw="5" slack="0"/>
</pin_list>
<bind>
<opcode="getelementptr(29) " fcode="getelementptr"/>
<opset="a_addr/3 "/>
</bind>
</comp>

<comp id="145" class="1004" name="a_addr_4_gep_fu_145">
<pin_list>
<pin id="146" dir="0" index="0" bw="8" slack="0"/>
<pin id="147" dir="0" index="1" bw="1" slack="0"/>
<pin id="148" dir="0" index="2" bw="5" slack="0"/>
<pin id="149" dir="1" index="3" bw="5" slack="0"/>
</pin_list>
<bind>
<opcode="getelementptr(29) " fcode="getelementptr"/>
<opset="a_addr_4/3 "/>
</bind>
</comp>

<comp id="154" class="1004" name="b_addr_2_gep_fu_154">
<pin_list>
<pin id="155" dir="0" index="0" bw="8" slack="0"/>
<pin id="156" dir="0" index="1" bw="1" slack="0"/>
<pin id="157" dir="0" index="2" bw="5" slack="0"/>
<pin id="158" dir="1" index="3" bw="5" slack="0"/>
</pin_list>
<bind>
<opcode="getelementptr(29) " fcode="getelementptr"/>
<opset="b_addr_2/3 "/>
</bind>
</comp>

<comp id="161" class="1004" name="b_addr_4_gep_fu_161">
<pin_list>
<pin id="162" dir="0" index="0" bw="8" slack="0"/>
<pin id="163" dir="0" index="1" bw="1" slack="0"/>
<pin id="164" dir="0" index="2" bw="5" slack="0"/>
<pin id="165" dir="1" index="3" bw="5" slack="0"/>
</pin_list>
<bind>
<opcode="getelementptr(29) " fcode="getelementptr"/>
<opset="b_addr_4/3 "/>
</bind>
</comp>

<comp id="170" class="1004" name="a_addr_2_gep_fu_170">
<pin_list>
<pin id="171" dir="0" index="0" bw="8" slack="0"/>
<pin id="172" dir="0" index="1" bw="1" slack="0"/>
<pin id="173" dir="0" index="2" bw="5" slack="0"/>
<pin id="174" dir="1" index="3" bw="5" slack="0"/>
</pin_list>
<bind>
<opcode="getelementptr(29) " fcode="getelementptr"/>
<opset="a_addr_2/4 "/>
</bind>
</comp>

<comp id="178" class="1004" name="prod_addr_gep_fu_178">
<pin_list>
<pin id="179" dir="0" index="0" bw="16" slack="0"/>
<pin id="180" dir="0" index="1" bw="1" slack="0"/>
<pin id="181" dir="0" index="2" bw="5" slack="0"/>
<pin id="182" dir="1" index="3" bw="5" slack="0"/>
</pin_list>
<bind>
<opcode="getelementptr(29) " fcode="getelementptr"/>
<opset="prod_addr/12 "/>
</bind>
</comp>

<comp id="185" class="1004" name="store_ln20_access_fu_185">
<pin_list>
<pin id="186" dir="0" index="0" bw="5" slack="0"/>
<pin id="187" dir="0" index="1" bw="16" slack="0"/>
<pin id="188" dir="0" index="2" bw="0" slack="2147483647"/>
<pin id="189" dir="1" index="3" bw="16" slack="2147483647"/>
</pin_list>
<bind>
<opcode="store(28) " fcode="store"/>
<opset="store_ln20/12 "/>
</bind>
</comp>

<comp id="191" class="1005" name="icmp_ln124_reg_191">
<pin_list>
<pin id="192" dir="0" index="0" bw="1" slack="2147483647"/>
<pin id="193" dir="1" index="1" bw="1" slack="2147483647"/>
</pin_list>
<bind>
<opset="icmp_ln124 (phireg) "/>
</bind>
</comp>

<comp id="194" class="1004" name="icmp_ln124_phi_fu_194">
<pin_list>
<pin id="195" dir="0" index="0" bw="1" slack="0"/>
<pin id="196" dir="0" index="1" bw="0" slack="2147483647"/>
<pin id="197" dir="0" index="2" bw="1" slack="1"/>
<pin id="198" dir="0" index="3" bw="0" slack="2147483647"/>
<pin id="199" dir="1" index="4" bw="1" slack="0"/>
</pin_list>
<bind>
<opcode="phi(47) " fcode="phi"/>
<opset="icmp_ln124/1 "/>
</bind>
</comp>

<comp id="201" class="1005" name="reg_201">
<pin_list>
<pin id="202" dir="0" index="0" bw="8" slack="1"/>
<pin id="203" dir="1" index="1" bw="8" slack="1"/>
</pin_list>
<bind>
<opset="a_load_1 a_load_4 "/>
</bind>
</comp>

<comp id="205" class="1005" name="reg_205">
<pin_list>
<pin id="206" dir="0" index="0" bw="8" slack="1"/>
<pin id="207" dir="1" index="1" bw="8" slack="1"/>
</pin_list>
<bind>
<opset="b_load_1 b_load_4 "/>
</bind>
</comp>

<comp id="209" class="1004" name="store_ln12_store_fu_209">
<pin_list>
<pin id="210" dir="0" index="0" bw="1" slack="0"/>
<pin id="211" dir="0" index="1" bw="3" slack="0"/>
<pin id="212" dir="1" index="2" bw="0" slack="2147483647"/>
</pin_list>
<bind>
<opcode="store(28) " fcode="store"/>
<opset="store_ln12/1 "/>
</bind>
</comp>

<comp id="214" class="1004" name="store_ln9_store_fu_214">
<pin_list>
<pin id="215" dir="0" index="0" bw="1" slack="0"/>
<pin id="216" dir="0" index="1" bw="3" slack="0"/>
<pin id="217" dir="1" index="2" bw="0" slack="2147483647"/>
</pin_list>
<bind>
<opcode="store(28) " fcode="store"/>
<opset="store_ln9/1 "/>
</bind>
</comp>

<comp id="219" class="1004" name="store_ln0_store_fu_219">
<pin_list>
<pin id="220" dir="0" index="0" bw="1" slack="0"/>
<pin id="221" dir="0" index="1" bw="5" slack="0"/>
<pin id="222" dir="1" index="2" bw="0" slack="2147483647"/>
</pin_list>
<bind>
<opcode="store(28) " fcode="store"/>
<opset="store_ln0/1 "/>
</bind>
</comp>

<comp id="224" class="1004" name="i_1_load_fu_224">
<pin_list>
<pin id="225" dir="0" index="0" bw="3" slack="0"/>
<pin id="226" dir="1" index="1" bw="3" slack="0"/>
</pin_list>
<bind>
<opcode="load(27) " fcode="load"/>
<opset="i_1/1 "/>
</bind>
</comp>

<comp id="227" class="1004" name="j_1_load_fu_227">
<pin_list>
<pin id="228" dir="0" index="0" bw="3" slack="0"/>
<pin id="229" dir="1" index="1" bw="3" slack="0"/>
</pin_list>
<bind>
<opcode="load(27) " fcode="load"/>
<opset="j_1/1 "/>
</bind>
</comp>

<comp id="230" class="1004" name="select_ln9_fu_230">
<pin_list>
<pin id="231" dir="0" index="0" bw="1" slack="0"/>
<pin id="232" dir="0" index="1" bw="1" slack="0"/>
<pin id="233" dir="0" index="2" bw="3" slack="0"/>
<pin id="234" dir="1" index="3" bw="3" slack="0"/>
</pin_list>
<bind>
<opcode="select(49) " fcode="select"/>
<opset="select_ln9/1 "/>
</bind>
</comp>

<comp id="238" class="1004" name="empty_fu_238">
<pin_list>
<pin id="239" dir="0" index="0" bw="1" slack="0"/>
<pin id="240" dir="0" index="1" bw="1" slack="0"/>
<pin id="241" dir="0" index="2" bw="1" slack="0"/>
<pin id="242" dir="1" index="3" bw="3" slack="0"/>
</pin_list>
<bind>
<opcode="select(49) " fcode="select"/>
<opset="empty/1 "/>
</bind>
</comp>

<comp id="246" class="1004" name="i_3_fu_246">
<pin_list>
<pin id="247" dir="0" index="0" bw="3" slack="0"/>
<pin id="248" dir="0" index="1" bw="1" slack="0"/>
<pin id="249" dir="1" index="2" bw="3" slack="1"/>
</pin_list>
<bind>
<opcode="add(8) " fcode="add"/>
<opset="i_3/1 "/>
</bind>
</comp>

<comp id="252" class="1004" name="zext_ln12_fu_252">
<pin_list>
<pin id="253" dir="0" index="0" bw="3" slack="0"/>
<pin id="254" dir="1" index="1" bw="64" slack="0"/>
</pin_list>
<bind>
<opcode="zext(34) " fcode="zext"/>
<opset="zext_ln12/1 "/>
</bind>
</comp>

<comp id="257" class="1004" name="zext_ln20_fu_257">
<pin_list>
<pin id="258" dir="0" index="0" bw="3" slack="1"/>
<pin id="259" dir="1" index="1" bw="6" slack="0"/>
</pin_list>
<bind>
<opcode="zext(34) " fcode="zext"/>
<opset="zext_ln20/2 "/>
</bind>
</comp>

<comp id="260" class="1004" name="tmp_fu_260">
<pin_list>
<pin id="261" dir="0" index="0" bw="5" slack="0"/>
<pin id="262" dir="0" index="1" bw="3" slack="1"/>
<pin id="263" dir="0" index="2" bw="1" slack="0"/>
<pin id="264" dir="1" index="3" bw="5" slack="0"/>
</pin_list>
<bind>
<opcode="bitconcatenate(1004) " fcode="bitconcatenate"/>
<opset="tmp/2 "/>
</bind>
</comp>

<comp id="267" class="1004" name="zext_ln20_1_fu_267">
<pin_list>
<pin id="268" dir="0" index="0" bw="5" slack="0"/>
<pin id="269" dir="1" index="1" bw="6" slack="0"/>
</pin_list>
<bind>
<opcode="zext(34) " fcode="zext"/>
<opset="zext_ln20_1/2 "/>
</bind>
</comp>

<comp id="271" class="1004" name="add_ln20_13_fu_271">
<pin_list>
<pin id="272" dir="0" index="0" bw="5" slack="0"/>
<pin id="273" dir="0" index="1" bw="3" slack="0"/>
<pin id="274" dir="1" index="2" bw="6" slack="0"/>
</pin_list>
<bind>
<opcode="add(8) " fcode="add"/>
<opset="add_ln20_13/2 "/>
</bind>
</comp>

<comp id="277" class="1004" name="trunc_ln20_fu_277">
<pin_list>
<pin id="278" dir="0" index="0" bw="6" slack="0"/>
<pin id="279" dir="1" index="1" bw="5" slack="0"/>
</pin_list>
<bind>
<opcode="trunc(33) " fcode="trunc"/>
<opset="trunc_ln20/2 "/>
</bind>
</comp>

<comp id="281" class="1004" name="add_ln20_4_fu_281">
<pin_list>
<pin id="282" dir="0" index="0" bw="5" slack="0"/>
<pin id="283" dir="0" index="1" bw="1" slack="0"/>
<pin id="284" dir="1" index="2" bw="5" slack="0"/>
</pin_list>
<bind>
<opcode="add(8) " fcode="add"/>
<opset="add_ln20_4/2 "/>
</bind>
</comp>

<comp id="287" class="1004" name="zext_ln20_3_fu_287">
<pin_list>
<pin id="288" dir="0" index="0" bw="5" slack="0"/>
<pin id="289" dir="1" index="1" bw="64" slack="0"/>
</pin_list>
<bind>
<opcode="zext(34) " fcode="zext"/>
<opset="zext_ln20_3/2 "/>
</bind>
</comp>

<comp id="292" class="1004" name="add_ln20_6_fu_292">
<pin_list>
<pin id="293" dir="0" index="0" bw="5" slack="0"/>
<pin id="294" dir="0" index="1" bw="3" slack="0"/>
<pin id="295" dir="1" index="2" bw="5" slack="0"/>
</pin_list>
<bind>
<opcode="add(8) " fcode="add"/>
<opset="add_ln20_6/2 "/>
</bind>
</comp>

<comp id="298" class="1004" name="zext_ln20_5_fu_298">
<pin_list>
<pin id="299" dir="0" index="0" bw="5" slack="0"/>
<pin id="300" dir="1" index="1" bw="64" slack="0"/>
</pin_list>
<bind>
<opcode="zext(34) " fcode="zext"/>
<opset="zext_ln20_5/2 "/>
</bind>
</comp>

<comp id="303" class="1004" name="zext_ln20_7_fu_303">
<pin_list>
<pin id="304" dir="0" index="0" bw="3" slack="1"/>
<pin id="305" dir="1" index="1" bw="5" slack="0"/>
</pin_list>
<bind>
<opcode="zext(34) " fcode="zext"/>
<opset="zext_ln20_7/2 "/>
</bind>
</comp>

<comp id="306" class="1004" name="zext_ln20_8_fu_306">
<pin_list>
<pin id="307" dir="0" index="0" bw="3" slack="1"/>
<pin id="308" dir="1" index="1" bw="4" slack="0"/>
</pin_list>
<bind>
<opcode="zext(34) " fcode="zext"/>
<opset="zext_ln20_8/2 "/>
</bind>
</comp>

<comp id="309" class="1004" name="add_ln20_8_fu_309">
<pin_list>
<pin id="310" dir="0" index="0" bw="3" slack="0"/>
<pin id="311" dir="0" index="1" bw="4" slack="0"/>
<pin id="312" dir="1" index="2" bw="4" slack="0"/>
</pin_list>
<bind>
<opcode="add(8) " fcode="add"/>
<opset="add_ln20_8/2 "/>
</bind>
</comp>

<comp id="315" class="1004" name="zext_ln20_9_fu_315">
<pin_list>
<pin id="316" dir="0" index="0" bw="4" slack="0"/>
<pin id="317" dir="1" index="1" bw="64" slack="0"/>
</pin_list>
<bind>
<opcode="zext(34) " fcode="zext"/>
<opset="zext_ln20_9/2 "/>
</bind>
</comp>

<comp id="320" class="1004" name="add_ln20_10_fu_320">
<pin_list>
<pin id="321" dir="0" index="0" bw="3" slack="0"/>
<pin id="322" dir="0" index="1" bw="5" slack="0"/>
<pin id="323" dir="1" index="2" bw="5" slack="0"/>
</pin_list>
<bind>
<opcode="add(8) " fcode="add"/>
<opset="add_ln20_10/2 "/>
</bind>
</comp>

<comp id="326" class="1004" name="zext_ln20_11_fu_326">
<pin_list>
<pin id="327" dir="0" index="0" bw="5" slack="0"/>
<pin id="328" dir="1" index="1" bw="64" slack="0"/>
</pin_list>
<bind>
<opcode="zext(34) " fcode="zext"/>
<opset="zext_ln20_11/2 "/>
</bind>
</comp>

<comp id="331" class="1004" name="j_3_fu_331">
<pin_list>
<pin id="332" dir="0" index="0" bw="3" slack="1"/>
<pin id="333" dir="0" index="1" bw="1" slack="0"/>
<pin id="334" dir="1" index="2" bw="3" slack="0"/>
</pin_list>
<bind>
<opcode="add(8) " fcode="add"/>
<opset="j_3/2 "/>
</bind>
</comp>

<comp id="336" class="1004" name="icmp_ln12_fu_336">
<pin_list>
<pin id="337" dir="0" index="0" bw="3" slack="0"/>
<pin id="338" dir="0" index="1" bw="3" slack="0"/>
<pin id="339" dir="1" index="2" bw="1" slack="1"/>
</pin_list>
<bind>
<opcode="icmp(45) " fcode="icmp"/>
<opset="icmp_ln12/2 "/>
</bind>
</comp>

<comp id="342" class="1004" name="store_ln12_store_fu_342">
<pin_list>
<pin id="343" dir="0" index="0" bw="3" slack="0"/>
<pin id="344" dir="0" index="1" bw="3" slack="1"/>
<pin id="345" dir="1" index="2" bw="0" slack="2147483647"/>
</pin_list>
<bind>
<opcode="store(28) " fcode="store"/>
<opset="store_ln12/2 "/>
</bind>
</comp>

<comp id="347" class="1004" name="store_ln9_store_fu_347">
<pin_list>
<pin id="348" dir="0" index="0" bw="3" slack="1"/>
<pin id="349" dir="0" index="1" bw="3" slack="1"/>
<pin id="350" dir="1" index="2" bw="0" slack="2147483647"/>
</pin_list>
<bind>
<opcode="store(28) " fcode="store"/>
<opset="store_ln9/2 "/>
</bind>
</comp>

<comp id="351" class="1004" name="indvar_flatten1_load_load_fu_351">
<pin_list>
<pin id="352" dir="0" index="0" bw="5" slack="2"/>
<pin id="353" dir="1" index="1" bw="5" slack="0"/>
</pin_list>
<bind>
<opcode="load(27) " fcode="load"/>
<opset="indvar_flatten1_load/3 "/>
</bind>
</comp>

<comp id="354" class="1004" name="zext_ln20_2_fu_354">
<pin_list>
<pin id="355" dir="0" index="0" bw="6" slack="1"/>
<pin id="356" dir="1" index="1" bw="64" slack="0"/>
</pin_list>
<bind>
<opcode="zext(34) " fcode="zext"/>
<opset="zext_ln20_2/3 "/>
</bind>
</comp>

<comp id="358" class="1004" name="add_ln20_7_fu_358">
<pin_list>
<pin id="359" dir="0" index="0" bw="5" slack="1"/>
<pin id="360" dir="0" index="1" bw="4" slack="0"/>
<pin id="361" dir="1" index="2" bw="5" slack="0"/>
</pin_list>
<bind>
<opcode="add(8) " fcode="add"/>
<opset="add_ln20_7/3 "/>
</bind>
</comp>

<comp id="363" class="1004" name="zext_ln20_6_fu_363">
<pin_list>
<pin id="364" dir="0" index="0" bw="5" slack="0"/>
<pin id="365" dir="1" index="1" bw="64" slack="0"/>
</pin_list>
<bind>
<opcode="zext(34) " fcode="zext"/>
<opset="zext_ln20_6/3 "/>
</bind>
</comp>

<comp id="368" class="1004" name="sext_ln20_3_fu_368">
<pin_list>
<pin id="369" dir="0" index="0" bw="8" slack="0"/>
<pin id="370" dir="1" index="1" bw="16" slack="0"/>
</pin_list>
<bind>
<opcode="sext(35) " fcode="sext"/>
<opset="sext_ln20_3/3 "/>
</bind>
</comp>

<comp id="372" class="1004" name="add_ln20_9_fu_372">
<pin_list>
<pin id="373" dir="0" index="0" bw="3" slack="1"/>
<pin id="374" dir="0" index="1" bw="5" slack="0"/>
<pin id="375" dir="1" index="2" bw="5" slack="0"/>
</pin_list>
<bind>
<opcode="add(8) " fcode="add"/>
<opset="add_ln20_9/3 "/>
</bind>
</comp>

<comp id="377" class="1004" name="zext_ln20_10_fu_377">
<pin_list>
<pin id="378" dir="0" index="0" bw="5" slack="0"/>
<pin id="379" dir="1" index="1" bw="64" slack="0"/>
</pin_list>
<bind>
<opcode="zext(34) " fcode="zext"/>
<opset="zext_ln20_10/3 "/>
</bind>
</comp>

<comp id="382" class="1004" name="add_ln20_11_fu_382">
<pin_list>
<pin id="383" dir="0" index="0" bw="3" slack="1"/>
<pin id="384" dir="0" index="1" bw="5" slack="0"/>
<pin id="385" dir="1" index="2" bw="5" slack="0"/>
</pin_list>
<bind>
<opcode="add(8) " fcode="add"/>
<opset="add_ln20_11/3 "/>
</bind>
</comp>

<comp id="387" class="1004" name="zext_ln20_12_fu_387">
<pin_list>
<pin id="388" dir="0" index="0" bw="5" slack="0"/>
<pin id="389" dir="1" index="1" bw="64" slack="0"/>
</pin_list>
<bind>
<opcode="zext(34) " fcode="zext"/>
<opset="zext_ln20_12/3 "/>
</bind>
</comp>

<comp id="392" class="1004" name="sext_ln20_8_fu_392">
<pin_list>
<pin id="393" dir="0" index="0" bw="8" slack="0"/>
<pin id="394" dir="1" index="1" bw="16" slack="0"/>
</pin_list>
<bind>
<opcode="sext(35) " fcode="sext"/>
<opset="sext_ln20_8/3 "/>
</bind>
</comp>

<comp id="396" class="1004" name="grp_fu_396">
<pin_list>
<pin id="397" dir="0" index="0" bw="8" slack="0"/>
<pin id="398" dir="0" index="1" bw="8" slack="0"/>
<pin id="399" dir="1" index="2" bw="16" slack="1"/>
</pin_list>
<bind>
<opcode="mul(12) " fcode="mul"/>
<opset="mul_ln20_3/3 "/>
</bind>
</comp>

<comp id="402" class="1004" name="add_ln9_1_fu_402">
<pin_list>
<pin id="403" dir="0" index="0" bw="5" slack="0"/>
<pin id="404" dir="0" index="1" bw="1" slack="0"/>
<pin id="405" dir="1" index="2" bw="5" slack="0"/>
</pin_list>
<bind>
<opcode="add(8) " fcode="add"/>
<opset="add_ln9_1/3 "/>
</bind>
</comp>

<comp id="408" class="1004" name="icmp_ln9_fu_408">
<pin_list>
<pin id="409" dir="0" index="0" bw="5" slack="0"/>
<pin id="410" dir="0" index="1" bw="4" slack="0"/>
<pin id="411" dir="1" index="2" bw="1" slack="1"/>
</pin_list>
<bind>
<opcode="icmp(45) " fcode="icmp"/>
<opset="icmp_ln9/3 "/>
</bind>
</comp>

<comp id="414" class="1004" name="store_ln9_store_fu_414">
<pin_list>
<pin id="415" dir="0" index="0" bw="5" slack="0"/>
<pin id="416" dir="0" index="1" bw="5" slack="2"/>
<pin id="417" dir="1" index="2" bw="0" slack="2147483647"/>
</pin_list>
<bind>
<opcode="store(28) " fcode="store"/>
<opset="store_ln9/3 "/>
</bind>
</comp>

<comp id="419" class="1004" name="add_ln20_5_fu_419">
<pin_list>
<pin id="420" dir="0" index="0" bw="5" slack="2"/>
<pin id="421" dir="0" index="1" bw="3" slack="0"/>
<pin id="422" dir="1" index="2" bw="5" slack="0"/>
</pin_list>
<bind>
<opcode="add(8) " fcode="add"/>
<opset="add_ln20_5/4 "/>
</bind>
</comp>

<comp id="424" class="1004" name="zext_ln20_4_fu_424">
<pin_list>
<pin id="425" dir="0" index="0" bw="5" slack="0"/>
<pin id="426" dir="1" index="1" bw="64" slack="0"/>
</pin_list>
<bind>
<opcode="zext(34) " fcode="zext"/>
<opset="zext_ln20_4/4 "/>
</bind>
</comp>

<comp id="429" class="1004" name="sext_ln20_1_fu_429">
<pin_list>
<pin id="430" dir="0" index="0" bw="8" slack="1"/>
<pin id="431" dir="1" index="1" bw="16" slack="0"/>
</pin_list>
<bind>
<opcode="sext(35) " fcode="sext"/>
<opset="sext_ln20_1/4 "/>
</bind>
</comp>

<comp id="433" class="1004" name="add_ln20_12_fu_433">
<pin_list>
<pin id="434" dir="0" index="0" bw="5" slack="2"/>
<pin id="435" dir="0" index="1" bw="3" slack="2"/>
<pin id="436" dir="1" index="2" bw="5" slack="8"/>
</pin_list>
<bind>
<opcode="add(8) " fcode="add"/>
<opset="add_ln20_12/4 "/>
</bind>
</comp>

<comp id="437" class="1004" name="sext_ln20_6_fu_437">
<pin_list>
<pin id="438" dir="0" index="0" bw="8" slack="1"/>
<pin id="439" dir="1" index="1" bw="16" slack="0"/>
</pin_list>
<bind>
<opcode="sext(35) " fcode="sext"/>
<opset="sext_ln20_6/4 "/>
</bind>
</comp>

<comp id="441" class="1004" name="grp_fu_441">
<pin_list>
<pin id="442" dir="0" index="0" bw="8" slack="0"/>
<pin id="443" dir="0" index="1" bw="8" slack="0"/>
<pin id="444" dir="1" index="2" bw="16" slack="1"/>
</pin_list>
<bind>
<opcode="mul(12) " fcode="mul"/>
<opset="mul_ln20_1/4 "/>
</bind>
</comp>

<comp id="447" class="1004" name="sext_ln20_4_fu_447">
<pin_list>
<pin id="448" dir="0" index="0" bw="8" slack="2"/>
<pin id="449" dir="1" index="1" bw="16" slack="0"/>
</pin_list>
<bind>
<opcode="sext(35) " fcode="sext"/>
<opset="sext_ln20_4/6 "/>
</bind>
</comp>

<comp id="451" class="1004" name="sext_ln20_9_fu_451">
<pin_list>
<pin id="452" dir="0" index="0" bw="8" slack="2"/>
<pin id="453" dir="1" index="1" bw="16" slack="0"/>
</pin_list>
<bind>
<opcode="sext(35) " fcode="sext"/>
<opset="sext_ln20_9/6 "/>
</bind>
</comp>

<comp id="455" class="1004" name="sext_ln20_fu_455">
<pin_list>
<pin id="456" dir="0" index="0" bw="8" slack="3"/>
<pin id="457" dir="1" index="1" bw="16" slack="0"/>
</pin_list>
<bind>
<opcode="sext(35) " fcode="sext"/>
<opset="sext_ln20/7 "/>
</bind>
</comp>

<comp id="458" class="1004" name="sext_ln20_5_fu_458">
<pin_list>
<pin id="459" dir="0" index="0" bw="8" slack="5"/>
<pin id="460" dir="1" index="1" bw="16" slack="0"/>
</pin_list>
<bind>
<opcode="sext(35) " fcode="sext"/>
<opset="sext_ln20_5/7 "/>
</bind>
</comp>

<comp id="461" class="1004" name="sext_ln20_2_fu_461">
<pin_list>
<pin id="462" dir="0" index="0" bw="8" slack="3"/>
<pin id="463" dir="1" index="1" bw="16" slack="0"/>
</pin_list>
<bind>
<opcode="sext(35) " fcode="sext"/>
<opset="sext_ln20_2/8 "/>
</bind>
</comp>

<comp id="464" class="1004" name="sext_ln20_7_fu_464">
<pin_list>
<pin id="465" dir="0" index="0" bw="8" slack="4"/>
<pin id="466" dir="1" index="1" bw="16" slack="0"/>
</pin_list>
<bind>
<opcode="sext(35) " fcode="sext"/>
<opset="sext_ln20_7/8 "/>
</bind>
</comp>

<comp id="467" class="1004" name="zext_ln20_13_fu_467">
<pin_list>
<pin id="468" dir="0" index="0" bw="5" slack="8"/>
<pin id="469" dir="1" index="1" bw="64" slack="0"/>
</pin_list>
<bind>
<opcode="zext(34) " fcode="zext"/>
<opset="zext_ln20_13/12 "/>
</bind>
</comp>

<comp id="471" class="1004" name="add_ln20_3_fu_471">
<pin_list>
<pin id="472" dir="0" index="0" bw="16" slack="1"/>
<pin id="473" dir="0" index="1" bw="16" slack="2"/>
<pin id="474" dir="1" index="2" bw="16" slack="0"/>
</pin_list>
<bind>
<opcode="add(8) " fcode="add"/>
<opset="add_ln20_3/12 "/>
</bind>
</comp>

<comp id="476" class="1007" name="grp_fu_476">
<pin_list>
<pin id="477" dir="0" index="0" bw="8" slack="0"/>
<pin id="478" dir="0" index="1" bw="8" slack="0"/>
<pin id="479" dir="0" index="2" bw="16" slack="2147483647"/>
<pin id="480" dir="1" index="3" bw="16" slack="1"/>
</pin_list>
<bind>
<opcode="muladd(1172) " fcode="muladd"/>
<opset="mul_ln20_2/6 add_ln20_1/8 "/>
</bind>
</comp>

<comp id="483" class="1007" name="grp_fu_483">
<pin_list>
<pin id="484" dir="0" index="0" bw="8" slack="0"/>
<pin id="485" dir="0" index="1" bw="8" slack="0"/>
<pin id="486" dir="0" index="2" bw="16" slack="2147483647"/>
<pin id="487" dir="1" index="3" bw="16" slack="2"/>
</pin_list>
<bind>
<opcode="muladd(1172) " fcode="muladd"/>
<opset="mul_ln20/7 add_ln20/9 "/>
</bind>
</comp>

<comp id="490" class="1007" name="grp_fu_490">
<pin_list>
<pin id="491" dir="0" index="0" bw="8" slack="0"/>
<pin id="492" dir="0" index="1" bw="8" slack="0"/>
<pin id="493" dir="0" index="2" bw="16" slack="2147483647"/>
<pin id="494" dir="1" index="3" bw="16" slack="1"/>
</pin_list>
<bind>
<opcode="muladd(1172) " fcode="muladd"/>
<opset="mul_ln20_4/8 add_ln20_2/10 "/>
</bind>
</comp>

<comp id="497" class="1005" name="indvar_flatten1_reg_497">
<pin_list>
<pin id="498" dir="0" index="0" bw="5" slack="0"/>
<pin id="499" dir="1" index="1" bw="5" slack="0"/>
</pin_list>
<bind>
<opset="indvar_flatten1 "/>
</bind>
</comp>

<comp id="504" class="1005" name="i_reg_504">
<pin_list>
<pin id="505" dir="0" index="0" bw="3" slack="0"/>
<pin id="506" dir="1" index="1" bw="3" slack="0"/>
</pin_list>
<bind>
<opset="i "/>
</bind>
</comp>

<comp id="511" class="1005" name="j_reg_511">
<pin_list>
<pin id="512" dir="0" index="0" bw="3" slack="0"/>
<pin id="513" dir="1" index="1" bw="3" slack="0"/>
</pin_list>
<bind>
<opset="j "/>
</bind>
</comp>

<comp id="518" class="1005" name="select_ln9_reg_518">
<pin_list>
<pin id="519" dir="0" index="0" bw="3" slack="1"/>
<pin id="520" dir="1" index="1" bw="3" slack="1"/>
</pin_list>
<bind>
<opset="select_ln9 "/>
</bind>
</comp>

<comp id="525" class="1005" name="i_3_reg_525">
<pin_list>
<pin id="526" dir="0" index="0" bw="3" slack="1"/>
<pin id="527" dir="1" index="1" bw="3" slack="1"/>
</pin_list>
<bind>
<opset="i_3 "/>
</bind>
</comp>

<comp id="532" class="1005" name="b_addr_reg_532">
<pin_list>
<pin id="533" dir="0" index="0" bw="5" slack="1"/>
<pin id="534" dir="1" index="1" bw="5" slack="1"/>
</pin_list>
<bind>
<opset="b_addr "/>
</bind>
</comp>

<comp id="537" class="1005" name="add_ln20_13_reg_537">
<pin_list>
<pin id="538" dir="0" index="0" bw="6" slack="1"/>
<pin id="539" dir="1" index="1" bw="6" slack="1"/>
</pin_list>
<bind>
<opset="add_ln20_13 "/>
</bind>
</comp>

<comp id="542" class="1005" name="trunc_ln20_reg_542">
<pin_list>
<pin id="543" dir="0" index="0" bw="5" slack="1"/>
<pin id="544" dir="1" index="1" bw="5" slack="1"/>
</pin_list>
<bind>
<opset="trunc_ln20 "/>
</bind>
</comp>

<comp id="549" class="1005" name="a_addr_1_reg_549">
<pin_list>
<pin id="550" dir="0" index="0" bw="5" slack="1"/>
<pin id="551" dir="1" index="1" bw="5" slack="1"/>
</pin_list>
<bind>
<opset="a_addr_1 "/>
</bind>
</comp>

<comp id="554" class="1005" name="a_addr_3_reg_554">
<pin_list>
<pin id="555" dir="0" index="0" bw="5" slack="1"/>
<pin id="556" dir="1" index="1" bw="5" slack="1"/>
</pin_list>
<bind>
<opset="a_addr_3 "/>
</bind>
</comp>

<comp id="559" class="1005" name="zext_ln20_7_reg_559">
<pin_list>
<pin id="560" dir="0" index="0" bw="5" slack="1"/>
<pin id="561" dir="1" index="1" bw="5" slack="1"/>
</pin_list>
<bind>
<opset="zext_ln20_7 "/>
</bind>
</comp>

<comp id="566" class="1005" name="b_addr_1_reg_566">
<pin_list>
<pin id="567" dir="0" index="0" bw="5" slack="1"/>
<pin id="568" dir="1" index="1" bw="5" slack="1"/>
</pin_list>
<bind>
<opset="b_addr_1 "/>
</bind>
</comp>

<comp id="571" class="1005" name="b_addr_3_reg_571">
<pin_list>
<pin id="572" dir="0" index="0" bw="5" slack="1"/>
<pin id="573" dir="1" index="1" bw="5" slack="1"/>
</pin_list>
<bind>
<opset="b_addr_3 "/>
</bind>
</comp>

<comp id="576" class="1005" name="b_load_reg_576">
<pin_list>
<pin id="577" dir="0" index="0" bw="8" slack="5"/>
<pin id="578" dir="1" index="1" bw="8" slack="5"/>
</pin_list>
<bind>
<opset="b_load "/>
</bind>
</comp>

<comp id="581" class="1005" name="icmp_ln12_reg_581">
<pin_list>
<pin id="582" dir="0" index="0" bw="1" slack="1"/>
<pin id="583" dir="1" index="1" bw="1" slack="1"/>
</pin_list>
<bind>
<opset="icmp_ln12 "/>
</bind>
</comp>

<comp id="586" class="1005" name="a_addr_reg_586">
<pin_list>
<pin id="587" dir="0" index="0" bw="5" slack="1"/>
<pin id="588" dir="1" index="1" bw="5" slack="1"/>
</pin_list>
<bind>
<opset="a_addr "/>
</bind>
</comp>

<comp id="591" class="1005" name="a_addr_4_reg_591">
<pin_list>
<pin id="592" dir="0" index="0" bw="5" slack="1"/>
<pin id="593" dir="1" index="1" bw="5" slack="1"/>
</pin_list>
<bind>
<opset="a_addr_4 "/>
</bind>
</comp>

<comp id="596" class="1005" name="sext_ln20_3_reg_596">
<pin_list>
<pin id="597" dir="0" index="0" bw="16" slack="1"/>
<pin id="598" dir="1" index="1" bw="16" slack="1"/>
</pin_list>
<bind>
<opset="sext_ln20_3 "/>
</bind>
</comp>

<comp id="601" class="1005" name="b_addr_2_reg_601">
<pin_list>
<pin id="602" dir="0" index="0" bw="5" slack="1"/>
<pin id="603" dir="1" index="1" bw="5" slack="1"/>
</pin_list>
<bind>
<opset="b_addr_2 "/>
</bind>
</comp>

<comp id="606" class="1005" name="b_addr_4_reg_606">
<pin_list>
<pin id="607" dir="0" index="0" bw="5" slack="1"/>
<pin id="608" dir="1" index="1" bw="5" slack="1"/>
</pin_list>
<bind>
<opset="b_addr_4 "/>
</bind>
</comp>

<comp id="611" class="1005" name="sext_ln20_8_reg_611">
<pin_list>
<pin id="612" dir="0" index="0" bw="16" slack="1"/>
<pin id="613" dir="1" index="1" bw="16" slack="1"/>
</pin_list>
<bind>
<opset="sext_ln20_8 "/>
</bind>
</comp>

<comp id="616" class="1005" name="icmp_ln9_reg_616">
<pin_list>
<pin id="617" dir="0" index="0" bw="1" slack="1"/>
<pin id="618" dir="1" index="1" bw="1" slack="2147483647"/>
</pin_list>
<bind>
<opset="icmp_ln9 "/>
</bind>
</comp>

<comp id="620" class="1005" name="a_addr_2_reg_620">
<pin_list>
<pin id="621" dir="0" index="0" bw="5" slack="1"/>
<pin id="622" dir="1" index="1" bw="5" slack="1"/>
</pin_list>
<bind>
<opset="a_addr_2 "/>
</bind>
</comp>

<comp id="625" class="1005" name="a_load_reg_625">
<pin_list>
<pin id="626" dir="0" index="0" bw="8" slack="3"/>
<pin id="627" dir="1" index="1" bw="8" slack="3"/>
</pin_list>
<bind>
<opset="a_load "/>
</bind>
</comp>

<comp id="630" class="1005" name="sext_ln20_1_reg_630">
<pin_list>
<pin id="631" dir="0" index="0" bw="16" slack="1"/>
<pin id="632" dir="1" index="1" bw="16" slack="1"/>
</pin_list>
<bind>
<opset="sext_ln20_1 "/>
</bind>
</comp>

<comp id="635" class="1005" name="add_ln20_12_reg_635">
<pin_list>
<pin id="636" dir="0" index="0" bw="5" slack="8"/>
<pin id="637" dir="1" index="1" bw="5" slack="8"/>
</pin_list>
<bind>
<opset="add_ln20_12 "/>
</bind>
</comp>

<comp id="640" class="1005" name="sext_ln20_6_reg_640">
<pin_list>
<pin id="641" dir="0" index="0" bw="16" slack="1"/>
<pin id="642" dir="1" index="1" bw="16" slack="1"/>
</pin_list>
<bind>
<opset="sext_ln20_6 "/>
</bind>
</comp>

<comp id="645" class="1005" name="b_load_2_reg_645">
<pin_list>
<pin id="646" dir="0" index="0" bw="8" slack="4"/>
<pin id="647" dir="1" index="1" bw="8" slack="4"/>
</pin_list>
<bind>
<opset="b_load_2 "/>
</bind>
</comp>

<comp id="650" class="1005" name="a_load_2_reg_650">
<pin_list>
<pin id="651" dir="0" index="0" bw="8" slack="3"/>
<pin id="652" dir="1" index="1" bw="8" slack="3"/>
</pin_list>
<bind>
<opset="a_load_2 "/>
</bind>
</comp>

<comp id="655" class="1005" name="sext_ln20_4_reg_655">
<pin_list>
<pin id="656" dir="0" index="0" bw="16" slack="1"/>
<pin id="657" dir="1" index="1" bw="16" slack="1"/>
</pin_list>
<bind>
<opset="sext_ln20_4 "/>
</bind>
</comp>

<comp id="660" class="1005" name="sext_ln20_9_reg_660">
<pin_list>
<pin id="661" dir="0" index="0" bw="16" slack="1"/>
<pin id="662" dir="1" index="1" bw="16" slack="1"/>
</pin_list>
<bind>
<opset="sext_ln20_9 "/>
</bind>
</comp>

<comp id="665" class="1005" name="sext_ln20_reg_665">
<pin_list>
<pin id="666" dir="0" index="0" bw="16" slack="1"/>
<pin id="667" dir="1" index="1" bw="16" slack="1"/>
</pin_list>
<bind>
<opset="sext_ln20 "/>
</bind>
</comp>

<comp id="670" class="1005" name="sext_ln20_5_reg_670">
<pin_list>
<pin id="671" dir="0" index="0" bw="16" slack="1"/>
<pin id="672" dir="1" index="1" bw="16" slack="1"/>
</pin_list>
<bind>
<opset="sext_ln20_5 "/>
</bind>
</comp>

<comp id="675" class="1005" name="mul_ln20_3_reg_675">
<pin_list>
<pin id="676" dir="0" index="0" bw="16" slack="1"/>
<pin id="677" dir="1" index="1" bw="16" slack="1"/>
</pin_list>
<bind>
<opset="mul_ln20_3 "/>
</bind>
</comp>

<comp id="680" class="1005" name="sext_ln20_2_reg_680">
<pin_list>
<pin id="681" dir="0" index="0" bw="16" slack="1"/>
<pin id="682" dir="1" index="1" bw="16" slack="1"/>
</pin_list>
<bind>
<opset="sext_ln20_2 "/>
</bind>
</comp>

<comp id="685" class="1005" name="sext_ln20_7_reg_685">
<pin_list>
<pin id="686" dir="0" index="0" bw="16" slack="1"/>
<pin id="687" dir="1" index="1" bw="16" slack="1"/>
</pin_list>
<bind>
<opset="sext_ln20_7 "/>
</bind>
</comp>

<comp id="690" class="1005" name="mul_ln20_1_reg_690">
<pin_list>
<pin id="691" dir="0" index="0" bw="16" slack="1"/>
<pin id="692" dir="1" index="1" bw="16" slack="1"/>
</pin_list>
<bind>
<opset="mul_ln20_1 "/>
</bind>
</comp>

<comp id="695" class="1005" name="add_ln20_1_reg_695">
<pin_list>
<pin id="696" dir="0" index="0" bw="16" slack="1"/>
<pin id="697" dir="1" index="1" bw="16" slack="1"/>
</pin_list>
<bind>
<opset="add_ln20_1 "/>
</bind>
</comp>

<comp id="700" class="1005" name="add_ln20_reg_700">
<pin_list>
<pin id="701" dir="0" index="0" bw="16" slack="2"/>
<pin id="702" dir="1" index="1" bw="16" slack="2"/>
</pin_list>
<bind>
<opset="add_ln20 "/>
</bind>
</comp>

<comp id="705" class="1005" name="add_ln20_2_reg_705">
<pin_list>
<pin id="706" dir="0" index="0" bw="16" slack="1"/>
<pin id="707" dir="1" index="1" bw="16" slack="1"/>
</pin_list>
<bind>
<opset="add_ln20_2 "/>
</bind>
</comp>

</comp_list>

<net_list>
<net id="71"><net_src comp="6" pin="0"/><net_sink comp="68" pin=0"/></net>

<net id="75"><net_src comp="6" pin="0"/><net_sink comp="72" pin=0"/></net>

<net id="79"><net_src comp="6" pin="0"/><net_sink comp="76" pin=0"/></net>

<net id="85"><net_src comp="2" pin="0"/><net_sink comp="80" pin=0"/></net>

<net id="86"><net_src comp="32" pin="0"/><net_sink comp="80" pin=1"/></net>

<net id="92"><net_src comp="80" pin="3"/><net_sink comp="87" pin=0"/></net>

<net id="98"><net_src comp="0" pin="0"/><net_sink comp="93" pin=0"/></net>

<net id="99"><net_src comp="32" pin="0"/><net_sink comp="93" pin=1"/></net>

<net id="105"><net_src comp="0" pin="0"/><net_sink comp="100" pin=0"/></net>

<net id="106"><net_src comp="32" pin="0"/><net_sink comp="100" pin=1"/></net>

<net id="116"><net_src comp="93" pin="3"/><net_sink comp="107" pin=2"/></net>

<net id="117"><net_src comp="100" pin="3"/><net_sink comp="107" pin=0"/></net>

<net id="123"><net_src comp="2" pin="0"/><net_sink comp="118" pin=0"/></net>

<net id="124"><net_src comp="32" pin="0"/><net_sink comp="118" pin=1"/></net>

<net id="130"><net_src comp="2" pin="0"/><net_sink comp="125" pin=0"/></net>

<net id="131"><net_src comp="32" pin="0"/><net_sink comp="125" pin=1"/></net>

<net id="136"><net_src comp="118" pin="3"/><net_sink comp="87" pin=2"/></net>

<net id="137"><net_src comp="125" pin="3"/><net_sink comp="87" pin=0"/></net>

<net id="143"><net_src comp="0" pin="0"/><net_sink comp="138" pin=0"/></net>

<net id="144"><net_src comp="32" pin="0"/><net_sink comp="138" pin=1"/></net>

<net id="150"><net_src comp="0" pin="0"/><net_sink comp="145" pin=0"/></net>

<net id="151"><net_src comp="32" pin="0"/><net_sink comp="145" pin=1"/></net>

<net id="152"><net_src comp="138" pin="3"/><net_sink comp="107" pin=0"/></net>

<net id="153"><net_src comp="145" pin="3"/><net_sink comp="107" pin=2"/></net>

<net id="159"><net_src comp="2" pin="0"/><net_sink comp="154" pin=0"/></net>

<net id="160"><net_src comp="32" pin="0"/><net_sink comp="154" pin=1"/></net>

<net id="166"><net_src comp="2" pin="0"/><net_sink comp="161" pin=0"/></net>

<net id="167"><net_src comp="32" pin="0"/><net_sink comp="161" pin=1"/></net>

<net id="168"><net_src comp="154" pin="3"/><net_sink comp="87" pin=0"/></net>

<net id="169"><net_src comp="161" pin="3"/><net_sink comp="87" pin=2"/></net>

<net id="175"><net_src comp="0" pin="0"/><net_sink comp="170" pin=0"/></net>

<net id="176"><net_src comp="32" pin="0"/><net_sink comp="170" pin=1"/></net>

<net id="177"><net_src comp="170" pin="3"/><net_sink comp="107" pin=0"/></net>

<net id="183"><net_src comp="4" pin="0"/><net_sink comp="178" pin=0"/></net>

<net id="184"><net_src comp="32" pin="0"/><net_sink comp="178" pin=1"/></net>

<net id="190"><net_src comp="178" pin="3"/><net_sink comp="185" pin=0"/></net>

<net id="200"><net_src comp="28" pin="0"/><net_sink comp="194" pin=0"/></net>

<net id="204"><net_src comp="107" pin="7"/><net_sink comp="201" pin=0"/></net>

<net id="208"><net_src comp="87" pin="7"/><net_sink comp="205" pin=0"/></net>

<net id="213"><net_src comp="24" pin="0"/><net_sink comp="209" pin=0"/></net>

<net id="218"><net_src comp="24" pin="0"/><net_sink comp="214" pin=0"/></net>

<net id="223"><net_src comp="26" pin="0"/><net_sink comp="219" pin=0"/></net>

<net id="235"><net_src comp="194" pin="4"/><net_sink comp="230" pin=0"/></net>

<net id="236"><net_src comp="24" pin="0"/><net_sink comp="230" pin=1"/></net>

<net id="237"><net_src comp="227" pin="1"/><net_sink comp="230" pin=2"/></net>

<net id="243"><net_src comp="194" pin="4"/><net_sink comp="238" pin=0"/></net>

<net id="244"><net_src comp="30" pin="0"/><net_sink comp="238" pin=1"/></net>

<net id="245"><net_src comp="24" pin="0"/><net_sink comp="238" pin=2"/></net>

<net id="250"><net_src comp="224" pin="1"/><net_sink comp="246" pin=0"/></net>

<net id="251"><net_src comp="238" pin="3"/><net_sink comp="246" pin=1"/></net>

<net id="255"><net_src comp="230" pin="3"/><net_sink comp="252" pin=0"/></net>

<net id="256"><net_src comp="252" pin="1"/><net_sink comp="80" pin=2"/></net>

<net id="265"><net_src comp="34" pin="0"/><net_sink comp="260" pin=0"/></net>

<net id="266"><net_src comp="36" pin="0"/><net_sink comp="260" pin=2"/></net>

<net id="270"><net_src comp="260" pin="3"/><net_sink comp="267" pin=0"/></net>

<net id="275"><net_src comp="267" pin="1"/><net_sink comp="271" pin=0"/></net>

<net id="276"><net_src comp="257" pin="1"/><net_sink comp="271" pin=1"/></net>

<net id="280"><net_src comp="271" pin="2"/><net_sink comp="277" pin=0"/></net>

<net id="285"><net_src comp="277" pin="1"/><net_sink comp="281" pin=0"/></net>

<net id="286"><net_src comp="38" pin="0"/><net_sink comp="281" pin=1"/></net>

<net id="290"><net_src comp="281" pin="2"/><net_sink comp="287" pin=0"/></net>

<net id="291"><net_src comp="287" pin="1"/><net_sink comp="93" pin=2"/></net>

<net id="296"><net_src comp="277" pin="1"/><net_sink comp="292" pin=0"/></net>

<net id="297"><net_src comp="40" pin="0"/><net_sink comp="292" pin=1"/></net>

<net id="301"><net_src comp="292" pin="2"/><net_sink comp="298" pin=0"/></net>

<net id="302"><net_src comp="298" pin="1"/><net_sink comp="100" pin=2"/></net>

<net id="313"><net_src comp="306" pin="1"/><net_sink comp="309" pin=0"/></net>

<net id="314"><net_src comp="42" pin="0"/><net_sink comp="309" pin=1"/></net>

<net id="318"><net_src comp="309" pin="2"/><net_sink comp="315" pin=0"/></net>

<net id="319"><net_src comp="315" pin="1"/><net_sink comp="118" pin=2"/></net>

<net id="324"><net_src comp="303" pin="1"/><net_sink comp="320" pin=0"/></net>

<net id="325"><net_src comp="44" pin="0"/><net_sink comp="320" pin=1"/></net>

<net id="329"><net_src comp="320" pin="2"/><net_sink comp="326" pin=0"/></net>

<net id="330"><net_src comp="326" pin="1"/><net_sink comp="125" pin=2"/></net>

<net id="335"><net_src comp="30" pin="0"/><net_sink comp="331" pin=1"/></net>

<net id="340"><net_src comp="331" pin="2"/><net_sink comp="336" pin=0"/></net>

<net id="341"><net_src comp="46" pin="0"/><net_sink comp="336" pin=1"/></net>

<net id="346"><net_src comp="331" pin="2"/><net_sink comp="342" pin=0"/></net>

<net id="357"><net_src comp="354" pin="1"/><net_sink comp="138" pin=2"/></net>

<net id="362"><net_src comp="48" pin="0"/><net_sink comp="358" pin=1"/></net>

<net id="366"><net_src comp="358" pin="2"/><net_sink comp="363" pin=0"/></net>

<net id="367"><net_src comp="363" pin="1"/><net_sink comp="145" pin=2"/></net>

<net id="371"><net_src comp="107" pin="3"/><net_sink comp="368" pin=0"/></net>

<net id="376"><net_src comp="50" pin="0"/><net_sink comp="372" pin=1"/></net>

<net id="380"><net_src comp="372" pin="2"/><net_sink comp="377" pin=0"/></net>

<net id="381"><net_src comp="377" pin="1"/><net_sink comp="154" pin=2"/></net>

<net id="386"><net_src comp="52" pin="0"/><net_sink comp="382" pin=1"/></net>

<net id="390"><net_src comp="382" pin="2"/><net_sink comp="387" pin=0"/></net>

<net id="391"><net_src comp="387" pin="1"/><net_sink comp="161" pin=2"/></net>

<net id="395"><net_src comp="87" pin="3"/><net_sink comp="392" pin=0"/></net>

<net id="400"><net_src comp="392" pin="1"/><net_sink comp="396" pin=0"/></net>

<net id="401"><net_src comp="368" pin="1"/><net_sink comp="396" pin=1"/></net>

<net id="406"><net_src comp="351" pin="1"/><net_sink comp="402" pin=0"/></net>

<net id="407"><net_src comp="38" pin="0"/><net_sink comp="402" pin=1"/></net>

<net id="412"><net_src comp="351" pin="1"/><net_sink comp="408" pin=0"/></net>

<net id="413"><net_src comp="54" pin="0"/><net_sink comp="408" pin=1"/></net>

<net id="418"><net_src comp="402" pin="2"/><net_sink comp="414" pin=0"/></net>

<net id="423"><net_src comp="56" pin="0"/><net_sink comp="419" pin=1"/></net>

<net id="427"><net_src comp="419" pin="2"/><net_sink comp="424" pin=0"/></net>

<net id="428"><net_src comp="424" pin="1"/><net_sink comp="170" pin=2"/></net>

<net id="432"><net_src comp="201" pin="1"/><net_sink comp="429" pin=0"/></net>

<net id="440"><net_src comp="205" pin="1"/><net_sink comp="437" pin=0"/></net>

<net id="445"><net_src comp="437" pin="1"/><net_sink comp="441" pin=0"/></net>

<net id="446"><net_src comp="429" pin="1"/><net_sink comp="441" pin=1"/></net>

<net id="450"><net_src comp="201" pin="1"/><net_sink comp="447" pin=0"/></net>

<net id="454"><net_src comp="205" pin="1"/><net_sink comp="451" pin=0"/></net>

<net id="470"><net_src comp="467" pin="1"/><net_sink comp="178" pin=2"/></net>

<net id="475"><net_src comp="471" pin="2"/><net_sink comp="185" pin=1"/></net>

<net id="481"><net_src comp="451" pin="1"/><net_sink comp="476" pin=0"/></net>

<net id="482"><net_src comp="447" pin="1"/><net_sink comp="476" pin=1"/></net>

<net id="488"><net_src comp="458" pin="1"/><net_sink comp="483" pin=0"/></net>

<net id="489"><net_src comp="455" pin="1"/><net_sink comp="483" pin=1"/></net>

<net id="495"><net_src comp="464" pin="1"/><net_sink comp="490" pin=0"/></net>

<net id="496"><net_src comp="461" pin="1"/><net_sink comp="490" pin=1"/></net>

<net id="500"><net_src comp="68" pin="1"/><net_sink comp="497" pin=0"/></net>

<net id="501"><net_src comp="497" pin="1"/><net_sink comp="219" pin=1"/></net>

<net id="502"><net_src comp="497" pin="1"/><net_sink comp="351" pin=0"/></net>

<net id="503"><net_src comp="497" pin="1"/><net_sink comp="414" pin=1"/></net>

<net id="507"><net_src comp="72" pin="1"/><net_sink comp="504" pin=0"/></net>

<net id="508"><net_src comp="504" pin="1"/><net_sink comp="214" pin=1"/></net>

<net id="509"><net_src comp="504" pin="1"/><net_sink comp="224" pin=0"/></net>

<net id="510"><net_src comp="504" pin="1"/><net_sink comp="347" pin=1"/></net>

<net id="514"><net_src comp="76" pin="1"/><net_sink comp="511" pin=0"/></net>

<net id="515"><net_src comp="511" pin="1"/><net_sink comp="209" pin=1"/></net>

<net id="516"><net_src comp="511" pin="1"/><net_sink comp="227" pin=0"/></net>

<net id="517"><net_src comp="511" pin="1"/><net_sink comp="342" pin=1"/></net>

<net id="521"><net_src comp="230" pin="3"/><net_sink comp="518" pin=0"/></net>

<net id="522"><net_src comp="518" pin="1"/><net_sink comp="303" pin=0"/></net>

<net id="523"><net_src comp="518" pin="1"/><net_sink comp="306" pin=0"/></net>

<net id="524"><net_src comp="518" pin="1"/><net_sink comp="331" pin=0"/></net>

<net id="528"><net_src comp="246" pin="2"/><net_sink comp="525" pin=0"/></net>

<net id="529"><net_src comp="525" pin="1"/><net_sink comp="257" pin=0"/></net>

<net id="530"><net_src comp="525" pin="1"/><net_sink comp="260" pin=1"/></net>

<net id="531"><net_src comp="525" pin="1"/><net_sink comp="347" pin=0"/></net>

<net id="535"><net_src comp="80" pin="3"/><net_sink comp="532" pin=0"/></net>

<net id="536"><net_src comp="532" pin="1"/><net_sink comp="87" pin=0"/></net>

<net id="540"><net_src comp="271" pin="2"/><net_sink comp="537" pin=0"/></net>

<net id="541"><net_src comp="537" pin="1"/><net_sink comp="354" pin=0"/></net>

<net id="545"><net_src comp="277" pin="1"/><net_sink comp="542" pin=0"/></net>

<net id="546"><net_src comp="542" pin="1"/><net_sink comp="358" pin=0"/></net>

<net id="547"><net_src comp="542" pin="1"/><net_sink comp="419" pin=0"/></net>

<net id="548"><net_src comp="542" pin="1"/><net_sink comp="433" pin=0"/></net>

<net id="552"><net_src comp="93" pin="3"/><net_sink comp="549" pin=0"/></net>

<net id="553"><net_src comp="549" pin="1"/><net_sink comp="107" pin=2"/></net>

<net id="557"><net_src comp="100" pin="3"/><net_sink comp="554" pin=0"/></net>

<net id="558"><net_src comp="554" pin="1"/><net_sink comp="107" pin=0"/></net>

<net id="562"><net_src comp="303" pin="1"/><net_sink comp="559" pin=0"/></net>

<net id="563"><net_src comp="559" pin="1"/><net_sink comp="372" pin=0"/></net>

<net id="564"><net_src comp="559" pin="1"/><net_sink comp="382" pin=0"/></net>

<net id="565"><net_src comp="559" pin="1"/><net_sink comp="433" pin=1"/></net>

<net id="569"><net_src comp="118" pin="3"/><net_sink comp="566" pin=0"/></net>

<net id="570"><net_src comp="566" pin="1"/><net_sink comp="87" pin=2"/></net>

<net id="574"><net_src comp="125" pin="3"/><net_sink comp="571" pin=0"/></net>

<net id="575"><net_src comp="571" pin="1"/><net_sink comp="87" pin=0"/></net>

<net id="579"><net_src comp="87" pin="3"/><net_sink comp="576" pin=0"/></net>

<net id="580"><net_src comp="576" pin="1"/><net_sink comp="458" pin=0"/></net>

<net id="584"><net_src comp="336" pin="2"/><net_sink comp="581" pin=0"/></net>

<net id="585"><net_src comp="581" pin="1"/><net_sink comp="194" pin=2"/></net>

<net id="589"><net_src comp="138" pin="3"/><net_sink comp="586" pin=0"/></net>

<net id="590"><net_src comp="586" pin="1"/><net_sink comp="107" pin=0"/></net>

<net id="594"><net_src comp="145" pin="3"/><net_sink comp="591" pin=0"/></net>

<net id="595"><net_src comp="591" pin="1"/><net_sink comp="107" pin=2"/></net>

<net id="599"><net_src comp="368" pin="1"/><net_sink comp="596" pin=0"/></net>

<net id="600"><net_src comp="596" pin="1"/><net_sink comp="396" pin=1"/></net>

<net id="604"><net_src comp="154" pin="3"/><net_sink comp="601" pin=0"/></net>

<net id="605"><net_src comp="601" pin="1"/><net_sink comp="87" pin=0"/></net>

<net id="609"><net_src comp="161" pin="3"/><net_sink comp="606" pin=0"/></net>

<net id="610"><net_src comp="606" pin="1"/><net_sink comp="87" pin=2"/></net>

<net id="614"><net_src comp="392" pin="1"/><net_sink comp="611" pin=0"/></net>

<net id="615"><net_src comp="611" pin="1"/><net_sink comp="396" pin=0"/></net>

<net id="619"><net_src comp="408" pin="2"/><net_sink comp="616" pin=0"/></net>

<net id="623"><net_src comp="170" pin="3"/><net_sink comp="620" pin=0"/></net>

<net id="624"><net_src comp="620" pin="1"/><net_sink comp="107" pin=0"/></net>

<net id="628"><net_src comp="107" pin="3"/><net_sink comp="625" pin=0"/></net>

<net id="629"><net_src comp="625" pin="1"/><net_sink comp="455" pin=0"/></net>

<net id="633"><net_src comp="429" pin="1"/><net_sink comp="630" pin=0"/></net>

<net id="634"><net_src comp="630" pin="1"/><net_sink comp="441" pin=1"/></net>

<net id="638"><net_src comp="433" pin="2"/><net_sink comp="635" pin=0"/></net>

<net id="639"><net_src comp="635" pin="1"/><net_sink comp="467" pin=0"/></net>

<net id="643"><net_src comp="437" pin="1"/><net_sink comp="640" pin=0"/></net>

<net id="644"><net_src comp="640" pin="1"/><net_sink comp="441" pin=0"/></net>

<net id="648"><net_src comp="87" pin="3"/><net_sink comp="645" pin=0"/></net>

<net id="649"><net_src comp="645" pin="1"/><net_sink comp="464" pin=0"/></net>

<net id="653"><net_src comp="107" pin="3"/><net_sink comp="650" pin=0"/></net>

<net id="654"><net_src comp="650" pin="1"/><net_sink comp="461" pin=0"/></net>

<net id="658"><net_src comp="447" pin="1"/><net_sink comp="655" pin=0"/></net>

<net id="659"><net_src comp="655" pin="1"/><net_sink comp="476" pin=1"/></net>

<net id="663"><net_src comp="451" pin="1"/><net_sink comp="660" pin=0"/></net>

<net id="664"><net_src comp="660" pin="1"/><net_sink comp="476" pin=0"/></net>

<net id="668"><net_src comp="455" pin="1"/><net_sink comp="665" pin=0"/></net>

<net id="669"><net_src comp="665" pin="1"/><net_sink comp="483" pin=1"/></net>

<net id="673"><net_src comp="458" pin="1"/><net_sink comp="670" pin=0"/></net>

<net id="674"><net_src comp="670" pin="1"/><net_sink comp="483" pin=0"/></net>

<net id="678"><net_src comp="396" pin="2"/><net_sink comp="675" pin=0"/></net>

<net id="679"><net_src comp="675" pin="1"/><net_sink comp="476" pin=0"/></net>

<net id="683"><net_src comp="461" pin="1"/><net_sink comp="680" pin=0"/></net>

<net id="684"><net_src comp="680" pin="1"/><net_sink comp="490" pin=1"/></net>

<net id="688"><net_src comp="464" pin="1"/><net_sink comp="685" pin=0"/></net>

<net id="689"><net_src comp="685" pin="1"/><net_sink comp="490" pin=0"/></net>

<net id="693"><net_src comp="441" pin="2"/><net_sink comp="690" pin=0"/></net>

<net id="694"><net_src comp="690" pin="1"/><net_sink comp="483" pin=0"/></net>

<net id="698"><net_src comp="476" pin="3"/><net_sink comp="695" pin=0"/></net>

<net id="699"><net_src comp="695" pin="1"/><net_sink comp="490" pin=0"/></net>

<net id="703"><net_src comp="483" pin="3"/><net_sink comp="700" pin=0"/></net>

<net id="704"><net_src comp="700" pin="1"/><net_sink comp="471" pin=1"/></net>

<net id="708"><net_src comp="490" pin="3"/><net_sink comp="705" pin=0"/></net>

<net id="709"><net_src comp="705" pin="1"/><net_sink comp="471" pin=0"/></net>

</net_list>

</model> 
---------------- Datapath Model END ------------------

* FSMD analyzer results:
  - Output states:
	Port: prod | {12 }
 - Input state : 
	Port: matrix_mult : a | {2 3 4 5 }
	Port: matrix_mult : b | {1 2 3 4 }
  - Chain level:
	State 1
		store_ln12 : 1
		store_ln9 : 1
		store_ln0 : 1
		icmp_ln124 : 1
		i_1 : 1
		j_1 : 1
		select_ln9 : 2
		empty : 2
		i_3 : 3
		zext_ln12 : 3
		b_addr : 4
		b_load : 5
	State 2
		zext_ln20_1 : 1
		add_ln20_13 : 2
		trunc_ln20 : 3
		add_ln20_4 : 4
		zext_ln20_3 : 5
		a_addr_1 : 6
		add_ln20_6 : 4
		zext_ln20_5 : 5
		a_addr_3 : 6
		a_load_1 : 7
		a_load_3 : 7
		add_ln20_8 : 1
		zext_ln20_9 : 2
		b_addr_1 : 3
		add_ln20_10 : 1
		zext_ln20_11 : 2
		b_addr_3 : 3
		b_load_1 : 4
		b_load_3 : 4
		icmp_ln12 : 1
		store_ln12 : 1
	State 3
		a_addr : 1
		zext_ln20_6 : 1
		a_addr_4 : 2
		a_load : 2
		sext_ln20_3 : 1
		a_load_4 : 3
		zext_ln20_10 : 1
		b_addr_2 : 2
		zext_ln20_12 : 1
		b_addr_4 : 2
		b_load_2 : 3
		sext_ln20_8 : 1
		b_load_4 : 3
		mul_ln20_3 : 2
		add_ln9_1 : 1
		icmp_ln9 : 1
		store_ln9 : 2
		br_ln9 : 2
	State 4
		zext_ln20_4 : 1
		a_addr_2 : 2
		a_load_2 : 3
		mul_ln20_1 : 1
	State 5
	State 6
		mul_ln20_2 : 1
	State 7
		mul_ln20 : 1
	State 8
		mul_ln20_4 : 1
		add_ln20_1 : 1
	State 9
		add_ln20 : 1
	State 10
		add_ln20_2 : 1
	State 11
	State 12
		prod_addr : 1
		store_ln20 : 2


============================================================
+ Verbose Summary: Datapath Resource usage 
============================================================

* Functional unit list:
|----------|---------------------|---------|---------|---------|
| Operation|   Functional Unit   |   DSP   |    FF   |   LUT   |
|----------|---------------------|---------|---------|---------|
|    mul   |      grp_fu_396     |    0    |   102   |    77   |
|          |      grp_fu_441     |    0    |   102   |    77   |
|----------|---------------------|---------|---------|---------|
|          |      i_3_fu_246     |    0    |    0    |    11   |
|          |  add_ln20_13_fu_271 |    0    |    0    |    13   |
|          |  add_ln20_4_fu_281  |    0    |    0    |    13   |
|          |  add_ln20_6_fu_292  |    0    |    0    |    13   |
|          |  add_ln20_8_fu_309  |    0    |    0    |    13   |
|          |  add_ln20_10_fu_320 |    0    |    0    |    13   |
|    add   |      j_3_fu_331     |    0    |    0    |    11   |
|          |  add_ln20_7_fu_358  |    0    |    0    |    13   |
|          |  add_ln20_9_fu_372  |    0    |    0    |    13   |
|          |  add_ln20_11_fu_382 |    0    |    0    |    13   |
|          |   add_ln9_1_fu_402  |    0    |    0    |    13   |
|          |  add_ln20_5_fu_419  |    0    |    0    |    13   |
|          |  add_ln20_12_fu_433 |    0    |    0    |    13   |
|          |  add_ln20_3_fu_471  |    0    |    0    |    23   |
|----------|---------------------|---------|---------|---------|
|   icmp   |   icmp_ln12_fu_336  |    0    |    0    |    11   |
|          |   icmp_ln9_fu_408   |    0    |    0    |    13   |
|----------|---------------------|---------|---------|---------|
|  select  |  select_ln9_fu_230  |    0    |    0    |    3    |
|          |     empty_fu_238    |    0    |    0    |    2    |
|----------|---------------------|---------|---------|---------|
|          |      grp_fu_476     |    1    |    0    |    0    |
|  muladd  |      grp_fu_483     |    1    |    0    |    0    |
|          |      grp_fu_490     |    1    |    0    |    0    |
|----------|---------------------|---------|---------|---------|
|          |   zext_ln12_fu_252  |    0    |    0    |    0    |
|          |   zext_ln20_fu_257  |    0    |    0    |    0    |
|          |  zext_ln20_1_fu_267 |    0    |    0    |    0    |
|          |  zext_ln20_3_fu_287 |    0    |    0    |    0    |
|          |  zext_ln20_5_fu_298 |    0    |    0    |    0    |
|          |  zext_ln20_7_fu_303 |    0    |    0    |    0    |
|          |  zext_ln20_8_fu_306 |    0    |    0    |    0    |
|   zext   |  zext_ln20_9_fu_315 |    0    |    0    |    0    |
|          | zext_ln20_11_fu_326 |    0    |    0    |    0    |
|          |  zext_ln20_2_fu_354 |    0    |    0    |    0    |
|          |  zext_ln20_6_fu_363 |    0    |    0    |    0    |
|          | zext_ln20_10_fu_377 |    0    |    0    |    0    |
|          | zext_ln20_12_fu_387 |    0    |    0    |    0    |
|          |  zext_ln20_4_fu_424 |    0    |    0    |    0    |
|          | zext_ln20_13_fu_467 |    0    |    0    |    0    |
|----------|---------------------|---------|---------|---------|
|bitconcatenate|      tmp_fu_260     |    0    |    0    |    0    |
|----------|---------------------|---------|---------|---------|
|   trunc  |  trunc_ln20_fu_277  |    0    |    0    |    0    |
|----------|---------------------|---------|---------|---------|
|          |  sext_ln20_3_fu_368 |    0    |    0    |    0    |
|          |  sext_ln20_8_fu_392 |    0    |    0    |    0    |
|          |  sext_ln20_1_fu_429 |    0    |    0    |    0    |
|          |  sext_ln20_6_fu_437 |    0    |    0    |    0    |
|   sext   |  sext_ln20_4_fu_447 |    0    |    0    |    0    |
|          |  sext_ln20_9_fu_451 |    0    |    0    |    0    |
|          |   sext_ln20_fu_455  |    0    |    0    |    0    |
|          |  sext_ln20_5_fu_458 |    0    |    0    |    0    |
|          |  sext_ln20_2_fu_461 |    0    |    0    |    0    |
|          |  sext_ln20_7_fu_464 |    0    |    0    |    0    |
|----------|---------------------|---------|---------|---------|
|   Total  |                     |    3    |   204   |   371   |
|----------|---------------------|---------|---------|---------|

Memories:
N/A

* Register list:
+-----------------------+--------+
|                       |   FF   |
+-----------------------+--------+
|    a_addr_1_reg_549   |    5   |
|    a_addr_2_reg_620   |    5   |
|    a_addr_3_reg_554   |    5   |
|    a_addr_4_reg_591   |    5   |
|     a_addr_reg_586    |    5   |
|    a_load_2_reg_650   |    8   |
|     a_load_reg_625    |    8   |
|  add_ln20_12_reg_635  |    5   |
|  add_ln20_13_reg_537  |    6   |
|   add_ln20_1_reg_695  |   16   |
|   add_ln20_2_reg_705  |   16   |
|    add_ln20_reg_700   |   16   |
|    b_addr_1_reg_566   |    5   |
|    b_addr_2_reg_601   |    5   |
|    b_addr_3_reg_571   |    5   |
|    b_addr_4_reg_606   |    5   |
|     b_addr_reg_532    |    5   |
|    b_load_2_reg_645   |    8   |
|     b_load_reg_576    |    8   |
|      i_3_reg_525      |    3   |
|       i_reg_504       |    3   |
|   icmp_ln124_reg_191  |    1   |
|   icmp_ln12_reg_581   |    1   |
|    icmp_ln9_reg_616   |    1   |
|indvar_flatten1_reg_497|    5   |
|       j_reg_511       |    3   |
|   mul_ln20_1_reg_690  |   16   |
|   mul_ln20_3_reg_675  |   16   |
|        reg_201        |    8   |
|        reg_205        |    8   |
|   select_ln9_reg_518  |    3   |
|  sext_ln20_1_reg_630  |   16   |
|  sext_ln20_2_reg_680  |   16   |
|  sext_ln20_3_reg_596  |   16   |
|  sext_ln20_4_reg_655  |   16   |
|  sext_ln20_5_reg_670  |   16   |
|  sext_ln20_6_reg_640  |   16   |
|  sext_ln20_7_reg_685  |   16   |
|  sext_ln20_8_reg_611  |   16   |
|  sext_ln20_9_reg_660  |   16   |
|   sext_ln20_reg_665   |   16   |
|   trunc_ln20_reg_542  |    5   |
|  zext_ln20_7_reg_559  |    5   |
+-----------------------+--------+
|         Total         |   379  |
+-----------------------+--------+

* Multiplexer (MUX) list: 
|-------------------|------|------|------|--------||---------||---------||---------|
|        Comp       |  Pin | Size |  BW  | S x BW ||  Delay  ||    FF   ||   LUT   |
|-------------------|------|------|------|--------||---------||---------||---------|
|  grp_access_fu_87 |  p0  |   6  |   5  |   30   ||    0    ||    31   |
|  grp_access_fu_87 |  p2  |   4  |   0  |    0   ||    0    ||    20   |
| grp_access_fu_107 |  p0  |   6  |   5  |   30   ||    0    ||    31   |
| grp_access_fu_107 |  p2  |   4  |   0  |    0   ||    0    ||    20   |
|     grp_fu_396    |  p0  |   2  |   8  |   16   ||    0    ||    9    |
|     grp_fu_396    |  p1  |   2  |   8  |   16   ||    0    ||    9    |
|     grp_fu_441    |  p0  |   2  |   8  |   16   ||    0    ||    9    |
|     grp_fu_441    |  p1  |   2  |   8  |   16   ||    0    ||    9    |
|     grp_fu_476    |  p0  |   3  |   8  |   24   ||    0    ||    14   |
|     grp_fu_476    |  p1  |   2  |   8  |   16   ||    0    ||    9    |
|     grp_fu_483    |  p0  |   3  |   8  |   24   ||    0    ||    14   |
|     grp_fu_483    |  p1  |   2  |   8  |   16   ||    0    ||    9    |
|     grp_fu_490    |  p0  |   3  |   8  |   24   ||    0    ||    14   |
|     grp_fu_490    |  p1  |   2  |   8  |   16   ||    0    ||    9    |
|-------------------|------|------|------|--------||---------||---------||---------|
|       Total       |      |      |      |   244  || 24.0215 ||    0    ||   207   |
|-------------------|------|------|------|--------||---------||---------||---------|



* Summary:
+-----------+--------+--------+--------+--------+
|           |   DSP  |  Delay |   FF   |   LUT  |
+-----------+--------+--------+--------+--------+
|  Function |    3   |    -   |   204  |   371  |
|   Memory  |    -   |    -   |    -   |    -   |
|Multiplexer|    -   |   24   |    0   |   207  |
|  Register |    -   |    -   |   379  |    -   |
+-----------+--------+--------+--------+--------+
|   Total   |    3   |   24   |   583  |   578  |
+-----------+--------+--------+--------+--------+
