Copyright 1986-2022 Xilinx, Inc. All Rights Reserved. Copyright 2022-2026 Advanced Micro Devices, Inc. All Rights Reserved.
---------------------------------------------------------------------------------------------------------------------------------------------------------------------------------------------------------------------------------------------------------------------------------------------------
| Tool Version : Vivado v.2026.1 (win64) Build 6511674 Tue Jun 16 11:02:23 MDT 2026
| Date         : Wed Sep 30 22:45:35 2026
| Host         : KHANHLQ running 64-bit major release  (build 9200)
| Command      : report_timing_summary -max_paths 10 -routable_nets -report_unconstrained -file zynq_interrupt_system_wrapper_timing_summary_routed.rpt -pb zynq_interrupt_system_wrapper_timing_summary_routed.pb -rpx zynq_interrupt_system_wrapper_timing_summary_routed.rpx -warn_on_violation
| Design       : zynq_interrupt_system_wrapper
| Device       : 7z020-clg484
| Speed File   : -1  PRODUCTION 1.12 2019-11-22
| Design State : Routed
---------------------------------------------------------------------------------------------------------------------------------------------------------------------------------------------------------------------------------------------------------------------------------------------------

Timing Summary Report

------------------------------------------------------------------------------------------------
| Timer Settings
| --------------
------------------------------------------------------------------------------------------------

  Enable Multi Corner Analysis               :  Yes
  Enable Pessimism Removal                   :  Yes
  Pessimism Removal Resolution               :  Nearest Common Node
  Enable Input Delay Default Clock           :  No
  Enable Preset / Clear Arcs                 :  No
  Disable Flight Delays                      :  No
  Ignore I/O Paths                           :  No
  Timing Early Launch at Borrowing Latches   :  No
  Borrow Time for Max Delay Exceptions       :  Yes
  Merge Timing Exceptions                    :  Yes
  Inter-SLR Compensation                     :  Conservative

  Corner  Analyze    Analyze    
  Name    Max Paths  Min Paths  
  ------  ---------  ---------  
  Slow    Yes        Yes        
  Fast    Yes        Yes        


------------------------------------------------------------------------------------------------
| Report Methodology
| ------------------
------------------------------------------------------------------------------------------------

Rule       Severity  Description                    Violations  
---------  --------  -----------------------------  ----------  
TIMING-18  Warning   Missing input or output delay  13          

Note: This report is based on the most recent report_methodology run and may not be up-to-date. Run report_methodology on the current design for the latest report.



check_timing report

Table of Contents
-----------------
1. checking no_clock (0)
2. checking constant_clock (0)
3. checking pulse_width_clock (0)
4. checking unconstrained_internal_endpoints (0)
5. checking no_input_delay (5)
6. checking no_output_delay (8)
7. checking multiple_clock (0)
8. checking generated_clocks (0)
9. checking loops (0)
10. checking partial_input_delay (0)
11. checking partial_output_delay (0)
12. checking latch_loops (0)

1. checking no_clock (0)
------------------------
 There are 0 register/latch pins with no clock.


2. checking constant_clock (0)
------------------------------
 There are 0 register/latch pins with constant_clock.


3. checking pulse_width_clock (0)
---------------------------------
 There are 0 register/latch pins which need pulse_width check


4. checking unconstrained_internal_endpoints (0)
------------------------------------------------
 There are 0 pins that are not constrained for maximum delay.

 There are 0 pins that are not constrained for maximum delay due to constant clock.


5. checking no_input_delay (5)
------------------------------
 There are 5 input ports with no input delay specified. (HIGH)

 There are 0 input ports with no input delay but user has a false path constraint.


6. checking no_output_delay (8)
-------------------------------
 There are 8 ports with no output delay specified. (HIGH)

 There are 0 ports with no output delay but user has a false path constraint

 There are 0 ports with no output delay but with a timing clock defined on it or propagating through it


7. checking multiple_clock (0)
------------------------------
 There are 0 register/latch pins with multiple clocks.


8. checking generated_clocks (0)
--------------------------------
 There are 0 generated clocks that are not connected to a clock source.


9. checking loops (0)
---------------------
 There are 0 combinational loops in the design.


10. checking partial_input_delay (0)
------------------------------------
 There are 0 input ports with partial input delay specified.


11. checking partial_output_delay (0)
-------------------------------------
 There are 0 ports with partial output delay specified.


12. checking latch_loops (0)
----------------------------
 There are 0 combinational latch loops in the design through latch input



------------------------------------------------------------------------------------------------
| Design Timing Summary
| ---------------------
------------------------------------------------------------------------------------------------

    WNS(ns)      TNS(ns)  TNS Failing Endpoints  TNS Total Endpoints      WHS(ns)      THS(ns)  THS Failing Endpoints  THS Total Endpoints     WPWS(ns)     TPWS(ns)  TPWS Failing Endpoints  TPWS Total Endpoints  
    -------      -------  ---------------------  -------------------      -------      -------  ---------------------  -------------------     --------     --------  ----------------------  --------------------  
      3.522        0.000                      0                 2247        0.106        0.000                      0                 2247        4.020        0.000                       0                   914  


All user specified timing constraints are met.


------------------------------------------------------------------------------------------------
| Clock Summary
| -------------
------------------------------------------------------------------------------------------------

Clock       Waveform(ns)       Period(ns)      Frequency(MHz)
-----       ------------       ----------      --------------
clk_fpga_0  {0.000 5.000}      10.000          100.000         


------------------------------------------------------------------------------------------------
| Intra Clock Table
| -----------------
------------------------------------------------------------------------------------------------

Clock             WNS(ns)      TNS(ns)  TNS Failing Endpoints  TNS Total Endpoints      WHS(ns)      THS(ns)  THS Failing Endpoints  THS Total Endpoints     WPWS(ns)     TPWS(ns)  TPWS Failing Endpoints  TPWS Total Endpoints  
-----             -------      -------  ---------------------  -------------------      -------      -------  ---------------------  -------------------     --------     --------  ----------------------  --------------------  
clk_fpga_0          3.522        0.000                      0                 2247        0.106        0.000                      0                 2247        4.020        0.000                       0                   914  


------------------------------------------------------------------------------------------------
| Inter Clock Table
| -----------------
------------------------------------------------------------------------------------------------

From Clock    To Clock          WNS(ns)      TNS(ns)  TNS Failing Endpoints  TNS Total Endpoints      WHS(ns)      THS(ns)  THS Failing Endpoints  THS Total Endpoints  
----------    --------          -------      -------  ---------------------  -------------------      -------      -------  ---------------------  -------------------  


------------------------------------------------------------------------------------------------
| Other Path Groups Table
| -----------------------
------------------------------------------------------------------------------------------------

Path Group    From Clock    To Clock          WNS(ns)      TNS(ns)  TNS Failing Endpoints  TNS Total Endpoints      WHS(ns)      THS(ns)  THS Failing Endpoints  THS Total Endpoints  
----------    ----------    --------          -------      -------  ---------------------  -------------------      -------      -------  ---------------------  -------------------  


------------------------------------------------------------------------------------------------
| User Ignored Path Table
| -----------------------
------------------------------------------------------------------------------------------------

Path Group    From Clock    To Clock    
----------    ----------    --------    
(none)                      clk_fpga_0    
(none)        clk_fpga_0    clk_fpga_0    


------------------------------------------------------------------------------------------------
| Unconstrained Path Table
| ------------------------
------------------------------------------------------------------------------------------------

Path Group    From Clock    To Clock    
----------    ----------    --------    
(none)        clk_fpga_0                  


------------------------------------------------------------------------------------------------
| Timing Details
| --------------
------------------------------------------------------------------------------------------------


---------------------------------------------------------------------------------------------------
From Clock:  clk_fpga_0
  To Clock:  clk_fpga_0

Setup :            0  Failing Endpoints,  Worst Slack        3.522ns,  Total Violation        0.000ns
Hold  :            0  Failing Endpoints,  Worst Slack        0.106ns,  Total Violation        0.000ns
PW    :            0  Failing Endpoints,  Worst Slack        4.020ns,  Total Violation        0.000ns
---------------------------------------------------------------------------------------------------


Max Delay Paths
--------------------------------------------------------------------------------------
Slack (MET) :             3.522ns  (required time - arrival time)
  Source:                 zynq_interrupt_system_i/axi_timer_0/U0/AXI4_LITE_I/I_SLAVE_ATTACHMENT/I_DECODER/Bus_RNW_reg_reg/C
                            (rising edge-triggered cell FDRE clocked by clk_fpga_0  {rise@0.000ns fall@5.000ns period=10.000ns})
  Destination:            zynq_interrupt_system_i/axi_smc/inst/sc_ul/inst/gen_axi_full_nxm.sasd_inst/gen_write.s_axi_awready_vec_i_reg[0]/D
                            (rising edge-triggered cell FDRE clocked by clk_fpga_0  {rise@0.000ns fall@5.000ns period=10.000ns})
  Path Group:             clk_fpga_0
  Path Type:              Setup (Max at Slow Process Corner)
  Requirement:            10.000ns  (clk_fpga_0 rise@10.000ns - clk_fpga_0 rise@0.000ns)
  Data Path Delay:        6.346ns  (logic 1.635ns (25.764%)  route 4.711ns (74.236%))
  Logic Levels:           6  (LUT2=1 LUT3=1 LUT4=1 LUT6=3)
  Clock Path Skew:        -0.007ns (DCD - SCD + CPR)
    Destination Clock Delay (DCD):    2.704ns = ( 12.704 - 10.000 ) 
    Source Clock Delay      (SCD):    2.940ns
    Clock Pessimism Removal (CPR):    0.229ns
  Clock Uncertainty:      0.154ns  ((TSJ^2 + TIJ^2)^1/2 + DJ) / 2 + PE
    Total System Jitter     (TSJ):    0.071ns
    Total Input Jitter      (TIJ):    0.300ns
    Discrete Jitter          (DJ):    0.000ns
    Phase Error              (PE):    0.000ns

    Location             Delay type                Incr(ns)  Path(ns)    Netlist Resource(s)
  -------------------------------------------------------------------    -------------------
                         (clock clk_fpga_0 rise edge)
                                                      0.000     0.000 r  <hidden>
    PS7_X0Y0             PS7                          0.000     0.000 r  zynq_interrupt_system_i/processing_system7_0/inst/PS7_i/FCLKCLK[0]
                         net (fo=1, routed)           1.193     1.193    zynq_interrupt_system_i/processing_system7_0/inst/FCLK_CLK_unbuffered[0]
    BUFGCTRL_X0Y16       BUFG (Prop_bufg_I_O)         0.101     1.294 r  zynq_interrupt_system_i/processing_system7_0/inst/buffer_fclk_clk_0.FCLK_CLK_0_BUFG/O
                         net (fo=914, routed)         1.646     2.940    zynq_interrupt_system_i/axi_timer_0/U0/AXI4_LITE_I/I_SLAVE_ATTACHMENT/I_DECODER/s_axi_aclk
    SLICE_X41Y85         FDRE                                         r  zynq_interrupt_system_i/axi_timer_0/U0/AXI4_LITE_I/I_SLAVE_ATTACHMENT/I_DECODER/Bus_RNW_reg_reg/C
  -------------------------------------------------------------------    -------------------
    SLICE_X41Y85         FDRE (Prop_fdre_C_Q)         0.456     3.396 f  zynq_interrupt_system_i/axi_timer_0/U0/AXI4_LITE_I/I_SLAVE_ATTACHMENT/I_DECODER/Bus_RNW_reg_reg/Q
                         net (fo=106, routed)         0.906     4.302    zynq_interrupt_system_i/axi_timer_0/U0/AXI4_LITE_I/I_SLAVE_ATTACHMENT/I_DECODER/Bus_RNW_reg_reg_0
    SLICE_X41Y86         LUT2 (Prop_lut2_I1_O)        0.153     4.455 r  zynq_interrupt_system_i/axi_timer_0/U0/AXI4_LITE_I/I_SLAVE_ATTACHMENT/I_DECODER/s_axi_wready_INST_0_i_3/O
                         net (fo=1, routed)           0.674     5.130    zynq_interrupt_system_i/axi_timer_0/U0/AXI4_LITE_I/I_SLAVE_ATTACHMENT/I_DECODER/s_axi_wready_INST_0_i_3_n_0
    SLICE_X41Y86         LUT6 (Prop_lut6_I3_O)        0.327     5.457 r  zynq_interrupt_system_i/axi_timer_0/U0/AXI4_LITE_I/I_SLAVE_ATTACHMENT/I_DECODER/s_axi_wready_INST_0/O
                         net (fo=7, routed)           0.669     6.125    zynq_interrupt_system_i/axi_smc/inst/sc_ul/inst/gen_axi_full_nxm.sasd_inst/m02_axi_awready
    SLICE_X42Y93         LUT6 (Prop_lut6_I0_O)        0.124     6.249 r  zynq_interrupt_system_i/axi_smc/inst/sc_ul/inst/gen_axi_full_nxm.sasd_inst/gen_write.aw_done_i_4/O
                         net (fo=7, routed)           0.921     7.170    zynq_interrupt_system_i/axi_smc/inst/sc_ul/inst/gen_axi_full_nxm.sasd_inst/gen_write.aw_done_i_4_n_0
    SLICE_X39Y97         LUT4 (Prop_lut4_I2_O)        0.124     7.294 r  zynq_interrupt_system_i/axi_smc/inst/sc_ul/inst/gen_axi_full_nxm.sasd_inst/gen_write.w_cnt[10]_i_4/O
                         net (fo=5, routed)           0.872     8.167    zynq_interrupt_system_i/axi_smc/inst/sc_ul/inst/gen_axi_full_nxm.sasd_inst/gen_write.w_cnt[10]_i_4_n_0
    SLICE_X31Y96         LUT3 (Prop_lut3_I0_O)        0.119     8.286 r  zynq_interrupt_system_i/axi_smc/inst/sc_ul/inst/gen_axi_full_nxm.sasd_inst/gen_write.s_axi_awready_vec_i[0]_i_3/O
                         net (fo=1, routed)           0.669     8.954    zynq_interrupt_system_i/axi_smc/inst/sc_ul/inst/gen_axi_full_nxm.sasd_inst/gen_write.awctrl_mux/gen_write.s_axi_awready_vec_i_reg[0]_0
    SLICE_X31Y96         LUT6 (Prop_lut6_I1_O)        0.332     9.286 r  zynq_interrupt_system_i/axi_smc/inst/sc_ul/inst/gen_axi_full_nxm.sasd_inst/gen_write.awctrl_mux/gen_write.s_axi_awready_vec_i[0]_i_1/O
                         net (fo=1, routed)           0.000     9.286    zynq_interrupt_system_i/axi_smc/inst/sc_ul/inst/gen_axi_full_nxm.sasd_inst/gen_write.awctrl_mux_n_52
    SLICE_X31Y96         FDRE                                         r  zynq_interrupt_system_i/axi_smc/inst/sc_ul/inst/gen_axi_full_nxm.sasd_inst/gen_write.s_axi_awready_vec_i_reg[0]/D
  -------------------------------------------------------------------    -------------------

                         (clock clk_fpga_0 rise edge)
                                                     10.000    10.000 r  <hidden>
    PS7_X0Y0             PS7                          0.000    10.000 r  zynq_interrupt_system_i/processing_system7_0/inst/PS7_i/FCLKCLK[0]
                         net (fo=1, routed)           1.088    11.088    zynq_interrupt_system_i/processing_system7_0/inst/FCLK_CLK_unbuffered[0]
    BUFGCTRL_X0Y16       BUFG (Prop_bufg_I_O)         0.091    11.179 r  zynq_interrupt_system_i/processing_system7_0/inst/buffer_fclk_clk_0.FCLK_CLK_0_BUFG/O
                         net (fo=914, routed)         1.525    12.704    zynq_interrupt_system_i/axi_smc/inst/sc_ul/inst/gen_axi_full_nxm.sasd_inst/aclk
    SLICE_X31Y96         FDRE                                         r  zynq_interrupt_system_i/axi_smc/inst/sc_ul/inst/gen_axi_full_nxm.sasd_inst/gen_write.s_axi_awready_vec_i_reg[0]/C
                         clock pessimism              0.229    12.933    <hidden>
                         clock uncertainty           -0.154    12.779    <hidden>
    SLICE_X31Y96         FDRE (Setup_fdre_C_D)        0.029    12.808    zynq_interrupt_system_i/axi_smc/inst/sc_ul/inst/gen_axi_full_nxm.sasd_inst/gen_write.s_axi_awready_vec_i_reg[0]
  -------------------------------------------------------------------
                         required time                         12.808    <hidden>
                         arrival time                          -9.286    <hidden>
  -------------------------------------------------------------------
                         slack                                  3.522    <hidden>

Slack (MET) :             3.698ns  (required time - arrival time)
  Source:                 zynq_interrupt_system_i/axi_timer_0/U0/AXI4_LITE_I/I_SLAVE_ATTACHMENT/I_DECODER/Bus_RNW_reg_reg/C
                            (rising edge-triggered cell FDRE clocked by clk_fpga_0  {rise@0.000ns fall@5.000ns period=10.000ns})
  Destination:            zynq_interrupt_system_i/axi_smc/inst/sc_ul/inst/gen_axi_full_nxm.sasd_inst/gen_write.last_w_split_reg/CE
                            (rising edge-triggered cell FDRE clocked by clk_fpga_0  {rise@0.000ns fall@5.000ns period=10.000ns})
  Path Group:             clk_fpga_0
  Path Type:              Setup (Max at Slow Process Corner)
  Requirement:            10.000ns  (clk_fpga_0 rise@10.000ns - clk_fpga_0 rise@0.000ns)
  Data Path Delay:        5.972ns  (logic 1.504ns (25.185%)  route 4.468ns (74.815%))
  Logic Levels:           5  (LUT2=1 LUT5=1 LUT6=3)
  Clock Path Skew:        -0.007ns (DCD - SCD + CPR)
    Destination Clock Delay (DCD):    2.704ns = ( 12.704 - 10.000 ) 
    Source Clock Delay      (SCD):    2.940ns
    Clock Pessimism Removal (CPR):    0.229ns
  Clock Uncertainty:      0.154ns  ((TSJ^2 + TIJ^2)^1/2 + DJ) / 2 + PE
    Total System Jitter     (TSJ):    0.071ns
    Total Input Jitter      (TIJ):    0.300ns
    Discrete Jitter          (DJ):    0.000ns
    Phase Error              (PE):    0.000ns

    Location             Delay type                Incr(ns)  Path(ns)    Netlist Resource(s)
  -------------------------------------------------------------------    -------------------
                         (clock clk_fpga_0 rise edge)
                                                      0.000     0.000 r  <hidden>
    PS7_X0Y0             PS7                          0.000     0.000 r  zynq_interrupt_system_i/processing_system7_0/inst/PS7_i/FCLKCLK[0]
                         net (fo=1, routed)           1.193     1.193    zynq_interrupt_system_i/processing_system7_0/inst/FCLK_CLK_unbuffered[0]
    BUFGCTRL_X0Y16       BUFG (Prop_bufg_I_O)         0.101     1.294 r  zynq_interrupt_system_i/processing_system7_0/inst/buffer_fclk_clk_0.FCLK_CLK_0_BUFG/O
                         net (fo=914, routed)         1.646     2.940    zynq_interrupt_system_i/axi_timer_0/U0/AXI4_LITE_I/I_SLAVE_ATTACHMENT/I_DECODER/s_axi_aclk
    SLICE_X41Y85         FDRE                                         r  zynq_interrupt_system_i/axi_timer_0/U0/AXI4_LITE_I/I_SLAVE_ATTACHMENT/I_DECODER/Bus_RNW_reg_reg/C
  -------------------------------------------------------------------    -------------------
    SLICE_X41Y85         FDRE (Prop_fdre_C_Q)         0.456     3.396 f  zynq_interrupt_system_i/axi_timer_0/U0/AXI4_LITE_I/I_SLAVE_ATTACHMENT/I_DECODER/Bus_RNW_reg_reg/Q
                         net (fo=106, routed)         0.906     4.302    zynq_interrupt_system_i/axi_timer_0/U0/AXI4_LITE_I/I_SLAVE_ATTACHMENT/I_DECODER/Bus_RNW_reg_reg_0
    SLICE_X41Y86         LUT2 (Prop_lut2_I1_O)        0.153     4.455 r  zynq_interrupt_system_i/axi_timer_0/U0/AXI4_LITE_I/I_SLAVE_ATTACHMENT/I_DECODER/s_axi_wready_INST_0_i_3/O
                         net (fo=1, routed)           0.674     5.130    zynq_interrupt_system_i/axi_timer_0/U0/AXI4_LITE_I/I_SLAVE_ATTACHMENT/I_DECODER/s_axi_wready_INST_0_i_3_n_0
    SLICE_X41Y86         LUT6 (Prop_lut6_I3_O)        0.327     5.457 r  zynq_interrupt_system_i/axi_timer_0/U0/AXI4_LITE_I/I_SLAVE_ATTACHMENT/I_DECODER/s_axi_wready_INST_0/O
                         net (fo=7, routed)           0.669     6.125    zynq_interrupt_system_i/axi_smc/inst/sc_ul/inst/gen_axi_full_nxm.sasd_inst/m02_axi_awready
    SLICE_X42Y93         LUT6 (Prop_lut6_I0_O)        0.124     6.249 r  zynq_interrupt_system_i/axi_smc/inst/sc_ul/inst/gen_axi_full_nxm.sasd_inst/gen_write.aw_done_i_4/O
                         net (fo=7, routed)           0.921     7.170    zynq_interrupt_system_i/axi_smc/inst/sc_ul/inst/gen_axi_full_nxm.sasd_inst/gen_write.aw_done_i_4_n_0
    SLICE_X39Y97         LUT5 (Prop_lut5_I2_O)        0.118     7.288 r  zynq_interrupt_system_i/axi_smc/inst/sc_ul/inst/gen_axi_full_nxm.sasd_inst/gen_write.w_split[4]_i_3/O
                         net (fo=4, routed)           0.768     8.056    zynq_interrupt_system_i/axi_smc/inst/sc_ul/inst/gen_axi_full_nxm.sasd_inst/gen_write.w_split[4]_i_3_n_0
    SLICE_X30Y96         LUT6 (Prop_lut6_I0_O)        0.326     8.382 r  zynq_interrupt_system_i/axi_smc/inst/sc_ul/inst/gen_axi_full_nxm.sasd_inst/gen_write.w_split[4]_i_1/O
                         net (fo=6, routed)           0.530     8.912    zynq_interrupt_system_i/axi_smc/inst/sc_ul/inst/gen_axi_full_nxm.sasd_inst/gen_write.w_split[4]_i_1_n_0
    SLICE_X30Y95         FDRE                                         r  zynq_interrupt_system_i/axi_smc/inst/sc_ul/inst/gen_axi_full_nxm.sasd_inst/gen_write.last_w_split_reg/CE
  -------------------------------------------------------------------    -------------------

                         (clock clk_fpga_0 rise edge)
                                                     10.000    10.000 r  <hidden>
    PS7_X0Y0             PS7                          0.000    10.000 r  zynq_interrupt_system_i/processing_system7_0/inst/PS7_i/FCLKCLK[0]
                         net (fo=1, routed)           1.088    11.088    zynq_interrupt_system_i/processing_system7_0/inst/FCLK_CLK_unbuffered[0]
    BUFGCTRL_X0Y16       BUFG (Prop_bufg_I_O)         0.091    11.179 r  zynq_interrupt_system_i/processing_system7_0/inst/buffer_fclk_clk_0.FCLK_CLK_0_BUFG/O
                         net (fo=914, routed)         1.525    12.704    zynq_interrupt_system_i/axi_smc/inst/sc_ul/inst/gen_axi_full_nxm.sasd_inst/aclk
    SLICE_X30Y95         FDRE                                         r  zynq_interrupt_system_i/axi_smc/inst/sc_ul/inst/gen_axi_full_nxm.sasd_inst/gen_write.last_w_split_reg/C
                         clock pessimism              0.229    12.933    <hidden>
                         clock uncertainty           -0.154    12.779    <hidden>
    SLICE_X30Y95         FDRE (Setup_fdre_C_CE)      -0.169    12.610    zynq_interrupt_system_i/axi_smc/inst/sc_ul/inst/gen_axi_full_nxm.sasd_inst/gen_write.last_w_split_reg
  -------------------------------------------------------------------
                         required time                         12.610    <hidden>
                         arrival time                          -8.912    <hidden>
  -------------------------------------------------------------------
                         slack                                  3.698    <hidden>

Slack (MET) :             3.699ns  (required time - arrival time)
  Source:                 zynq_interrupt_system_i/axi_timer_0/U0/AXI4_LITE_I/I_SLAVE_ATTACHMENT/I_DECODER/Bus_RNW_reg_reg/C
                            (rising edge-triggered cell FDRE clocked by clk_fpga_0  {rise@0.000ns fall@5.000ns period=10.000ns})
  Destination:            zynq_interrupt_system_i/axi_smc/inst/sc_ul/inst/gen_axi_full_nxm.sasd_inst/gen_write.w_split_reg[3]/CE
                            (rising edge-triggered cell FDRE clocked by clk_fpga_0  {rise@0.000ns fall@5.000ns period=10.000ns})
  Path Group:             clk_fpga_0
  Path Type:              Setup (Max at Slow Process Corner)
  Requirement:            10.000ns  (clk_fpga_0 rise@10.000ns - clk_fpga_0 rise@0.000ns)
  Data Path Delay:        5.935ns  (logic 1.504ns (25.343%)  route 4.431ns (74.657%))
  Logic Levels:           5  (LUT2=1 LUT5=1 LUT6=3)
  Clock Path Skew:        -0.007ns (DCD - SCD + CPR)
    Destination Clock Delay (DCD):    2.704ns = ( 12.704 - 10.000 ) 
    Source Clock Delay      (SCD):    2.940ns
    Clock Pessimism Removal (CPR):    0.229ns
  Clock Uncertainty:      0.154ns  ((TSJ^2 + TIJ^2)^1/2 + DJ) / 2 + PE
    Total System Jitter     (TSJ):    0.071ns
    Total Input Jitter      (TIJ):    0.300ns
    Discrete Jitter          (DJ):    0.000ns
    Phase Error              (PE):    0.000ns

    Location             Delay type                Incr(ns)  Path(ns)    Netlist Resource(s)
  -------------------------------------------------------------------    -------------------
                         (clock clk_fpga_0 rise edge)
                                                      0.000     0.000 r  <hidden>
    PS7_X0Y0             PS7                          0.000     0.000 r  zynq_interrupt_system_i/processing_system7_0/inst/PS7_i/FCLKCLK[0]
                         net (fo=1, routed)           1.193     1.193    zynq_interrupt_system_i/processing_system7_0/inst/FCLK_CLK_unbuffered[0]
    BUFGCTRL_X0Y16       BUFG (Prop_bufg_I_O)         0.101     1.294 r  zynq_interrupt_system_i/processing_system7_0/inst/buffer_fclk_clk_0.FCLK_CLK_0_BUFG/O
                         net (fo=914, routed)         1.646     2.940    zynq_interrupt_system_i/axi_timer_0/U0/AXI4_LITE_I/I_SLAVE_ATTACHMENT/I_DECODER/s_axi_aclk
    SLICE_X41Y85         FDRE                                         r  zynq_interrupt_system_i/axi_timer_0/U0/AXI4_LITE_I/I_SLAVE_ATTACHMENT/I_DECODER/Bus_RNW_reg_reg/C
  -------------------------------------------------------------------    -------------------
    SLICE_X41Y85         FDRE (Prop_fdre_C_Q)         0.456     3.396 f  zynq_interrupt_system_i/axi_timer_0/U0/AXI4_LITE_I/I_SLAVE_ATTACHMENT/I_DECODER/Bus_RNW_reg_reg/Q
                         net (fo=106, routed)         0.906     4.302    zynq_interrupt_system_i/axi_timer_0/U0/AXI4_LITE_I/I_SLAVE_ATTACHMENT/I_DECODER/Bus_RNW_reg_reg_0
    SLICE_X41Y86         LUT2 (Prop_lut2_I1_O)        0.153     4.455 r  zynq_interrupt_system_i/axi_timer_0/U0/AXI4_LITE_I/I_SLAVE_ATTACHMENT/I_DECODER/s_axi_wready_INST_0_i_3/O
                         net (fo=1, routed)           0.674     5.130    zynq_interrupt_system_i/axi_timer_0/U0/AXI4_LITE_I/I_SLAVE_ATTACHMENT/I_DECODER/s_axi_wready_INST_0_i_3_n_0
    SLICE_X41Y86         LUT6 (Prop_lut6_I3_O)        0.327     5.457 r  zynq_interrupt_system_i/axi_timer_0/U0/AXI4_LITE_I/I_SLAVE_ATTACHMENT/I_DECODER/s_axi_wready_INST_0/O
                         net (fo=7, routed)           0.669     6.125    zynq_interrupt_system_i/axi_smc/inst/sc_ul/inst/gen_axi_full_nxm.sasd_inst/m02_axi_awready
    SLICE_X42Y93         LUT6 (Prop_lut6_I0_O)        0.124     6.249 r  zynq_interrupt_system_i/axi_smc/inst/sc_ul/inst/gen_axi_full_nxm.sasd_inst/gen_write.aw_done_i_4/O
                         net (fo=7, routed)           0.921     7.170    zynq_interrupt_system_i/axi_smc/inst/sc_ul/inst/gen_axi_full_nxm.sasd_inst/gen_write.aw_done_i_4_n_0
    SLICE_X39Y97         LUT5 (Prop_lut5_I2_O)        0.118     7.288 r  zynq_interrupt_system_i/axi_smc/inst/sc_ul/inst/gen_axi_full_nxm.sasd_inst/gen_write.w_split[4]_i_3/O
                         net (fo=4, routed)           0.768     8.056    zynq_interrupt_system_i/axi_smc/inst/sc_ul/inst/gen_axi_full_nxm.sasd_inst/gen_write.w_split[4]_i_3_n_0
    SLICE_X30Y96         LUT6 (Prop_lut6_I0_O)        0.326     8.382 r  zynq_interrupt_system_i/axi_smc/inst/sc_ul/inst/gen_axi_full_nxm.sasd_inst/gen_write.w_split[4]_i_1/O
                         net (fo=6, routed)           0.493     8.875    zynq_interrupt_system_i/axi_smc/inst/sc_ul/inst/gen_axi_full_nxm.sasd_inst/gen_write.w_split[4]_i_1_n_0
    SLICE_X31Y93         FDRE                                         r  zynq_interrupt_system_i/axi_smc/inst/sc_ul/inst/gen_axi_full_nxm.sasd_inst/gen_write.w_split_reg[3]/CE
  -------------------------------------------------------------------    -------------------

                         (clock clk_fpga_0 rise edge)
                                                     10.000    10.000 r  <hidden>
    PS7_X0Y0             PS7                          0.000    10.000 r  zynq_interrupt_system_i/processing_system7_0/inst/PS7_i/FCLKCLK[0]
                         net (fo=1, routed)           1.088    11.088    zynq_interrupt_system_i/processing_system7_0/inst/FCLK_CLK_unbuffered[0]
    BUFGCTRL_X0Y16       BUFG (Prop_bufg_I_O)         0.091    11.179 r  zynq_interrupt_system_i/processing_system7_0/inst/buffer_fclk_clk_0.FCLK_CLK_0_BUFG/O
                         net (fo=914, routed)         1.525    12.704    zynq_interrupt_system_i/axi_smc/inst/sc_ul/inst/gen_axi_full_nxm.sasd_inst/aclk
    SLICE_X31Y93         FDRE                                         r  zynq_interrupt_system_i/axi_smc/inst/sc_ul/inst/gen_axi_full_nxm.sasd_inst/gen_write.w_split_reg[3]/C
                         clock pessimism              0.229    12.933    <hidden>
                         clock uncertainty           -0.154    12.779    <hidden>
    SLICE_X31Y93         FDRE (Setup_fdre_C_CE)      -0.205    12.574    zynq_interrupt_system_i/axi_smc/inst/sc_ul/inst/gen_axi_full_nxm.sasd_inst/gen_write.w_split_reg[3]
  -------------------------------------------------------------------
                         required time                         12.574    <hidden>
                         arrival time                          -8.875    <hidden>
  -------------------------------------------------------------------
                         slack                                  3.699    <hidden>

Slack (MET) :             3.699ns  (required time - arrival time)
  Source:                 zynq_interrupt_system_i/axi_timer_0/U0/AXI4_LITE_I/I_SLAVE_ATTACHMENT/I_DECODER/Bus_RNW_reg_reg/C
                            (rising edge-triggered cell FDRE clocked by clk_fpga_0  {rise@0.000ns fall@5.000ns period=10.000ns})
  Destination:            zynq_interrupt_system_i/axi_smc/inst/sc_ul/inst/gen_axi_full_nxm.sasd_inst/gen_write.w_split_reg[4]/CE
                            (rising edge-triggered cell FDRE clocked by clk_fpga_0  {rise@0.000ns fall@5.000ns period=10.000ns})
  Path Group:             clk_fpga_0
  Path Type:              Setup (Max at Slow Process Corner)
  Requirement:            10.000ns  (clk_fpga_0 rise@10.000ns - clk_fpga_0 rise@0.000ns)
  Data Path Delay:        5.935ns  (logic 1.504ns (25.343%)  route 4.431ns (74.657%))
  Logic Levels:           5  (LUT2=1 LUT5=1 LUT6=3)
  Clock Path Skew:        -0.007ns (DCD - SCD + CPR)
    Destination Clock Delay (DCD):    2.704ns = ( 12.704 - 10.000 ) 
    Source Clock Delay      (SCD):    2.940ns
    Clock Pessimism Removal (CPR):    0.229ns
  Clock Uncertainty:      0.154ns  ((TSJ^2 + TIJ^2)^1/2 + DJ) / 2 + PE
    Total System Jitter     (TSJ):    0.071ns
    Total Input Jitter      (TIJ):    0.300ns
    Discrete Jitter          (DJ):    0.000ns
    Phase Error              (PE):    0.000ns

    Location             Delay type                Incr(ns)  Path(ns)    Netlist Resource(s)
  -------------------------------------------------------------------    -------------------
                         (clock clk_fpga_0 rise edge)
                                                      0.000     0.000 r  <hidden>
    PS7_X0Y0             PS7                          0.000     0.000 r  zynq_interrupt_system_i/processing_system7_0/inst/PS7_i/FCLKCLK[0]
                         net (fo=1, routed)           1.193     1.193    zynq_interrupt_system_i/processing_system7_0/inst/FCLK_CLK_unbuffered[0]
    BUFGCTRL_X0Y16       BUFG (Prop_bufg_I_O)         0.101     1.294 r  zynq_interrupt_system_i/processing_system7_0/inst/buffer_fclk_clk_0.FCLK_CLK_0_BUFG/O
                         net (fo=914, routed)         1.646     2.940    zynq_interrupt_system_i/axi_timer_0/U0/AXI4_LITE_I/I_SLAVE_ATTACHMENT/I_DECODER/s_axi_aclk
    SLICE_X41Y85         FDRE                                         r  zynq_interrupt_system_i/axi_timer_0/U0/AXI4_LITE_I/I_SLAVE_ATTACHMENT/I_DECODER/Bus_RNW_reg_reg/C
  -------------------------------------------------------------------    -------------------
    SLICE_X41Y85         FDRE (Prop_fdre_C_Q)         0.456     3.396 f  zynq_interrupt_system_i/axi_timer_0/U0/AXI4_LITE_I/I_SLAVE_ATTACHMENT/I_DECODER/Bus_RNW_reg_reg/Q
                         net (fo=106, routed)         0.906     4.302    zynq_interrupt_system_i/axi_timer_0/U0/AXI4_LITE_I/I_SLAVE_ATTACHMENT/I_DECODER/Bus_RNW_reg_reg_0
    SLICE_X41Y86         LUT2 (Prop_lut2_I1_O)        0.153     4.455 r  zynq_interrupt_system_i/axi_timer_0/U0/AXI4_LITE_I/I_SLAVE_ATTACHMENT/I_DECODER/s_axi_wready_INST_0_i_3/O
                         net (fo=1, routed)           0.674     5.130    zynq_interrupt_system_i/axi_timer_0/U0/AXI4_LITE_I/I_SLAVE_ATTACHMENT/I_DECODER/s_axi_wready_INST_0_i_3_n_0
    SLICE_X41Y86         LUT6 (Prop_lut6_I3_O)        0.327     5.457 r  zynq_interrupt_system_i/axi_timer_0/U0/AXI4_LITE_I/I_SLAVE_ATTACHMENT/I_DECODER/s_axi_wready_INST_0/O
                         net (fo=7, routed)           0.669     6.125    zynq_interrupt_system_i/axi_smc/inst/sc_ul/inst/gen_axi_full_nxm.sasd_inst/m02_axi_awready
    SLICE_X42Y93         LUT6 (Prop_lut6_I0_O)        0.124     6.249 r  zynq_interrupt_system_i/axi_smc/inst/sc_ul/inst/gen_axi_full_nxm.sasd_inst/gen_write.aw_done_i_4/O
                         net (fo=7, routed)           0.921     7.170    zynq_interrupt_system_i/axi_smc/inst/sc_ul/inst/gen_axi_full_nxm.sasd_inst/gen_write.aw_done_i_4_n_0
    SLICE_X39Y97         LUT5 (Prop_lut5_I2_O)        0.118     7.288 r  zynq_interrupt_system_i/axi_smc/inst/sc_ul/inst/gen_axi_full_nxm.sasd_inst/gen_write.w_split[4]_i_3/O
                         net (fo=4, routed)           0.768     8.056    zynq_interrupt_system_i/axi_smc/inst/sc_ul/inst/gen_axi_full_nxm.sasd_inst/gen_write.w_split[4]_i_3_n_0
    SLICE_X30Y96         LUT6 (Prop_lut6_I0_O)        0.326     8.382 r  zynq_interrupt_system_i/axi_smc/inst/sc_ul/inst/gen_axi_full_nxm.sasd_inst/gen_write.w_split[4]_i_1/O
                         net (fo=6, routed)           0.493     8.875    zynq_interrupt_system_i/axi_smc/inst/sc_ul/inst/gen_axi_full_nxm.sasd_inst/gen_write.w_split[4]_i_1_n_0
    SLICE_X31Y93         FDRE                                         r  zynq_interrupt_system_i/axi_smc/inst/sc_ul/inst/gen_axi_full_nxm.sasd_inst/gen_write.w_split_reg[4]/CE
  -------------------------------------------------------------------    -------------------

                         (clock clk_fpga_0 rise edge)
                                                     10.000    10.000 r  <hidden>
    PS7_X0Y0             PS7                          0.000    10.000 r  zynq_interrupt_system_i/processing_system7_0/inst/PS7_i/FCLKCLK[0]
                         net (fo=1, routed)           1.088    11.088    zynq_interrupt_system_i/processing_system7_0/inst/FCLK_CLK_unbuffered[0]
    BUFGCTRL_X0Y16       BUFG (Prop_bufg_I_O)         0.091    11.179 r  zynq_interrupt_system_i/processing_system7_0/inst/buffer_fclk_clk_0.FCLK_CLK_0_BUFG/O
                         net (fo=914, routed)         1.525    12.704    zynq_interrupt_system_i/axi_smc/inst/sc_ul/inst/gen_axi_full_nxm.sasd_inst/aclk
    SLICE_X31Y93         FDRE                                         r  zynq_interrupt_system_i/axi_smc/inst/sc_ul/inst/gen_axi_full_nxm.sasd_inst/gen_write.w_split_reg[4]/C
                         clock pessimism              0.229    12.933    <hidden>
                         clock uncertainty           -0.154    12.779    <hidden>
    SLICE_X31Y93         FDRE (Setup_fdre_C_CE)      -0.205    12.574    zynq_interrupt_system_i/axi_smc/inst/sc_ul/inst/gen_axi_full_nxm.sasd_inst/gen_write.w_split_reg[4]
  -------------------------------------------------------------------
                         required time                         12.574    <hidden>
                         arrival time                          -8.875    <hidden>
  -------------------------------------------------------------------
                         slack                                  3.699    <hidden>

Slack (MET) :             3.724ns  (required time - arrival time)
  Source:                 zynq_interrupt_system_i/axi_smc/inst/sc_ul/inst/gen_axi_full_nxm.sasd_inst/gen_write.aw_addr_reg[1]/C
                            (rising edge-triggered cell FDRE clocked by clk_fpga_0  {rise@0.000ns fall@5.000ns period=10.000ns})
  Destination:            zynq_interrupt_system_i/axi_smc/inst/sc_ul/inst/gen_axi_full_nxm.sasd_inst/gen_write.aw_addr_reg[4]/D
                            (rising edge-triggered cell FDRE clocked by clk_fpga_0  {rise@0.000ns fall@5.000ns period=10.000ns})
  Path Group:             clk_fpga_0
  Path Type:              Setup (Max at Slow Process Corner)
  Requirement:            10.000ns  (clk_fpga_0 rise@10.000ns - clk_fpga_0 rise@0.000ns)
  Data Path Delay:        6.154ns  (logic 2.395ns (38.920%)  route 3.759ns (61.079%))
  Logic Levels:           7  (CARRY4=3 LUT3=2 LUT5=1 LUT6=1)
  Clock Path Skew:        0.000ns (DCD - SCD + CPR)
    Destination Clock Delay (DCD):    2.704ns = ( 12.704 - 10.000 ) 
    Source Clock Delay      (SCD):    2.993ns
    Clock Pessimism Removal (CPR):    0.289ns
  Clock Uncertainty:      0.154ns  ((TSJ^2 + TIJ^2)^1/2 + DJ) / 2 + PE
    Total System Jitter     (TSJ):    0.071ns
    Total Input Jitter      (TIJ):    0.300ns
    Discrete Jitter          (DJ):    0.000ns
    Phase Error              (PE):    0.000ns

    Location             Delay type                Incr(ns)  Path(ns)    Netlist Resource(s)
  -------------------------------------------------------------------    -------------------
                         (clock clk_fpga_0 rise edge)
                                                      0.000     0.000 r  <hidden>
    PS7_X0Y0             PS7                          0.000     0.000 r  zynq_interrupt_system_i/processing_system7_0/inst/PS7_i/FCLKCLK[0]
                         net (fo=1, routed)           1.193     1.193    zynq_interrupt_system_i/processing_system7_0/inst/FCLK_CLK_unbuffered[0]
    BUFGCTRL_X0Y16       BUFG (Prop_bufg_I_O)         0.101     1.294 r  zynq_interrupt_system_i/processing_system7_0/inst/buffer_fclk_clk_0.FCLK_CLK_0_BUFG/O
                         net (fo=914, routed)         1.699     2.993    zynq_interrupt_system_i/axi_smc/inst/sc_ul/inst/gen_axi_full_nxm.sasd_inst/aclk
    SLICE_X28Y93         FDRE                                         r  zynq_interrupt_system_i/axi_smc/inst/sc_ul/inst/gen_axi_full_nxm.sasd_inst/gen_write.aw_addr_reg[1]/C
  -------------------------------------------------------------------    -------------------
    SLICE_X28Y93         FDRE (Prop_fdre_C_Q)         0.456     3.449 r  zynq_interrupt_system_i/axi_smc/inst/sc_ul/inst/gen_axi_full_nxm.sasd_inst/gen_write.aw_addr_reg[1]/Q
                         net (fo=3, routed)           1.001     4.450    zynq_interrupt_system_i/axi_smc/inst/sc_ul/inst/gen_axi_full_nxm.sasd_inst/m_axi_awaddr_vec[1]
    SLICE_X29Y93         LUT3 (Prop_lut3_I1_O)        0.124     4.574 r  zynq_interrupt_system_i/axi_smc/inst/sc_ul/inst/gen_axi_full_nxm.sasd_inst/gen_write.aw_addr[3]_i_5/O
                         net (fo=1, routed)           0.000     4.574    zynq_interrupt_system_i/axi_smc/inst/sc_ul/inst/gen_axi_full_nxm.sasd_inst/gen_write.aw_addr[3]_i_5_n_0
    SLICE_X29Y93         CARRY4 (Prop_carry4_S[1]_CO[3])
                                                      0.550     5.124 r  zynq_interrupt_system_i/axi_smc/inst/sc_ul/inst/gen_axi_full_nxm.sasd_inst/gen_write.aw_addr_reg[3]_i_3/CO[3]
                         net (fo=1, routed)           0.000     5.124    zynq_interrupt_system_i/axi_smc/inst/sc_ul/inst/gen_axi_full_nxm.sasd_inst/gen_write.aw_addr_reg[3]_i_3_n_0
    SLICE_X29Y94         CARRY4 (Prop_carry4_CI_O[3])
                                                      0.313     5.437 r  zynq_interrupt_system_i/axi_smc/inst/sc_ul/inst/gen_axi_full_nxm.sasd_inst/gen_write.aw_addr_reg[7]_i_3/O[3]
                         net (fo=2, routed)           0.827     6.264    zynq_interrupt_system_i/axi_smc/inst/sc_ul/inst/gen_axi_full_nxm.sasd_inst/next_awaddr_i[7]
    SLICE_X28Y95         LUT6 (Prop_lut6_I0_O)        0.306     6.570 r  zynq_interrupt_system_i/axi_smc/inst/sc_ul/inst/gen_axi_full_nxm.sasd_inst/gen_write.aw_addr[0]_i_4/O
                         net (fo=1, routed)           0.000     6.570    zynq_interrupt_system_i/axi_smc/inst/sc_ul/inst/gen_axi_full_nxm.sasd_inst/gen_write.aw_addr[0]_i_4_n_0
    SLICE_X28Y95         CARRY4 (Prop_carry4_S[2]_CO[3])
                                                      0.398     6.968 r  zynq_interrupt_system_i/axi_smc/inst/sc_ul/inst/gen_axi_full_nxm.sasd_inst/gen_write.aw_addr_reg[0]_i_2/CO[3]
                         net (fo=3, routed)           1.087     8.055    zynq_interrupt_system_i/axi_smc/inst/sc_ul/inst/gen_axi_full_nxm.sasd_inst/gen_write.awctrl_mux/CO[0]
    SLICE_X28Y96         LUT3 (Prop_lut3_I0_O)        0.124     8.179 r  zynq_interrupt_system_i/axi_smc/inst/sc_ul/inst/gen_axi_full_nxm.sasd_inst/gen_write.awctrl_mux/gen_write.aw_addr[8]_i_6/O
                         net (fo=10, routed)          0.843     9.023    zynq_interrupt_system_i/axi_smc/inst/sc_ul/inst/gen_axi_full_nxm.sasd_inst/gen_write.awctrl_mux/gen_write.aw_addr[8]_i_6_n_0
    SLICE_X28Y93         LUT5 (Prop_lut5_I3_O)        0.124     9.147 r  zynq_interrupt_system_i/axi_smc/inst/sc_ul/inst/gen_axi_full_nxm.sasd_inst/gen_write.awctrl_mux/gen_write.aw_addr[4]_i_1/O
                         net (fo=1, routed)           0.000     9.147    zynq_interrupt_system_i/axi_smc/inst/sc_ul/inst/gen_axi_full_nxm.sasd_inst/gen_write.awctrl_mux_n_19
    SLICE_X28Y93         FDRE                                         r  zynq_interrupt_system_i/axi_smc/inst/sc_ul/inst/gen_axi_full_nxm.sasd_inst/gen_write.aw_addr_reg[4]/D
  -------------------------------------------------------------------    -------------------

                         (clock clk_fpga_0 rise edge)
                                                     10.000    10.000 r  <hidden>
    PS7_X0Y0             PS7                          0.000    10.000 r  zynq_interrupt_system_i/processing_system7_0/inst/PS7_i/FCLKCLK[0]
                         net (fo=1, routed)           1.088    11.088    zynq_interrupt_system_i/processing_system7_0/inst/FCLK_CLK_unbuffered[0]
    BUFGCTRL_X0Y16       BUFG (Prop_bufg_I_O)         0.091    11.179 r  zynq_interrupt_system_i/processing_system7_0/inst/buffer_fclk_clk_0.FCLK_CLK_0_BUFG/O
                         net (fo=914, routed)         1.525    12.704    zynq_interrupt_system_i/axi_smc/inst/sc_ul/inst/gen_axi_full_nxm.sasd_inst/aclk
    SLICE_X28Y93         FDRE                                         r  zynq_interrupt_system_i/axi_smc/inst/sc_ul/inst/gen_axi_full_nxm.sasd_inst/gen_write.aw_addr_reg[4]/C
                         clock pessimism              0.289    12.993    <hidden>
                         clock uncertainty           -0.154    12.839    <hidden>
    SLICE_X28Y93         FDRE (Setup_fdre_C_D)        0.032    12.871    zynq_interrupt_system_i/axi_smc/inst/sc_ul/inst/gen_axi_full_nxm.sasd_inst/gen_write.aw_addr_reg[4]
  -------------------------------------------------------------------
                         required time                         12.871    <hidden>
                         arrival time                          -9.147    <hidden>
  -------------------------------------------------------------------
                         slack                                  3.724    <hidden>

Slack (MET) :             3.735ns  (required time - arrival time)
  Source:                 zynq_interrupt_system_i/axi_timer_0/U0/AXI4_LITE_I/I_SLAVE_ATTACHMENT/I_DECODER/Bus_RNW_reg_reg/C
                            (rising edge-triggered cell FDRE clocked by clk_fpga_0  {rise@0.000ns fall@5.000ns period=10.000ns})
  Destination:            zynq_interrupt_system_i/axi_smc/inst/sc_ul/inst/gen_axi_full_nxm.sasd_inst/gen_write.w_split_reg[0]/CE
                            (rising edge-triggered cell FDRE clocked by clk_fpga_0  {rise@0.000ns fall@5.000ns period=10.000ns})
  Path Group:             clk_fpga_0
  Path Type:              Setup (Max at Slow Process Corner)
  Requirement:            10.000ns  (clk_fpga_0 rise@10.000ns - clk_fpga_0 rise@0.000ns)
  Data Path Delay:        5.935ns  (logic 1.504ns (25.343%)  route 4.431ns (74.657%))
  Logic Levels:           5  (LUT2=1 LUT5=1 LUT6=3)
  Clock Path Skew:        -0.007ns (DCD - SCD + CPR)
    Destination Clock Delay (DCD):    2.704ns = ( 12.704 - 10.000 ) 
    Source Clock Delay      (SCD):    2.940ns
    Clock Pessimism Removal (CPR):    0.229ns
  Clock Uncertainty:      0.154ns  ((TSJ^2 + TIJ^2)^1/2 + DJ) / 2 + PE
    Total System Jitter     (TSJ):    0.071ns
    Total Input Jitter      (TIJ):    0.300ns
    Discrete Jitter          (DJ):    0.000ns
    Phase Error              (PE):    0.000ns

    Location             Delay type                Incr(ns)  Path(ns)    Netlist Resource(s)
  -------------------------------------------------------------------    -------------------
                         (clock clk_fpga_0 rise edge)
                                                      0.000     0.000 r  <hidden>
    PS7_X0Y0             PS7                          0.000     0.000 r  zynq_interrupt_system_i/processing_system7_0/inst/PS7_i/FCLKCLK[0]
                         net (fo=1, routed)           1.193     1.193    zynq_interrupt_system_i/processing_system7_0/inst/FCLK_CLK_unbuffered[0]
    BUFGCTRL_X0Y16       BUFG (Prop_bufg_I_O)         0.101     1.294 r  zynq_interrupt_system_i/processing_system7_0/inst/buffer_fclk_clk_0.FCLK_CLK_0_BUFG/O
                         net (fo=914, routed)         1.646     2.940    zynq_interrupt_system_i/axi_timer_0/U0/AXI4_LITE_I/I_SLAVE_ATTACHMENT/I_DECODER/s_axi_aclk
    SLICE_X41Y85         FDRE                                         r  zynq_interrupt_system_i/axi_timer_0/U0/AXI4_LITE_I/I_SLAVE_ATTACHMENT/I_DECODER/Bus_RNW_reg_reg/C
  -------------------------------------------------------------------    -------------------
    SLICE_X41Y85         FDRE (Prop_fdre_C_Q)         0.456     3.396 f  zynq_interrupt_system_i/axi_timer_0/U0/AXI4_LITE_I/I_SLAVE_ATTACHMENT/I_DECODER/Bus_RNW_reg_reg/Q
                         net (fo=106, routed)         0.906     4.302    zynq_interrupt_system_i/axi_timer_0/U0/AXI4_LITE_I/I_SLAVE_ATTACHMENT/I_DECODER/Bus_RNW_reg_reg_0
    SLICE_X41Y86         LUT2 (Prop_lut2_I1_O)        0.153     4.455 r  zynq_interrupt_system_i/axi_timer_0/U0/AXI4_LITE_I/I_SLAVE_ATTACHMENT/I_DECODER/s_axi_wready_INST_0_i_3/O
                         net (fo=1, routed)           0.674     5.130    zynq_interrupt_system_i/axi_timer_0/U0/AXI4_LITE_I/I_SLAVE_ATTACHMENT/I_DECODER/s_axi_wready_INST_0_i_3_n_0
    SLICE_X41Y86         LUT6 (Prop_lut6_I3_O)        0.327     5.457 r  zynq_interrupt_system_i/axi_timer_0/U0/AXI4_LITE_I/I_SLAVE_ATTACHMENT/I_DECODER/s_axi_wready_INST_0/O
                         net (fo=7, routed)           0.669     6.125    zynq_interrupt_system_i/axi_smc/inst/sc_ul/inst/gen_axi_full_nxm.sasd_inst/m02_axi_awready
    SLICE_X42Y93         LUT6 (Prop_lut6_I0_O)        0.124     6.249 r  zynq_interrupt_system_i/axi_smc/inst/sc_ul/inst/gen_axi_full_nxm.sasd_inst/gen_write.aw_done_i_4/O
                         net (fo=7, routed)           0.921     7.170    zynq_interrupt_system_i/axi_smc/inst/sc_ul/inst/gen_axi_full_nxm.sasd_inst/gen_write.aw_done_i_4_n_0
    SLICE_X39Y97         LUT5 (Prop_lut5_I2_O)        0.118     7.288 r  zynq_interrupt_system_i/axi_smc/inst/sc_ul/inst/gen_axi_full_nxm.sasd_inst/gen_write.w_split[4]_i_3/O
                         net (fo=4, routed)           0.768     8.056    zynq_interrupt_system_i/axi_smc/inst/sc_ul/inst/gen_axi_full_nxm.sasd_inst/gen_write.w_split[4]_i_3_n_0
    SLICE_X30Y96         LUT6 (Prop_lut6_I0_O)        0.326     8.382 r  zynq_interrupt_system_i/axi_smc/inst/sc_ul/inst/gen_axi_full_nxm.sasd_inst/gen_write.w_split[4]_i_1/O
                         net (fo=6, routed)           0.493     8.875    zynq_interrupt_system_i/axi_smc/inst/sc_ul/inst/gen_axi_full_nxm.sasd_inst/gen_write.w_split[4]_i_1_n_0
    SLICE_X30Y93         FDRE                                         r  zynq_interrupt_system_i/axi_smc/inst/sc_ul/inst/gen_axi_full_nxm.sasd_inst/gen_write.w_split_reg[0]/CE
  -------------------------------------------------------------------    -------------------

                         (clock clk_fpga_0 rise edge)
                                                     10.000    10.000 r  <hidden>
    PS7_X0Y0             PS7                          0.000    10.000 r  zynq_interrupt_system_i/processing_system7_0/inst/PS7_i/FCLKCLK[0]
                         net (fo=1, routed)           1.088    11.088    zynq_interrupt_system_i/processing_system7_0/inst/FCLK_CLK_unbuffered[0]
    BUFGCTRL_X0Y16       BUFG (Prop_bufg_I_O)         0.091    11.179 r  zynq_interrupt_system_i/processing_system7_0/inst/buffer_fclk_clk_0.FCLK_CLK_0_BUFG/O
                         net (fo=914, routed)         1.525    12.704    zynq_interrupt_system_i/axi_smc/inst/sc_ul/inst/gen_axi_full_nxm.sasd_inst/aclk
    SLICE_X30Y93         FDRE                                         r  zynq_interrupt_system_i/axi_smc/inst/sc_ul/inst/gen_axi_full_nxm.sasd_inst/gen_write.w_split_reg[0]/C
                         clock pessimism              0.229    12.933    <hidden>
                         clock uncertainty           -0.154    12.779    <hidden>
    SLICE_X30Y93         FDRE (Setup_fdre_C_CE)      -0.169    12.610    zynq_interrupt_system_i/axi_smc/inst/sc_ul/inst/gen_axi_full_nxm.sasd_inst/gen_write.w_split_reg[0]
  -------------------------------------------------------------------
                         required time                         12.610    <hidden>
                         arrival time                          -8.875    <hidden>
  -------------------------------------------------------------------
                         slack                                  3.735    <hidden>

Slack (MET) :             3.735ns  (required time - arrival time)
  Source:                 zynq_interrupt_system_i/axi_timer_0/U0/AXI4_LITE_I/I_SLAVE_ATTACHMENT/I_DECODER/Bus_RNW_reg_reg/C
                            (rising edge-triggered cell FDRE clocked by clk_fpga_0  {rise@0.000ns fall@5.000ns period=10.000ns})
  Destination:            zynq_interrupt_system_i/axi_smc/inst/sc_ul/inst/gen_axi_full_nxm.sasd_inst/gen_write.w_split_reg[1]/CE
                            (rising edge-triggered cell FDRE clocked by clk_fpga_0  {rise@0.000ns fall@5.000ns period=10.000ns})
  Path Group:             clk_fpga_0
  Path Type:              Setup (Max at Slow Process Corner)
  Requirement:            10.000ns  (clk_fpga_0 rise@10.000ns - clk_fpga_0 rise@0.000ns)
  Data Path Delay:        5.935ns  (logic 1.504ns (25.343%)  route 4.431ns (74.657%))
  Logic Levels:           5  (LUT2=1 LUT5=1 LUT6=3)
  Clock Path Skew:        -0.007ns (DCD - SCD + CPR)
    Destination Clock Delay (DCD):    2.704ns = ( 12.704 - 10.000 ) 
    Source Clock Delay      (SCD):    2.940ns
    Clock Pessimism Removal (CPR):    0.229ns
  Clock Uncertainty:      0.154ns  ((TSJ^2 + TIJ^2)^1/2 + DJ) / 2 + PE
    Total System Jitter     (TSJ):    0.071ns
    Total Input Jitter      (TIJ):    0.300ns
    Discrete Jitter          (DJ):    0.000ns
    Phase Error              (PE):    0.000ns

    Location             Delay type                Incr(ns)  Path(ns)    Netlist Resource(s)
  -------------------------------------------------------------------    -------------------
                         (clock clk_fpga_0 rise edge)
                                                      0.000     0.000 r  <hidden>
    PS7_X0Y0             PS7                          0.000     0.000 r  zynq_interrupt_system_i/processing_system7_0/inst/PS7_i/FCLKCLK[0]
                         net (fo=1, routed)           1.193     1.193    zynq_interrupt_system_i/processing_system7_0/inst/FCLK_CLK_unbuffered[0]
    BUFGCTRL_X0Y16       BUFG (Prop_bufg_I_O)         0.101     1.294 r  zynq_interrupt_system_i/processing_system7_0/inst/buffer_fclk_clk_0.FCLK_CLK_0_BUFG/O
                         net (fo=914, routed)         1.646     2.940    zynq_interrupt_system_i/axi_timer_0/U0/AXI4_LITE_I/I_SLAVE_ATTACHMENT/I_DECODER/s_axi_aclk
    SLICE_X41Y85         FDRE                                         r  zynq_interrupt_system_i/axi_timer_0/U0/AXI4_LITE_I/I_SLAVE_ATTACHMENT/I_DECODER/Bus_RNW_reg_reg/C
  -------------------------------------------------------------------    -------------------
    SLICE_X41Y85         FDRE (Prop_fdre_C_Q)         0.456     3.396 f  zynq_interrupt_system_i/axi_timer_0/U0/AXI4_LITE_I/I_SLAVE_ATTACHMENT/I_DECODER/Bus_RNW_reg_reg/Q
                         net (fo=106, routed)         0.906     4.302    zynq_interrupt_system_i/axi_timer_0/U0/AXI4_LITE_I/I_SLAVE_ATTACHMENT/I_DECODER/Bus_RNW_reg_reg_0
    SLICE_X41Y86         LUT2 (Prop_lut2_I1_O)        0.153     4.455 r  zynq_interrupt_system_i/axi_timer_0/U0/AXI4_LITE_I/I_SLAVE_ATTACHMENT/I_DECODER/s_axi_wready_INST_0_i_3/O
                         net (fo=1, routed)           0.674     5.130    zynq_interrupt_system_i/axi_timer_0/U0/AXI4_LITE_I/I_SLAVE_ATTACHMENT/I_DECODER/s_axi_wready_INST_0_i_3_n_0
    SLICE_X41Y86         LUT6 (Prop_lut6_I3_O)        0.327     5.457 r  zynq_interrupt_system_i/axi_timer_0/U0/AXI4_LITE_I/I_SLAVE_ATTACHMENT/I_DECODER/s_axi_wready_INST_0/O
                         net (fo=7, routed)           0.669     6.125    zynq_interrupt_system_i/axi_smc/inst/sc_ul/inst/gen_axi_full_nxm.sasd_inst/m02_axi_awready
    SLICE_X42Y93         LUT6 (Prop_lut6_I0_O)        0.124     6.249 r  zynq_interrupt_system_i/axi_smc/inst/sc_ul/inst/gen_axi_full_nxm.sasd_inst/gen_write.aw_done_i_4/O
                         net (fo=7, routed)           0.921     7.170    zynq_interrupt_system_i/axi_smc/inst/sc_ul/inst/gen_axi_full_nxm.sasd_inst/gen_write.aw_done_i_4_n_0
    SLICE_X39Y97         LUT5 (Prop_lut5_I2_O)        0.118     7.288 r  zynq_interrupt_system_i/axi_smc/inst/sc_ul/inst/gen_axi_full_nxm.sasd_inst/gen_write.w_split[4]_i_3/O
                         net (fo=4, routed)           0.768     8.056    zynq_interrupt_system_i/axi_smc/inst/sc_ul/inst/gen_axi_full_nxm.sasd_inst/gen_write.w_split[4]_i_3_n_0
    SLICE_X30Y96         LUT6 (Prop_lut6_I0_O)        0.326     8.382 r  zynq_interrupt_system_i/axi_smc/inst/sc_ul/inst/gen_axi_full_nxm.sasd_inst/gen_write.w_split[4]_i_1/O
                         net (fo=6, routed)           0.493     8.875    zynq_interrupt_system_i/axi_smc/inst/sc_ul/inst/gen_axi_full_nxm.sasd_inst/gen_write.w_split[4]_i_1_n_0
    SLICE_X30Y93         FDRE                                         r  zynq_interrupt_system_i/axi_smc/inst/sc_ul/inst/gen_axi_full_nxm.sasd_inst/gen_write.w_split_reg[1]/CE
  -------------------------------------------------------------------    -------------------

                         (clock clk_fpga_0 rise edge)
                                                     10.000    10.000 r  <hidden>
    PS7_X0Y0             PS7                          0.000    10.000 r  zynq_interrupt_system_i/processing_system7_0/inst/PS7_i/FCLKCLK[0]
                         net (fo=1, routed)           1.088    11.088    zynq_interrupt_system_i/processing_system7_0/inst/FCLK_CLK_unbuffered[0]
    BUFGCTRL_X0Y16       BUFG (Prop_bufg_I_O)         0.091    11.179 r  zynq_interrupt_system_i/processing_system7_0/inst/buffer_fclk_clk_0.FCLK_CLK_0_BUFG/O
                         net (fo=914, routed)         1.525    12.704    zynq_interrupt_system_i/axi_smc/inst/sc_ul/inst/gen_axi_full_nxm.sasd_inst/aclk
    SLICE_X30Y93         FDRE                                         r  zynq_interrupt_system_i/axi_smc/inst/sc_ul/inst/gen_axi_full_nxm.sasd_inst/gen_write.w_split_reg[1]/C
                         clock pessimism              0.229    12.933    <hidden>
                         clock uncertainty           -0.154    12.779    <hidden>
    SLICE_X30Y93         FDRE (Setup_fdre_C_CE)      -0.169    12.610    zynq_interrupt_system_i/axi_smc/inst/sc_ul/inst/gen_axi_full_nxm.sasd_inst/gen_write.w_split_reg[1]
  -------------------------------------------------------------------
                         required time                         12.610    <hidden>
                         arrival time                          -8.875    <hidden>
  -------------------------------------------------------------------
                         slack                                  3.735    <hidden>

Slack (MET) :             3.735ns  (required time - arrival time)
  Source:                 zynq_interrupt_system_i/axi_timer_0/U0/AXI4_LITE_I/I_SLAVE_ATTACHMENT/I_DECODER/Bus_RNW_reg_reg/C
                            (rising edge-triggered cell FDRE clocked by clk_fpga_0  {rise@0.000ns fall@5.000ns period=10.000ns})
  Destination:            zynq_interrupt_system_i/axi_smc/inst/sc_ul/inst/gen_axi_full_nxm.sasd_inst/gen_write.w_split_reg[2]/CE
                            (rising edge-triggered cell FDRE clocked by clk_fpga_0  {rise@0.000ns fall@5.000ns period=10.000ns})
  Path Group:             clk_fpga_0
  Path Type:              Setup (Max at Slow Process Corner)
  Requirement:            10.000ns  (clk_fpga_0 rise@10.000ns - clk_fpga_0 rise@0.000ns)
  Data Path Delay:        5.935ns  (logic 1.504ns (25.343%)  route 4.431ns (74.657%))
  Logic Levels:           5  (LUT2=1 LUT5=1 LUT6=3)
  Clock Path Skew:        -0.007ns (DCD - SCD + CPR)
    Destination Clock Delay (DCD):    2.704ns = ( 12.704 - 10.000 ) 
    Source Clock Delay      (SCD):    2.940ns
    Clock Pessimism Removal (CPR):    0.229ns
  Clock Uncertainty:      0.154ns  ((TSJ^2 + TIJ^2)^1/2 + DJ) / 2 + PE
    Total System Jitter     (TSJ):    0.071ns
    Total Input Jitter      (TIJ):    0.300ns
    Discrete Jitter          (DJ):    0.000ns
    Phase Error              (PE):    0.000ns

    Location             Delay type                Incr(ns)  Path(ns)    Netlist Resource(s)
  -------------------------------------------------------------------    -------------------
                         (clock clk_fpga_0 rise edge)
                                                      0.000     0.000 r  <hidden>
    PS7_X0Y0             PS7                          0.000     0.000 r  zynq_interrupt_system_i/processing_system7_0/inst/PS7_i/FCLKCLK[0]
                         net (fo=1, routed)           1.193     1.193    zynq_interrupt_system_i/processing_system7_0/inst/FCLK_CLK_unbuffered[0]
    BUFGCTRL_X0Y16       BUFG (Prop_bufg_I_O)         0.101     1.294 r  zynq_interrupt_system_i/processing_system7_0/inst/buffer_fclk_clk_0.FCLK_CLK_0_BUFG/O
                         net (fo=914, routed)         1.646     2.940    zynq_interrupt_system_i/axi_timer_0/U0/AXI4_LITE_I/I_SLAVE_ATTACHMENT/I_DECODER/s_axi_aclk
    SLICE_X41Y85         FDRE                                         r  zynq_interrupt_system_i/axi_timer_0/U0/AXI4_LITE_I/I_SLAVE_ATTACHMENT/I_DECODER/Bus_RNW_reg_reg/C
  -------------------------------------------------------------------    -------------------
    SLICE_X41Y85         FDRE (Prop_fdre_C_Q)         0.456     3.396 f  zynq_interrupt_system_i/axi_timer_0/U0/AXI4_LITE_I/I_SLAVE_ATTACHMENT/I_DECODER/Bus_RNW_reg_reg/Q
                         net (fo=106, routed)         0.906     4.302    zynq_interrupt_system_i/axi_timer_0/U0/AXI4_LITE_I/I_SLAVE_ATTACHMENT/I_DECODER/Bus_RNW_reg_reg_0
    SLICE_X41Y86         LUT2 (Prop_lut2_I1_O)        0.153     4.455 r  zynq_interrupt_system_i/axi_timer_0/U0/AXI4_LITE_I/I_SLAVE_ATTACHMENT/I_DECODER/s_axi_wready_INST_0_i_3/O
                         net (fo=1, routed)           0.674     5.130    zynq_interrupt_system_i/axi_timer_0/U0/AXI4_LITE_I/I_SLAVE_ATTACHMENT/I_DECODER/s_axi_wready_INST_0_i_3_n_0
    SLICE_X41Y86         LUT6 (Prop_lut6_I3_O)        0.327     5.457 r  zynq_interrupt_system_i/axi_timer_0/U0/AXI4_LITE_I/I_SLAVE_ATTACHMENT/I_DECODER/s_axi_wready_INST_0/O
                         net (fo=7, routed)           0.669     6.125    zynq_interrupt_system_i/axi_smc/inst/sc_ul/inst/gen_axi_full_nxm.sasd_inst/m02_axi_awready
    SLICE_X42Y93         LUT6 (Prop_lut6_I0_O)        0.124     6.249 r  zynq_interrupt_system_i/axi_smc/inst/sc_ul/inst/gen_axi_full_nxm.sasd_inst/gen_write.aw_done_i_4/O
                         net (fo=7, routed)           0.921     7.170    zynq_interrupt_system_i/axi_smc/inst/sc_ul/inst/gen_axi_full_nxm.sasd_inst/gen_write.aw_done_i_4_n_0
    SLICE_X39Y97         LUT5 (Prop_lut5_I2_O)        0.118     7.288 r  zynq_interrupt_system_i/axi_smc/inst/sc_ul/inst/gen_axi_full_nxm.sasd_inst/gen_write.w_split[4]_i_3/O
                         net (fo=4, routed)           0.768     8.056    zynq_interrupt_system_i/axi_smc/inst/sc_ul/inst/gen_axi_full_nxm.sasd_inst/gen_write.w_split[4]_i_3_n_0
    SLICE_X30Y96         LUT6 (Prop_lut6_I0_O)        0.326     8.382 r  zynq_interrupt_system_i/axi_smc/inst/sc_ul/inst/gen_axi_full_nxm.sasd_inst/gen_write.w_split[4]_i_1/O
                         net (fo=6, routed)           0.493     8.875    zynq_interrupt_system_i/axi_smc/inst/sc_ul/inst/gen_axi_full_nxm.sasd_inst/gen_write.w_split[4]_i_1_n_0
    SLICE_X30Y93         FDRE                                         r  zynq_interrupt_system_i/axi_smc/inst/sc_ul/inst/gen_axi_full_nxm.sasd_inst/gen_write.w_split_reg[2]/CE
  -------------------------------------------------------------------    -------------------

                         (clock clk_fpga_0 rise edge)
                                                     10.000    10.000 r  <hidden>
    PS7_X0Y0             PS7                          0.000    10.000 r  zynq_interrupt_system_i/processing_system7_0/inst/PS7_i/FCLKCLK[0]
                         net (fo=1, routed)           1.088    11.088    zynq_interrupt_system_i/processing_system7_0/inst/FCLK_CLK_unbuffered[0]
    BUFGCTRL_X0Y16       BUFG (Prop_bufg_I_O)         0.091    11.179 r  zynq_interrupt_system_i/processing_system7_0/inst/buffer_fclk_clk_0.FCLK_CLK_0_BUFG/O
                         net (fo=914, routed)         1.525    12.704    zynq_interrupt_system_i/axi_smc/inst/sc_ul/inst/gen_axi_full_nxm.sasd_inst/aclk
    SLICE_X30Y93         FDRE                                         r  zynq_interrupt_system_i/axi_smc/inst/sc_ul/inst/gen_axi_full_nxm.sasd_inst/gen_write.w_split_reg[2]/C
                         clock pessimism              0.229    12.933    <hidden>
                         clock uncertainty           -0.154    12.779    <hidden>
    SLICE_X30Y93         FDRE (Setup_fdre_C_CE)      -0.169    12.610    zynq_interrupt_system_i/axi_smc/inst/sc_ul/inst/gen_axi_full_nxm.sasd_inst/gen_write.w_split_reg[2]
  -------------------------------------------------------------------
                         required time                         12.610    <hidden>
                         arrival time                          -8.875    <hidden>
  -------------------------------------------------------------------
                         slack                                  3.735    <hidden>

Slack (MET) :             3.870ns  (required time - arrival time)
  Source:                 zynq_interrupt_system_i/axi_smc/inst/sc_ul/inst/gen_axi_full_nxm.sasd_inst/gen_write.aw_addr_reg[1]/C
                            (rising edge-triggered cell FDRE clocked by clk_fpga_0  {rise@0.000ns fall@5.000ns period=10.000ns})
  Destination:            zynq_interrupt_system_i/axi_smc/inst/sc_ul/inst/gen_axi_full_nxm.sasd_inst/gen_write.aw_addr_reg[2]/D
                            (rising edge-triggered cell FDRE clocked by clk_fpga_0  {rise@0.000ns fall@5.000ns period=10.000ns})
  Path Group:             clk_fpga_0
  Path Type:              Setup (Max at Slow Process Corner)
  Requirement:            10.000ns  (clk_fpga_0 rise@10.000ns - clk_fpga_0 rise@0.000ns)
  Data Path Delay:        6.006ns  (logic 2.395ns (39.874%)  route 3.611ns (60.126%))
  Logic Levels:           7  (CARRY4=3 LUT3=2 LUT5=1 LUT6=1)
  Clock Path Skew:        0.000ns (DCD - SCD + CPR)
    Destination Clock Delay (DCD):    2.704ns = ( 12.704 - 10.000 ) 
    Source Clock Delay      (SCD):    2.993ns
    Clock Pessimism Removal (CPR):    0.289ns
  Clock Uncertainty:      0.154ns  ((TSJ^2 + TIJ^2)^1/2 + DJ) / 2 + PE
    Total System Jitter     (TSJ):    0.071ns
    Total Input Jitter      (TIJ):    0.300ns
    Discrete Jitter          (DJ):    0.000ns
    Phase Error              (PE):    0.000ns

    Location             Delay type                Incr(ns)  Path(ns)    Netlist Resource(s)
  -------------------------------------------------------------------    -------------------
                         (clock clk_fpga_0 rise edge)
                                                      0.000     0.000 r  <hidden>
    PS7_X0Y0             PS7                          0.000     0.000 r  zynq_interrupt_system_i/processing_system7_0/inst/PS7_i/FCLKCLK[0]
                         net (fo=1, routed)           1.193     1.193    zynq_interrupt_system_i/processing_system7_0/inst/FCLK_CLK_unbuffered[0]
    BUFGCTRL_X0Y16       BUFG (Prop_bufg_I_O)         0.101     1.294 r  zynq_interrupt_system_i/processing_system7_0/inst/buffer_fclk_clk_0.FCLK_CLK_0_BUFG/O
                         net (fo=914, routed)         1.699     2.993    zynq_interrupt_system_i/axi_smc/inst/sc_ul/inst/gen_axi_full_nxm.sasd_inst/aclk
    SLICE_X28Y93         FDRE                                         r  zynq_interrupt_system_i/axi_smc/inst/sc_ul/inst/gen_axi_full_nxm.sasd_inst/gen_write.aw_addr_reg[1]/C
  -------------------------------------------------------------------    -------------------
    SLICE_X28Y93         FDRE (Prop_fdre_C_Q)         0.456     3.449 r  zynq_interrupt_system_i/axi_smc/inst/sc_ul/inst/gen_axi_full_nxm.sasd_inst/gen_write.aw_addr_reg[1]/Q
                         net (fo=3, routed)           1.001     4.450    zynq_interrupt_system_i/axi_smc/inst/sc_ul/inst/gen_axi_full_nxm.sasd_inst/m_axi_awaddr_vec[1]
    SLICE_X29Y93         LUT3 (Prop_lut3_I1_O)        0.124     4.574 r  zynq_interrupt_system_i/axi_smc/inst/sc_ul/inst/gen_axi_full_nxm.sasd_inst/gen_write.aw_addr[3]_i_5/O
                         net (fo=1, routed)           0.000     4.574    zynq_interrupt_system_i/axi_smc/inst/sc_ul/inst/gen_axi_full_nxm.sasd_inst/gen_write.aw_addr[3]_i_5_n_0
    SLICE_X29Y93         CARRY4 (Prop_carry4_S[1]_CO[3])
                                                      0.550     5.124 r  zynq_interrupt_system_i/axi_smc/inst/sc_ul/inst/gen_axi_full_nxm.sasd_inst/gen_write.aw_addr_reg[3]_i_3/CO[3]
                         net (fo=1, routed)           0.000     5.124    zynq_interrupt_system_i/axi_smc/inst/sc_ul/inst/gen_axi_full_nxm.sasd_inst/gen_write.aw_addr_reg[3]_i_3_n_0
    SLICE_X29Y94         CARRY4 (Prop_carry4_CI_O[3])
                                                      0.313     5.437 r  zynq_interrupt_system_i/axi_smc/inst/sc_ul/inst/gen_axi_full_nxm.sasd_inst/gen_write.aw_addr_reg[7]_i_3/O[3]
                         net (fo=2, routed)           0.827     6.264    zynq_interrupt_system_i/axi_smc/inst/sc_ul/inst/gen_axi_full_nxm.sasd_inst/next_awaddr_i[7]
    SLICE_X28Y95         LUT6 (Prop_lut6_I0_O)        0.306     6.570 r  zynq_interrupt_system_i/axi_smc/inst/sc_ul/inst/gen_axi_full_nxm.sasd_inst/gen_write.aw_addr[0]_i_4/O
                         net (fo=1, routed)           0.000     6.570    zynq_interrupt_system_i/axi_smc/inst/sc_ul/inst/gen_axi_full_nxm.sasd_inst/gen_write.aw_addr[0]_i_4_n_0
    SLICE_X28Y95         CARRY4 (Prop_carry4_S[2]_CO[3])
                                                      0.398     6.968 r  zynq_interrupt_system_i/axi_smc/inst/sc_ul/inst/gen_axi_full_nxm.sasd_inst/gen_write.aw_addr_reg[0]_i_2/CO[3]
                         net (fo=3, routed)           1.087     8.055    zynq_interrupt_system_i/axi_smc/inst/sc_ul/inst/gen_axi_full_nxm.sasd_inst/gen_write.awctrl_mux/CO[0]
    SLICE_X28Y96         LUT3 (Prop_lut3_I0_O)        0.124     8.179 r  zynq_interrupt_system_i/axi_smc/inst/sc_ul/inst/gen_axi_full_nxm.sasd_inst/gen_write.awctrl_mux/gen_write.aw_addr[8]_i_6/O
                         net (fo=10, routed)          0.696     8.875    zynq_interrupt_system_i/axi_smc/inst/sc_ul/inst/gen_axi_full_nxm.sasd_inst/gen_write.awctrl_mux/gen_write.aw_addr[8]_i_6_n_0
    SLICE_X28Y93         LUT5 (Prop_lut5_I3_O)        0.124     8.999 r  zynq_interrupt_system_i/axi_smc/inst/sc_ul/inst/gen_axi_full_nxm.sasd_inst/gen_write.awctrl_mux/gen_write.aw_addr[2]_i_1/O
                         net (fo=1, routed)           0.000     8.999    zynq_interrupt_system_i/axi_smc/inst/sc_ul/inst/gen_axi_full_nxm.sasd_inst/gen_write.awctrl_mux_n_21
    SLICE_X28Y93         FDRE                                         r  zynq_interrupt_system_i/axi_smc/inst/sc_ul/inst/gen_axi_full_nxm.sasd_inst/gen_write.aw_addr_reg[2]/D
  -------------------------------------------------------------------    -------------------

                         (clock clk_fpga_0 rise edge)
                                                     10.000    10.000 r  <hidden>
    PS7_X0Y0             PS7                          0.000    10.000 r  zynq_interrupt_system_i/processing_system7_0/inst/PS7_i/FCLKCLK[0]
                         net (fo=1, routed)           1.088    11.088    zynq_interrupt_system_i/processing_system7_0/inst/FCLK_CLK_unbuffered[0]
    BUFGCTRL_X0Y16       BUFG (Prop_bufg_I_O)         0.091    11.179 r  zynq_interrupt_system_i/processing_system7_0/inst/buffer_fclk_clk_0.FCLK_CLK_0_BUFG/O
                         net (fo=914, routed)         1.525    12.704    zynq_interrupt_system_i/axi_smc/inst/sc_ul/inst/gen_axi_full_nxm.sasd_inst/aclk
    SLICE_X28Y93         FDRE                                         r  zynq_interrupt_system_i/axi_smc/inst/sc_ul/inst/gen_axi_full_nxm.sasd_inst/gen_write.aw_addr_reg[2]/C
                         clock pessimism              0.289    12.993    <hidden>
                         clock uncertainty           -0.154    12.839    <hidden>
    SLICE_X28Y93         FDRE (Setup_fdre_C_D)        0.031    12.870    zynq_interrupt_system_i/axi_smc/inst/sc_ul/inst/gen_axi_full_nxm.sasd_inst/gen_write.aw_addr_reg[2]
  -------------------------------------------------------------------
                         required time                         12.870    <hidden>
                         arrival time                          -8.999    <hidden>
  -------------------------------------------------------------------
                         slack                                  3.870    <hidden>

Slack (MET) :             3.939ns  (required time - arrival time)
  Source:                 zynq_interrupt_system_i/axi_smc/inst/sc_ul/inst/gen_axi_full_nxm.sasd_inst/gen_write.aw_addr_reg[1]/C
                            (rising edge-triggered cell FDRE clocked by clk_fpga_0  {rise@0.000ns fall@5.000ns period=10.000ns})
  Destination:            zynq_interrupt_system_i/axi_smc/inst/sc_ul/inst/gen_axi_full_nxm.sasd_inst/gen_write.aw_addr_reg[3]/D
                            (rising edge-triggered cell FDRE clocked by clk_fpga_0  {rise@0.000ns fall@5.000ns period=10.000ns})
  Path Group:             clk_fpga_0
  Path Type:              Setup (Max at Slow Process Corner)
  Requirement:            10.000ns  (clk_fpga_0 rise@10.000ns - clk_fpga_0 rise@0.000ns)
  Data Path Delay:        5.938ns  (logic 2.395ns (40.332%)  route 3.543ns (59.668%))
  Logic Levels:           7  (CARRY4=3 LUT3=2 LUT5=1 LUT6=1)
  Clock Path Skew:        0.000ns (DCD - SCD + CPR)
    Destination Clock Delay (DCD):    2.704ns = ( 12.704 - 10.000 ) 
    Source Clock Delay      (SCD):    2.993ns
    Clock Pessimism Removal (CPR):    0.289ns
  Clock Uncertainty:      0.154ns  ((TSJ^2 + TIJ^2)^1/2 + DJ) / 2 + PE
    Total System Jitter     (TSJ):    0.071ns
    Total Input Jitter      (TIJ):    0.300ns
    Discrete Jitter          (DJ):    0.000ns
    Phase Error              (PE):    0.000ns

    Location             Delay type                Incr(ns)  Path(ns)    Netlist Resource(s)
  -------------------------------------------------------------------    -------------------
                         (clock clk_fpga_0 rise edge)
                                                      0.000     0.000 r  <hidden>
    PS7_X0Y0             PS7                          0.000     0.000 r  zynq_interrupt_system_i/processing_system7_0/inst/PS7_i/FCLKCLK[0]
                         net (fo=1, routed)           1.193     1.193    zynq_interrupt_system_i/processing_system7_0/inst/FCLK_CLK_unbuffered[0]
    BUFGCTRL_X0Y16       BUFG (Prop_bufg_I_O)         0.101     1.294 r  zynq_interrupt_system_i/processing_system7_0/inst/buffer_fclk_clk_0.FCLK_CLK_0_BUFG/O
                         net (fo=914, routed)         1.699     2.993    zynq_interrupt_system_i/axi_smc/inst/sc_ul/inst/gen_axi_full_nxm.sasd_inst/aclk
    SLICE_X28Y93         FDRE                                         r  zynq_interrupt_system_i/axi_smc/inst/sc_ul/inst/gen_axi_full_nxm.sasd_inst/gen_write.aw_addr_reg[1]/C
  -------------------------------------------------------------------    -------------------
    SLICE_X28Y93         FDRE (Prop_fdre_C_Q)         0.456     3.449 r  zynq_interrupt_system_i/axi_smc/inst/sc_ul/inst/gen_axi_full_nxm.sasd_inst/gen_write.aw_addr_reg[1]/Q
                         net (fo=3, routed)           1.001     4.450    zynq_interrupt_system_i/axi_smc/inst/sc_ul/inst/gen_axi_full_nxm.sasd_inst/m_axi_awaddr_vec[1]
    SLICE_X29Y93         LUT3 (Prop_lut3_I1_O)        0.124     4.574 r  zynq_interrupt_system_i/axi_smc/inst/sc_ul/inst/gen_axi_full_nxm.sasd_inst/gen_write.aw_addr[3]_i_5/O
                         net (fo=1, routed)           0.000     4.574    zynq_interrupt_system_i/axi_smc/inst/sc_ul/inst/gen_axi_full_nxm.sasd_inst/gen_write.aw_addr[3]_i_5_n_0
    SLICE_X29Y93         CARRY4 (Prop_carry4_S[1]_CO[3])
                                                      0.550     5.124 r  zynq_interrupt_system_i/axi_smc/inst/sc_ul/inst/gen_axi_full_nxm.sasd_inst/gen_write.aw_addr_reg[3]_i_3/CO[3]
                         net (fo=1, routed)           0.000     5.124    zynq_interrupt_system_i/axi_smc/inst/sc_ul/inst/gen_axi_full_nxm.sasd_inst/gen_write.aw_addr_reg[3]_i_3_n_0
    SLICE_X29Y94         CARRY4 (Prop_carry4_CI_O[3])
                                                      0.313     5.437 r  zynq_interrupt_system_i/axi_smc/inst/sc_ul/inst/gen_axi_full_nxm.sasd_inst/gen_write.aw_addr_reg[7]_i_3/O[3]
                         net (fo=2, routed)           0.827     6.264    zynq_interrupt_system_i/axi_smc/inst/sc_ul/inst/gen_axi_full_nxm.sasd_inst/next_awaddr_i[7]
    SLICE_X28Y95         LUT6 (Prop_lut6_I0_O)        0.306     6.570 r  zynq_interrupt_system_i/axi_smc/inst/sc_ul/inst/gen_axi_full_nxm.sasd_inst/gen_write.aw_addr[0]_i_4/O
                         net (fo=1, routed)           0.000     6.570    zynq_interrupt_system_i/axi_smc/inst/sc_ul/inst/gen_axi_full_nxm.sasd_inst/gen_write.aw_addr[0]_i_4_n_0
    SLICE_X28Y95         CARRY4 (Prop_carry4_S[2]_CO[3])
                                                      0.398     6.968 r  zynq_interrupt_system_i/axi_smc/inst/sc_ul/inst/gen_axi_full_nxm.sasd_inst/gen_write.aw_addr_reg[0]_i_2/CO[3]
                         net (fo=3, routed)           1.087     8.055    zynq_interrupt_system_i/axi_smc/inst/sc_ul/inst/gen_axi_full_nxm.sasd_inst/gen_write.awctrl_mux/CO[0]
    SLICE_X28Y96         LUT3 (Prop_lut3_I0_O)        0.124     8.179 r  zynq_interrupt_system_i/axi_smc/inst/sc_ul/inst/gen_axi_full_nxm.sasd_inst/gen_write.awctrl_mux/gen_write.aw_addr[8]_i_6/O
                         net (fo=10, routed)          0.628     8.807    zynq_interrupt_system_i/axi_smc/inst/sc_ul/inst/gen_axi_full_nxm.sasd_inst/gen_write.awctrl_mux/gen_write.aw_addr[8]_i_6_n_0
    SLICE_X28Y93         LUT5 (Prop_lut5_I3_O)        0.124     8.931 r  zynq_interrupt_system_i/axi_smc/inst/sc_ul/inst/gen_axi_full_nxm.sasd_inst/gen_write.awctrl_mux/gen_write.aw_addr[3]_i_1/O
                         net (fo=1, routed)           0.000     8.931    zynq_interrupt_system_i/axi_smc/inst/sc_ul/inst/gen_axi_full_nxm.sasd_inst/gen_write.awctrl_mux_n_20
    SLICE_X28Y93         FDRE                                         r  zynq_interrupt_system_i/axi_smc/inst/sc_ul/inst/gen_axi_full_nxm.sasd_inst/gen_write.aw_addr_reg[3]/D
  -------------------------------------------------------------------    -------------------

                         (clock clk_fpga_0 rise edge)
                                                     10.000    10.000 r  <hidden>
    PS7_X0Y0             PS7                          0.000    10.000 r  zynq_interrupt_system_i/processing_system7_0/inst/PS7_i/FCLKCLK[0]
                         net (fo=1, routed)           1.088    11.088    zynq_interrupt_system_i/processing_system7_0/inst/FCLK_CLK_unbuffered[0]
    BUFGCTRL_X0Y16       BUFG (Prop_bufg_I_O)         0.091    11.179 r  zynq_interrupt_system_i/processing_system7_0/inst/buffer_fclk_clk_0.FCLK_CLK_0_BUFG/O
                         net (fo=914, routed)         1.525    12.704    zynq_interrupt_system_i/axi_smc/inst/sc_ul/inst/gen_axi_full_nxm.sasd_inst/aclk
    SLICE_X28Y93         FDRE                                         r  zynq_interrupt_system_i/axi_smc/inst/sc_ul/inst/gen_axi_full_nxm.sasd_inst/gen_write.aw_addr_reg[3]/C
                         clock pessimism              0.289    12.993    <hidden>
                         clock uncertainty           -0.154    12.839    <hidden>
    SLICE_X28Y93         FDRE (Setup_fdre_C_D)        0.031    12.870    zynq_interrupt_system_i/axi_smc/inst/sc_ul/inst/gen_axi_full_nxm.sasd_inst/gen_write.aw_addr_reg[3]
  -------------------------------------------------------------------
                         required time                         12.870    <hidden>
                         arrival time                          -8.931    <hidden>
  -------------------------------------------------------------------
                         slack                                  3.939    <hidden>





Min Delay Paths
--------------------------------------------------------------------------------------
Slack (MET) :             0.106ns  (arrival time - required time)
  Source:                 zynq_interrupt_system_i/axi_gpio_0/U0/gpio_core_1/Not_Dual.ALLIN1_ND.READ_REG_GEN[2].reg1_reg[29]/C
                            (rising edge-triggered cell FDRE clocked by clk_fpga_0  {rise@0.000ns fall@5.000ns period=10.000ns})
  Destination:            zynq_interrupt_system_i/axi_gpio_0/U0/ip2bus_data_i_D1_reg[29]/D
                            (rising edge-triggered cell FDRE clocked by clk_fpga_0  {rise@0.000ns fall@5.000ns period=10.000ns})
  Path Group:             clk_fpga_0
  Path Type:              Hold (Min at Fast Process Corner)
  Requirement:            0.000ns  (clk_fpga_0 rise@0.000ns - clk_fpga_0 rise@0.000ns)
  Data Path Delay:        0.240ns  (logic 0.186ns (77.466%)  route 0.054ns (22.534%))
  Logic Levels:           1  (LUT6=1)
  Clock Path Skew:        0.013ns (DCD - SCD - CPR)
    Destination Clock Delay (DCD):    1.189ns
    Source Clock Delay      (SCD):    0.891ns
    Clock Pessimism Removal (CPR):    0.285ns

    Location             Delay type                Incr(ns)  Path(ns)    Netlist Resource(s)
  -------------------------------------------------------------------    -------------------
                         (clock clk_fpga_0 rise edge)
                                                      0.000     0.000 r  <hidden>
    PS7_X0Y0             PS7                          0.000     0.000 r  zynq_interrupt_system_i/processing_system7_0/inst/PS7_i/FCLKCLK[0]
                         net (fo=1, routed)           0.310     0.310    zynq_interrupt_system_i/processing_system7_0/inst/FCLK_CLK_unbuffered[0]
    BUFGCTRL_X0Y16       BUFG (Prop_bufg_I_O)         0.026     0.336 r  zynq_interrupt_system_i/processing_system7_0/inst/buffer_fclk_clk_0.FCLK_CLK_0_BUFG/O
                         net (fo=914, routed)         0.555     0.891    zynq_interrupt_system_i/axi_gpio_0/U0/gpio_core_1/s_axi_aclk
    SLICE_X47Y92         FDRE                                         r  zynq_interrupt_system_i/axi_gpio_0/U0/gpio_core_1/Not_Dual.ALLIN1_ND.READ_REG_GEN[2].reg1_reg[29]/C
  -------------------------------------------------------------------    -------------------
    SLICE_X47Y92         FDRE (Prop_fdre_C_Q)         0.141     1.032 r  zynq_interrupt_system_i/axi_gpio_0/U0/gpio_core_1/Not_Dual.ALLIN1_ND.READ_REG_GEN[2].reg1_reg[29]/Q
                         net (fo=1, routed)           0.054     1.086    zynq_interrupt_system_i/axi_gpio_0/U0/AXI_LITE_IPIF_I/I_SLAVE_ATTACHMENT/I_DECODER/Not_Dual.ALLIN1_ND.READ_REG_GEN[2].reg1_reg
    SLICE_X46Y92         LUT6 (Prop_lut6_I2_O)        0.045     1.131 r  zynq_interrupt_system_i/axi_gpio_0/U0/AXI_LITE_IPIF_I/I_SLAVE_ATTACHMENT/I_DECODER/ip2bus_data_i_D1[29]_i_1/O
                         net (fo=1, routed)           0.000     1.131    zynq_interrupt_system_i/axi_gpio_0/U0/ip2bus_data[29]
    SLICE_X46Y92         FDRE                                         r  zynq_interrupt_system_i/axi_gpio_0/U0/ip2bus_data_i_D1_reg[29]/D
  -------------------------------------------------------------------    -------------------

                         (clock clk_fpga_0 rise edge)
                                                      0.000     0.000 r  <hidden>
    PS7_X0Y0             PS7                          0.000     0.000 r  zynq_interrupt_system_i/processing_system7_0/inst/PS7_i/FCLKCLK[0]
                         net (fo=1, routed)           0.337     0.337    zynq_interrupt_system_i/processing_system7_0/inst/FCLK_CLK_unbuffered[0]
    BUFGCTRL_X0Y16       BUFG (Prop_bufg_I_O)         0.029     0.366 r  zynq_interrupt_system_i/processing_system7_0/inst/buffer_fclk_clk_0.FCLK_CLK_0_BUFG/O
                         net (fo=914, routed)         0.823     1.189    zynq_interrupt_system_i/axi_gpio_0/U0/s_axi_aclk
    SLICE_X46Y92         FDRE                                         r  zynq_interrupt_system_i/axi_gpio_0/U0/ip2bus_data_i_D1_reg[29]/C
                         clock pessimism             -0.285     0.904    <hidden>
    SLICE_X46Y92         FDRE (Hold_fdre_C_D)         0.121     1.025    zynq_interrupt_system_i/axi_gpio_0/U0/ip2bus_data_i_D1_reg[29]
  -------------------------------------------------------------------
                         required time                         -1.025    <hidden>
                         arrival time                           1.131    <hidden>
  -------------------------------------------------------------------
                         slack                                  0.106    <hidden>

Slack (MET) :             0.109ns  (arrival time - required time)
  Source:                 zynq_interrupt_system_i/axi_gpio_0/U0/gpio_core_1/Not_Dual.ALLIN1_ND.READ_REG_GEN[0].reg1_reg[27]/C
                            (rising edge-triggered cell FDRE clocked by clk_fpga_0  {rise@0.000ns fall@5.000ns period=10.000ns})
  Destination:            zynq_interrupt_system_i/axi_gpio_0/U0/ip2bus_data_i_D1_reg[27]/D
                            (rising edge-triggered cell FDRE clocked by clk_fpga_0  {rise@0.000ns fall@5.000ns period=10.000ns})
  Path Group:             clk_fpga_0
  Path Type:              Hold (Min at Fast Process Corner)
  Requirement:            0.000ns  (clk_fpga_0 rise@0.000ns - clk_fpga_0 rise@0.000ns)
  Data Path Delay:        0.242ns  (logic 0.186ns (76.827%)  route 0.056ns (23.173%))
  Logic Levels:           1  (LUT6=1)
  Clock Path Skew:        0.013ns (DCD - SCD - CPR)
    Destination Clock Delay (DCD):    1.189ns
    Source Clock Delay      (SCD):    0.891ns
    Clock Pessimism Removal (CPR):    0.285ns

    Location             Delay type                Incr(ns)  Path(ns)    Netlist Resource(s)
  -------------------------------------------------------------------    -------------------
                         (clock clk_fpga_0 rise edge)
                                                      0.000     0.000 r  <hidden>
    PS7_X0Y0             PS7                          0.000     0.000 r  zynq_interrupt_system_i/processing_system7_0/inst/PS7_i/FCLKCLK[0]
                         net (fo=1, routed)           0.310     0.310    zynq_interrupt_system_i/processing_system7_0/inst/FCLK_CLK_unbuffered[0]
    BUFGCTRL_X0Y16       BUFG (Prop_bufg_I_O)         0.026     0.336 r  zynq_interrupt_system_i/processing_system7_0/inst/buffer_fclk_clk_0.FCLK_CLK_0_BUFG/O
                         net (fo=914, routed)         0.555     0.891    zynq_interrupt_system_i/axi_gpio_0/U0/gpio_core_1/s_axi_aclk
    SLICE_X47Y92         FDRE                                         r  zynq_interrupt_system_i/axi_gpio_0/U0/gpio_core_1/Not_Dual.ALLIN1_ND.READ_REG_GEN[0].reg1_reg[27]/C
  -------------------------------------------------------------------    -------------------
    SLICE_X47Y92         FDRE (Prop_fdre_C_Q)         0.141     1.032 r  zynq_interrupt_system_i/axi_gpio_0/U0/gpio_core_1/Not_Dual.ALLIN1_ND.READ_REG_GEN[0].reg1_reg[27]/Q
                         net (fo=1, routed)           0.056     1.088    zynq_interrupt_system_i/axi_gpio_0/U0/AXI_LITE_IPIF_I/I_SLAVE_ATTACHMENT/I_DECODER/Not_Dual.ALLIN1_ND.READ_REG_GEN[0].reg1_reg
    SLICE_X46Y92         LUT6 (Prop_lut6_I2_O)        0.045     1.133 r  zynq_interrupt_system_i/axi_gpio_0/U0/AXI_LITE_IPIF_I/I_SLAVE_ATTACHMENT/I_DECODER/ip2bus_data_i_D1[27]_i_1/O
                         net (fo=1, routed)           0.000     1.133    zynq_interrupt_system_i/axi_gpio_0/U0/ip2bus_data[27]
    SLICE_X46Y92         FDRE                                         r  zynq_interrupt_system_i/axi_gpio_0/U0/ip2bus_data_i_D1_reg[27]/D
  -------------------------------------------------------------------    -------------------

                         (clock clk_fpga_0 rise edge)
                                                      0.000     0.000 r  <hidden>
    PS7_X0Y0             PS7                          0.000     0.000 r  zynq_interrupt_system_i/processing_system7_0/inst/PS7_i/FCLKCLK[0]
                         net (fo=1, routed)           0.337     0.337    zynq_interrupt_system_i/processing_system7_0/inst/FCLK_CLK_unbuffered[0]
    BUFGCTRL_X0Y16       BUFG (Prop_bufg_I_O)         0.029     0.366 r  zynq_interrupt_system_i/processing_system7_0/inst/buffer_fclk_clk_0.FCLK_CLK_0_BUFG/O
                         net (fo=914, routed)         0.823     1.189    zynq_interrupt_system_i/axi_gpio_0/U0/s_axi_aclk
    SLICE_X46Y92         FDRE                                         r  zynq_interrupt_system_i/axi_gpio_0/U0/ip2bus_data_i_D1_reg[27]/C
                         clock pessimism             -0.285     0.904    <hidden>
    SLICE_X46Y92         FDRE (Hold_fdre_C_D)         0.120     1.024    zynq_interrupt_system_i/axi_gpio_0/U0/ip2bus_data_i_D1_reg[27]
  -------------------------------------------------------------------
                         required time                         -1.024    <hidden>
                         arrival time                           1.133    <hidden>
  -------------------------------------------------------------------
                         slack                                  0.109    <hidden>

Slack (MET) :             0.118ns  (arrival time - required time)
  Source:                 zynq_interrupt_system_i/rst_ps7_0_100M/U0/EXT_LPF/EXT_LPF[2].exr_lpf_reg[2]/C
                            (rising edge-triggered cell FDRE clocked by clk_fpga_0  {rise@0.000ns fall@5.000ns period=10.000ns})
  Destination:            zynq_interrupt_system_i/rst_ps7_0_100M/U0/EXT_LPF/lpf_exr_reg/D
                            (rising edge-triggered cell FDRE clocked by clk_fpga_0  {rise@0.000ns fall@5.000ns period=10.000ns})
  Path Group:             clk_fpga_0
  Path Type:              Hold (Min at Fast Process Corner)
  Requirement:            0.000ns  (clk_fpga_0 rise@0.000ns - clk_fpga_0 rise@0.000ns)
  Data Path Delay:        0.252ns  (logic 0.186ns (73.721%)  route 0.066ns (26.279%))
  Logic Levels:           1  (LUT5=1)
  Clock Path Skew:        0.013ns (DCD - SCD - CPR)
    Destination Clock Delay (DCD):    1.275ns
    Source Clock Delay      (SCD):    0.973ns
    Clock Pessimism Removal (CPR):    0.289ns

    Location             Delay type                Incr(ns)  Path(ns)    Netlist Resource(s)
  -------------------------------------------------------------------    -------------------
                         (clock clk_fpga_0 rise edge)
                                                      0.000     0.000 r  <hidden>
    PS7_X0Y0             PS7                          0.000     0.000 r  zynq_interrupt_system_i/processing_system7_0/inst/PS7_i/FCLKCLK[0]
                         net (fo=1, routed)           0.310     0.310    zynq_interrupt_system_i/processing_system7_0/inst/FCLK_CLK_unbuffered[0]
    BUFGCTRL_X0Y16       BUFG (Prop_bufg_I_O)         0.026     0.336 r  zynq_interrupt_system_i/processing_system7_0/inst/buffer_fclk_clk_0.FCLK_CLK_0_BUFG/O
                         net (fo=914, routed)         0.637     0.973    zynq_interrupt_system_i/rst_ps7_0_100M/U0/EXT_LPF/slowest_sync_clk
    SLICE_X37Y109        FDRE                                         r  zynq_interrupt_system_i/rst_ps7_0_100M/U0/EXT_LPF/EXT_LPF[2].exr_lpf_reg[2]/C
  -------------------------------------------------------------------    -------------------
    SLICE_X37Y109        FDRE (Prop_fdre_C_Q)         0.141     1.114 r  zynq_interrupt_system_i/rst_ps7_0_100M/U0/EXT_LPF/EXT_LPF[2].exr_lpf_reg[2]/Q
                         net (fo=2, routed)           0.066     1.180    zynq_interrupt_system_i/rst_ps7_0_100M/U0/EXT_LPF/p_1_in4_in
    SLICE_X36Y109        LUT5 (Prop_lut5_I1_O)        0.045     1.225 r  zynq_interrupt_system_i/rst_ps7_0_100M/U0/EXT_LPF/lpf_exr_i_1/O
                         net (fo=1, routed)           0.000     1.225    zynq_interrupt_system_i/rst_ps7_0_100M/U0/EXT_LPF/lpf_exr_i_1_n_0
    SLICE_X36Y109        FDRE                                         r  zynq_interrupt_system_i/rst_ps7_0_100M/U0/EXT_LPF/lpf_exr_reg/D
  -------------------------------------------------------------------    -------------------

                         (clock clk_fpga_0 rise edge)
                                                      0.000     0.000 r  <hidden>
    PS7_X0Y0             PS7                          0.000     0.000 r  zynq_interrupt_system_i/processing_system7_0/inst/PS7_i/FCLKCLK[0]
                         net (fo=1, routed)           0.337     0.337    zynq_interrupt_system_i/processing_system7_0/inst/FCLK_CLK_unbuffered[0]
    BUFGCTRL_X0Y16       BUFG (Prop_bufg_I_O)         0.029     0.366 r  zynq_interrupt_system_i/processing_system7_0/inst/buffer_fclk_clk_0.FCLK_CLK_0_BUFG/O
                         net (fo=914, routed)         0.909     1.275    zynq_interrupt_system_i/rst_ps7_0_100M/U0/EXT_LPF/slowest_sync_clk
    SLICE_X36Y109        FDRE                                         r  zynq_interrupt_system_i/rst_ps7_0_100M/U0/EXT_LPF/lpf_exr_reg/C
                         clock pessimism             -0.289     0.986    <hidden>
    SLICE_X36Y109        FDRE (Hold_fdre_C_D)         0.121     1.107    zynq_interrupt_system_i/rst_ps7_0_100M/U0/EXT_LPF/lpf_exr_reg
  -------------------------------------------------------------------
                         required time                         -1.107    <hidden>
                         arrival time                           1.225    <hidden>
  -------------------------------------------------------------------
                         slack                                  0.118    <hidden>

Slack (MET) :             0.121ns  (arrival time - required time)
  Source:                 zynq_interrupt_system_i/axi_gpio_0/U0/gpio_core_1/Not_Dual.INPUT_DOUBLE_REGS3/syncstages_ff_reg[0][4]/C
                            (rising edge-triggered cell FDRE clocked by clk_fpga_0  {rise@0.000ns fall@5.000ns period=10.000ns})
  Destination:            zynq_interrupt_system_i/axi_gpio_0/U0/gpio_core_1/Not_Dual.INPUT_DOUBLE_REGS3/syncstages_ff_reg[1][4]/D
                            (rising edge-triggered cell FDRE clocked by clk_fpga_0  {rise@0.000ns fall@5.000ns period=10.000ns})
  Path Group:             clk_fpga_0
  Path Type:              Hold (Min at Fast Process Corner)
  Requirement:            0.000ns  (clk_fpga_0 rise@0.000ns - clk_fpga_0 rise@0.000ns)
  Data Path Delay:        0.197ns  (logic 0.141ns (71.611%)  route 0.056ns (28.389%))
  Logic Levels:           0  
  Clock Path Skew:        0.000ns (DCD - SCD - CPR)
    Destination Clock Delay (DCD):    1.190ns
    Source Clock Delay      (SCD):    0.891ns
    Clock Pessimism Removal (CPR):    0.299ns

    Location             Delay type                Incr(ns)  Path(ns)    Netlist Resource(s)
  -------------------------------------------------------------------    -------------------
                         (clock clk_fpga_0 rise edge)
                                                      0.000     0.000 r  <hidden>
    PS7_X0Y0             PS7                          0.000     0.000 r  zynq_interrupt_system_i/processing_system7_0/inst/PS7_i/FCLKCLK[0]
                         net (fo=1, routed)           0.310     0.310    zynq_interrupt_system_i/processing_system7_0/inst/FCLK_CLK_unbuffered[0]
    BUFGCTRL_X0Y16       BUFG (Prop_bufg_I_O)         0.026     0.336 r  zynq_interrupt_system_i/processing_system7_0/inst/buffer_fclk_clk_0.FCLK_CLK_0_BUFG/O
                         net (fo=914, routed)         0.555     0.891    zynq_interrupt_system_i/axi_gpio_0/U0/gpio_core_1/Not_Dual.INPUT_DOUBLE_REGS3/dest_clk
    SLICE_X49Y93         FDRE                                         r  zynq_interrupt_system_i/axi_gpio_0/U0/gpio_core_1/Not_Dual.INPUT_DOUBLE_REGS3/syncstages_ff_reg[0][4]/C
  -------------------------------------------------------------------    -------------------
    SLICE_X49Y93         FDRE (Prop_fdre_C_Q)         0.141     1.032 r  zynq_interrupt_system_i/axi_gpio_0/U0/gpio_core_1/Not_Dual.INPUT_DOUBLE_REGS3/syncstages_ff_reg[0][4]/Q
                         net (fo=1, routed)           0.056     1.087    zynq_interrupt_system_i/axi_gpio_0/U0/gpio_core_1/Not_Dual.INPUT_DOUBLE_REGS3/syncstages_ff[0][4]
    SLICE_X49Y93         FDRE                                         r  zynq_interrupt_system_i/axi_gpio_0/U0/gpio_core_1/Not_Dual.INPUT_DOUBLE_REGS3/syncstages_ff_reg[1][4]/D
  -------------------------------------------------------------------    -------------------

                         (clock clk_fpga_0 rise edge)
                                                      0.000     0.000 r  <hidden>
    PS7_X0Y0             PS7                          0.000     0.000 r  zynq_interrupt_system_i/processing_system7_0/inst/PS7_i/FCLKCLK[0]
                         net (fo=1, routed)           0.337     0.337    zynq_interrupt_system_i/processing_system7_0/inst/FCLK_CLK_unbuffered[0]
    BUFGCTRL_X0Y16       BUFG (Prop_bufg_I_O)         0.029     0.366 r  zynq_interrupt_system_i/processing_system7_0/inst/buffer_fclk_clk_0.FCLK_CLK_0_BUFG/O
                         net (fo=914, routed)         0.824     1.190    zynq_interrupt_system_i/axi_gpio_0/U0/gpio_core_1/Not_Dual.INPUT_DOUBLE_REGS3/dest_clk
    SLICE_X49Y93         FDRE                                         r  zynq_interrupt_system_i/axi_gpio_0/U0/gpio_core_1/Not_Dual.INPUT_DOUBLE_REGS3/syncstages_ff_reg[1][4]/C
                         clock pessimism             -0.299     0.891    <hidden>
    SLICE_X49Y93         FDRE (Hold_fdre_C_D)         0.076     0.967    zynq_interrupt_system_i/axi_gpio_0/U0/gpio_core_1/Not_Dual.INPUT_DOUBLE_REGS3/syncstages_ff_reg[1][4]
  -------------------------------------------------------------------
                         required time                         -0.967    <hidden>
                         arrival time                           1.087    <hidden>
  -------------------------------------------------------------------
                         slack                                  0.121    <hidden>

Slack (MET) :             0.122ns  (arrival time - required time)
  Source:                 zynq_interrupt_system_i/axi_gpio_0/U0/gpio_core_1/Not_Dual.INPUT_DOUBLE_REGS3/syncstages_ff_reg[0][3]/C
                            (rising edge-triggered cell FDRE clocked by clk_fpga_0  {rise@0.000ns fall@5.000ns period=10.000ns})
  Destination:            zynq_interrupt_system_i/axi_gpio_0/U0/gpio_core_1/Not_Dual.INPUT_DOUBLE_REGS3/syncstages_ff_reg[1][3]/D
                            (rising edge-triggered cell FDRE clocked by clk_fpga_0  {rise@0.000ns fall@5.000ns period=10.000ns})
  Path Group:             clk_fpga_0
  Path Type:              Hold (Min at Fast Process Corner)
  Requirement:            0.000ns  (clk_fpga_0 rise@0.000ns - clk_fpga_0 rise@0.000ns)
  Data Path Delay:        0.197ns  (logic 0.141ns (71.611%)  route 0.056ns (28.389%))
  Logic Levels:           0  
  Clock Path Skew:        0.000ns (DCD - SCD - CPR)
    Destination Clock Delay (DCD):    1.190ns
    Source Clock Delay      (SCD):    0.891ns
    Clock Pessimism Removal (CPR):    0.299ns

    Location             Delay type                Incr(ns)  Path(ns)    Netlist Resource(s)
  -------------------------------------------------------------------    -------------------
                         (clock clk_fpga_0 rise edge)
                                                      0.000     0.000 r  <hidden>
    PS7_X0Y0             PS7                          0.000     0.000 r  zynq_interrupt_system_i/processing_system7_0/inst/PS7_i/FCLKCLK[0]
                         net (fo=1, routed)           0.310     0.310    zynq_interrupt_system_i/processing_system7_0/inst/FCLK_CLK_unbuffered[0]
    BUFGCTRL_X0Y16       BUFG (Prop_bufg_I_O)         0.026     0.336 r  zynq_interrupt_system_i/processing_system7_0/inst/buffer_fclk_clk_0.FCLK_CLK_0_BUFG/O
                         net (fo=914, routed)         0.555     0.891    zynq_interrupt_system_i/axi_gpio_0/U0/gpio_core_1/Not_Dual.INPUT_DOUBLE_REGS3/dest_clk
    SLICE_X49Y93         FDRE                                         r  zynq_interrupt_system_i/axi_gpio_0/U0/gpio_core_1/Not_Dual.INPUT_DOUBLE_REGS3/syncstages_ff_reg[0][3]/C
  -------------------------------------------------------------------    -------------------
    SLICE_X49Y93         FDRE (Prop_fdre_C_Q)         0.141     1.032 r  zynq_interrupt_system_i/axi_gpio_0/U0/gpio_core_1/Not_Dual.INPUT_DOUBLE_REGS3/syncstages_ff_reg[0][3]/Q
                         net (fo=1, routed)           0.056     1.087    zynq_interrupt_system_i/axi_gpio_0/U0/gpio_core_1/Not_Dual.INPUT_DOUBLE_REGS3/syncstages_ff[0][3]
    SLICE_X49Y93         FDRE                                         r  zynq_interrupt_system_i/axi_gpio_0/U0/gpio_core_1/Not_Dual.INPUT_DOUBLE_REGS3/syncstages_ff_reg[1][3]/D
  -------------------------------------------------------------------    -------------------

                         (clock clk_fpga_0 rise edge)
                                                      0.000     0.000 r  <hidden>
    PS7_X0Y0             PS7                          0.000     0.000 r  zynq_interrupt_system_i/processing_system7_0/inst/PS7_i/FCLKCLK[0]
                         net (fo=1, routed)           0.337     0.337    zynq_interrupt_system_i/processing_system7_0/inst/FCLK_CLK_unbuffered[0]
    BUFGCTRL_X0Y16       BUFG (Prop_bufg_I_O)         0.029     0.366 r  zynq_interrupt_system_i/processing_system7_0/inst/buffer_fclk_clk_0.FCLK_CLK_0_BUFG/O
                         net (fo=914, routed)         0.824     1.190    zynq_interrupt_system_i/axi_gpio_0/U0/gpio_core_1/Not_Dual.INPUT_DOUBLE_REGS3/dest_clk
    SLICE_X49Y93         FDRE                                         r  zynq_interrupt_system_i/axi_gpio_0/U0/gpio_core_1/Not_Dual.INPUT_DOUBLE_REGS3/syncstages_ff_reg[1][3]/C
                         clock pessimism             -0.299     0.891    <hidden>
    SLICE_X49Y93         FDRE (Hold_fdre_C_D)         0.075     0.966    zynq_interrupt_system_i/axi_gpio_0/U0/gpio_core_1/Not_Dual.INPUT_DOUBLE_REGS3/syncstages_ff_reg[1][3]
  -------------------------------------------------------------------
                         required time                         -0.966    <hidden>
                         arrival time                           1.087    <hidden>
  -------------------------------------------------------------------
                         slack                                  0.122    <hidden>

Slack (MET) :             0.122ns  (arrival time - required time)
  Source:                 zynq_interrupt_system_i/axi_timer_0/U0/TC_CORE_I/TIMER_CONTROL_I/INPUT_DOUBLE_REGS3/syncstages_ff_reg[0]/C
                            (rising edge-triggered cell FDRE clocked by clk_fpga_0  {rise@0.000ns fall@5.000ns period=10.000ns})
  Destination:            zynq_interrupt_system_i/axi_timer_0/U0/TC_CORE_I/TIMER_CONTROL_I/INPUT_DOUBLE_REGS3/syncstages_ff_reg[1]/D
                            (rising edge-triggered cell FDRE clocked by clk_fpga_0  {rise@0.000ns fall@5.000ns period=10.000ns})
  Path Group:             clk_fpga_0
  Path Type:              Hold (Min at Fast Process Corner)
  Requirement:            0.000ns  (clk_fpga_0 rise@0.000ns - clk_fpga_0 rise@0.000ns)
  Data Path Delay:        0.197ns  (logic 0.141ns (71.611%)  route 0.056ns (28.389%))
  Logic Levels:           0  
  Clock Path Skew:        0.000ns (DCD - SCD - CPR)
    Destination Clock Delay (DCD):    1.185ns
    Source Clock Delay      (SCD):    0.888ns
    Clock Pessimism Removal (CPR):    0.297ns

    Location             Delay type                Incr(ns)  Path(ns)    Netlist Resource(s)
  -------------------------------------------------------------------    -------------------
                         (clock clk_fpga_0 rise edge)
                                                      0.000     0.000 r  <hidden>
    PS7_X0Y0             PS7                          0.000     0.000 r  zynq_interrupt_system_i/processing_system7_0/inst/PS7_i/FCLKCLK[0]
                         net (fo=1, routed)           0.310     0.310    zynq_interrupt_system_i/processing_system7_0/inst/FCLK_CLK_unbuffered[0]
    BUFGCTRL_X0Y16       BUFG (Prop_bufg_I_O)         0.026     0.336 r  zynq_interrupt_system_i/processing_system7_0/inst/buffer_fclk_clk_0.FCLK_CLK_0_BUFG/O
                         net (fo=914, routed)         0.552     0.888    zynq_interrupt_system_i/axi_timer_0/U0/TC_CORE_I/TIMER_CONTROL_I/INPUT_DOUBLE_REGS3/dest_clk
    SLICE_X41Y85         FDRE                                         r  zynq_interrupt_system_i/axi_timer_0/U0/TC_CORE_I/TIMER_CONTROL_I/INPUT_DOUBLE_REGS3/syncstages_ff_reg[0]/C
  -------------------------------------------------------------------    -------------------
    SLICE_X41Y85         FDRE (Prop_fdre_C_Q)         0.141     1.029 r  zynq_interrupt_system_i/axi_timer_0/U0/TC_CORE_I/TIMER_CONTROL_I/INPUT_DOUBLE_REGS3/syncstages_ff_reg[0]/Q
                         net (fo=1, routed)           0.056     1.084    zynq_interrupt_system_i/axi_timer_0/U0/TC_CORE_I/TIMER_CONTROL_I/INPUT_DOUBLE_REGS3/syncstages_ff[0]
    SLICE_X41Y85         FDRE                                         r  zynq_interrupt_system_i/axi_timer_0/U0/TC_CORE_I/TIMER_CONTROL_I/INPUT_DOUBLE_REGS3/syncstages_ff_reg[1]/D
  -------------------------------------------------------------------    -------------------

                         (clock clk_fpga_0 rise edge)
                                                      0.000     0.000 r  <hidden>
    PS7_X0Y0             PS7                          0.000     0.000 r  zynq_interrupt_system_i/processing_system7_0/inst/PS7_i/FCLKCLK[0]
                         net (fo=1, routed)           0.337     0.337    zynq_interrupt_system_i/processing_system7_0/inst/FCLK_CLK_unbuffered[0]
    BUFGCTRL_X0Y16       BUFG (Prop_bufg_I_O)         0.029     0.366 r  zynq_interrupt_system_i/processing_system7_0/inst/buffer_fclk_clk_0.FCLK_CLK_0_BUFG/O
                         net (fo=914, routed)         0.819     1.185    zynq_interrupt_system_i/axi_timer_0/U0/TC_CORE_I/TIMER_CONTROL_I/INPUT_DOUBLE_REGS3/dest_clk
    SLICE_X41Y85         FDRE                                         r  zynq_interrupt_system_i/axi_timer_0/U0/TC_CORE_I/TIMER_CONTROL_I/INPUT_DOUBLE_REGS3/syncstages_ff_reg[1]/C
                         clock pessimism             -0.297     0.888    <hidden>
    SLICE_X41Y85         FDRE (Hold_fdre_C_D)         0.075     0.963    zynq_interrupt_system_i/axi_timer_0/U0/TC_CORE_I/TIMER_CONTROL_I/INPUT_DOUBLE_REGS3/syncstages_ff_reg[1]
  -------------------------------------------------------------------
                         required time                         -0.963    <hidden>
                         arrival time                           1.084    <hidden>
  -------------------------------------------------------------------
                         slack                                  0.122    <hidden>

Slack (MET) :             0.122ns  (arrival time - required time)
  Source:                 zynq_interrupt_system_i/axi_smc/inst/sc_ul/inst/cdc_aresetn/syncstages_ff_reg[0]/C
                            (rising edge-triggered cell FDRE clocked by clk_fpga_0  {rise@0.000ns fall@5.000ns period=10.000ns})
  Destination:            zynq_interrupt_system_i/axi_smc/inst/sc_ul/inst/cdc_aresetn/syncstages_ff_reg[1]/D
                            (rising edge-triggered cell FDRE clocked by clk_fpga_0  {rise@0.000ns fall@5.000ns period=10.000ns})
  Path Group:             clk_fpga_0
  Path Type:              Hold (Min at Fast Process Corner)
  Requirement:            0.000ns  (clk_fpga_0 rise@0.000ns - clk_fpga_0 rise@0.000ns)
  Data Path Delay:        0.197ns  (logic 0.141ns (71.611%)  route 0.056ns (28.389%))
  Logic Levels:           0  
  Clock Path Skew:        0.000ns (DCD - SCD - CPR)
    Destination Clock Delay (DCD):    1.191ns
    Source Clock Delay      (SCD):    0.893ns
    Clock Pessimism Removal (CPR):    0.298ns

    Location             Delay type                Incr(ns)  Path(ns)    Netlist Resource(s)
  -------------------------------------------------------------------    -------------------
                         (clock clk_fpga_0 rise edge)
                                                      0.000     0.000 r  <hidden>
    PS7_X0Y0             PS7                          0.000     0.000 r  zynq_interrupt_system_i/processing_system7_0/inst/PS7_i/FCLKCLK[0]
                         net (fo=1, routed)           0.310     0.310    zynq_interrupt_system_i/processing_system7_0/inst/FCLK_CLK_unbuffered[0]
    BUFGCTRL_X0Y16       BUFG (Prop_bufg_I_O)         0.026     0.336 r  zynq_interrupt_system_i/processing_system7_0/inst/buffer_fclk_clk_0.FCLK_CLK_0_BUFG/O
                         net (fo=914, routed)         0.557     0.893    zynq_interrupt_system_i/axi_smc/inst/sc_ul/inst/cdc_aresetn/dest_clk
    SLICE_X37Y99         FDRE                                         r  zynq_interrupt_system_i/axi_smc/inst/sc_ul/inst/cdc_aresetn/syncstages_ff_reg[0]/C
  -------------------------------------------------------------------    -------------------
    SLICE_X37Y99         FDRE (Prop_fdre_C_Q)         0.141     1.034 r  zynq_interrupt_system_i/axi_smc/inst/sc_ul/inst/cdc_aresetn/syncstages_ff_reg[0]/Q
                         net (fo=1, routed)           0.056     1.089    zynq_interrupt_system_i/axi_smc/inst/sc_ul/inst/cdc_aresetn/syncstages_ff[0]
    SLICE_X37Y99         FDRE                                         r  zynq_interrupt_system_i/axi_smc/inst/sc_ul/inst/cdc_aresetn/syncstages_ff_reg[1]/D
  -------------------------------------------------------------------    -------------------

                         (clock clk_fpga_0 rise edge)
                                                      0.000     0.000 r  <hidden>
    PS7_X0Y0             PS7                          0.000     0.000 r  zynq_interrupt_system_i/processing_system7_0/inst/PS7_i/FCLKCLK[0]
                         net (fo=1, routed)           0.337     0.337    zynq_interrupt_system_i/processing_system7_0/inst/FCLK_CLK_unbuffered[0]
    BUFGCTRL_X0Y16       BUFG (Prop_bufg_I_O)         0.029     0.366 r  zynq_interrupt_system_i/processing_system7_0/inst/buffer_fclk_clk_0.FCLK_CLK_0_BUFG/O
                         net (fo=914, routed)         0.825     1.191    zynq_interrupt_system_i/axi_smc/inst/sc_ul/inst/cdc_aresetn/dest_clk
    SLICE_X37Y99         FDRE                                         r  zynq_interrupt_system_i/axi_smc/inst/sc_ul/inst/cdc_aresetn/syncstages_ff_reg[1]/C
                         clock pessimism             -0.298     0.893    <hidden>
    SLICE_X37Y99         FDRE (Hold_fdre_C_D)         0.075     0.968    zynq_interrupt_system_i/axi_smc/inst/sc_ul/inst/cdc_aresetn/syncstages_ff_reg[1]
  -------------------------------------------------------------------
                         required time                         -0.968    <hidden>
                         arrival time                           1.089    <hidden>
  -------------------------------------------------------------------
                         slack                                  0.122    <hidden>

Slack (MET) :             0.131ns  (arrival time - required time)
  Source:                 zynq_interrupt_system_i/axi_gpio_0/U0/gpio_core_1/Not_Dual.INPUT_DOUBLE_REGS3/syncstages_ff_reg[0][0]/C
                            (rising edge-triggered cell FDRE clocked by clk_fpga_0  {rise@0.000ns fall@5.000ns period=10.000ns})
  Destination:            zynq_interrupt_system_i/axi_gpio_0/U0/gpio_core_1/Not_Dual.INPUT_DOUBLE_REGS3/syncstages_ff_reg[1][0]/D
                            (rising edge-triggered cell FDRE clocked by clk_fpga_0  {rise@0.000ns fall@5.000ns period=10.000ns})
  Path Group:             clk_fpga_0
  Path Type:              Hold (Min at Fast Process Corner)
  Requirement:            0.000ns  (clk_fpga_0 rise@0.000ns - clk_fpga_0 rise@0.000ns)
  Data Path Delay:        0.206ns  (logic 0.141ns (68.336%)  route 0.065ns (31.664%))
  Logic Levels:           0  
  Clock Path Skew:        0.000ns (DCD - SCD - CPR)
    Destination Clock Delay (DCD):    1.189ns
    Source Clock Delay      (SCD):    0.890ns
    Clock Pessimism Removal (CPR):    0.299ns

    Location             Delay type                Incr(ns)  Path(ns)    Netlist Resource(s)
  -------------------------------------------------------------------    -------------------
                         (clock clk_fpga_0 rise edge)
                                                      0.000     0.000 r  <hidden>
    PS7_X0Y0             PS7                          0.000     0.000 r  zynq_interrupt_system_i/processing_system7_0/inst/PS7_i/FCLKCLK[0]
                         net (fo=1, routed)           0.310     0.310    zynq_interrupt_system_i/processing_system7_0/inst/FCLK_CLK_unbuffered[0]
    BUFGCTRL_X0Y16       BUFG (Prop_bufg_I_O)         0.026     0.336 r  zynq_interrupt_system_i/processing_system7_0/inst/buffer_fclk_clk_0.FCLK_CLK_0_BUFG/O
                         net (fo=914, routed)         0.554     0.890    zynq_interrupt_system_i/axi_gpio_0/U0/gpio_core_1/Not_Dual.INPUT_DOUBLE_REGS3/dest_clk
    SLICE_X48Y90         FDRE                                         r  zynq_interrupt_system_i/axi_gpio_0/U0/gpio_core_1/Not_Dual.INPUT_DOUBLE_REGS3/syncstages_ff_reg[0][0]/C
  -------------------------------------------------------------------    -------------------
    SLICE_X48Y90         FDRE (Prop_fdre_C_Q)         0.141     1.031 r  zynq_interrupt_system_i/axi_gpio_0/U0/gpio_core_1/Not_Dual.INPUT_DOUBLE_REGS3/syncstages_ff_reg[0][0]/Q
                         net (fo=1, routed)           0.065     1.096    zynq_interrupt_system_i/axi_gpio_0/U0/gpio_core_1/Not_Dual.INPUT_DOUBLE_REGS3/syncstages_ff[0][0]
    SLICE_X48Y90         FDRE                                         r  zynq_interrupt_system_i/axi_gpio_0/U0/gpio_core_1/Not_Dual.INPUT_DOUBLE_REGS3/syncstages_ff_reg[1][0]/D
  -------------------------------------------------------------------    -------------------

                         (clock clk_fpga_0 rise edge)
                                                      0.000     0.000 r  <hidden>
    PS7_X0Y0             PS7                          0.000     0.000 r  zynq_interrupt_system_i/processing_system7_0/inst/PS7_i/FCLKCLK[0]
                         net (fo=1, routed)           0.337     0.337    zynq_interrupt_system_i/processing_system7_0/inst/FCLK_CLK_unbuffered[0]
    BUFGCTRL_X0Y16       BUFG (Prop_bufg_I_O)         0.029     0.366 r  zynq_interrupt_system_i/processing_system7_0/inst/buffer_fclk_clk_0.FCLK_CLK_0_BUFG/O
                         net (fo=914, routed)         0.823     1.189    zynq_interrupt_system_i/axi_gpio_0/U0/gpio_core_1/Not_Dual.INPUT_DOUBLE_REGS3/dest_clk
    SLICE_X48Y90         FDRE                                         r  zynq_interrupt_system_i/axi_gpio_0/U0/gpio_core_1/Not_Dual.INPUT_DOUBLE_REGS3/syncstages_ff_reg[1][0]/C
                         clock pessimism             -0.299     0.890    <hidden>
    SLICE_X48Y90         FDRE (Hold_fdre_C_D)         0.075     0.965    zynq_interrupt_system_i/axi_gpio_0/U0/gpio_core_1/Not_Dual.INPUT_DOUBLE_REGS3/syncstages_ff_reg[1][0]
  -------------------------------------------------------------------
                         required time                         -0.965    <hidden>
                         arrival time                           1.096    <hidden>
  -------------------------------------------------------------------
                         slack                                  0.131    <hidden>

Slack (MET) :             0.143ns  (arrival time - required time)
  Source:                 zynq_interrupt_system_i/axi_gpio_0/U0/gpio_core_1/Not_Dual.ALLIN1_ND.READ_REG_GEN[1].reg1_reg[28]/C
                            (rising edge-triggered cell FDRE clocked by clk_fpga_0  {rise@0.000ns fall@5.000ns period=10.000ns})
  Destination:            zynq_interrupt_system_i/axi_gpio_0/U0/ip2bus_data_i_D1_reg[28]/D
                            (rising edge-triggered cell FDRE clocked by clk_fpga_0  {rise@0.000ns fall@5.000ns period=10.000ns})
  Path Group:             clk_fpga_0
  Path Type:              Hold (Min at Fast Process Corner)
  Requirement:            0.000ns  (clk_fpga_0 rise@0.000ns - clk_fpga_0 rise@0.000ns)
  Data Path Delay:        0.277ns  (logic 0.186ns (67.123%)  route 0.091ns (32.877%))
  Logic Levels:           1  (LUT6=1)
  Clock Path Skew:        0.013ns (DCD - SCD - CPR)
    Destination Clock Delay (DCD):    1.189ns
    Source Clock Delay      (SCD):    0.891ns
    Clock Pessimism Removal (CPR):    0.285ns

    Location             Delay type                Incr(ns)  Path(ns)    Netlist Resource(s)
  -------------------------------------------------------------------    -------------------
                         (clock clk_fpga_0 rise edge)
                                                      0.000     0.000 r  <hidden>
    PS7_X0Y0             PS7                          0.000     0.000 r  zynq_interrupt_system_i/processing_system7_0/inst/PS7_i/FCLKCLK[0]
                         net (fo=1, routed)           0.310     0.310    zynq_interrupt_system_i/processing_system7_0/inst/FCLK_CLK_unbuffered[0]
    BUFGCTRL_X0Y16       BUFG (Prop_bufg_I_O)         0.026     0.336 r  zynq_interrupt_system_i/processing_system7_0/inst/buffer_fclk_clk_0.FCLK_CLK_0_BUFG/O
                         net (fo=914, routed)         0.555     0.891    zynq_interrupt_system_i/axi_gpio_0/U0/gpio_core_1/s_axi_aclk
    SLICE_X47Y92         FDRE                                         r  zynq_interrupt_system_i/axi_gpio_0/U0/gpio_core_1/Not_Dual.ALLIN1_ND.READ_REG_GEN[1].reg1_reg[28]/C
  -------------------------------------------------------------------    -------------------
    SLICE_X47Y92         FDRE (Prop_fdre_C_Q)         0.141     1.032 r  zynq_interrupt_system_i/axi_gpio_0/U0/gpio_core_1/Not_Dual.ALLIN1_ND.READ_REG_GEN[1].reg1_reg[28]/Q
                         net (fo=1, routed)           0.091     1.123    zynq_interrupt_system_i/axi_gpio_0/U0/AXI_LITE_IPIF_I/I_SLAVE_ATTACHMENT/I_DECODER/Not_Dual.ALLIN1_ND.READ_REG_GEN[1].reg1_reg
    SLICE_X46Y92         LUT6 (Prop_lut6_I2_O)        0.045     1.168 r  zynq_interrupt_system_i/axi_gpio_0/U0/AXI_LITE_IPIF_I/I_SLAVE_ATTACHMENT/I_DECODER/ip2bus_data_i_D1[28]_i_1/O
                         net (fo=1, routed)           0.000     1.168    zynq_interrupt_system_i/axi_gpio_0/U0/ip2bus_data[28]
    SLICE_X46Y92         FDRE                                         r  zynq_interrupt_system_i/axi_gpio_0/U0/ip2bus_data_i_D1_reg[28]/D
  -------------------------------------------------------------------    -------------------

                         (clock clk_fpga_0 rise edge)
                                                      0.000     0.000 r  <hidden>
    PS7_X0Y0             PS7                          0.000     0.000 r  zynq_interrupt_system_i/processing_system7_0/inst/PS7_i/FCLKCLK[0]
                         net (fo=1, routed)           0.337     0.337    zynq_interrupt_system_i/processing_system7_0/inst/FCLK_CLK_unbuffered[0]
    BUFGCTRL_X0Y16       BUFG (Prop_bufg_I_O)         0.029     0.366 r  zynq_interrupt_system_i/processing_system7_0/inst/buffer_fclk_clk_0.FCLK_CLK_0_BUFG/O
                         net (fo=914, routed)         0.823     1.189    zynq_interrupt_system_i/axi_gpio_0/U0/s_axi_aclk
    SLICE_X46Y92         FDRE                                         r  zynq_interrupt_system_i/axi_gpio_0/U0/ip2bus_data_i_D1_reg[28]/C
                         clock pessimism             -0.285     0.904    <hidden>
    SLICE_X46Y92         FDRE (Hold_fdre_C_D)         0.121     1.025    zynq_interrupt_system_i/axi_gpio_0/U0/ip2bus_data_i_D1_reg[28]
  -------------------------------------------------------------------
                         required time                         -1.025    <hidden>
                         arrival time                           1.168    <hidden>
  -------------------------------------------------------------------
                         slack                                  0.143    <hidden>

Slack (MET) :             0.145ns  (arrival time - required time)
  Source:                 zynq_interrupt_system_i/axi_gpio_0/U0/gpio_core_1/Not_Dual.INPUT_DOUBLE_REGS3/syncstages_ff_reg[3][1]/C
                            (rising edge-triggered cell FDRE clocked by clk_fpga_0  {rise@0.000ns fall@5.000ns period=10.000ns})
  Destination:            zynq_interrupt_system_i/axi_gpio_0/U0/gpio_core_1/Not_Dual.GEN_INTERRUPT.gpio_data_in_xor_reg_reg[3]/D
                            (rising edge-triggered cell FDRE clocked by clk_fpga_0  {rise@0.000ns fall@5.000ns period=10.000ns})
  Path Group:             clk_fpga_0
  Path Type:              Hold (Min at Fast Process Corner)
  Requirement:            0.000ns  (clk_fpga_0 rise@0.000ns - clk_fpga_0 rise@0.000ns)
  Data Path Delay:        0.504ns  (logic 0.209ns (41.442%)  route 0.295ns (58.558%))
  Logic Levels:           1  (LUT2=1)
  Clock Path Skew:        0.267ns (DCD - SCD - CPR)
    Destination Clock Delay (DCD):    1.189ns
    Source Clock Delay      (SCD):    0.887ns
    Clock Pessimism Removal (CPR):    0.035ns

    Location             Delay type                Incr(ns)  Path(ns)    Netlist Resource(s)
  -------------------------------------------------------------------    -------------------
                         (clock clk_fpga_0 rise edge)
                                                      0.000     0.000 r  <hidden>
    PS7_X0Y0             PS7                          0.000     0.000 r  zynq_interrupt_system_i/processing_system7_0/inst/PS7_i/FCLKCLK[0]
                         net (fo=1, routed)           0.310     0.310    zynq_interrupt_system_i/processing_system7_0/inst/FCLK_CLK_unbuffered[0]
    BUFGCTRL_X0Y16       BUFG (Prop_bufg_I_O)         0.026     0.336 r  zynq_interrupt_system_i/processing_system7_0/inst/buffer_fclk_clk_0.FCLK_CLK_0_BUFG/O
                         net (fo=914, routed)         0.551     0.887    zynq_interrupt_system_i/axi_gpio_0/U0/gpio_core_1/Not_Dual.INPUT_DOUBLE_REGS3/dest_clk
    SLICE_X50Y91         FDRE                                         r  zynq_interrupt_system_i/axi_gpio_0/U0/gpio_core_1/Not_Dual.INPUT_DOUBLE_REGS3/syncstages_ff_reg[3][1]/C
  -------------------------------------------------------------------    -------------------
    SLICE_X50Y91         FDRE (Prop_fdre_C_Q)         0.164     1.051 r  zynq_interrupt_system_i/axi_gpio_0/U0/gpio_core_1/Not_Dual.INPUT_DOUBLE_REGS3/syncstages_ff_reg[3][1]/Q
                         net (fo=2, routed)           0.295     1.346    zynq_interrupt_system_i/axi_gpio_0/U0/gpio_core_1/gpio_io_i_d2[3]
    SLICE_X49Y91         LUT2 (Prop_lut2_I1_O)        0.045     1.391 r  zynq_interrupt_system_i/axi_gpio_0/U0/gpio_core_1/Not_Dual.GEN_INTERRUPT.gpio_data_in_xor_reg[3]_i_1/O
                         net (fo=1, routed)           0.000     1.391    zynq_interrupt_system_i/axi_gpio_0/U0/gpio_core_1/gpio_data_in_xor[3]
    SLICE_X49Y91         FDRE                                         r  zynq_interrupt_system_i/axi_gpio_0/U0/gpio_core_1/Not_Dual.GEN_INTERRUPT.gpio_data_in_xor_reg_reg[3]/D
  -------------------------------------------------------------------    -------------------

                         (clock clk_fpga_0 rise edge)
                                                      0.000     0.000 r  <hidden>
    PS7_X0Y0             PS7                          0.000     0.000 r  zynq_interrupt_system_i/processing_system7_0/inst/PS7_i/FCLKCLK[0]
                         net (fo=1, routed)           0.337     0.337    zynq_interrupt_system_i/processing_system7_0/inst/FCLK_CLK_unbuffered[0]
    BUFGCTRL_X0Y16       BUFG (Prop_bufg_I_O)         0.029     0.366 r  zynq_interrupt_system_i/processing_system7_0/inst/buffer_fclk_clk_0.FCLK_CLK_0_BUFG/O
                         net (fo=914, routed)         0.823     1.189    zynq_interrupt_system_i/axi_gpio_0/U0/gpio_core_1/s_axi_aclk
    SLICE_X49Y91         FDRE                                         r  zynq_interrupt_system_i/axi_gpio_0/U0/gpio_core_1/Not_Dual.GEN_INTERRUPT.gpio_data_in_xor_reg_reg[3]/C
                         clock pessimism             -0.035     1.154    <hidden>
    SLICE_X49Y91         FDRE (Hold_fdre_C_D)         0.092     1.246    zynq_interrupt_system_i/axi_gpio_0/U0/gpio_core_1/Not_Dual.GEN_INTERRUPT.gpio_data_in_xor_reg_reg[3]
  -------------------------------------------------------------------
                         required time                         -1.246    <hidden>
                         arrival time                           1.391    <hidden>
  -------------------------------------------------------------------
                         slack                                  0.145    <hidden>





Pulse Width Checks
--------------------------------------------------------------------------------------
Clock Name:         clk_fpga_0
Waveform(ns):       { 0.000 5.000 }
Period(ns):         10.000
Sources:            { zynq_interrupt_system_i/processing_system7_0/inst/PS7_i/FCLKCLK[0] }

Check Type        Corner  Lib Pin     Reference Pin  Required(ns)  Actual(ns)  Slack(ns)  Location        Pin
Min Period        n/a     BUFG/I      n/a            2.155         10.000      7.845      BUFGCTRL_X0Y16  zynq_interrupt_system_i/processing_system7_0/inst/buffer_fclk_clk_0.FCLK_CLK_0_BUFG/I
Min Period        n/a     FDRE/C      n/a            1.000         10.000      9.000      SLICE_X49Y91    zynq_interrupt_system_i/axi_gpio_0/U0/INTR_CTRLR_GEN.ip2Bus_RdAck_intr_reg_hole_d1_reg/C
Min Period        n/a     FDRE/C      n/a            1.000         10.000      9.000      SLICE_X49Y91    zynq_interrupt_system_i/axi_gpio_0/U0/INTR_CTRLR_GEN.ip2Bus_RdAck_intr_reg_hole_reg/C
Min Period        n/a     FDRE/C      n/a            1.000         10.000      9.000      SLICE_X48Y91    zynq_interrupt_system_i/axi_gpio_0/U0/INTR_CTRLR_GEN.ip2Bus_WrAck_intr_reg_hole_d1_reg/C
Min Period        n/a     FDRE/C      n/a            1.000         10.000      9.000      SLICE_X48Y91    zynq_interrupt_system_i/axi_gpio_0/U0/INTR_CTRLR_GEN.ip2Bus_WrAck_intr_reg_hole_reg/C
Min Period        n/a     FDRE/C      n/a            1.000         10.000      9.000      SLICE_X44Y92    zynq_interrupt_system_i/axi_gpio_0/U0/INTR_CTRLR_GEN.ip2intc_irpt_reg/C
Min Period        n/a     FDRE/C      n/a            1.000         10.000      9.000      SLICE_X44Y92    zynq_interrupt_system_i/axi_gpio_0/U0/ip2bus_data_i_D1_reg[0]/C
Min Period        n/a     FDRE/C      n/a            1.000         10.000      9.000      SLICE_X44Y92    zynq_interrupt_system_i/axi_gpio_0/U0/ip2bus_data_i_D1_reg[1]/C
Min Period        n/a     FDRE/C      n/a            1.000         10.000      9.000      SLICE_X46Y92    zynq_interrupt_system_i/axi_gpio_0/U0/ip2bus_data_i_D1_reg[27]/C
Min Period        n/a     FDRE/C      n/a            1.000         10.000      9.000      SLICE_X46Y92    zynq_interrupt_system_i/axi_gpio_0/U0/ip2bus_data_i_D1_reg[28]/C
Low Pulse Width   Slow    SRL16E/CLK  n/a            0.980         5.000       4.020      SLICE_X36Y108   zynq_interrupt_system_i/rst_ps7_0_100M/U0/EXT_LPF/POR_SRL_I/CLK
Low Pulse Width   Fast    SRL16E/CLK  n/a            0.980         5.000       4.020      SLICE_X36Y108   zynq_interrupt_system_i/rst_ps7_0_100M/U0/EXT_LPF/POR_SRL_I/CLK
Low Pulse Width   Slow    FDRE/C      n/a            0.500         5.000       4.500      SLICE_X49Y91    zynq_interrupt_system_i/axi_gpio_0/U0/INTR_CTRLR_GEN.ip2Bus_RdAck_intr_reg_hole_d1_reg/C
Low Pulse Width   Fast    FDRE/C      n/a            0.500         5.000       4.500      SLICE_X49Y91    zynq_interrupt_system_i/axi_gpio_0/U0/INTR_CTRLR_GEN.ip2Bus_RdAck_intr_reg_hole_d1_reg/C
Low Pulse Width   Slow    FDRE/C      n/a            0.500         5.000       4.500      SLICE_X49Y91    zynq_interrupt_system_i/axi_gpio_0/U0/INTR_CTRLR_GEN.ip2Bus_RdAck_intr_reg_hole_reg/C
Low Pulse Width   Fast    FDRE/C      n/a            0.500         5.000       4.500      SLICE_X49Y91    zynq_interrupt_system_i/axi_gpio_0/U0/INTR_CTRLR_GEN.ip2Bus_RdAck_intr_reg_hole_reg/C
Low Pulse Width   Slow    FDRE/C      n/a            0.500         5.000       4.500      SLICE_X48Y91    zynq_interrupt_system_i/axi_gpio_0/U0/INTR_CTRLR_GEN.ip2Bus_WrAck_intr_reg_hole_d1_reg/C
Low Pulse Width   Fast    FDRE/C      n/a            0.500         5.000       4.500      SLICE_X48Y91    zynq_interrupt_system_i/axi_gpio_0/U0/INTR_CTRLR_GEN.ip2Bus_WrAck_intr_reg_hole_d1_reg/C
Low Pulse Width   Slow    FDRE/C      n/a            0.500         5.000       4.500      SLICE_X48Y91    zynq_interrupt_system_i/axi_gpio_0/U0/INTR_CTRLR_GEN.ip2Bus_WrAck_intr_reg_hole_reg/C
Low Pulse Width   Fast    FDRE/C      n/a            0.500         5.000       4.500      SLICE_X48Y91    zynq_interrupt_system_i/axi_gpio_0/U0/INTR_CTRLR_GEN.ip2Bus_WrAck_intr_reg_hole_reg/C
High Pulse Width  Slow    SRL16E/CLK  n/a            0.980         5.000       4.020      SLICE_X36Y108   zynq_interrupt_system_i/rst_ps7_0_100M/U0/EXT_LPF/POR_SRL_I/CLK
High Pulse Width  Fast    SRL16E/CLK  n/a            0.980         5.000       4.020      SLICE_X36Y108   zynq_interrupt_system_i/rst_ps7_0_100M/U0/EXT_LPF/POR_SRL_I/CLK
High Pulse Width  Slow    FDRE/C      n/a            0.500         5.000       4.500      SLICE_X49Y91    zynq_interrupt_system_i/axi_gpio_0/U0/INTR_CTRLR_GEN.ip2Bus_RdAck_intr_reg_hole_d1_reg/C
High Pulse Width  Fast    FDRE/C      n/a            0.500         5.000       4.500      SLICE_X49Y91    zynq_interrupt_system_i/axi_gpio_0/U0/INTR_CTRLR_GEN.ip2Bus_RdAck_intr_reg_hole_d1_reg/C
High Pulse Width  Slow    FDRE/C      n/a            0.500         5.000       4.500      SLICE_X49Y91    zynq_interrupt_system_i/axi_gpio_0/U0/INTR_CTRLR_GEN.ip2Bus_RdAck_intr_reg_hole_reg/C
High Pulse Width  Fast    FDRE/C      n/a            0.500         5.000       4.500      SLICE_X49Y91    zynq_interrupt_system_i/axi_gpio_0/U0/INTR_CTRLR_GEN.ip2Bus_RdAck_intr_reg_hole_reg/C
High Pulse Width  Slow    FDRE/C      n/a            0.500         5.000       4.500      SLICE_X48Y91    zynq_interrupt_system_i/axi_gpio_0/U0/INTR_CTRLR_GEN.ip2Bus_WrAck_intr_reg_hole_d1_reg/C
High Pulse Width  Fast    FDRE/C      n/a            0.500         5.000       4.500      SLICE_X48Y91    zynq_interrupt_system_i/axi_gpio_0/U0/INTR_CTRLR_GEN.ip2Bus_WrAck_intr_reg_hole_d1_reg/C
High Pulse Width  Slow    FDRE/C      n/a            0.500         5.000       4.500      SLICE_X48Y91    zynq_interrupt_system_i/axi_gpio_0/U0/INTR_CTRLR_GEN.ip2Bus_WrAck_intr_reg_hole_reg/C
High Pulse Width  Fast    FDRE/C      n/a            0.500         5.000       4.500      SLICE_X48Y91    zynq_interrupt_system_i/axi_gpio_0/U0/INTR_CTRLR_GEN.ip2Bus_WrAck_intr_reg_hole_reg/C



--------------------------------------------------------------------------------------
Path Group:  (none)
From Clock:  
  To Clock:  clk_fpga_0

Max Delay             6 Endpoints
Min Delay             6 Endpoints
--------------------------------------------------------------------------------------


Max Delay Paths
--------------------------------------------------------------------------------------
Slack:                    inf
  Source:                 btns_5bits_tri_i[1]
                            (input port)
  Destination:            zynq_interrupt_system_i/axi_gpio_0/U0/gpio_core_1/Not_Dual.INPUT_DOUBLE_REGS3/syncstages_ff_reg[0][1]/D
                            (rising edge-triggered cell FDRE clocked by clk_fpga_0  {rise@0.000ns fall@5.000ns period=10.000ns})
  Path Group:             (none)
  Path Type:              Setup (Max at Slow Process Corner)
  Data Path Delay:        5.252ns  (logic 1.333ns (25.376%)  route 3.919ns (74.624%))
  Logic Levels:           1  (IBUF=1)
  Clock Path Skew:        2.644ns (DCD - SCD + CPR)
    Destination Clock Delay (DCD):    2.644ns
    Source Clock Delay      (SCD):    0.000ns
    Clock Pessimism Removal (CPR):    0.000ns
  Clock Uncertainty:      0.152ns  ((TSJ^2 + TIJ^2)^1/2 + DJ) / 2 + PE
    Total System Jitter     (TSJ):    0.050ns
    Total Input Jitter      (TIJ):    0.300ns
    Discrete Jitter          (DJ):    0.000ns
    Phase Error              (PE):    0.000ns
  Timing Exception:       False Path

    Location             Delay type                Incr(ns)  Path(ns)    Netlist Resource(s)
  -------------------------------------------------------------------    -------------------
    R16                                               0.000     0.000 r  btns_5bits_tri_i[1]
                         net (fo=0)                   0.000     0.000    btns_5bits_tri_i[1]
    R16                  IBUF (Prop_ibuf_I_O)         1.333     1.333 r  btns_5bits_tri_i_IBUF[1]_inst/O
                         net (fo=1, routed)           3.919     5.252    zynq_interrupt_system_i/axi_gpio_0/U0/gpio_core_1/Not_Dual.INPUT_DOUBLE_REGS3/async_path_bit[1]
    SLICE_X50Y91         FDRE                                         r  zynq_interrupt_system_i/axi_gpio_0/U0/gpio_core_1/Not_Dual.INPUT_DOUBLE_REGS3/syncstages_ff_reg[0][1]/D
  -------------------------------------------------------------------    -------------------

                         (clock clk_fpga_0 rise edge)
                                                      0.000     0.000 r  <hidden>
    PS7_X0Y0             PS7                          0.000     0.000 r  zynq_interrupt_system_i/processing_system7_0/inst/PS7_i/FCLKCLK[0]
                         net (fo=1, routed)           1.088     1.088    zynq_interrupt_system_i/processing_system7_0/inst/FCLK_CLK_unbuffered[0]
    BUFGCTRL_X0Y16       BUFG (Prop_bufg_I_O)         0.091     1.179 r  zynq_interrupt_system_i/processing_system7_0/inst/buffer_fclk_clk_0.FCLK_CLK_0_BUFG/O
                         net (fo=914, routed)         1.465     2.644    zynq_interrupt_system_i/axi_gpio_0/U0/gpio_core_1/Not_Dual.INPUT_DOUBLE_REGS3/dest_clk
    SLICE_X50Y91         FDRE                                         r  zynq_interrupt_system_i/axi_gpio_0/U0/gpio_core_1/Not_Dual.INPUT_DOUBLE_REGS3/syncstages_ff_reg[0][1]/C

Slack:                    inf
  Source:                 btns_5bits_tri_i[0]
                            (input port)
  Destination:            zynq_interrupt_system_i/axi_gpio_0/U0/gpio_core_1/Not_Dual.INPUT_DOUBLE_REGS3/syncstages_ff_reg[0][0]/D
                            (rising edge-triggered cell FDRE clocked by clk_fpga_0  {rise@0.000ns fall@5.000ns period=10.000ns})
  Path Group:             (none)
  Path Type:              Setup (Max at Slow Process Corner)
  Data Path Delay:        5.196ns  (logic 1.308ns (25.174%)  route 3.888ns (74.826%))
  Logic Levels:           1  (IBUF=1)
  Clock Path Skew:        2.654ns (DCD - SCD + CPR)
    Destination Clock Delay (DCD):    2.654ns
    Source Clock Delay      (SCD):    0.000ns
    Clock Pessimism Removal (CPR):    0.000ns
  Clock Uncertainty:      0.152ns  ((TSJ^2 + TIJ^2)^1/2 + DJ) / 2 + PE
    Total System Jitter     (TSJ):    0.050ns
    Total Input Jitter      (TIJ):    0.300ns
    Discrete Jitter          (DJ):    0.000ns
    Phase Error              (PE):    0.000ns
  Timing Exception:       False Path

    Location             Delay type                Incr(ns)  Path(ns)    Netlist Resource(s)
  -------------------------------------------------------------------    -------------------
    P16                                               0.000     0.000 r  btns_5bits_tri_i[0]
                         net (fo=0)                   0.000     0.000    btns_5bits_tri_i[0]
    P16                  IBUF (Prop_ibuf_I_O)         1.308     1.308 r  btns_5bits_tri_i_IBUF[0]_inst/O
                         net (fo=1, routed)           3.888     5.196    zynq_interrupt_system_i/axi_gpio_0/U0/gpio_core_1/Not_Dual.INPUT_DOUBLE_REGS3/async_path_bit[0]
    SLICE_X48Y90         FDRE                                         r  zynq_interrupt_system_i/axi_gpio_0/U0/gpio_core_1/Not_Dual.INPUT_DOUBLE_REGS3/syncstages_ff_reg[0][0]/D
  -------------------------------------------------------------------    -------------------

                         (clock clk_fpga_0 rise edge)
                                                      0.000     0.000 r  <hidden>
    PS7_X0Y0             PS7                          0.000     0.000 r  zynq_interrupt_system_i/processing_system7_0/inst/PS7_i/FCLKCLK[0]
                         net (fo=1, routed)           1.088     1.088    zynq_interrupt_system_i/processing_system7_0/inst/FCLK_CLK_unbuffered[0]
    BUFGCTRL_X0Y16       BUFG (Prop_bufg_I_O)         0.091     1.179 r  zynq_interrupt_system_i/processing_system7_0/inst/buffer_fclk_clk_0.FCLK_CLK_0_BUFG/O
                         net (fo=914, routed)         1.475     2.654    zynq_interrupt_system_i/axi_gpio_0/U0/gpio_core_1/Not_Dual.INPUT_DOUBLE_REGS3/dest_clk
    SLICE_X48Y90         FDRE                                         r  zynq_interrupt_system_i/axi_gpio_0/U0/gpio_core_1/Not_Dual.INPUT_DOUBLE_REGS3/syncstages_ff_reg[0][0]/C

Slack:                    inf
  Source:                 btns_5bits_tri_i[3]
                            (input port)
  Destination:            zynq_interrupt_system_i/axi_gpio_0/U0/gpio_core_1/Not_Dual.INPUT_DOUBLE_REGS3/syncstages_ff_reg[0][3]/D
                            (rising edge-triggered cell FDRE clocked by clk_fpga_0  {rise@0.000ns fall@5.000ns period=10.000ns})
  Path Group:             (none)
  Path Type:              Setup (Max at Slow Process Corner)
  Data Path Delay:        5.193ns  (logic 1.319ns (25.407%)  route 3.874ns (74.593%))
  Logic Levels:           1  (IBUF=1)
  Clock Path Skew:        2.656ns (DCD - SCD + CPR)
    Destination Clock Delay (DCD):    2.656ns
    Source Clock Delay      (SCD):    0.000ns
    Clock Pessimism Removal (CPR):    0.000ns
  Clock Uncertainty:      0.152ns  ((TSJ^2 + TIJ^2)^1/2 + DJ) / 2 + PE
    Total System Jitter     (TSJ):    0.050ns
    Total Input Jitter      (TIJ):    0.300ns
    Discrete Jitter          (DJ):    0.000ns
    Phase Error              (PE):    0.000ns
  Timing Exception:       False Path

    Location             Delay type                Incr(ns)  Path(ns)    Netlist Resource(s)
  -------------------------------------------------------------------    -------------------
    R18                                               0.000     0.000 r  btns_5bits_tri_i[3]
                         net (fo=0)                   0.000     0.000    btns_5bits_tri_i[3]
    R18                  IBUF (Prop_ibuf_I_O)         1.319     1.319 r  btns_5bits_tri_i_IBUF[3]_inst/O
                         net (fo=1, routed)           3.874     5.193    zynq_interrupt_system_i/axi_gpio_0/U0/gpio_core_1/Not_Dual.INPUT_DOUBLE_REGS3/async_path_bit[3]
    SLICE_X49Y93         FDRE                                         r  zynq_interrupt_system_i/axi_gpio_0/U0/gpio_core_1/Not_Dual.INPUT_DOUBLE_REGS3/syncstages_ff_reg[0][3]/D
  -------------------------------------------------------------------    -------------------

                         (clock clk_fpga_0 rise edge)
                                                      0.000     0.000 r  <hidden>
    PS7_X0Y0             PS7                          0.000     0.000 r  zynq_interrupt_system_i/processing_system7_0/inst/PS7_i/FCLKCLK[0]
                         net (fo=1, routed)           1.088     1.088    zynq_interrupt_system_i/processing_system7_0/inst/FCLK_CLK_unbuffered[0]
    BUFGCTRL_X0Y16       BUFG (Prop_bufg_I_O)         0.091     1.179 r  zynq_interrupt_system_i/processing_system7_0/inst/buffer_fclk_clk_0.FCLK_CLK_0_BUFG/O
                         net (fo=914, routed)         1.477     2.656    zynq_interrupt_system_i/axi_gpio_0/U0/gpio_core_1/Not_Dual.INPUT_DOUBLE_REGS3/dest_clk
    SLICE_X49Y93         FDRE                                         r  zynq_interrupt_system_i/axi_gpio_0/U0/gpio_core_1/Not_Dual.INPUT_DOUBLE_REGS3/syncstages_ff_reg[0][3]/C

Slack:                    inf
  Source:                 btns_5bits_tri_i[4]
                            (input port)
  Destination:            zynq_interrupt_system_i/axi_gpio_0/U0/gpio_core_1/Not_Dual.INPUT_DOUBLE_REGS3/syncstages_ff_reg[0][4]/D
                            (rising edge-triggered cell FDRE clocked by clk_fpga_0  {rise@0.000ns fall@5.000ns period=10.000ns})
  Path Group:             (none)
  Path Type:              Setup (Max at Slow Process Corner)
  Data Path Delay:        5.098ns  (logic 1.330ns (26.078%)  route 3.769ns (73.922%))
  Logic Levels:           1  (IBUF=1)
  Clock Path Skew:        2.656ns (DCD - SCD + CPR)
    Destination Clock Delay (DCD):    2.656ns
    Source Clock Delay      (SCD):    0.000ns
    Clock Pessimism Removal (CPR):    0.000ns
  Clock Uncertainty:      0.152ns  ((TSJ^2 + TIJ^2)^1/2 + DJ) / 2 + PE
    Total System Jitter     (TSJ):    0.050ns
    Total Input Jitter      (TIJ):    0.300ns
    Discrete Jitter          (DJ):    0.000ns
    Phase Error              (PE):    0.000ns
  Timing Exception:       False Path

    Location             Delay type                Incr(ns)  Path(ns)    Netlist Resource(s)
  -------------------------------------------------------------------    -------------------
    T18                                               0.000     0.000 r  btns_5bits_tri_i[4]
                         net (fo=0)                   0.000     0.000    btns_5bits_tri_i[4]
    T18                  IBUF (Prop_ibuf_I_O)         1.330     1.330 r  btns_5bits_tri_i_IBUF[4]_inst/O
                         net (fo=1, routed)           3.769     5.098    zynq_interrupt_system_i/axi_gpio_0/U0/gpio_core_1/Not_Dual.INPUT_DOUBLE_REGS3/async_path_bit[4]
    SLICE_X49Y93         FDRE                                         r  zynq_interrupt_system_i/axi_gpio_0/U0/gpio_core_1/Not_Dual.INPUT_DOUBLE_REGS3/syncstages_ff_reg[0][4]/D
  -------------------------------------------------------------------    -------------------

                         (clock clk_fpga_0 rise edge)
                                                      0.000     0.000 r  <hidden>
    PS7_X0Y0             PS7                          0.000     0.000 r  zynq_interrupt_system_i/processing_system7_0/inst/PS7_i/FCLKCLK[0]
                         net (fo=1, routed)           1.088     1.088    zynq_interrupt_system_i/processing_system7_0/inst/FCLK_CLK_unbuffered[0]
    BUFGCTRL_X0Y16       BUFG (Prop_bufg_I_O)         0.091     1.179 r  zynq_interrupt_system_i/processing_system7_0/inst/buffer_fclk_clk_0.FCLK_CLK_0_BUFG/O
                         net (fo=914, routed)         1.477     2.656    zynq_interrupt_system_i/axi_gpio_0/U0/gpio_core_1/Not_Dual.INPUT_DOUBLE_REGS3/dest_clk
    SLICE_X49Y93         FDRE                                         r  zynq_interrupt_system_i/axi_gpio_0/U0/gpio_core_1/Not_Dual.INPUT_DOUBLE_REGS3/syncstages_ff_reg[0][4]/C

Slack:                    inf
  Source:                 btns_5bits_tri_i[2]
                            (input port)
  Destination:            zynq_interrupt_system_i/axi_gpio_0/U0/gpio_core_1/Not_Dual.INPUT_DOUBLE_REGS3/syncstages_ff_reg[0][2]/D
                            (rising edge-triggered cell FDRE clocked by clk_fpga_0  {rise@0.000ns fall@5.000ns period=10.000ns})
  Path Group:             (none)
  Path Type:              Setup (Max at Slow Process Corner)
  Data Path Delay:        5.011ns  (logic 1.351ns (26.955%)  route 3.660ns (73.045%))
  Logic Levels:           1  (IBUF=1)
  Clock Path Skew:        2.644ns (DCD - SCD + CPR)
    Destination Clock Delay (DCD):    2.644ns
    Source Clock Delay      (SCD):    0.000ns
    Clock Pessimism Removal (CPR):    0.000ns
  Clock Uncertainty:      0.152ns  ((TSJ^2 + TIJ^2)^1/2 + DJ) / 2 + PE
    Total System Jitter     (TSJ):    0.050ns
    Total Input Jitter      (TIJ):    0.300ns
    Discrete Jitter          (DJ):    0.000ns
    Phase Error              (PE):    0.000ns
  Timing Exception:       False Path

    Location             Delay type                Incr(ns)  Path(ns)    Netlist Resource(s)
  -------------------------------------------------------------------    -------------------
    N15                                               0.000     0.000 r  btns_5bits_tri_i[2]
                         net (fo=0)                   0.000     0.000    btns_5bits_tri_i[2]
    N15                  IBUF (Prop_ibuf_I_O)         1.351     1.351 r  btns_5bits_tri_i_IBUF[2]_inst/O
                         net (fo=1, routed)           3.660     5.011    zynq_interrupt_system_i/axi_gpio_0/U0/gpio_core_1/Not_Dual.INPUT_DOUBLE_REGS3/async_path_bit[2]
    SLICE_X50Y92         FDRE                                         r  zynq_interrupt_system_i/axi_gpio_0/U0/gpio_core_1/Not_Dual.INPUT_DOUBLE_REGS3/syncstages_ff_reg[0][2]/D
  -------------------------------------------------------------------    -------------------

                         (clock clk_fpga_0 rise edge)
                                                      0.000     0.000 r  <hidden>
    PS7_X0Y0             PS7                          0.000     0.000 r  zynq_interrupt_system_i/processing_system7_0/inst/PS7_i/FCLKCLK[0]
                         net (fo=1, routed)           1.088     1.088    zynq_interrupt_system_i/processing_system7_0/inst/FCLK_CLK_unbuffered[0]
    BUFGCTRL_X0Y16       BUFG (Prop_bufg_I_O)         0.091     1.179 r  zynq_interrupt_system_i/processing_system7_0/inst/buffer_fclk_clk_0.FCLK_CLK_0_BUFG/O
                         net (fo=914, routed)         1.465     2.644    zynq_interrupt_system_i/axi_gpio_0/U0/gpio_core_1/Not_Dual.INPUT_DOUBLE_REGS3/dest_clk
    SLICE_X50Y92         FDRE                                         r  zynq_interrupt_system_i/axi_gpio_0/U0/gpio_core_1/Not_Dual.INPUT_DOUBLE_REGS3/syncstages_ff_reg[0][2]/C

Slack:                    inf
  Source:                 zynq_interrupt_system_i/processing_system7_0/inst/PS7_i/FCLKRESETN[0]
                            (internal pin)
  Destination:            zynq_interrupt_system_i/rst_ps7_0_100M/U0/EXT_LPF/ACTIVE_LOW_EXT.ACT_LO_EXT/syncstages_ff_reg[0]/D
                            (rising edge-triggered cell FDRE clocked by clk_fpga_0  {rise@0.000ns fall@5.000ns period=10.000ns})
  Path Group:             (none)
  Path Type:              Setup (Max at Slow Process Corner)
  Data Path Delay:        1.796ns  (logic 0.124ns (6.903%)  route 1.672ns (93.097%))
  Logic Levels:           1  (LUT1=1)
  Clock Uncertainty:      0.152ns  ((TSJ^2 + TIJ^2)^1/2 + DJ) / 2 + PE
    Total System Jitter     (TSJ):    0.050ns
    Total Input Jitter      (TIJ):    0.300ns
    Discrete Jitter          (DJ):    0.000ns
    Phase Error              (PE):    0.000ns
  Timing Exception:       False Path

    Location             Delay type                Incr(ns)  Path(ns)    Netlist Resource(s)
  -------------------------------------------------------------------    -------------------
    PS7_X0Y0             PS7                          0.000     0.000 f  zynq_interrupt_system_i/processing_system7_0/inst/PS7_i/FCLKRESETN[0]
                         net (fo=1, routed)           1.672     1.672    zynq_interrupt_system_i/rst_ps7_0_100M/U0/EXT_LPF/ext_reset_in
    SLICE_X36Y106        LUT1 (Prop_lut1_I0_O)        0.124     1.796 r  zynq_interrupt_system_i/rst_ps7_0_100M/U0/EXT_LPF/ACTIVE_LOW_EXT.ACT_LO_EXT_i_1/O
                         net (fo=1, routed)           0.000     1.796    zynq_interrupt_system_i/rst_ps7_0_100M/U0/EXT_LPF/ACTIVE_LOW_EXT.ACT_LO_EXT/src_in
    SLICE_X36Y106        FDRE                                         r  zynq_interrupt_system_i/rst_ps7_0_100M/U0/EXT_LPF/ACTIVE_LOW_EXT.ACT_LO_EXT/syncstages_ff_reg[0]/D
  -------------------------------------------------------------------    -------------------

                         (clock clk_fpga_0 rise edge)
                                                      0.000     0.000 r  <hidden>
    PS7_X0Y0             PS7                          0.000     0.000 r  zynq_interrupt_system_i/processing_system7_0/inst/PS7_i/FCLKCLK[0]
                         net (fo=1, routed)           1.088     1.088    zynq_interrupt_system_i/processing_system7_0/inst/FCLK_CLK_unbuffered[0]
    BUFGCTRL_X0Y16       BUFG (Prop_bufg_I_O)         0.091     1.179 r  zynq_interrupt_system_i/processing_system7_0/inst/buffer_fclk_clk_0.FCLK_CLK_0_BUFG/O
                         net (fo=914, routed)         1.653     2.832    zynq_interrupt_system_i/rst_ps7_0_100M/U0/EXT_LPF/ACTIVE_LOW_EXT.ACT_LO_EXT/dest_clk
    SLICE_X36Y106        FDRE                                         r  zynq_interrupt_system_i/rst_ps7_0_100M/U0/EXT_LPF/ACTIVE_LOW_EXT.ACT_LO_EXT/syncstages_ff_reg[0]/C





Min Delay Paths
--------------------------------------------------------------------------------------
Slack:                    inf
  Source:                 zynq_interrupt_system_i/processing_system7_0/inst/PS7_i/FCLKRESETN[0]
                            (internal pin)
  Destination:            zynq_interrupt_system_i/rst_ps7_0_100M/U0/EXT_LPF/ACTIVE_LOW_EXT.ACT_LO_EXT/syncstages_ff_reg[0]/D
                            (rising edge-triggered cell FDRE clocked by clk_fpga_0  {rise@0.000ns fall@5.000ns period=10.000ns})
  Path Group:             (none)
  Path Type:              Hold (Min at Fast Process Corner)
  Data Path Delay:        0.737ns  (logic 0.045ns (6.103%)  route 0.692ns (93.897%))
  Logic Levels:           1  (LUT1=1)
  Clock Uncertainty:      0.152ns  ((TSJ^2 + TIJ^2)^1/2 + DJ) / 2 + PE
    Total System Jitter     (TSJ):    0.050ns
    Total Input Jitter      (TIJ):    0.300ns
    Discrete Jitter          (DJ):    0.000ns
    Phase Error              (PE):    0.000ns
  Timing Exception:       False Path

    Location             Delay type                Incr(ns)  Path(ns)    Netlist Resource(s)
  -------------------------------------------------------------------    -------------------
    PS7_X0Y0             PS7                          0.000     0.000 f  zynq_interrupt_system_i/processing_system7_0/inst/PS7_i/FCLKRESETN[0]
                         net (fo=1, routed)           0.692     0.692    zynq_interrupt_system_i/rst_ps7_0_100M/U0/EXT_LPF/ext_reset_in
    SLICE_X36Y106        LUT1 (Prop_lut1_I0_O)        0.045     0.737 r  zynq_interrupt_system_i/rst_ps7_0_100M/U0/EXT_LPF/ACTIVE_LOW_EXT.ACT_LO_EXT_i_1/O
                         net (fo=1, routed)           0.000     0.737    zynq_interrupt_system_i/rst_ps7_0_100M/U0/EXT_LPF/ACTIVE_LOW_EXT.ACT_LO_EXT/src_in
    SLICE_X36Y106        FDRE                                         r  zynq_interrupt_system_i/rst_ps7_0_100M/U0/EXT_LPF/ACTIVE_LOW_EXT.ACT_LO_EXT/syncstages_ff_reg[0]/D
  -------------------------------------------------------------------    -------------------

                         (clock clk_fpga_0 rise edge)
                                                      0.000     0.000 r  <hidden>
    PS7_X0Y0             PS7                          0.000     0.000 r  zynq_interrupt_system_i/processing_system7_0/inst/PS7_i/FCLKCLK[0]
                         net (fo=1, routed)           0.337     0.337    zynq_interrupt_system_i/processing_system7_0/inst/FCLK_CLK_unbuffered[0]
    BUFGCTRL_X0Y16       BUFG (Prop_bufg_I_O)         0.029     0.366 r  zynq_interrupt_system_i/processing_system7_0/inst/buffer_fclk_clk_0.FCLK_CLK_0_BUFG/O
                         net (fo=914, routed)         0.910     1.276    zynq_interrupt_system_i/rst_ps7_0_100M/U0/EXT_LPF/ACTIVE_LOW_EXT.ACT_LO_EXT/dest_clk
    SLICE_X36Y106        FDRE                                         r  zynq_interrupt_system_i/rst_ps7_0_100M/U0/EXT_LPF/ACTIVE_LOW_EXT.ACT_LO_EXT/syncstages_ff_reg[0]/C

Slack:                    inf
  Source:                 btns_5bits_tri_i[2]
                            (input port)
  Destination:            zynq_interrupt_system_i/axi_gpio_0/U0/gpio_core_1/Not_Dual.INPUT_DOUBLE_REGS3/syncstages_ff_reg[0][2]/D
                            (rising edge-triggered cell FDRE clocked by clk_fpga_0  {rise@0.000ns fall@5.000ns period=10.000ns})
  Path Group:             (none)
  Path Type:              Hold (Min at Fast Process Corner)
  Data Path Delay:        2.158ns  (logic 0.427ns (19.811%)  route 1.730ns (80.189%))
  Logic Levels:           1  (IBUF=1)
  Clock Path Skew:        1.185ns (DCD - SCD - CPR)
    Destination Clock Delay (DCD):    1.185ns
    Source Clock Delay      (SCD):    0.000ns
    Clock Pessimism Removal (CPR):    -0.000ns
  Timing Exception:       False Path

    Location             Delay type                Incr(ns)  Path(ns)    Netlist Resource(s)
  -------------------------------------------------------------------    -------------------
    N15                                               0.000     0.000 r  btns_5bits_tri_i[2]
                         net (fo=0)                   0.000     0.000    btns_5bits_tri_i[2]
    N15                  IBUF (Prop_ibuf_I_O)         0.427     0.427 r  btns_5bits_tri_i_IBUF[2]_inst/O
                         net (fo=1, routed)           1.730     2.158    zynq_interrupt_system_i/axi_gpio_0/U0/gpio_core_1/Not_Dual.INPUT_DOUBLE_REGS3/async_path_bit[2]
    SLICE_X50Y92         FDRE                                         r  zynq_interrupt_system_i/axi_gpio_0/U0/gpio_core_1/Not_Dual.INPUT_DOUBLE_REGS3/syncstages_ff_reg[0][2]/D
  -------------------------------------------------------------------    -------------------

                         (clock clk_fpga_0 rise edge)
                                                      0.000     0.000 r  <hidden>
    PS7_X0Y0             PS7                          0.000     0.000 r  zynq_interrupt_system_i/processing_system7_0/inst/PS7_i/FCLKCLK[0]
                         net (fo=1, routed)           0.337     0.337    zynq_interrupt_system_i/processing_system7_0/inst/FCLK_CLK_unbuffered[0]
    BUFGCTRL_X0Y16       BUFG (Prop_bufg_I_O)         0.029     0.366 r  zynq_interrupt_system_i/processing_system7_0/inst/buffer_fclk_clk_0.FCLK_CLK_0_BUFG/O
                         net (fo=914, routed)         0.819     1.185    zynq_interrupt_system_i/axi_gpio_0/U0/gpio_core_1/Not_Dual.INPUT_DOUBLE_REGS3/dest_clk
    SLICE_X50Y92         FDRE                                         r  zynq_interrupt_system_i/axi_gpio_0/U0/gpio_core_1/Not_Dual.INPUT_DOUBLE_REGS3/syncstages_ff_reg[0][2]/C

Slack:                    inf
  Source:                 btns_5bits_tri_i[4]
                            (input port)
  Destination:            zynq_interrupt_system_i/axi_gpio_0/U0/gpio_core_1/Not_Dual.INPUT_DOUBLE_REGS3/syncstages_ff_reg[0][4]/D
                            (rising edge-triggered cell FDRE clocked by clk_fpga_0  {rise@0.000ns fall@5.000ns period=10.000ns})
  Path Group:             (none)
  Path Type:              Hold (Min at Fast Process Corner)
  Data Path Delay:        2.187ns  (logic 0.406ns (18.584%)  route 1.781ns (81.416%))
  Logic Levels:           1  (IBUF=1)
  Clock Path Skew:        1.190ns (DCD - SCD - CPR)
    Destination Clock Delay (DCD):    1.190ns
    Source Clock Delay      (SCD):    0.000ns
    Clock Pessimism Removal (CPR):    -0.000ns
  Timing Exception:       False Path

    Location             Delay type                Incr(ns)  Path(ns)    Netlist Resource(s)
  -------------------------------------------------------------------    -------------------
    T18                                               0.000     0.000 r  btns_5bits_tri_i[4]
                         net (fo=0)                   0.000     0.000    btns_5bits_tri_i[4]
    T18                  IBUF (Prop_ibuf_I_O)         0.406     0.406 r  btns_5bits_tri_i_IBUF[4]_inst/O
                         net (fo=1, routed)           1.781     2.187    zynq_interrupt_system_i/axi_gpio_0/U0/gpio_core_1/Not_Dual.INPUT_DOUBLE_REGS3/async_path_bit[4]
    SLICE_X49Y93         FDRE                                         r  zynq_interrupt_system_i/axi_gpio_0/U0/gpio_core_1/Not_Dual.INPUT_DOUBLE_REGS3/syncstages_ff_reg[0][4]/D
  -------------------------------------------------------------------    -------------------

                         (clock clk_fpga_0 rise edge)
                                                      0.000     0.000 r  <hidden>
    PS7_X0Y0             PS7                          0.000     0.000 r  zynq_interrupt_system_i/processing_system7_0/inst/PS7_i/FCLKCLK[0]
                         net (fo=1, routed)           0.337     0.337    zynq_interrupt_system_i/processing_system7_0/inst/FCLK_CLK_unbuffered[0]
    BUFGCTRL_X0Y16       BUFG (Prop_bufg_I_O)         0.029     0.366 r  zynq_interrupt_system_i/processing_system7_0/inst/buffer_fclk_clk_0.FCLK_CLK_0_BUFG/O
                         net (fo=914, routed)         0.824     1.190    zynq_interrupt_system_i/axi_gpio_0/U0/gpio_core_1/Not_Dual.INPUT_DOUBLE_REGS3/dest_clk
    SLICE_X49Y93         FDRE                                         r  zynq_interrupt_system_i/axi_gpio_0/U0/gpio_core_1/Not_Dual.INPUT_DOUBLE_REGS3/syncstages_ff_reg[0][4]/C

Slack:                    inf
  Source:                 btns_5bits_tri_i[3]
                            (input port)
  Destination:            zynq_interrupt_system_i/axi_gpio_0/U0/gpio_core_1/Not_Dual.INPUT_DOUBLE_REGS3/syncstages_ff_reg[0][3]/D
                            (rising edge-triggered cell FDRE clocked by clk_fpga_0  {rise@0.000ns fall@5.000ns period=10.000ns})
  Path Group:             (none)
  Path Type:              Hold (Min at Fast Process Corner)
  Data Path Delay:        2.196ns  (logic 0.396ns (18.053%)  route 1.800ns (81.947%))
  Logic Levels:           1  (IBUF=1)
  Clock Path Skew:        1.190ns (DCD - SCD - CPR)
    Destination Clock Delay (DCD):    1.190ns
    Source Clock Delay      (SCD):    0.000ns
    Clock Pessimism Removal (CPR):    -0.000ns
  Timing Exception:       False Path

    Location             Delay type                Incr(ns)  Path(ns)    Netlist Resource(s)
  -------------------------------------------------------------------    -------------------
    R18                                               0.000     0.000 r  btns_5bits_tri_i[3]
                         net (fo=0)                   0.000     0.000    btns_5bits_tri_i[3]
    R18                  IBUF (Prop_ibuf_I_O)         0.396     0.396 r  btns_5bits_tri_i_IBUF[3]_inst/O
                         net (fo=1, routed)           1.800     2.196    zynq_interrupt_system_i/axi_gpio_0/U0/gpio_core_1/Not_Dual.INPUT_DOUBLE_REGS3/async_path_bit[3]
    SLICE_X49Y93         FDRE                                         r  zynq_interrupt_system_i/axi_gpio_0/U0/gpio_core_1/Not_Dual.INPUT_DOUBLE_REGS3/syncstages_ff_reg[0][3]/D
  -------------------------------------------------------------------    -------------------

                         (clock clk_fpga_0 rise edge)
                                                      0.000     0.000 r  <hidden>
    PS7_X0Y0             PS7                          0.000     0.000 r  zynq_interrupt_system_i/processing_system7_0/inst/PS7_i/FCLKCLK[0]
                         net (fo=1, routed)           0.337     0.337    zynq_interrupt_system_i/processing_system7_0/inst/FCLK_CLK_unbuffered[0]
    BUFGCTRL_X0Y16       BUFG (Prop_bufg_I_O)         0.029     0.366 r  zynq_interrupt_system_i/processing_system7_0/inst/buffer_fclk_clk_0.FCLK_CLK_0_BUFG/O
                         net (fo=914, routed)         0.824     1.190    zynq_interrupt_system_i/axi_gpio_0/U0/gpio_core_1/Not_Dual.INPUT_DOUBLE_REGS3/dest_clk
    SLICE_X49Y93         FDRE                                         r  zynq_interrupt_system_i/axi_gpio_0/U0/gpio_core_1/Not_Dual.INPUT_DOUBLE_REGS3/syncstages_ff_reg[0][3]/C

Slack:                    inf
  Source:                 btns_5bits_tri_i[0]
                            (input port)
  Destination:            zynq_interrupt_system_i/axi_gpio_0/U0/gpio_core_1/Not_Dual.INPUT_DOUBLE_REGS3/syncstages_ff_reg[0][0]/D
                            (rising edge-triggered cell FDRE clocked by clk_fpga_0  {rise@0.000ns fall@5.000ns period=10.000ns})
  Path Group:             (none)
  Path Type:              Hold (Min at Fast Process Corner)
  Data Path Delay:        2.213ns  (logic 0.385ns (17.405%)  route 1.828ns (82.595%))
  Logic Levels:           1  (IBUF=1)
  Clock Path Skew:        1.189ns (DCD - SCD - CPR)
    Destination Clock Delay (DCD):    1.189ns
    Source Clock Delay      (SCD):    0.000ns
    Clock Pessimism Removal (CPR):    -0.000ns
  Timing Exception:       False Path

    Location             Delay type                Incr(ns)  Path(ns)    Netlist Resource(s)
  -------------------------------------------------------------------    -------------------
    P16                                               0.000     0.000 r  btns_5bits_tri_i[0]
                         net (fo=0)                   0.000     0.000    btns_5bits_tri_i[0]
    P16                  IBUF (Prop_ibuf_I_O)         0.385     0.385 r  btns_5bits_tri_i_IBUF[0]_inst/O
                         net (fo=1, routed)           1.828     2.213    zynq_interrupt_system_i/axi_gpio_0/U0/gpio_core_1/Not_Dual.INPUT_DOUBLE_REGS3/async_path_bit[0]
    SLICE_X48Y90         FDRE                                         r  zynq_interrupt_system_i/axi_gpio_0/U0/gpio_core_1/Not_Dual.INPUT_DOUBLE_REGS3/syncstages_ff_reg[0][0]/D
  -------------------------------------------------------------------    -------------------

                         (clock clk_fpga_0 rise edge)
                                                      0.000     0.000 r  <hidden>
    PS7_X0Y0             PS7                          0.000     0.000 r  zynq_interrupt_system_i/processing_system7_0/inst/PS7_i/FCLKCLK[0]
                         net (fo=1, routed)           0.337     0.337    zynq_interrupt_system_i/processing_system7_0/inst/FCLK_CLK_unbuffered[0]
    BUFGCTRL_X0Y16       BUFG (Prop_bufg_I_O)         0.029     0.366 r  zynq_interrupt_system_i/processing_system7_0/inst/buffer_fclk_clk_0.FCLK_CLK_0_BUFG/O
                         net (fo=914, routed)         0.823     1.189    zynq_interrupt_system_i/axi_gpio_0/U0/gpio_core_1/Not_Dual.INPUT_DOUBLE_REGS3/dest_clk
    SLICE_X48Y90         FDRE                                         r  zynq_interrupt_system_i/axi_gpio_0/U0/gpio_core_1/Not_Dual.INPUT_DOUBLE_REGS3/syncstages_ff_reg[0][0]/C

Slack:                    inf
  Source:                 btns_5bits_tri_i[1]
                            (input port)
  Destination:            zynq_interrupt_system_i/axi_gpio_0/U0/gpio_core_1/Not_Dual.INPUT_DOUBLE_REGS3/syncstages_ff_reg[0][1]/D
                            (rising edge-triggered cell FDRE clocked by clk_fpga_0  {rise@0.000ns fall@5.000ns period=10.000ns})
  Path Group:             (none)
  Path Type:              Hold (Min at Fast Process Corner)
  Data Path Delay:        2.278ns  (logic 0.410ns (17.985%)  route 1.868ns (82.015%))
  Logic Levels:           1  (IBUF=1)
  Clock Path Skew:        1.185ns (DCD - SCD - CPR)
    Destination Clock Delay (DCD):    1.185ns
    Source Clock Delay      (SCD):    0.000ns
    Clock Pessimism Removal (CPR):    -0.000ns
  Timing Exception:       False Path

    Location             Delay type                Incr(ns)  Path(ns)    Netlist Resource(s)
  -------------------------------------------------------------------    -------------------
    R16                                               0.000     0.000 r  btns_5bits_tri_i[1]
                         net (fo=0)                   0.000     0.000    btns_5bits_tri_i[1]
    R16                  IBUF (Prop_ibuf_I_O)         0.410     0.410 r  btns_5bits_tri_i_IBUF[1]_inst/O
                         net (fo=1, routed)           1.868     2.278    zynq_interrupt_system_i/axi_gpio_0/U0/gpio_core_1/Not_Dual.INPUT_DOUBLE_REGS3/async_path_bit[1]
    SLICE_X50Y91         FDRE                                         r  zynq_interrupt_system_i/axi_gpio_0/U0/gpio_core_1/Not_Dual.INPUT_DOUBLE_REGS3/syncstages_ff_reg[0][1]/D
  -------------------------------------------------------------------    -------------------

                         (clock clk_fpga_0 rise edge)
                                                      0.000     0.000 r  <hidden>
    PS7_X0Y0             PS7                          0.000     0.000 r  zynq_interrupt_system_i/processing_system7_0/inst/PS7_i/FCLKCLK[0]
                         net (fo=1, routed)           0.337     0.337    zynq_interrupt_system_i/processing_system7_0/inst/FCLK_CLK_unbuffered[0]
    BUFGCTRL_X0Y16       BUFG (Prop_bufg_I_O)         0.029     0.366 r  zynq_interrupt_system_i/processing_system7_0/inst/buffer_fclk_clk_0.FCLK_CLK_0_BUFG/O
                         net (fo=914, routed)         0.819     1.185    zynq_interrupt_system_i/axi_gpio_0/U0/gpio_core_1/Not_Dual.INPUT_DOUBLE_REGS3/dest_clk
    SLICE_X50Y91         FDRE                                         r  zynq_interrupt_system_i/axi_gpio_0/U0/gpio_core_1/Not_Dual.INPUT_DOUBLE_REGS3/syncstages_ff_reg[0][1]/C





--------------------------------------------------------------------------------------
Path Group:  (none)
From Clock:  clk_fpga_0
  To Clock:  clk_fpga_0

Max Delay             1 Endpoint
Min Delay             1 Endpoint
--------------------------------------------------------------------------------------


Max Delay Paths
--------------------------------------------------------------------------------------
Slack:                    inf
  Source:                 zynq_interrupt_system_i/rst_ps7_0_100M/U0/ACTIVE_LOW_PR_OUT_DFF[0].FDRE_PER_N/C
                            (rising edge-triggered cell FDRE clocked by clk_fpga_0  {rise@0.000ns fall@5.000ns period=10.000ns})
  Destination:            zynq_interrupt_system_i/axi_smc/inst/sc_ul/inst/cdc_aresetn/syncstages_ff_reg[0]/D
                            (rising edge-triggered cell FDRE clocked by clk_fpga_0  {rise@0.000ns fall@5.000ns period=10.000ns})
  Path Group:             (none)
  Path Type:              Setup (Max at Slow Process Corner)
  Data Path Delay:        1.031ns  (logic 0.518ns (50.228%)  route 0.513ns (49.772%))
  Logic Levels:           0  
  Clock Path Skew:        -0.478ns (DCD - SCD + CPR)
    Destination Clock Delay (DCD):    2.659ns
    Source Clock Delay      (SCD):    3.137ns
    Clock Pessimism Removal (CPR):    0.000ns
  Clock Uncertainty:      0.154ns  ((TSJ^2 + TIJ^2)^1/2 + DJ) / 2 + PE
    Total System Jitter     (TSJ):    0.071ns
    Total Input Jitter      (TIJ):    0.300ns
    Discrete Jitter          (DJ):    0.000ns
    Phase Error              (PE):    0.000ns
  Timing Exception:       False Path

    Location             Delay type                Incr(ns)  Path(ns)    Netlist Resource(s)
  -------------------------------------------------------------------    -------------------
                         (clock clk_fpga_0 rise edge)
                                                      0.000     0.000 r  <hidden>
    PS7_X0Y0             PS7                          0.000     0.000 r  zynq_interrupt_system_i/processing_system7_0/inst/PS7_i/FCLKCLK[0]
                         net (fo=1, routed)           1.193     1.193    zynq_interrupt_system_i/processing_system7_0/inst/FCLK_CLK_unbuffered[0]
    BUFGCTRL_X0Y16       BUFG (Prop_bufg_I_O)         0.101     1.294 r  zynq_interrupt_system_i/processing_system7_0/inst/buffer_fclk_clk_0.FCLK_CLK_0_BUFG/O
                         net (fo=914, routed)         1.843     3.137    zynq_interrupt_system_i/rst_ps7_0_100M/U0/slowest_sync_clk
    SLICE_X36Y107        FDRE                                         r  zynq_interrupt_system_i/rst_ps7_0_100M/U0/ACTIVE_LOW_PR_OUT_DFF[0].FDRE_PER_N/C
  -------------------------------------------------------------------    -------------------
    SLICE_X36Y107        FDRE (Prop_fdre_C_Q)         0.518     3.655 r  zynq_interrupt_system_i/rst_ps7_0_100M/U0/ACTIVE_LOW_PR_OUT_DFF[0].FDRE_PER_N/Q
                         net (fo=12, routed)          0.513     4.168    zynq_interrupt_system_i/axi_smc/inst/sc_ul/inst/cdc_aresetn/src_rst
    SLICE_X37Y99         FDRE                                         r  zynq_interrupt_system_i/axi_smc/inst/sc_ul/inst/cdc_aresetn/syncstages_ff_reg[0]/D
  -------------------------------------------------------------------    -------------------

                         (clock clk_fpga_0 rise edge)
                                                      0.000     0.000 r  <hidden>
    PS7_X0Y0             PS7                          0.000     0.000 r  zynq_interrupt_system_i/processing_system7_0/inst/PS7_i/FCLKCLK[0]
                         net (fo=1, routed)           1.088     1.088    zynq_interrupt_system_i/processing_system7_0/inst/FCLK_CLK_unbuffered[0]
    BUFGCTRL_X0Y16       BUFG (Prop_bufg_I_O)         0.091     1.179 r  zynq_interrupt_system_i/processing_system7_0/inst/buffer_fclk_clk_0.FCLK_CLK_0_BUFG/O
                         net (fo=914, routed)         1.480     2.659    zynq_interrupt_system_i/axi_smc/inst/sc_ul/inst/cdc_aresetn/dest_clk
    SLICE_X37Y99         FDRE                                         r  zynq_interrupt_system_i/axi_smc/inst/sc_ul/inst/cdc_aresetn/syncstages_ff_reg[0]/C





Min Delay Paths
--------------------------------------------------------------------------------------
Slack:                    inf
  Source:                 zynq_interrupt_system_i/rst_ps7_0_100M/U0/ACTIVE_LOW_PR_OUT_DFF[0].FDRE_PER_N/C
                            (rising edge-triggered cell FDRE clocked by clk_fpga_0  {rise@0.000ns fall@5.000ns period=10.000ns})
  Destination:            zynq_interrupt_system_i/axi_smc/inst/sc_ul/inst/cdc_aresetn/syncstages_ff_reg[0]/D
                            (rising edge-triggered cell FDRE clocked by clk_fpga_0  {rise@0.000ns fall@5.000ns period=10.000ns})
  Path Group:             (none)
  Path Type:              Hold (Min at Fast Process Corner)
  Data Path Delay:        0.374ns  (logic 0.164ns (43.815%)  route 0.210ns (56.185%))
  Logic Levels:           0  
  Clock Path Skew:        0.218ns (DCD - SCD - CPR)
    Destination Clock Delay (DCD):    1.191ns
    Source Clock Delay      (SCD):    0.973ns
    Clock Pessimism Removal (CPR):    -0.000ns
  Clock Uncertainty:      0.154ns  ((TSJ^2 + TIJ^2)^1/2 + DJ) / 2 + PE
    Total System Jitter     (TSJ):    0.071ns
    Total Input Jitter      (TIJ):    0.300ns
    Discrete Jitter          (DJ):    0.000ns
    Phase Error              (PE):    0.000ns
  Timing Exception:       False Path

    Location             Delay type                Incr(ns)  Path(ns)    Netlist Resource(s)
  -------------------------------------------------------------------    -------------------
                         (clock clk_fpga_0 rise edge)
                                                      0.000     0.000 r  <hidden>
    PS7_X0Y0             PS7                          0.000     0.000 r  zynq_interrupt_system_i/processing_system7_0/inst/PS7_i/FCLKCLK[0]
                         net (fo=1, routed)           0.310     0.310    zynq_interrupt_system_i/processing_system7_0/inst/FCLK_CLK_unbuffered[0]
    BUFGCTRL_X0Y16       BUFG (Prop_bufg_I_O)         0.026     0.336 r  zynq_interrupt_system_i/processing_system7_0/inst/buffer_fclk_clk_0.FCLK_CLK_0_BUFG/O
                         net (fo=914, routed)         0.637     0.973    zynq_interrupt_system_i/rst_ps7_0_100M/U0/slowest_sync_clk
    SLICE_X36Y107        FDRE                                         r  zynq_interrupt_system_i/rst_ps7_0_100M/U0/ACTIVE_LOW_PR_OUT_DFF[0].FDRE_PER_N/C
  -------------------------------------------------------------------    -------------------
    SLICE_X36Y107        FDRE (Prop_fdre_C_Q)         0.164     1.137 r  zynq_interrupt_system_i/rst_ps7_0_100M/U0/ACTIVE_LOW_PR_OUT_DFF[0].FDRE_PER_N/Q
                         net (fo=12, routed)          0.210     1.347    zynq_interrupt_system_i/axi_smc/inst/sc_ul/inst/cdc_aresetn/src_rst
    SLICE_X37Y99         FDRE                                         r  zynq_interrupt_system_i/axi_smc/inst/sc_ul/inst/cdc_aresetn/syncstages_ff_reg[0]/D
  -------------------------------------------------------------------    -------------------

                         (clock clk_fpga_0 rise edge)
                                                      0.000     0.000 r  <hidden>
    PS7_X0Y0             PS7                          0.000     0.000 r  zynq_interrupt_system_i/processing_system7_0/inst/PS7_i/FCLKCLK[0]
                         net (fo=1, routed)           0.337     0.337    zynq_interrupt_system_i/processing_system7_0/inst/FCLK_CLK_unbuffered[0]
    BUFGCTRL_X0Y16       BUFG (Prop_bufg_I_O)         0.029     0.366 r  zynq_interrupt_system_i/processing_system7_0/inst/buffer_fclk_clk_0.FCLK_CLK_0_BUFG/O
                         net (fo=914, routed)         0.825     1.191    zynq_interrupt_system_i/axi_smc/inst/sc_ul/inst/cdc_aresetn/dest_clk
    SLICE_X37Y99         FDRE                                         r  zynq_interrupt_system_i/axi_smc/inst/sc_ul/inst/cdc_aresetn/syncstages_ff_reg[0]/C





--------------------------------------------------------------------------------------
Path Group:  (none)
From Clock:  clk_fpga_0
  To Clock:  

Max Delay             8 Endpoints
Min Delay             8 Endpoints
--------------------------------------------------------------------------------------


Max Delay Paths
--------------------------------------------------------------------------------------
Slack:                    inf
  Source:                 zynq_interrupt_system_i/axi_gpio_1/U0/gpio_core_1/Not_Dual.gpio_Data_Out_reg[0]_lopt_replica/C
                            (rising edge-triggered cell FDRE clocked by clk_fpga_0  {rise@0.000ns fall@5.000ns period=10.000ns})
  Destination:            leds_8bits_tri_o[7]
                            (output port)
  Path Group:             (none)
  Path Type:              Max at Slow Process Corner
  Data Path Delay:        10.045ns  (logic 3.958ns (39.402%)  route 6.087ns (60.598%))
  Logic Levels:           1  (OBUF=1)
  Clock Uncertainty:      0.152ns  ((TSJ^2 + TIJ^2)^1/2 + DJ) / 2 + PE
    Total System Jitter     (TSJ):    0.050ns
    Total Input Jitter      (TIJ):    0.300ns
    Discrete Jitter          (DJ):    0.000ns
    Phase Error              (PE):    0.000ns

    Location             Delay type                Incr(ns)  Path(ns)    Netlist Resource(s)
  -------------------------------------------------------------------    -------------------
                         (clock clk_fpga_0 rise edge)
                                                      0.000     0.000 r  <hidden>
    PS7_X0Y0             PS7                          0.000     0.000 r  zynq_interrupt_system_i/processing_system7_0/inst/PS7_i/FCLKCLK[0]
                         net (fo=1, routed)           1.193     1.193    zynq_interrupt_system_i/processing_system7_0/inst/FCLK_CLK_unbuffered[0]
    BUFGCTRL_X0Y16       BUFG (Prop_bufg_I_O)         0.101     1.294 r  zynq_interrupt_system_i/processing_system7_0/inst/buffer_fclk_clk_0.FCLK_CLK_0_BUFG/O
                         net (fo=914, routed)         1.646     2.940    zynq_interrupt_system_i/axi_gpio_1/U0/gpio_core_1/s_axi_aclk
    SLICE_X47Y85         FDRE                                         r  zynq_interrupt_system_i/axi_gpio_1/U0/gpio_core_1/Not_Dual.gpio_Data_Out_reg[0]_lopt_replica/C
  -------------------------------------------------------------------    -------------------
    SLICE_X47Y85         FDRE (Prop_fdre_C_Q)         0.456     3.396 r  zynq_interrupt_system_i/axi_gpio_1/U0/gpio_core_1/Not_Dual.gpio_Data_Out_reg[0]_lopt_replica/Q
                         net (fo=1, routed)           6.087     9.483    lopt_7
    U14                  OBUF (Prop_obuf_I_O)         3.502    12.985 r  leds_8bits_tri_o_OBUF[7]_inst/O
                         net (fo=0)                   0.000    12.985    leds_8bits_tri_o[7]
    U14                                                               r  leds_8bits_tri_o[7]
  -------------------------------------------------------------------    -------------------

Slack:                    inf
  Source:                 zynq_interrupt_system_i/axi_gpio_1/U0/gpio_core_1/Not_Dual.gpio_Data_Out_reg[5]_lopt_replica/C
                            (rising edge-triggered cell FDRE clocked by clk_fpga_0  {rise@0.000ns fall@5.000ns period=10.000ns})
  Destination:            leds_8bits_tri_o[2]
                            (output port)
  Path Group:             (none)
  Path Type:              Max at Slow Process Corner
  Data Path Delay:        8.817ns  (logic 4.049ns (45.921%)  route 4.768ns (54.079%))
  Logic Levels:           1  (OBUF=1)
  Clock Uncertainty:      0.152ns  ((TSJ^2 + TIJ^2)^1/2 + DJ) / 2 + PE
    Total System Jitter     (TSJ):    0.050ns
    Total Input Jitter      (TIJ):    0.300ns
    Discrete Jitter          (DJ):    0.000ns
    Phase Error              (PE):    0.000ns

    Location             Delay type                Incr(ns)  Path(ns)    Netlist Resource(s)
  -------------------------------------------------------------------    -------------------
                         (clock clk_fpga_0 rise edge)
                                                      0.000     0.000 r  <hidden>
    PS7_X0Y0             PS7                          0.000     0.000 r  zynq_interrupt_system_i/processing_system7_0/inst/PS7_i/FCLKCLK[0]
                         net (fo=1, routed)           1.193     1.193    zynq_interrupt_system_i/processing_system7_0/inst/FCLK_CLK_unbuffered[0]
    BUFGCTRL_X0Y16       BUFG (Prop_bufg_I_O)         0.101     1.294 r  zynq_interrupt_system_i/processing_system7_0/inst/buffer_fclk_clk_0.FCLK_CLK_0_BUFG/O
                         net (fo=914, routed)         1.646     2.940    zynq_interrupt_system_i/axi_gpio_1/U0/gpio_core_1/s_axi_aclk
    SLICE_X46Y85         FDRE                                         r  zynq_interrupt_system_i/axi_gpio_1/U0/gpio_core_1/Not_Dual.gpio_Data_Out_reg[5]_lopt_replica/C
  -------------------------------------------------------------------    -------------------
    SLICE_X46Y85         FDRE (Prop_fdre_C_Q)         0.518     3.458 r  zynq_interrupt_system_i/axi_gpio_1/U0/gpio_core_1/Not_Dual.gpio_Data_Out_reg[5]_lopt_replica/Q
                         net (fo=1, routed)           4.768     8.226    lopt_2
    U22                  OBUF (Prop_obuf_I_O)         3.531    11.757 r  leds_8bits_tri_o_OBUF[2]_inst/O
                         net (fo=0)                   0.000    11.757    leds_8bits_tri_o[2]
    U22                                                               r  leds_8bits_tri_o[2]
  -------------------------------------------------------------------    -------------------

Slack:                    inf
  Source:                 zynq_interrupt_system_i/axi_gpio_1/U0/gpio_core_1/Not_Dual.gpio_Data_Out_reg[3]_lopt_replica/C
                            (rising edge-triggered cell FDRE clocked by clk_fpga_0  {rise@0.000ns fall@5.000ns period=10.000ns})
  Destination:            leds_8bits_tri_o[4]
                            (output port)
  Path Group:             (none)
  Path Type:              Max at Slow Process Corner
  Data Path Delay:        8.812ns  (logic 4.055ns (46.017%)  route 4.757ns (53.983%))
  Logic Levels:           1  (OBUF=1)
  Clock Uncertainty:      0.152ns  ((TSJ^2 + TIJ^2)^1/2 + DJ) / 2 + PE
    Total System Jitter     (TSJ):    0.050ns
    Total Input Jitter      (TIJ):    0.300ns
    Discrete Jitter          (DJ):    0.000ns
    Phase Error              (PE):    0.000ns

    Location             Delay type                Incr(ns)  Path(ns)    Netlist Resource(s)
  -------------------------------------------------------------------    -------------------
                         (clock clk_fpga_0 rise edge)
                                                      0.000     0.000 r  <hidden>
    PS7_X0Y0             PS7                          0.000     0.000 r  zynq_interrupt_system_i/processing_system7_0/inst/PS7_i/FCLKCLK[0]
                         net (fo=1, routed)           1.193     1.193    zynq_interrupt_system_i/processing_system7_0/inst/FCLK_CLK_unbuffered[0]
    BUFGCTRL_X0Y16       BUFG (Prop_bufg_I_O)         0.101     1.294 r  zynq_interrupt_system_i/processing_system7_0/inst/buffer_fclk_clk_0.FCLK_CLK_0_BUFG/O
                         net (fo=914, routed)         1.646     2.940    zynq_interrupt_system_i/axi_gpio_1/U0/gpio_core_1/s_axi_aclk
    SLICE_X46Y85         FDRE                                         r  zynq_interrupt_system_i/axi_gpio_1/U0/gpio_core_1/Not_Dual.gpio_Data_Out_reg[3]_lopt_replica/C
  -------------------------------------------------------------------    -------------------
    SLICE_X46Y85         FDRE (Prop_fdre_C_Q)         0.518     3.458 r  zynq_interrupt_system_i/axi_gpio_1/U0/gpio_core_1/Not_Dual.gpio_Data_Out_reg[3]_lopt_replica/Q
                         net (fo=1, routed)           4.757     8.215    lopt_4
    V22                  OBUF (Prop_obuf_I_O)         3.537    11.752 r  leds_8bits_tri_o_OBUF[4]_inst/O
                         net (fo=0)                   0.000    11.752    leds_8bits_tri_o[4]
    V22                                                               r  leds_8bits_tri_o[4]
  -------------------------------------------------------------------    -------------------

Slack:                    inf
  Source:                 zynq_interrupt_system_i/axi_gpio_1/U0/gpio_core_1/Not_Dual.gpio_Data_Out_reg[2]_lopt_replica/C
                            (rising edge-triggered cell FDRE clocked by clk_fpga_0  {rise@0.000ns fall@5.000ns period=10.000ns})
  Destination:            leds_8bits_tri_o[5]
                            (output port)
  Path Group:             (none)
  Path Type:              Max at Slow Process Corner
  Data Path Delay:        8.677ns  (logic 3.987ns (45.951%)  route 4.690ns (54.049%))
  Logic Levels:           1  (OBUF=1)
  Clock Uncertainty:      0.152ns  ((TSJ^2 + TIJ^2)^1/2 + DJ) / 2 + PE
    Total System Jitter     (TSJ):    0.050ns
    Total Input Jitter      (TIJ):    0.300ns
    Discrete Jitter          (DJ):    0.000ns
    Phase Error              (PE):    0.000ns

    Location             Delay type                Incr(ns)  Path(ns)    Netlist Resource(s)
  -------------------------------------------------------------------    -------------------
                         (clock clk_fpga_0 rise edge)
                                                      0.000     0.000 r  <hidden>
    PS7_X0Y0             PS7                          0.000     0.000 r  zynq_interrupt_system_i/processing_system7_0/inst/PS7_i/FCLKCLK[0]
                         net (fo=1, routed)           1.193     1.193    zynq_interrupt_system_i/processing_system7_0/inst/FCLK_CLK_unbuffered[0]
    BUFGCTRL_X0Y16       BUFG (Prop_bufg_I_O)         0.101     1.294 r  zynq_interrupt_system_i/processing_system7_0/inst/buffer_fclk_clk_0.FCLK_CLK_0_BUFG/O
                         net (fo=914, routed)         1.646     2.940    zynq_interrupt_system_i/axi_gpio_1/U0/gpio_core_1/s_axi_aclk
    SLICE_X47Y86         FDRE                                         r  zynq_interrupt_system_i/axi_gpio_1/U0/gpio_core_1/Not_Dual.gpio_Data_Out_reg[2]_lopt_replica/C
  -------------------------------------------------------------------    -------------------
    SLICE_X47Y86         FDRE (Prop_fdre_C_Q)         0.456     3.396 r  zynq_interrupt_system_i/axi_gpio_1/U0/gpio_core_1/Not_Dual.gpio_Data_Out_reg[2]_lopt_replica/Q
                         net (fo=1, routed)           4.690     8.086    lopt_5
    W22                  OBUF (Prop_obuf_I_O)         3.531    11.617 r  leds_8bits_tri_o_OBUF[5]_inst/O
                         net (fo=0)                   0.000    11.617    leds_8bits_tri_o[5]
    W22                                                               r  leds_8bits_tri_o[5]
  -------------------------------------------------------------------    -------------------

Slack:                    inf
  Source:                 zynq_interrupt_system_i/axi_gpio_1/U0/gpio_core_1/Not_Dual.gpio_Data_Out_reg[4]_lopt_replica/C
                            (rising edge-triggered cell FDRE clocked by clk_fpga_0  {rise@0.000ns fall@5.000ns period=10.000ns})
  Destination:            leds_8bits_tri_o[3]
                            (output port)
  Path Group:             (none)
  Path Type:              Max at Slow Process Corner
  Data Path Delay:        8.638ns  (logic 4.048ns (46.859%)  route 4.590ns (53.141%))
  Logic Levels:           1  (OBUF=1)
  Clock Uncertainty:      0.152ns  ((TSJ^2 + TIJ^2)^1/2 + DJ) / 2 + PE
    Total System Jitter     (TSJ):    0.050ns
    Total Input Jitter      (TIJ):    0.300ns
    Discrete Jitter          (DJ):    0.000ns
    Phase Error              (PE):    0.000ns

    Location             Delay type                Incr(ns)  Path(ns)    Netlist Resource(s)
  -------------------------------------------------------------------    -------------------
                         (clock clk_fpga_0 rise edge)
                                                      0.000     0.000 r  <hidden>
    PS7_X0Y0             PS7                          0.000     0.000 r  zynq_interrupt_system_i/processing_system7_0/inst/PS7_i/FCLKCLK[0]
                         net (fo=1, routed)           1.193     1.193    zynq_interrupt_system_i/processing_system7_0/inst/FCLK_CLK_unbuffered[0]
    BUFGCTRL_X0Y16       BUFG (Prop_bufg_I_O)         0.101     1.294 r  zynq_interrupt_system_i/processing_system7_0/inst/buffer_fclk_clk_0.FCLK_CLK_0_BUFG/O
                         net (fo=914, routed)         1.646     2.940    zynq_interrupt_system_i/axi_gpio_1/U0/gpio_core_1/s_axi_aclk
    SLICE_X46Y85         FDRE                                         r  zynq_interrupt_system_i/axi_gpio_1/U0/gpio_core_1/Not_Dual.gpio_Data_Out_reg[4]_lopt_replica/C
  -------------------------------------------------------------------    -------------------
    SLICE_X46Y85         FDRE (Prop_fdre_C_Q)         0.518     3.458 r  zynq_interrupt_system_i/axi_gpio_1/U0/gpio_core_1/Not_Dual.gpio_Data_Out_reg[4]_lopt_replica/Q
                         net (fo=1, routed)           4.590     8.048    lopt_3
    U21                  OBUF (Prop_obuf_I_O)         3.530    11.578 r  leds_8bits_tri_o_OBUF[3]_inst/O
                         net (fo=0)                   0.000    11.578    leds_8bits_tri_o[3]
    U21                                                               r  leds_8bits_tri_o[3]
  -------------------------------------------------------------------    -------------------

Slack:                    inf
  Source:                 zynq_interrupt_system_i/axi_gpio_1/U0/gpio_core_1/Not_Dual.gpio_Data_Out_reg[7]_lopt_replica/C
                            (rising edge-triggered cell FDRE clocked by clk_fpga_0  {rise@0.000ns fall@5.000ns period=10.000ns})
  Destination:            leds_8bits_tri_o[0]
                            (output port)
  Path Group:             (none)
  Path Type:              Max at Slow Process Corner
  Data Path Delay:        8.613ns  (logic 3.978ns (46.188%)  route 4.635ns (53.812%))
  Logic Levels:           1  (OBUF=1)
  Clock Uncertainty:      0.152ns  ((TSJ^2 + TIJ^2)^1/2 + DJ) / 2 + PE
    Total System Jitter     (TSJ):    0.050ns
    Total Input Jitter      (TIJ):    0.300ns
    Discrete Jitter          (DJ):    0.000ns
    Phase Error              (PE):    0.000ns

    Location             Delay type                Incr(ns)  Path(ns)    Netlist Resource(s)
  -------------------------------------------------------------------    -------------------
                         (clock clk_fpga_0 rise edge)
                                                      0.000     0.000 r  <hidden>
    PS7_X0Y0             PS7                          0.000     0.000 r  zynq_interrupt_system_i/processing_system7_0/inst/PS7_i/FCLKCLK[0]
                         net (fo=1, routed)           1.193     1.193    zynq_interrupt_system_i/processing_system7_0/inst/FCLK_CLK_unbuffered[0]
    BUFGCTRL_X0Y16       BUFG (Prop_bufg_I_O)         0.101     1.294 r  zynq_interrupt_system_i/processing_system7_0/inst/buffer_fclk_clk_0.FCLK_CLK_0_BUFG/O
                         net (fo=914, routed)         1.648     2.942    zynq_interrupt_system_i/axi_gpio_1/U0/gpio_core_1/s_axi_aclk
    SLICE_X47Y88         FDRE                                         r  zynq_interrupt_system_i/axi_gpio_1/U0/gpio_core_1/Not_Dual.gpio_Data_Out_reg[7]_lopt_replica/C
  -------------------------------------------------------------------    -------------------
    SLICE_X47Y88         FDRE (Prop_fdre_C_Q)         0.456     3.398 r  zynq_interrupt_system_i/axi_gpio_1/U0/gpio_core_1/Not_Dual.gpio_Data_Out_reg[7]_lopt_replica/Q
                         net (fo=1, routed)           4.635     8.033    lopt
    T22                  OBUF (Prop_obuf_I_O)         3.522    11.555 r  leds_8bits_tri_o_OBUF[0]_inst/O
                         net (fo=0)                   0.000    11.555    leds_8bits_tri_o[0]
    T22                                                               r  leds_8bits_tri_o[0]
  -------------------------------------------------------------------    -------------------

Slack:                    inf
  Source:                 zynq_interrupt_system_i/axi_gpio_1/U0/gpio_core_1/Not_Dual.gpio_Data_Out_reg[6]_lopt_replica/C
                            (rising edge-triggered cell FDRE clocked by clk_fpga_0  {rise@0.000ns fall@5.000ns period=10.000ns})
  Destination:            leds_8bits_tri_o[1]
                            (output port)
  Path Group:             (none)
  Path Type:              Max at Slow Process Corner
  Data Path Delay:        8.451ns  (logic 4.032ns (47.707%)  route 4.419ns (52.293%))
  Logic Levels:           1  (OBUF=1)
  Clock Uncertainty:      0.152ns  ((TSJ^2 + TIJ^2)^1/2 + DJ) / 2 + PE
    Total System Jitter     (TSJ):    0.050ns
    Total Input Jitter      (TIJ):    0.300ns
    Discrete Jitter          (DJ):    0.000ns
    Phase Error              (PE):    0.000ns

    Location             Delay type                Incr(ns)  Path(ns)    Netlist Resource(s)
  -------------------------------------------------------------------    -------------------
                         (clock clk_fpga_0 rise edge)
                                                      0.000     0.000 r  <hidden>
    PS7_X0Y0             PS7                          0.000     0.000 r  zynq_interrupt_system_i/processing_system7_0/inst/PS7_i/FCLKCLK[0]
                         net (fo=1, routed)           1.193     1.193    zynq_interrupt_system_i/processing_system7_0/inst/FCLK_CLK_unbuffered[0]
    BUFGCTRL_X0Y16       BUFG (Prop_bufg_I_O)         0.101     1.294 r  zynq_interrupt_system_i/processing_system7_0/inst/buffer_fclk_clk_0.FCLK_CLK_0_BUFG/O
                         net (fo=914, routed)         1.646     2.940    zynq_interrupt_system_i/axi_gpio_1/U0/gpio_core_1/s_axi_aclk
    SLICE_X46Y85         FDRE                                         r  zynq_interrupt_system_i/axi_gpio_1/U0/gpio_core_1/Not_Dual.gpio_Data_Out_reg[6]_lopt_replica/C
  -------------------------------------------------------------------    -------------------
    SLICE_X46Y85         FDRE (Prop_fdre_C_Q)         0.518     3.458 r  zynq_interrupt_system_i/axi_gpio_1/U0/gpio_core_1/Not_Dual.gpio_Data_Out_reg[6]_lopt_replica/Q
                         net (fo=1, routed)           4.419     7.877    lopt_1
    T21                  OBUF (Prop_obuf_I_O)         3.514    11.391 r  leds_8bits_tri_o_OBUF[1]_inst/O
                         net (fo=0)                   0.000    11.391    leds_8bits_tri_o[1]
    T21                                                               r  leds_8bits_tri_o[1]
  -------------------------------------------------------------------    -------------------

Slack:                    inf
  Source:                 zynq_interrupt_system_i/axi_gpio_1/U0/gpio_core_1/Not_Dual.gpio_Data_Out_reg[1]_lopt_replica/C
                            (rising edge-triggered cell FDRE clocked by clk_fpga_0  {rise@0.000ns fall@5.000ns period=10.000ns})
  Destination:            leds_8bits_tri_o[6]
                            (output port)
  Path Group:             (none)
  Path Type:              Max at Slow Process Corner
  Data Path Delay:        8.397ns  (logic 3.968ns (47.256%)  route 4.429ns (52.744%))
  Logic Levels:           1  (OBUF=1)
  Clock Uncertainty:      0.152ns  ((TSJ^2 + TIJ^2)^1/2 + DJ) / 2 + PE
    Total System Jitter     (TSJ):    0.050ns
    Total Input Jitter      (TIJ):    0.300ns
    Discrete Jitter          (DJ):    0.000ns
    Phase Error              (PE):    0.000ns

    Location             Delay type                Incr(ns)  Path(ns)    Netlist Resource(s)
  -------------------------------------------------------------------    -------------------
                         (clock clk_fpga_0 rise edge)
                                                      0.000     0.000 r  <hidden>
    PS7_X0Y0             PS7                          0.000     0.000 r  zynq_interrupt_system_i/processing_system7_0/inst/PS7_i/FCLKCLK[0]
                         net (fo=1, routed)           1.193     1.193    zynq_interrupt_system_i/processing_system7_0/inst/FCLK_CLK_unbuffered[0]
    BUFGCTRL_X0Y16       BUFG (Prop_bufg_I_O)         0.101     1.294 r  zynq_interrupt_system_i/processing_system7_0/inst/buffer_fclk_clk_0.FCLK_CLK_0_BUFG/O
                         net (fo=914, routed)         1.646     2.940    zynq_interrupt_system_i/axi_gpio_1/U0/gpio_core_1/s_axi_aclk
    SLICE_X47Y85         FDRE                                         r  zynq_interrupt_system_i/axi_gpio_1/U0/gpio_core_1/Not_Dual.gpio_Data_Out_reg[1]_lopt_replica/C
  -------------------------------------------------------------------    -------------------
    SLICE_X47Y85         FDRE (Prop_fdre_C_Q)         0.456     3.396 r  zynq_interrupt_system_i/axi_gpio_1/U0/gpio_core_1/Not_Dual.gpio_Data_Out_reg[1]_lopt_replica/Q
                         net (fo=1, routed)           4.429     7.825    lopt_6
    U19                  OBUF (Prop_obuf_I_O)         3.512    11.337 r  leds_8bits_tri_o_OBUF[6]_inst/O
                         net (fo=0)                   0.000    11.337    leds_8bits_tri_o[6]
    U19                                                               r  leds_8bits_tri_o[6]
  -------------------------------------------------------------------    -------------------





Min Delay Paths
--------------------------------------------------------------------------------------
Slack:                    inf
  Source:                 zynq_interrupt_system_i/axi_gpio_1/U0/gpio_core_1/Not_Dual.gpio_Data_Out_reg[6]_lopt_replica/C
                            (rising edge-triggered cell FDRE clocked by clk_fpga_0  {rise@0.000ns fall@5.000ns period=10.000ns})
  Destination:            leds_8bits_tri_o[1]
                            (output port)
  Path Group:             (none)
  Path Type:              Min at Fast Process Corner
  Data Path Delay:        3.049ns  (logic 1.379ns (45.219%)  route 1.670ns (54.781%))
  Logic Levels:           1  (OBUF=1)
  Clock Uncertainty:      0.152ns  ((TSJ^2 + TIJ^2)^1/2 + DJ) / 2 + PE
    Total System Jitter     (TSJ):    0.050ns
    Total Input Jitter      (TIJ):    0.300ns
    Discrete Jitter          (DJ):    0.000ns
    Phase Error              (PE):    0.000ns

    Location             Delay type                Incr(ns)  Path(ns)    Netlist Resource(s)
  -------------------------------------------------------------------    -------------------
                         (clock clk_fpga_0 rise edge)
                                                      0.000     0.000 r  <hidden>
    PS7_X0Y0             PS7                          0.000     0.000 r  zynq_interrupt_system_i/processing_system7_0/inst/PS7_i/FCLKCLK[0]
                         net (fo=1, routed)           0.310     0.310    zynq_interrupt_system_i/processing_system7_0/inst/FCLK_CLK_unbuffered[0]
    BUFGCTRL_X0Y16       BUFG (Prop_bufg_I_O)         0.026     0.336 r  zynq_interrupt_system_i/processing_system7_0/inst/buffer_fclk_clk_0.FCLK_CLK_0_BUFG/O
                         net (fo=914, routed)         0.552     0.888    zynq_interrupt_system_i/axi_gpio_1/U0/gpio_core_1/s_axi_aclk
    SLICE_X46Y85         FDRE                                         r  zynq_interrupt_system_i/axi_gpio_1/U0/gpio_core_1/Not_Dual.gpio_Data_Out_reg[6]_lopt_replica/C
  -------------------------------------------------------------------    -------------------
    SLICE_X46Y85         FDRE (Prop_fdre_C_Q)         0.164     1.052 r  zynq_interrupt_system_i/axi_gpio_1/U0/gpio_core_1/Not_Dual.gpio_Data_Out_reg[6]_lopt_replica/Q
                         net (fo=1, routed)           1.670     2.722    lopt_1
    T21                  OBUF (Prop_obuf_I_O)         1.215     3.937 r  leds_8bits_tri_o_OBUF[1]_inst/O
                         net (fo=0)                   0.000     3.937    leds_8bits_tri_o[1]
    T21                                                               r  leds_8bits_tri_o[1]
  -------------------------------------------------------------------    -------------------

Slack:                    inf
  Source:                 zynq_interrupt_system_i/axi_gpio_1/U0/gpio_core_1/Not_Dual.gpio_Data_Out_reg[1]_lopt_replica/C
                            (rising edge-triggered cell FDRE clocked by clk_fpga_0  {rise@0.000ns fall@5.000ns period=10.000ns})
  Destination:            leds_8bits_tri_o[6]
                            (output port)
  Path Group:             (none)
  Path Type:              Min at Fast Process Corner
  Data Path Delay:        3.080ns  (logic 1.354ns (43.967%)  route 1.726ns (56.033%))
  Logic Levels:           1  (OBUF=1)
  Clock Uncertainty:      0.152ns  ((TSJ^2 + TIJ^2)^1/2 + DJ) / 2 + PE
    Total System Jitter     (TSJ):    0.050ns
    Total Input Jitter      (TIJ):    0.300ns
    Discrete Jitter          (DJ):    0.000ns
    Phase Error              (PE):    0.000ns

    Location             Delay type                Incr(ns)  Path(ns)    Netlist Resource(s)
  -------------------------------------------------------------------    -------------------
                         (clock clk_fpga_0 rise edge)
                                                      0.000     0.000 r  <hidden>
    PS7_X0Y0             PS7                          0.000     0.000 r  zynq_interrupt_system_i/processing_system7_0/inst/PS7_i/FCLKCLK[0]
                         net (fo=1, routed)           0.310     0.310    zynq_interrupt_system_i/processing_system7_0/inst/FCLK_CLK_unbuffered[0]
    BUFGCTRL_X0Y16       BUFG (Prop_bufg_I_O)         0.026     0.336 r  zynq_interrupt_system_i/processing_system7_0/inst/buffer_fclk_clk_0.FCLK_CLK_0_BUFG/O
                         net (fo=914, routed)         0.552     0.888    zynq_interrupt_system_i/axi_gpio_1/U0/gpio_core_1/s_axi_aclk
    SLICE_X47Y85         FDRE                                         r  zynq_interrupt_system_i/axi_gpio_1/U0/gpio_core_1/Not_Dual.gpio_Data_Out_reg[1]_lopt_replica/C
  -------------------------------------------------------------------    -------------------
    SLICE_X47Y85         FDRE (Prop_fdre_C_Q)         0.141     1.029 r  zynq_interrupt_system_i/axi_gpio_1/U0/gpio_core_1/Not_Dual.gpio_Data_Out_reg[1]_lopt_replica/Q
                         net (fo=1, routed)           1.726     2.755    lopt_6
    U19                  OBUF (Prop_obuf_I_O)         1.213     3.968 r  leds_8bits_tri_o_OBUF[6]_inst/O
                         net (fo=0)                   0.000     3.968    leds_8bits_tri_o[6]
    U19                                                               r  leds_8bits_tri_o[6]
  -------------------------------------------------------------------    -------------------

Slack:                    inf
  Source:                 zynq_interrupt_system_i/axi_gpio_1/U0/gpio_core_1/Not_Dual.gpio_Data_Out_reg[2]_lopt_replica/C
                            (rising edge-triggered cell FDRE clocked by clk_fpga_0  {rise@0.000ns fall@5.000ns period=10.000ns})
  Destination:            leds_8bits_tri_o[5]
                            (output port)
  Path Group:             (none)
  Path Type:              Min at Fast Process Corner
  Data Path Delay:        3.172ns  (logic 1.373ns (43.287%)  route 1.799ns (56.713%))
  Logic Levels:           1  (OBUF=1)
  Clock Uncertainty:      0.152ns  ((TSJ^2 + TIJ^2)^1/2 + DJ) / 2 + PE
    Total System Jitter     (TSJ):    0.050ns
    Total Input Jitter      (TIJ):    0.300ns
    Discrete Jitter          (DJ):    0.000ns
    Phase Error              (PE):    0.000ns

    Location             Delay type                Incr(ns)  Path(ns)    Netlist Resource(s)
  -------------------------------------------------------------------    -------------------
                         (clock clk_fpga_0 rise edge)
                                                      0.000     0.000 r  <hidden>
    PS7_X0Y0             PS7                          0.000     0.000 r  zynq_interrupt_system_i/processing_system7_0/inst/PS7_i/FCLKCLK[0]
                         net (fo=1, routed)           0.310     0.310    zynq_interrupt_system_i/processing_system7_0/inst/FCLK_CLK_unbuffered[0]
    BUFGCTRL_X0Y16       BUFG (Prop_bufg_I_O)         0.026     0.336 r  zynq_interrupt_system_i/processing_system7_0/inst/buffer_fclk_clk_0.FCLK_CLK_0_BUFG/O
                         net (fo=914, routed)         0.552     0.888    zynq_interrupt_system_i/axi_gpio_1/U0/gpio_core_1/s_axi_aclk
    SLICE_X47Y86         FDRE                                         r  zynq_interrupt_system_i/axi_gpio_1/U0/gpio_core_1/Not_Dual.gpio_Data_Out_reg[2]_lopt_replica/C
  -------------------------------------------------------------------    -------------------
    SLICE_X47Y86         FDRE (Prop_fdre_C_Q)         0.141     1.029 r  zynq_interrupt_system_i/axi_gpio_1/U0/gpio_core_1/Not_Dual.gpio_Data_Out_reg[2]_lopt_replica/Q
                         net (fo=1, routed)           1.799     2.827    lopt_5
    W22                  OBUF (Prop_obuf_I_O)         1.232     4.059 r  leds_8bits_tri_o_OBUF[5]_inst/O
                         net (fo=0)                   0.000     4.059    leds_8bits_tri_o[5]
    W22                                                               r  leds_8bits_tri_o[5]
  -------------------------------------------------------------------    -------------------

Slack:                    inf
  Source:                 zynq_interrupt_system_i/axi_gpio_1/U0/gpio_core_1/Not_Dual.gpio_Data_Out_reg[7]_lopt_replica/C
                            (rising edge-triggered cell FDRE clocked by clk_fpga_0  {rise@0.000ns fall@5.000ns period=10.000ns})
  Destination:            leds_8bits_tri_o[0]
                            (output port)
  Path Group:             (none)
  Path Type:              Min at Fast Process Corner
  Data Path Delay:        3.177ns  (logic 1.364ns (42.940%)  route 1.813ns (57.060%))
  Logic Levels:           1  (OBUF=1)
  Clock Uncertainty:      0.152ns  ((TSJ^2 + TIJ^2)^1/2 + DJ) / 2 + PE
    Total System Jitter     (TSJ):    0.050ns
    Total Input Jitter      (TIJ):    0.300ns
    Discrete Jitter          (DJ):    0.000ns
    Phase Error              (PE):    0.000ns

    Location             Delay type                Incr(ns)  Path(ns)    Netlist Resource(s)
  -------------------------------------------------------------------    -------------------
                         (clock clk_fpga_0 rise edge)
                                                      0.000     0.000 r  <hidden>
    PS7_X0Y0             PS7                          0.000     0.000 r  zynq_interrupt_system_i/processing_system7_0/inst/PS7_i/FCLKCLK[0]
                         net (fo=1, routed)           0.310     0.310    zynq_interrupt_system_i/processing_system7_0/inst/FCLK_CLK_unbuffered[0]
    BUFGCTRL_X0Y16       BUFG (Prop_bufg_I_O)         0.026     0.336 r  zynq_interrupt_system_i/processing_system7_0/inst/buffer_fclk_clk_0.FCLK_CLK_0_BUFG/O
                         net (fo=914, routed)         0.554     0.890    zynq_interrupt_system_i/axi_gpio_1/U0/gpio_core_1/s_axi_aclk
    SLICE_X47Y88         FDRE                                         r  zynq_interrupt_system_i/axi_gpio_1/U0/gpio_core_1/Not_Dual.gpio_Data_Out_reg[7]_lopt_replica/C
  -------------------------------------------------------------------    -------------------
    SLICE_X47Y88         FDRE (Prop_fdre_C_Q)         0.141     1.031 r  zynq_interrupt_system_i/axi_gpio_1/U0/gpio_core_1/Not_Dual.gpio_Data_Out_reg[7]_lopt_replica/Q
                         net (fo=1, routed)           1.813     2.844    lopt
    T22                  OBUF (Prop_obuf_I_O)         1.223     4.067 r  leds_8bits_tri_o_OBUF[0]_inst/O
                         net (fo=0)                   0.000     4.067    leds_8bits_tri_o[0]
    T22                                                               r  leds_8bits_tri_o[0]
  -------------------------------------------------------------------    -------------------

Slack:                    inf
  Source:                 zynq_interrupt_system_i/axi_gpio_1/U0/gpio_core_1/Not_Dual.gpio_Data_Out_reg[4]_lopt_replica/C
                            (rising edge-triggered cell FDRE clocked by clk_fpga_0  {rise@0.000ns fall@5.000ns period=10.000ns})
  Destination:            leds_8bits_tri_o[3]
                            (output port)
  Path Group:             (none)
  Path Type:              Min at Fast Process Corner
  Data Path Delay:        3.188ns  (logic 1.395ns (43.746%)  route 1.793ns (56.254%))
  Logic Levels:           1  (OBUF=1)
  Clock Uncertainty:      0.152ns  ((TSJ^2 + TIJ^2)^1/2 + DJ) / 2 + PE
    Total System Jitter     (TSJ):    0.050ns
    Total Input Jitter      (TIJ):    0.300ns
    Discrete Jitter          (DJ):    0.000ns
    Phase Error              (PE):    0.000ns

    Location             Delay type                Incr(ns)  Path(ns)    Netlist Resource(s)
  -------------------------------------------------------------------    -------------------
                         (clock clk_fpga_0 rise edge)
                                                      0.000     0.000 r  <hidden>
    PS7_X0Y0             PS7                          0.000     0.000 r  zynq_interrupt_system_i/processing_system7_0/inst/PS7_i/FCLKCLK[0]
                         net (fo=1, routed)           0.310     0.310    zynq_interrupt_system_i/processing_system7_0/inst/FCLK_CLK_unbuffered[0]
    BUFGCTRL_X0Y16       BUFG (Prop_bufg_I_O)         0.026     0.336 r  zynq_interrupt_system_i/processing_system7_0/inst/buffer_fclk_clk_0.FCLK_CLK_0_BUFG/O
                         net (fo=914, routed)         0.552     0.888    zynq_interrupt_system_i/axi_gpio_1/U0/gpio_core_1/s_axi_aclk
    SLICE_X46Y85         FDRE                                         r  zynq_interrupt_system_i/axi_gpio_1/U0/gpio_core_1/Not_Dual.gpio_Data_Out_reg[4]_lopt_replica/C
  -------------------------------------------------------------------    -------------------
    SLICE_X46Y85         FDRE (Prop_fdre_C_Q)         0.164     1.052 r  zynq_interrupt_system_i/axi_gpio_1/U0/gpio_core_1/Not_Dual.gpio_Data_Out_reg[4]_lopt_replica/Q
                         net (fo=1, routed)           1.793     2.845    lopt_3
    U21                  OBUF (Prop_obuf_I_O)         1.231     4.076 r  leds_8bits_tri_o_OBUF[3]_inst/O
                         net (fo=0)                   0.000     4.076    leds_8bits_tri_o[3]
    U21                                                               r  leds_8bits_tri_o[3]
  -------------------------------------------------------------------    -------------------

Slack:                    inf
  Source:                 zynq_interrupt_system_i/axi_gpio_1/U0/gpio_core_1/Not_Dual.gpio_Data_Out_reg[5]_lopt_replica/C
                            (rising edge-triggered cell FDRE clocked by clk_fpga_0  {rise@0.000ns fall@5.000ns period=10.000ns})
  Destination:            leds_8bits_tri_o[2]
                            (output port)
  Path Group:             (none)
  Path Type:              Min at Fast Process Corner
  Data Path Delay:        3.254ns  (logic 1.396ns (42.896%)  route 1.858ns (57.104%))
  Logic Levels:           1  (OBUF=1)
  Clock Uncertainty:      0.152ns  ((TSJ^2 + TIJ^2)^1/2 + DJ) / 2 + PE
    Total System Jitter     (TSJ):    0.050ns
    Total Input Jitter      (TIJ):    0.300ns
    Discrete Jitter          (DJ):    0.000ns
    Phase Error              (PE):    0.000ns

    Location             Delay type                Incr(ns)  Path(ns)    Netlist Resource(s)
  -------------------------------------------------------------------    -------------------
                         (clock clk_fpga_0 rise edge)
                                                      0.000     0.000 r  <hidden>
    PS7_X0Y0             PS7                          0.000     0.000 r  zynq_interrupt_system_i/processing_system7_0/inst/PS7_i/FCLKCLK[0]
                         net (fo=1, routed)           0.310     0.310    zynq_interrupt_system_i/processing_system7_0/inst/FCLK_CLK_unbuffered[0]
    BUFGCTRL_X0Y16       BUFG (Prop_bufg_I_O)         0.026     0.336 r  zynq_interrupt_system_i/processing_system7_0/inst/buffer_fclk_clk_0.FCLK_CLK_0_BUFG/O
                         net (fo=914, routed)         0.552     0.888    zynq_interrupt_system_i/axi_gpio_1/U0/gpio_core_1/s_axi_aclk
    SLICE_X46Y85         FDRE                                         r  zynq_interrupt_system_i/axi_gpio_1/U0/gpio_core_1/Not_Dual.gpio_Data_Out_reg[5]_lopt_replica/C
  -------------------------------------------------------------------    -------------------
    SLICE_X46Y85         FDRE (Prop_fdre_C_Q)         0.164     1.052 r  zynq_interrupt_system_i/axi_gpio_1/U0/gpio_core_1/Not_Dual.gpio_Data_Out_reg[5]_lopt_replica/Q
                         net (fo=1, routed)           1.858     2.910    lopt_2
    U22                  OBUF (Prop_obuf_I_O)         1.232     4.142 r  leds_8bits_tri_o_OBUF[2]_inst/O
                         net (fo=0)                   0.000     4.142    leds_8bits_tri_o[2]
    U22                                                               r  leds_8bits_tri_o[2]
  -------------------------------------------------------------------    -------------------

Slack:                    inf
  Source:                 zynq_interrupt_system_i/axi_gpio_1/U0/gpio_core_1/Not_Dual.gpio_Data_Out_reg[3]_lopt_replica/C
                            (rising edge-triggered cell FDRE clocked by clk_fpga_0  {rise@0.000ns fall@5.000ns period=10.000ns})
  Destination:            leds_8bits_tri_o[4]
                            (output port)
  Path Group:             (none)
  Path Type:              Min at Fast Process Corner
  Data Path Delay:        3.255ns  (logic 1.402ns (43.056%)  route 1.854ns (56.944%))
  Logic Levels:           1  (OBUF=1)
  Clock Uncertainty:      0.152ns  ((TSJ^2 + TIJ^2)^1/2 + DJ) / 2 + PE
    Total System Jitter     (TSJ):    0.050ns
    Total Input Jitter      (TIJ):    0.300ns
    Discrete Jitter          (DJ):    0.000ns
    Phase Error              (PE):    0.000ns

    Location             Delay type                Incr(ns)  Path(ns)    Netlist Resource(s)
  -------------------------------------------------------------------    -------------------
                         (clock clk_fpga_0 rise edge)
                                                      0.000     0.000 r  <hidden>
    PS7_X0Y0             PS7                          0.000     0.000 r  zynq_interrupt_system_i/processing_system7_0/inst/PS7_i/FCLKCLK[0]
                         net (fo=1, routed)           0.310     0.310    zynq_interrupt_system_i/processing_system7_0/inst/FCLK_CLK_unbuffered[0]
    BUFGCTRL_X0Y16       BUFG (Prop_bufg_I_O)         0.026     0.336 r  zynq_interrupt_system_i/processing_system7_0/inst/buffer_fclk_clk_0.FCLK_CLK_0_BUFG/O
                         net (fo=914, routed)         0.552     0.888    zynq_interrupt_system_i/axi_gpio_1/U0/gpio_core_1/s_axi_aclk
    SLICE_X46Y85         FDRE                                         r  zynq_interrupt_system_i/axi_gpio_1/U0/gpio_core_1/Not_Dual.gpio_Data_Out_reg[3]_lopt_replica/C
  -------------------------------------------------------------------    -------------------
    SLICE_X46Y85         FDRE (Prop_fdre_C_Q)         0.164     1.052 r  zynq_interrupt_system_i/axi_gpio_1/U0/gpio_core_1/Not_Dual.gpio_Data_Out_reg[3]_lopt_replica/Q
                         net (fo=1, routed)           1.854     2.905    lopt_4
    V22                  OBUF (Prop_obuf_I_O)         1.238     4.143 r  leds_8bits_tri_o_OBUF[4]_inst/O
                         net (fo=0)                   0.000     4.143    leds_8bits_tri_o[4]
    V22                                                               r  leds_8bits_tri_o[4]
  -------------------------------------------------------------------    -------------------

Slack:                    inf
  Source:                 zynq_interrupt_system_i/axi_gpio_1/U0/gpio_core_1/Not_Dual.gpio_Data_Out_reg[0]_lopt_replica/C
                            (rising edge-triggered cell FDRE clocked by clk_fpga_0  {rise@0.000ns fall@5.000ns period=10.000ns})
  Destination:            leds_8bits_tri_o[7]
                            (output port)
  Path Group:             (none)
  Path Type:              Min at Fast Process Corner
  Data Path Delay:        3.811ns  (logic 1.344ns (35.268%)  route 2.467ns (64.732%))
  Logic Levels:           1  (OBUF=1)
  Clock Uncertainty:      0.152ns  ((TSJ^2 + TIJ^2)^1/2 + DJ) / 2 + PE
    Total System Jitter     (TSJ):    0.050ns
    Total Input Jitter      (TIJ):    0.300ns
    Discrete Jitter          (DJ):    0.000ns
    Phase Error              (PE):    0.000ns

    Location             Delay type                Incr(ns)  Path(ns)    Netlist Resource(s)
  -------------------------------------------------------------------    -------------------
                         (clock clk_fpga_0 rise edge)
                                                      0.000     0.000 r  <hidden>
    PS7_X0Y0             PS7                          0.000     0.000 r  zynq_interrupt_system_i/processing_system7_0/inst/PS7_i/FCLKCLK[0]
                         net (fo=1, routed)           0.310     0.310    zynq_interrupt_system_i/processing_system7_0/inst/FCLK_CLK_unbuffered[0]
    BUFGCTRL_X0Y16       BUFG (Prop_bufg_I_O)         0.026     0.336 r  zynq_interrupt_system_i/processing_system7_0/inst/buffer_fclk_clk_0.FCLK_CLK_0_BUFG/O
                         net (fo=914, routed)         0.552     0.888    zynq_interrupt_system_i/axi_gpio_1/U0/gpio_core_1/s_axi_aclk
    SLICE_X47Y85         FDRE                                         r  zynq_interrupt_system_i/axi_gpio_1/U0/gpio_core_1/Not_Dual.gpio_Data_Out_reg[0]_lopt_replica/C
  -------------------------------------------------------------------    -------------------
    SLICE_X47Y85         FDRE (Prop_fdre_C_Q)         0.141     1.029 r  zynq_interrupt_system_i/axi_gpio_1/U0/gpio_core_1/Not_Dual.gpio_Data_Out_reg[0]_lopt_replica/Q
                         net (fo=1, routed)           2.467     3.496    lopt_7
    U14                  OBUF (Prop_obuf_I_O)         1.203     4.699 r  leds_8bits_tri_o_OBUF[7]_inst/O
                         net (fo=0)                   0.000     4.699    leds_8bits_tri_o[7]
    U14                                                               r  leds_8bits_tri_o[7]
  -------------------------------------------------------------------    -------------------





