

================================================================
== Vitis HLS Report for 'matrix_mult'
================================================================
* Date:           Tue Oct  6 19:55:36 2026

* Version:        2026.1 (Build 6493734 on Jun 16 2026)
* Project:        matrix_mult
* Solution:       hls
* Product family: zynq
* Target device:  xc7z020-clg484-1


================================================================
== Performance Estimates
================================================================
+ Timing: 
    * Summary: 
    +--------+---------+----------+------------+
    |  Clock |  Target | Estimated| Uncertainty|
    +--------+---------+----------+------------+
    |ap_clk  |  5.00 ns|  5.415 ns|     1.35 ns|
    +--------+---------+----------+------------+

+ Latency: 
    * Summary: 
    +---------+---------+----------+----------+-----+-----+---------+
    |  Latency (cycles) |  Latency (absolute) |  Interval | Pipeline|
    |   min   |   max   |    min   |    max   | min | max |   Type  |
    +---------+---------+----------+----------+-----+-----+---------+
    |       26|       26|  0.141 us|  0.141 us|   13|   13|      yes|
    +---------+---------+----------+----------+-----+-----+---------+

    + Detail: 
        * Instance: 
        N/A

        * Loop: 
        N/A

============================================================
+ Verbose Summary: Synthesis Manager
============================================================
InlineROM: 1
ExposeGlobal: 0
============================================================
+ Verbose Summary: CDFG Model
============================================================
IsTopModel: 1
ResetActiveHigh: 1
IsCombinational: 0
IsDatapathOnly: 0
HasWiredReturn: 1
HasMFsm: 2
HasVarLatency: 0
IsPipeline: 1
IsRtlPipelined: 1
IsInstanceOverlapped: 0
IsDontTouch: 0
HasImplIP: 0
IsGatedGlobalClock: 0

+ Individual pipeline summary: 
  * Pipeline-0: initiation interval (II) = 13, depth = 27


============================================================
+ Verbose Summary: Schedule
============================================================
* Number of FSM states : 27
* Pipeline : 1
  Pipeline-0 : II = 13, D = 27, States = { 1 2 3 4 5 6 7 8 9 10 11 12 13 14 15 16 17 18 19 20 21 22 23 24 25 26 27 }
* Dataflow Pipeline: 0

* FSM state transitions: 
1 --> 2 
2 --> 3 
3 --> 4 
4 --> 5 
5 --> 6 
6 --> 7 
7 --> 8 
8 --> 9 
9 --> 10 
10 --> 11 
11 --> 12 
12 --> 13 
13 --> 14 
14 --> 15 
15 --> 16 
16 --> 17 
17 --> 18 
18 --> 19 
19 --> 20 
20 --> 21 
21 --> 22 
22 --> 23 
23 --> 24 
24 --> 25 
25 --> 26 
26 --> 27 
27 --> 

* FSM state operations: 

State 1 <SV = 0> <Delay = 0.00>
ST_1 : Operation 28 [1/1] (0.00ns)   --->   "%a_addr = getelementptr i40 %a, i64 0, i64 0" [../source/tut3B_Function_Reshape/matrix_mult.cpp:23]   --->   Operation 28 'getelementptr' 'a_addr' <Predicate = true> <Delay = 0.00>
ST_1 : Operation 29 [2/2] (0.00ns)   --->   "%a_load = load i3 %a_addr" [../source/tut3B_Function_Reshape/matrix_mult.cpp:23]   --->   Operation 29 'load' 'a_load' <Predicate = true> <Delay = 0.00> <CoreInst = "RAM">   --->   Core 81 'RAM' <Latency = 1> <II = 1> <Delay = 2.32> <Storage> <Opcode : 'load' 'store'> <Ports = 2> <Width = 40> <Depth = 5> <RAM>
ST_1 : Operation 30 [1/1] (0.00ns)   --->   "%b_addr = getelementptr i40 %b, i64 0, i64 0" [../source/tut3B_Function_Reshape/matrix_mult.cpp:23]   --->   Operation 30 'getelementptr' 'b_addr' <Predicate = true> <Delay = 0.00>
ST_1 : Operation 31 [2/2] (0.00ns)   --->   "%b_load = load i3 %b_addr" [../source/tut3B_Function_Reshape/matrix_mult.cpp:23]   --->   Operation 31 'load' 'b_load' <Predicate = true> <Delay = 0.00> <CoreInst = "RAM">   --->   Core 81 'RAM' <Latency = 1> <II = 1> <Delay = 2.32> <Storage> <Opcode : 'load' 'store'> <Ports = 2> <Width = 40> <Depth = 5> <RAM>
ST_1 : Operation 32 [1/1] (0.00ns)   --->   "%b_addr_1 = getelementptr i40 %b, i64 0, i64 1" [../source/tut3B_Function_Reshape/matrix_mult.cpp:23]   --->   Operation 32 'getelementptr' 'b_addr_1' <Predicate = true> <Delay = 0.00>
ST_1 : Operation 33 [2/2] (0.00ns)   --->   "%b_load_1 = load i3 %b_addr_1" [../source/tut3B_Function_Reshape/matrix_mult.cpp:23]   --->   Operation 33 'load' 'b_load_1' <Predicate = true> <Delay = 0.00> <CoreInst = "RAM">   --->   Core 81 'RAM' <Latency = 1> <II = 1> <Delay = 2.32> <Storage> <Opcode : 'load' 'store'> <Ports = 2> <Width = 40> <Depth = 5> <RAM>
ST_1 : Operation 34 [1/1] (0.00ns)   --->   "%a_addr_1 = getelementptr i40 %a, i64 0, i64 1" [../source/tut3B_Function_Reshape/matrix_mult.cpp:23]   --->   Operation 34 'getelementptr' 'a_addr_1' <Predicate = true> <Delay = 0.00>
ST_1 : Operation 35 [2/2] (0.00ns)   --->   "%a_load_1 = load i3 %a_addr_1" [../source/tut3B_Function_Reshape/matrix_mult.cpp:23]   --->   Operation 35 'load' 'a_load_1' <Predicate = true> <Delay = 0.00> <CoreInst = "RAM">   --->   Core 81 'RAM' <Latency = 1> <II = 1> <Delay = 2.32> <Storage> <Opcode : 'load' 'store'> <Ports = 2> <Width = 40> <Depth = 5> <RAM>

State 2 <SV = 1> <Delay = 5.41>
ST_2 : Operation 36 [1/2] ( I:0.00ns O:0.00ns )   --->   "%a_load = load i3 %a_addr" [../source/tut3B_Function_Reshape/matrix_mult.cpp:23]   --->   Operation 36 'load' 'a_load' <Predicate = true> <Delay = 0.00> <CoreInst = "RAM">   --->   Core 81 'RAM' <Latency = 1> <II = 1> <Delay = 2.32> <Storage> <Opcode : 'load' 'store'> <Ports = 2> <Width = 40> <Depth = 5> <RAM>
ST_2 : Operation 37 [1/1] (0.00ns)   --->   "%trunc_ln23 = trunc i40 %a_load" [../source/tut3B_Function_Reshape/matrix_mult.cpp:23]   --->   Operation 37 'trunc' 'trunc_ln23' <Predicate = true> <Delay = 0.00>
ST_2 : Operation 38 [1/2] ( I:0.00ns O:0.00ns )   --->   "%b_load = load i3 %b_addr" [../source/tut3B_Function_Reshape/matrix_mult.cpp:23]   --->   Operation 38 'load' 'b_load' <Predicate = true> <Delay = 0.00> <CoreInst = "RAM">   --->   Core 81 'RAM' <Latency = 1> <II = 1> <Delay = 2.32> <Storage> <Opcode : 'load' 'store'> <Ports = 2> <Width = 40> <Depth = 5> <RAM>
ST_2 : Operation 39 [1/1] (0.00ns)   --->   "%trunc_ln23_1 = trunc i40 %b_load" [../source/tut3B_Function_Reshape/matrix_mult.cpp:23]   --->   Operation 39 'trunc' 'trunc_ln23_1' <Predicate = true> <Delay = 0.00>
ST_2 : Operation 40 [1/1] (0.00ns)   --->   "%tmp = partselect i8 @_ssdm_op_PartSelect.i8.i40.i40, i40 %a_load, i40 8" [../source/tut3B_Function_Reshape/matrix_mult.cpp:23]   --->   Operation 40 'partselect' 'tmp' <Predicate = true> <Delay = 0.00>
ST_2 : Operation 41 [1/1] (0.00ns)   --->   "%tmp_1 = partselect i8 @_ssdm_op_PartSelect.i8.i40.i40, i40 %b_load, i40 8" [../source/tut3B_Function_Reshape/matrix_mult.cpp:23]   --->   Operation 41 'partselect' 'tmp_1' <Predicate = true> <Delay = 0.00>
ST_2 : Operation 42 [1/1] (0.00ns)   --->   "%tmp_2 = partselect i8 @_ssdm_op_PartSelect.i8.i40.i40, i40 %a_load, i40 16" [../source/tut3B_Function_Reshape/matrix_mult.cpp:23]   --->   Operation 42 'partselect' 'tmp_2' <Predicate = true> <Delay = 0.00>
ST_2 : Operation 43 [1/1] (0.00ns)   --->   "%tmp_3 = partselect i8 @_ssdm_op_PartSelect.i8.i40.i40, i40 %b_load, i40 16" [../source/tut3B_Function_Reshape/matrix_mult.cpp:23]   --->   Operation 43 'partselect' 'tmp_3' <Predicate = true> <Delay = 0.00>
ST_2 : Operation 44 [1/1] (0.00ns)   --->   "%tmp_4 = partselect i8 @_ssdm_op_PartSelect.i8.i40.i40, i40 %a_load, i40 24" [../source/tut3B_Function_Reshape/matrix_mult.cpp:23]   --->   Operation 44 'partselect' 'tmp_4' <Predicate = true> <Delay = 0.00>
ST_2 : Operation 45 [1/1] (0.00ns)   --->   "%sext_ln23_6 = sext i8 %tmp_4" [../source/tut3B_Function_Reshape/matrix_mult.cpp:23]   --->   Operation 45 'sext' 'sext_ln23_6' <Predicate = true> <Delay = 0.00>
ST_2 : Operation 46 [1/1] (0.00ns)   --->   "%tmp_5 = partselect i8 @_ssdm_op_PartSelect.i8.i40.i40, i40 %b_load, i40 24" [../source/tut3B_Function_Reshape/matrix_mult.cpp:23]   --->   Operation 46 'partselect' 'tmp_5' <Predicate = true> <Delay = 0.00>
ST_2 : Operation 47 [1/1] (0.00ns)   --->   "%sext_ln23_7 = sext i8 %tmp_5" [../source/tut3B_Function_Reshape/matrix_mult.cpp:23]   --->   Operation 47 'sext' 'sext_ln23_7' <Predicate = true> <Delay = 0.00>
ST_2 : Operation 48 [1/1] (0.00ns)   --->   "%tmp_6 = partselect i8 @_ssdm_op_PartSelect.i8.i40.i40, i40 %a_load, i40 32" [../source/tut3B_Function_Reshape/matrix_mult.cpp:23]   --->   Operation 48 'partselect' 'tmp_6' <Predicate = true> <Delay = 0.00>
ST_2 : Operation 49 [1/1] (0.00ns)   --->   "%tmp_7 = partselect i8 @_ssdm_op_PartSelect.i8.i40.i40, i40 %b_load, i40 32" [../source/tut3B_Function_Reshape/matrix_mult.cpp:23]   --->   Operation 49 'partselect' 'tmp_7' <Predicate = true> <Delay = 0.00>
ST_2 : Operation 50 [5/5] (5.41ns)   --->   "%mul_ln23_3 = mul i16 %sext_ln23_7, i16 %sext_ln23_6" [../source/tut3B_Function_Reshape/matrix_mult.cpp:23]   --->   Operation 50 'mul' 'mul_ln23_3' <Predicate = true> <Delay = 5.41> <CoreInst = "Multiplier">   --->   Core 3 'Multiplier' <Latency = 4> <II = 1> <Delay = 5.41> <FuncUnit> <Opcode : 'mul'> <InPorts = 2> <OutPorts = 1>
ST_2 : Operation 51 [1/2] ( I:0.00ns O:0.00ns )   --->   "%b_load_1 = load i3 %b_addr_1" [../source/tut3B_Function_Reshape/matrix_mult.cpp:23]   --->   Operation 51 'load' 'b_load_1' <Predicate = true> <Delay = 0.00> <CoreInst = "RAM">   --->   Core 81 'RAM' <Latency = 1> <II = 1> <Delay = 2.32> <Storage> <Opcode : 'load' 'store'> <Ports = 2> <Width = 40> <Depth = 5> <RAM>
ST_2 : Operation 52 [1/1] (0.00ns)   --->   "%trunc_ln23_2 = trunc i40 %b_load_1" [../source/tut3B_Function_Reshape/matrix_mult.cpp:23]   --->   Operation 52 'trunc' 'trunc_ln23_2' <Predicate = true> <Delay = 0.00>
ST_2 : Operation 53 [1/1] (0.00ns)   --->   "%tmp_8 = partselect i8 @_ssdm_op_PartSelect.i8.i40.i40, i40 %b_load_1, i40 8" [../source/tut3B_Function_Reshape/matrix_mult.cpp:23]   --->   Operation 53 'partselect' 'tmp_8' <Predicate = true> <Delay = 0.00>
ST_2 : Operation 54 [1/1] (0.00ns)   --->   "%tmp_9 = partselect i8 @_ssdm_op_PartSelect.i8.i40.i40, i40 %b_load_1, i40 16" [../source/tut3B_Function_Reshape/matrix_mult.cpp:23]   --->   Operation 54 'partselect' 'tmp_9' <Predicate = true> <Delay = 0.00>
ST_2 : Operation 55 [1/1] (0.00ns)   --->   "%tmp_s = partselect i8 @_ssdm_op_PartSelect.i8.i40.i40, i40 %b_load_1, i40 24" [../source/tut3B_Function_Reshape/matrix_mult.cpp:23]   --->   Operation 55 'partselect' 'tmp_s' <Predicate = true> <Delay = 0.00>
ST_2 : Operation 56 [1/1] (0.00ns)   --->   "%sext_ln23_13 = sext i8 %tmp_s" [../source/tut3B_Function_Reshape/matrix_mult.cpp:23]   --->   Operation 56 'sext' 'sext_ln23_13' <Predicate = true> <Delay = 0.00>
ST_2 : Operation 57 [1/1] (0.00ns)   --->   "%tmp_10 = partselect i8 @_ssdm_op_PartSelect.i8.i40.i40, i40 %b_load_1, i40 32" [../source/tut3B_Function_Reshape/matrix_mult.cpp:23]   --->   Operation 57 'partselect' 'tmp_10' <Predicate = true> <Delay = 0.00>
ST_2 : Operation 58 [5/5] (5.41ns)   --->   "%mul_ln23_8 = mul i16 %sext_ln23_13, i16 %sext_ln23_6" [../source/tut3B_Function_Reshape/matrix_mult.cpp:23]   --->   Operation 58 'mul' 'mul_ln23_8' <Predicate = true> <Delay = 5.41> <CoreInst = "Multiplier">   --->   Core 3 'Multiplier' <Latency = 4> <II = 1> <Delay = 5.41> <FuncUnit> <Opcode : 'mul'> <InPorts = 2> <OutPorts = 1>
ST_2 : Operation 59 [1/1] (0.00ns)   --->   "%b_addr_2 = getelementptr i40 %b, i64 0, i64 2" [../source/tut3B_Function_Reshape/matrix_mult.cpp:23]   --->   Operation 59 'getelementptr' 'b_addr_2' <Predicate = true> <Delay = 0.00>
ST_2 : Operation 60 [2/2] (0.00ns)   --->   "%b_load_2 = load i3 %b_addr_2" [../source/tut3B_Function_Reshape/matrix_mult.cpp:23]   --->   Operation 60 'load' 'b_load_2' <Predicate = true> <Delay = 0.00> <CoreInst = "RAM">   --->   Core 81 'RAM' <Latency = 1> <II = 1> <Delay = 2.32> <Storage> <Opcode : 'load' 'store'> <Ports = 2> <Width = 40> <Depth = 5> <RAM>
ST_2 : Operation 61 [1/1] (0.00ns)   --->   "%b_addr_3 = getelementptr i40 %b, i64 0, i64 3" [../source/tut3B_Function_Reshape/matrix_mult.cpp:23]   --->   Operation 61 'getelementptr' 'b_addr_3' <Predicate = true> <Delay = 0.00>
ST_2 : Operation 62 [2/2] (0.00ns)   --->   "%b_load_3 = load i3 %b_addr_3" [../source/tut3B_Function_Reshape/matrix_mult.cpp:23]   --->   Operation 62 'load' 'b_load_3' <Predicate = true> <Delay = 0.00> <CoreInst = "RAM">   --->   Core 81 'RAM' <Latency = 1> <II = 1> <Delay = 2.32> <Storage> <Opcode : 'load' 'store'> <Ports = 2> <Width = 40> <Depth = 5> <RAM>
ST_2 : Operation 63 [1/2] ( I:0.00ns O:0.00ns )   --->   "%a_load_1 = load i3 %a_addr_1" [../source/tut3B_Function_Reshape/matrix_mult.cpp:23]   --->   Operation 63 'load' 'a_load_1' <Predicate = true> <Delay = 0.00> <CoreInst = "RAM">   --->   Core 81 'RAM' <Latency = 1> <II = 1> <Delay = 2.32> <Storage> <Opcode : 'load' 'store'> <Ports = 2> <Width = 40> <Depth = 5> <RAM>
ST_2 : Operation 64 [1/1] (0.00ns)   --->   "%trunc_ln23_6 = trunc i40 %a_load_1" [../source/tut3B_Function_Reshape/matrix_mult.cpp:23]   --->   Operation 64 'trunc' 'trunc_ln23_6' <Predicate = true> <Delay = 0.00>
ST_2 : Operation 65 [1/1] (0.00ns)   --->   "%tmp_23 = partselect i8 @_ssdm_op_PartSelect.i8.i40.i40, i40 %a_load_1, i40 8" [../source/tut3B_Function_Reshape/matrix_mult.cpp:23]   --->   Operation 65 'partselect' 'tmp_23' <Predicate = true> <Delay = 0.00>
ST_2 : Operation 66 [1/1] (0.00ns)   --->   "%tmp_24 = partselect i8 @_ssdm_op_PartSelect.i8.i40.i40, i40 %a_load_1, i40 16" [../source/tut3B_Function_Reshape/matrix_mult.cpp:23]   --->   Operation 66 'partselect' 'tmp_24' <Predicate = true> <Delay = 0.00>
ST_2 : Operation 67 [1/1] (0.00ns)   --->   "%tmp_25 = partselect i8 @_ssdm_op_PartSelect.i8.i40.i40, i40 %a_load_1, i40 24" [../source/tut3B_Function_Reshape/matrix_mult.cpp:23]   --->   Operation 67 'partselect' 'tmp_25' <Predicate = true> <Delay = 0.00>
ST_2 : Operation 68 [1/1] (0.00ns)   --->   "%sext_ln23_33 = sext i8 %tmp_25" [../source/tut3B_Function_Reshape/matrix_mult.cpp:23]   --->   Operation 68 'sext' 'sext_ln23_33' <Predicate = true> <Delay = 0.00>
ST_2 : Operation 69 [1/1] (0.00ns)   --->   "%tmp_26 = partselect i8 @_ssdm_op_PartSelect.i8.i40.i40, i40 %a_load_1, i40 32" [../source/tut3B_Function_Reshape/matrix_mult.cpp:23]   --->   Operation 69 'partselect' 'tmp_26' <Predicate = true> <Delay = 0.00>
ST_2 : Operation 70 [5/5] (5.41ns)   --->   "%mul_ln23_28 = mul i16 %sext_ln23_33, i16 %sext_ln23_7" [../source/tut3B_Function_Reshape/matrix_mult.cpp:23]   --->   Operation 70 'mul' 'mul_ln23_28' <Predicate = true> <Delay = 5.41> <CoreInst = "Multiplier">   --->   Core 3 'Multiplier' <Latency = 4> <II = 1> <Delay = 5.41> <FuncUnit> <Opcode : 'mul'> <InPorts = 2> <OutPorts = 1>
ST_2 : Operation 71 [5/5] (5.41ns)   --->   "%mul_ln23_33 = mul i16 %sext_ln23_33, i16 %sext_ln23_13" [../source/tut3B_Function_Reshape/matrix_mult.cpp:23]   --->   Operation 71 'mul' 'mul_ln23_33' <Predicate = true> <Delay = 5.41> <CoreInst = "Multiplier">   --->   Core 3 'Multiplier' <Latency = 4> <II = 1> <Delay = 5.41> <FuncUnit> <Opcode : 'mul'> <InPorts = 2> <OutPorts = 1>
ST_2 : Operation 72 [1/1] (0.00ns)   --->   "%a_addr_2 = getelementptr i40 %a, i64 0, i64 2" [../source/tut3B_Function_Reshape/matrix_mult.cpp:23]   --->   Operation 72 'getelementptr' 'a_addr_2' <Predicate = true> <Delay = 0.00>
ST_2 : Operation 73 [2/2] (0.00ns)   --->   "%a_load_2 = load i3 %a_addr_2" [../source/tut3B_Function_Reshape/matrix_mult.cpp:23]   --->   Operation 73 'load' 'a_load_2' <Predicate = true> <Delay = 0.00> <CoreInst = "RAM">   --->   Core 81 'RAM' <Latency = 1> <II = 1> <Delay = 2.32> <Storage> <Opcode : 'load' 'store'> <Ports = 2> <Width = 40> <Depth = 5> <RAM>
ST_2 : Operation 74 [1/1] (0.00ns)   --->   "%a_addr_3 = getelementptr i40 %a, i64 0, i64 3" [../source/tut3B_Function_Reshape/matrix_mult.cpp:23]   --->   Operation 74 'getelementptr' 'a_addr_3' <Predicate = true> <Delay = 0.00>
ST_2 : Operation 75 [2/2] (0.00ns)   --->   "%a_load_3 = load i3 %a_addr_3" [../source/tut3B_Function_Reshape/matrix_mult.cpp:23]   --->   Operation 75 'load' 'a_load_3' <Predicate = true> <Delay = 0.00> <CoreInst = "RAM">   --->   Core 81 'RAM' <Latency = 1> <II = 1> <Delay = 2.32> <Storage> <Opcode : 'load' 'store'> <Ports = 2> <Width = 40> <Depth = 5> <RAM>

State 3 <SV = 2> <Delay = 5.41>
ST_3 : Operation 76 [4/5] (5.41ns)   --->   "%mul_ln23_3 = mul i16 %sext_ln23_7, i16 %sext_ln23_6" [../source/tut3B_Function_Reshape/matrix_mult.cpp:23]   --->   Operation 76 'mul' 'mul_ln23_3' <Predicate = true> <Delay = 5.41> <CoreInst = "Multiplier">   --->   Core 3 'Multiplier' <Latency = 4> <II = 1> <Delay = 5.41> <FuncUnit> <Opcode : 'mul'> <InPorts = 2> <OutPorts = 1>
ST_3 : Operation 77 [4/5] (5.41ns)   --->   "%mul_ln23_8 = mul i16 %sext_ln23_13, i16 %sext_ln23_6" [../source/tut3B_Function_Reshape/matrix_mult.cpp:23]   --->   Operation 77 'mul' 'mul_ln23_8' <Predicate = true> <Delay = 5.41> <CoreInst = "Multiplier">   --->   Core 3 'Multiplier' <Latency = 4> <II = 1> <Delay = 5.41> <FuncUnit> <Opcode : 'mul'> <InPorts = 2> <OutPorts = 1>
ST_3 : Operation 78 [1/2] ( I:0.00ns O:0.00ns )   --->   "%b_load_2 = load i3 %b_addr_2" [../source/tut3B_Function_Reshape/matrix_mult.cpp:23]   --->   Operation 78 'load' 'b_load_2' <Predicate = true> <Delay = 0.00> <CoreInst = "RAM">   --->   Core 81 'RAM' <Latency = 1> <II = 1> <Delay = 2.32> <Storage> <Opcode : 'load' 'store'> <Ports = 2> <Width = 40> <Depth = 5> <RAM>
ST_3 : Operation 79 [1/1] (0.00ns)   --->   "%trunc_ln23_3 = trunc i40 %b_load_2" [../source/tut3B_Function_Reshape/matrix_mult.cpp:23]   --->   Operation 79 'trunc' 'trunc_ln23_3' <Predicate = true> <Delay = 0.00>
ST_3 : Operation 80 [1/1] (0.00ns)   --->   "%tmp_11 = partselect i8 @_ssdm_op_PartSelect.i8.i40.i40, i40 %b_load_2, i40 8" [../source/tut3B_Function_Reshape/matrix_mult.cpp:23]   --->   Operation 80 'partselect' 'tmp_11' <Predicate = true> <Delay = 0.00>
ST_3 : Operation 81 [1/1] (0.00ns)   --->   "%tmp_12 = partselect i8 @_ssdm_op_PartSelect.i8.i40.i40, i40 %b_load_2, i40 16" [../source/tut3B_Function_Reshape/matrix_mult.cpp:23]   --->   Operation 81 'partselect' 'tmp_12' <Predicate = true> <Delay = 0.00>
ST_3 : Operation 82 [1/1] (0.00ns)   --->   "%tmp_13 = partselect i8 @_ssdm_op_PartSelect.i8.i40.i40, i40 %b_load_2, i40 24" [../source/tut3B_Function_Reshape/matrix_mult.cpp:23]   --->   Operation 82 'partselect' 'tmp_13' <Predicate = true> <Delay = 0.00>
ST_3 : Operation 83 [1/1] (0.00ns)   --->   "%sext_ln23_18 = sext i8 %tmp_13" [../source/tut3B_Function_Reshape/matrix_mult.cpp:23]   --->   Operation 83 'sext' 'sext_ln23_18' <Predicate = true> <Delay = 0.00>
ST_3 : Operation 84 [1/1] (0.00ns)   --->   "%tmp_14 = partselect i8 @_ssdm_op_PartSelect.i8.i40.i40, i40 %b_load_2, i40 32" [../source/tut3B_Function_Reshape/matrix_mult.cpp:23]   --->   Operation 84 'partselect' 'tmp_14' <Predicate = true> <Delay = 0.00>
ST_3 : Operation 85 [5/5] (5.41ns)   --->   "%mul_ln23_13 = mul i16 %sext_ln23_18, i16 %sext_ln23_6" [../source/tut3B_Function_Reshape/matrix_mult.cpp:23]   --->   Operation 85 'mul' 'mul_ln23_13' <Predicate = true> <Delay = 5.41> <CoreInst = "Multiplier">   --->   Core 3 'Multiplier' <Latency = 4> <II = 1> <Delay = 5.41> <FuncUnit> <Opcode : 'mul'> <InPorts = 2> <OutPorts = 1>
ST_3 : Operation 86 [1/2] ( I:0.00ns O:0.00ns )   --->   "%b_load_3 = load i3 %b_addr_3" [../source/tut3B_Function_Reshape/matrix_mult.cpp:23]   --->   Operation 86 'load' 'b_load_3' <Predicate = true> <Delay = 0.00> <CoreInst = "RAM">   --->   Core 81 'RAM' <Latency = 1> <II = 1> <Delay = 2.32> <Storage> <Opcode : 'load' 'store'> <Ports = 2> <Width = 40> <Depth = 5> <RAM>
ST_3 : Operation 87 [1/1] (0.00ns)   --->   "%trunc_ln23_4 = trunc i40 %b_load_3" [../source/tut3B_Function_Reshape/matrix_mult.cpp:23]   --->   Operation 87 'trunc' 'trunc_ln23_4' <Predicate = true> <Delay = 0.00>
ST_3 : Operation 88 [1/1] (0.00ns)   --->   "%tmp_15 = partselect i8 @_ssdm_op_PartSelect.i8.i40.i40, i40 %b_load_3, i40 8" [../source/tut3B_Function_Reshape/matrix_mult.cpp:23]   --->   Operation 88 'partselect' 'tmp_15' <Predicate = true> <Delay = 0.00>
ST_3 : Operation 89 [1/1] (0.00ns)   --->   "%tmp_16 = partselect i8 @_ssdm_op_PartSelect.i8.i40.i40, i40 %b_load_3, i40 16" [../source/tut3B_Function_Reshape/matrix_mult.cpp:23]   --->   Operation 89 'partselect' 'tmp_16' <Predicate = true> <Delay = 0.00>
ST_3 : Operation 90 [1/1] (0.00ns)   --->   "%tmp_17 = partselect i8 @_ssdm_op_PartSelect.i8.i40.i40, i40 %b_load_3, i40 24" [../source/tut3B_Function_Reshape/matrix_mult.cpp:23]   --->   Operation 90 'partselect' 'tmp_17' <Predicate = true> <Delay = 0.00>
ST_3 : Operation 91 [1/1] (0.00ns)   --->   "%sext_ln23_23 = sext i8 %tmp_17" [../source/tut3B_Function_Reshape/matrix_mult.cpp:23]   --->   Operation 91 'sext' 'sext_ln23_23' <Predicate = true> <Delay = 0.00>
ST_3 : Operation 92 [1/1] (0.00ns)   --->   "%tmp_18 = partselect i8 @_ssdm_op_PartSelect.i8.i40.i40, i40 %b_load_3, i40 32" [../source/tut3B_Function_Reshape/matrix_mult.cpp:23]   --->   Operation 92 'partselect' 'tmp_18' <Predicate = true> <Delay = 0.00>
ST_3 : Operation 93 [5/5] (5.41ns)   --->   "%mul_ln23_18 = mul i16 %sext_ln23_23, i16 %sext_ln23_6" [../source/tut3B_Function_Reshape/matrix_mult.cpp:23]   --->   Operation 93 'mul' 'mul_ln23_18' <Predicate = true> <Delay = 5.41> <CoreInst = "Multiplier">   --->   Core 3 'Multiplier' <Latency = 4> <II = 1> <Delay = 5.41> <FuncUnit> <Opcode : 'mul'> <InPorts = 2> <OutPorts = 1>
ST_3 : Operation 94 [1/1] (0.00ns)   --->   "%b_addr_4 = getelementptr i40 %b, i64 0, i64 4" [../source/tut3B_Function_Reshape/matrix_mult.cpp:23]   --->   Operation 94 'getelementptr' 'b_addr_4' <Predicate = true> <Delay = 0.00>
ST_3 : Operation 95 [2/2] (0.00ns)   --->   "%b_load_4 = load i3 %b_addr_4" [../source/tut3B_Function_Reshape/matrix_mult.cpp:23]   --->   Operation 95 'load' 'b_load_4' <Predicate = true> <Delay = 0.00> <CoreInst = "RAM">   --->   Core 81 'RAM' <Latency = 1> <II = 1> <Delay = 2.32> <Storage> <Opcode : 'load' 'store'> <Ports = 2> <Width = 40> <Depth = 5> <RAM>
ST_3 : Operation 96 [4/5] (5.41ns)   --->   "%mul_ln23_28 = mul i16 %sext_ln23_33, i16 %sext_ln23_7" [../source/tut3B_Function_Reshape/matrix_mult.cpp:23]   --->   Operation 96 'mul' 'mul_ln23_28' <Predicate = true> <Delay = 5.41> <CoreInst = "Multiplier">   --->   Core 3 'Multiplier' <Latency = 4> <II = 1> <Delay = 5.41> <FuncUnit> <Opcode : 'mul'> <InPorts = 2> <OutPorts = 1>
ST_3 : Operation 97 [4/5] (5.41ns)   --->   "%mul_ln23_33 = mul i16 %sext_ln23_33, i16 %sext_ln23_13" [../source/tut3B_Function_Reshape/matrix_mult.cpp:23]   --->   Operation 97 'mul' 'mul_ln23_33' <Predicate = true> <Delay = 5.41> <CoreInst = "Multiplier">   --->   Core 3 'Multiplier' <Latency = 4> <II = 1> <Delay = 5.41> <FuncUnit> <Opcode : 'mul'> <InPorts = 2> <OutPorts = 1>
ST_3 : Operation 98 [5/5] (5.41ns)   --->   "%mul_ln23_38 = mul i16 %sext_ln23_33, i16 %sext_ln23_18" [../source/tut3B_Function_Reshape/matrix_mult.cpp:23]   --->   Operation 98 'mul' 'mul_ln23_38' <Predicate = true> <Delay = 5.41> <CoreInst = "Multiplier">   --->   Core 3 'Multiplier' <Latency = 4> <II = 1> <Delay = 5.41> <FuncUnit> <Opcode : 'mul'> <InPorts = 2> <OutPorts = 1>
ST_3 : Operation 99 [5/5] (5.41ns)   --->   "%mul_ln23_43 = mul i16 %sext_ln23_33, i16 %sext_ln23_23" [../source/tut3B_Function_Reshape/matrix_mult.cpp:23]   --->   Operation 99 'mul' 'mul_ln23_43' <Predicate = true> <Delay = 5.41> <CoreInst = "Multiplier">   --->   Core 3 'Multiplier' <Latency = 4> <II = 1> <Delay = 5.41> <FuncUnit> <Opcode : 'mul'> <InPorts = 2> <OutPorts = 1>
ST_3 : Operation 100 [1/2] ( I:0.00ns O:0.00ns )   --->   "%a_load_2 = load i3 %a_addr_2" [../source/tut3B_Function_Reshape/matrix_mult.cpp:23]   --->   Operation 100 'load' 'a_load_2' <Predicate = true> <Delay = 0.00> <CoreInst = "RAM">   --->   Core 81 'RAM' <Latency = 1> <II = 1> <Delay = 2.32> <Storage> <Opcode : 'load' 'store'> <Ports = 2> <Width = 40> <Depth = 5> <RAM>
ST_3 : Operation 101 [1/1] (0.00ns)   --->   "%trunc_ln23_7 = trunc i40 %a_load_2" [../source/tut3B_Function_Reshape/matrix_mult.cpp:23]   --->   Operation 101 'trunc' 'trunc_ln23_7' <Predicate = true> <Delay = 0.00>
ST_3 : Operation 102 [1/1] (0.00ns)   --->   "%tmp_27 = partselect i8 @_ssdm_op_PartSelect.i8.i40.i40, i40 %a_load_2, i40 8" [../source/tut3B_Function_Reshape/matrix_mult.cpp:23]   --->   Operation 102 'partselect' 'tmp_27' <Predicate = true> <Delay = 0.00>
ST_3 : Operation 103 [1/1] (0.00ns)   --->   "%tmp_28 = partselect i8 @_ssdm_op_PartSelect.i8.i40.i40, i40 %a_load_2, i40 16" [../source/tut3B_Function_Reshape/matrix_mult.cpp:23]   --->   Operation 103 'partselect' 'tmp_28' <Predicate = true> <Delay = 0.00>
ST_3 : Operation 104 [1/1] (0.00ns)   --->   "%tmp_29 = partselect i8 @_ssdm_op_PartSelect.i8.i40.i40, i40 %a_load_2, i40 24" [../source/tut3B_Function_Reshape/matrix_mult.cpp:23]   --->   Operation 104 'partselect' 'tmp_29' <Predicate = true> <Delay = 0.00>
ST_3 : Operation 105 [1/1] (0.00ns)   --->   "%tmp_30 = partselect i8 @_ssdm_op_PartSelect.i8.i40.i40, i40 %a_load_2, i40 32" [../source/tut3B_Function_Reshape/matrix_mult.cpp:23]   --->   Operation 105 'partselect' 'tmp_30' <Predicate = true> <Delay = 0.00>
ST_3 : Operation 106 [1/2] ( I:0.00ns O:0.00ns )   --->   "%a_load_3 = load i3 %a_addr_3" [../source/tut3B_Function_Reshape/matrix_mult.cpp:23]   --->   Operation 106 'load' 'a_load_3' <Predicate = true> <Delay = 0.00> <CoreInst = "RAM">   --->   Core 81 'RAM' <Latency = 1> <II = 1> <Delay = 2.32> <Storage> <Opcode : 'load' 'store'> <Ports = 2> <Width = 40> <Depth = 5> <RAM>
ST_3 : Operation 107 [1/1] (0.00ns)   --->   "%trunc_ln23_8 = trunc i40 %a_load_3" [../source/tut3B_Function_Reshape/matrix_mult.cpp:23]   --->   Operation 107 'trunc' 'trunc_ln23_8' <Predicate = true> <Delay = 0.00>
ST_3 : Operation 108 [1/1] (0.00ns)   --->   "%tmp_31 = partselect i8 @_ssdm_op_PartSelect.i8.i40.i40, i40 %a_load_3, i40 8" [../source/tut3B_Function_Reshape/matrix_mult.cpp:23]   --->   Operation 108 'partselect' 'tmp_31' <Predicate = true> <Delay = 0.00>
ST_3 : Operation 109 [1/1] (0.00ns)   --->   "%tmp_32 = partselect i8 @_ssdm_op_PartSelect.i8.i40.i40, i40 %a_load_3, i40 16" [../source/tut3B_Function_Reshape/matrix_mult.cpp:23]   --->   Operation 109 'partselect' 'tmp_32' <Predicate = true> <Delay = 0.00>
ST_3 : Operation 110 [1/1] (0.00ns)   --->   "%tmp_33 = partselect i8 @_ssdm_op_PartSelect.i8.i40.i40, i40 %a_load_3, i40 24" [../source/tut3B_Function_Reshape/matrix_mult.cpp:23]   --->   Operation 110 'partselect' 'tmp_33' <Predicate = true> <Delay = 0.00>
ST_3 : Operation 111 [1/1] (0.00ns)   --->   "%tmp_34 = partselect i8 @_ssdm_op_PartSelect.i8.i40.i40, i40 %a_load_3, i40 32" [../source/tut3B_Function_Reshape/matrix_mult.cpp:23]   --->   Operation 111 'partselect' 'tmp_34' <Predicate = true> <Delay = 0.00>
ST_3 : Operation 112 [1/1] (0.00ns)   --->   "%a_addr_4 = getelementptr i40 %a, i64 0, i64 4" [../source/tut3B_Function_Reshape/matrix_mult.cpp:23]   --->   Operation 112 'getelementptr' 'a_addr_4' <Predicate = true> <Delay = 0.00>
ST_3 : Operation 113 [2/2] (0.00ns)   --->   "%a_load_4 = load i3 %a_addr_4" [../source/tut3B_Function_Reshape/matrix_mult.cpp:23]   --->   Operation 113 'load' 'a_load_4' <Predicate = true> <Delay = 0.00> <CoreInst = "RAM">   --->   Core 81 'RAM' <Latency = 1> <II = 1> <Delay = 2.32> <Storage> <Opcode : 'load' 'store'> <Ports = 2> <Width = 40> <Depth = 5> <RAM>

State 4 <SV = 3> <Delay = 5.41>
ST_4 : Operation 114 [3/5] (5.41ns)   --->   "%mul_ln23_3 = mul i16 %sext_ln23_7, i16 %sext_ln23_6" [../source/tut3B_Function_Reshape/matrix_mult.cpp:23]   --->   Operation 114 'mul' 'mul_ln23_3' <Predicate = true> <Delay = 5.41> <CoreInst = "Multiplier">   --->   Core 3 'Multiplier' <Latency = 4> <II = 1> <Delay = 5.41> <FuncUnit> <Opcode : 'mul'> <InPorts = 2> <OutPorts = 1>
ST_4 : Operation 115 [3/5] (5.41ns)   --->   "%mul_ln23_8 = mul i16 %sext_ln23_13, i16 %sext_ln23_6" [../source/tut3B_Function_Reshape/matrix_mult.cpp:23]   --->   Operation 115 'mul' 'mul_ln23_8' <Predicate = true> <Delay = 5.41> <CoreInst = "Multiplier">   --->   Core 3 'Multiplier' <Latency = 4> <II = 1> <Delay = 5.41> <FuncUnit> <Opcode : 'mul'> <InPorts = 2> <OutPorts = 1>
ST_4 : Operation 116 [4/5] (5.41ns)   --->   "%mul_ln23_13 = mul i16 %sext_ln23_18, i16 %sext_ln23_6" [../source/tut3B_Function_Reshape/matrix_mult.cpp:23]   --->   Operation 116 'mul' 'mul_ln23_13' <Predicate = true> <Delay = 5.41> <CoreInst = "Multiplier">   --->   Core 3 'Multiplier' <Latency = 4> <II = 1> <Delay = 5.41> <FuncUnit> <Opcode : 'mul'> <InPorts = 2> <OutPorts = 1>
ST_4 : Operation 117 [4/5] (5.41ns)   --->   "%mul_ln23_18 = mul i16 %sext_ln23_23, i16 %sext_ln23_6" [../source/tut3B_Function_Reshape/matrix_mult.cpp:23]   --->   Operation 117 'mul' 'mul_ln23_18' <Predicate = true> <Delay = 5.41> <CoreInst = "Multiplier">   --->   Core 3 'Multiplier' <Latency = 4> <II = 1> <Delay = 5.41> <FuncUnit> <Opcode : 'mul'> <InPorts = 2> <OutPorts = 1>
ST_4 : Operation 118 [1/2] ( I:0.00ns O:0.00ns )   --->   "%b_load_4 = load i3 %b_addr_4" [../source/tut3B_Function_Reshape/matrix_mult.cpp:23]   --->   Operation 118 'load' 'b_load_4' <Predicate = true> <Delay = 0.00> <CoreInst = "RAM">   --->   Core 81 'RAM' <Latency = 1> <II = 1> <Delay = 2.32> <Storage> <Opcode : 'load' 'store'> <Ports = 2> <Width = 40> <Depth = 5> <RAM>
ST_4 : Operation 119 [1/1] (0.00ns)   --->   "%trunc_ln23_5 = trunc i40 %b_load_4" [../source/tut3B_Function_Reshape/matrix_mult.cpp:23]   --->   Operation 119 'trunc' 'trunc_ln23_5' <Predicate = true> <Delay = 0.00>
ST_4 : Operation 120 [1/1] (0.00ns)   --->   "%tmp_19 = partselect i8 @_ssdm_op_PartSelect.i8.i40.i40, i40 %b_load_4, i40 8" [../source/tut3B_Function_Reshape/matrix_mult.cpp:23]   --->   Operation 120 'partselect' 'tmp_19' <Predicate = true> <Delay = 0.00>
ST_4 : Operation 121 [1/1] (0.00ns)   --->   "%tmp_20 = partselect i8 @_ssdm_op_PartSelect.i8.i40.i40, i40 %b_load_4, i40 16" [../source/tut3B_Function_Reshape/matrix_mult.cpp:23]   --->   Operation 121 'partselect' 'tmp_20' <Predicate = true> <Delay = 0.00>
ST_4 : Operation 122 [1/1] (0.00ns)   --->   "%tmp_21 = partselect i8 @_ssdm_op_PartSelect.i8.i40.i40, i40 %b_load_4, i40 24" [../source/tut3B_Function_Reshape/matrix_mult.cpp:23]   --->   Operation 122 'partselect' 'tmp_21' <Predicate = true> <Delay = 0.00>
ST_4 : Operation 123 [1/1] (0.00ns)   --->   "%sext_ln23_28 = sext i8 %tmp_21" [../source/tut3B_Function_Reshape/matrix_mult.cpp:23]   --->   Operation 123 'sext' 'sext_ln23_28' <Predicate = true> <Delay = 0.00>
ST_4 : Operation 124 [1/1] (0.00ns)   --->   "%tmp_22 = partselect i8 @_ssdm_op_PartSelect.i8.i40.i40, i40 %b_load_4, i40 32" [../source/tut3B_Function_Reshape/matrix_mult.cpp:23]   --->   Operation 124 'partselect' 'tmp_22' <Predicate = true> <Delay = 0.00>
ST_4 : Operation 125 [5/5] (5.41ns)   --->   "%mul_ln23_23 = mul i16 %sext_ln23_28, i16 %sext_ln23_6" [../source/tut3B_Function_Reshape/matrix_mult.cpp:23]   --->   Operation 125 'mul' 'mul_ln23_23' <Predicate = true> <Delay = 5.41> <CoreInst = "Multiplier">   --->   Core 3 'Multiplier' <Latency = 4> <II = 1> <Delay = 5.41> <FuncUnit> <Opcode : 'mul'> <InPorts = 2> <OutPorts = 1>
ST_4 : Operation 126 [3/5] (5.41ns)   --->   "%mul_ln23_28 = mul i16 %sext_ln23_33, i16 %sext_ln23_7" [../source/tut3B_Function_Reshape/matrix_mult.cpp:23]   --->   Operation 126 'mul' 'mul_ln23_28' <Predicate = true> <Delay = 5.41> <CoreInst = "Multiplier">   --->   Core 3 'Multiplier' <Latency = 4> <II = 1> <Delay = 5.41> <FuncUnit> <Opcode : 'mul'> <InPorts = 2> <OutPorts = 1>
ST_4 : Operation 127 [3/5] (5.41ns)   --->   "%mul_ln23_33 = mul i16 %sext_ln23_33, i16 %sext_ln23_13" [../source/tut3B_Function_Reshape/matrix_mult.cpp:23]   --->   Operation 127 'mul' 'mul_ln23_33' <Predicate = true> <Delay = 5.41> <CoreInst = "Multiplier">   --->   Core 3 'Multiplier' <Latency = 4> <II = 1> <Delay = 5.41> <FuncUnit> <Opcode : 'mul'> <InPorts = 2> <OutPorts = 1>
ST_4 : Operation 128 [4/5] (5.41ns)   --->   "%mul_ln23_38 = mul i16 %sext_ln23_33, i16 %sext_ln23_18" [../source/tut3B_Function_Reshape/matrix_mult.cpp:23]   --->   Operation 128 'mul' 'mul_ln23_38' <Predicate = true> <Delay = 5.41> <CoreInst = "Multiplier">   --->   Core 3 'Multiplier' <Latency = 4> <II = 1> <Delay = 5.41> <FuncUnit> <Opcode : 'mul'> <InPorts = 2> <OutPorts = 1>
ST_4 : Operation 129 [4/5] (5.41ns)   --->   "%mul_ln23_43 = mul i16 %sext_ln23_33, i16 %sext_ln23_23" [../source/tut3B_Function_Reshape/matrix_mult.cpp:23]   --->   Operation 129 'mul' 'mul_ln23_43' <Predicate = true> <Delay = 5.41> <CoreInst = "Multiplier">   --->   Core 3 'Multiplier' <Latency = 4> <II = 1> <Delay = 5.41> <FuncUnit> <Opcode : 'mul'> <InPorts = 2> <OutPorts = 1>
ST_4 : Operation 130 [5/5] (5.41ns)   --->   "%mul_ln23_48 = mul i16 %sext_ln23_33, i16 %sext_ln23_28" [../source/tut3B_Function_Reshape/matrix_mult.cpp:23]   --->   Operation 130 'mul' 'mul_ln23_48' <Predicate = true> <Delay = 5.41> <CoreInst = "Multiplier">   --->   Core 3 'Multiplier' <Latency = 4> <II = 1> <Delay = 5.41> <FuncUnit> <Opcode : 'mul'> <InPorts = 2> <OutPorts = 1>
ST_4 : Operation 131 [1/1] (0.00ns)   --->   "%sext_ln23_38 = sext i8 %tmp_29" [../source/tut3B_Function_Reshape/matrix_mult.cpp:23]   --->   Operation 131 'sext' 'sext_ln23_38' <Predicate = true> <Delay = 0.00>
ST_4 : Operation 132 [5/5] (5.41ns)   --->   "%mul_ln23_53 = mul i16 %sext_ln23_38, i16 %sext_ln23_7" [../source/tut3B_Function_Reshape/matrix_mult.cpp:23]   --->   Operation 132 'mul' 'mul_ln23_53' <Predicate = true> <Delay = 5.41> <CoreInst = "Multiplier">   --->   Core 3 'Multiplier' <Latency = 4> <II = 1> <Delay = 5.41> <FuncUnit> <Opcode : 'mul'> <InPorts = 2> <OutPorts = 1>
ST_4 : Operation 133 [5/5] (5.41ns)   --->   "%mul_ln23_58 = mul i16 %sext_ln23_38, i16 %sext_ln23_13" [../source/tut3B_Function_Reshape/matrix_mult.cpp:23]   --->   Operation 133 'mul' 'mul_ln23_58' <Predicate = true> <Delay = 5.41> <CoreInst = "Multiplier">   --->   Core 3 'Multiplier' <Latency = 4> <II = 1> <Delay = 5.41> <FuncUnit> <Opcode : 'mul'> <InPorts = 2> <OutPorts = 1>
ST_4 : Operation 134 [1/2] ( I:0.00ns O:0.00ns )   --->   "%a_load_4 = load i3 %a_addr_4" [../source/tut3B_Function_Reshape/matrix_mult.cpp:23]   --->   Operation 134 'load' 'a_load_4' <Predicate = true> <Delay = 0.00> <CoreInst = "RAM">   --->   Core 81 'RAM' <Latency = 1> <II = 1> <Delay = 2.32> <Storage> <Opcode : 'load' 'store'> <Ports = 2> <Width = 40> <Depth = 5> <RAM>
ST_4 : Operation 135 [1/1] (0.00ns)   --->   "%trunc_ln23_9 = trunc i40 %a_load_4" [../source/tut3B_Function_Reshape/matrix_mult.cpp:23]   --->   Operation 135 'trunc' 'trunc_ln23_9' <Predicate = true> <Delay = 0.00>
ST_4 : Operation 136 [1/1] (0.00ns)   --->   "%tmp_35 = partselect i8 @_ssdm_op_PartSelect.i8.i40.i40, i40 %a_load_4, i40 8" [../source/tut3B_Function_Reshape/matrix_mult.cpp:23]   --->   Operation 136 'partselect' 'tmp_35' <Predicate = true> <Delay = 0.00>
ST_4 : Operation 137 [1/1] (0.00ns)   --->   "%tmp_36 = partselect i8 @_ssdm_op_PartSelect.i8.i40.i40, i40 %a_load_4, i40 16" [../source/tut3B_Function_Reshape/matrix_mult.cpp:23]   --->   Operation 137 'partselect' 'tmp_36' <Predicate = true> <Delay = 0.00>
ST_4 : Operation 138 [1/1] (0.00ns)   --->   "%tmp_37 = partselect i8 @_ssdm_op_PartSelect.i8.i40.i40, i40 %a_load_4, i40 24" [../source/tut3B_Function_Reshape/matrix_mult.cpp:23]   --->   Operation 138 'partselect' 'tmp_37' <Predicate = true> <Delay = 0.00>
ST_4 : Operation 139 [1/1] (0.00ns)   --->   "%tmp_38 = partselect i8 @_ssdm_op_PartSelect.i8.i40.i40, i40 %a_load_4, i40 32" [../source/tut3B_Function_Reshape/matrix_mult.cpp:23]   --->   Operation 139 'partselect' 'tmp_38' <Predicate = true> <Delay = 0.00>

State 5 <SV = 4> <Delay = 5.41>
ST_5 : Operation 140 [1/1] (0.00ns)   --->   "%sext_ln23_8 = sext i8 %tmp_6" [../source/tut3B_Function_Reshape/matrix_mult.cpp:23]   --->   Operation 140 'sext' 'sext_ln23_8' <Predicate = true> <Delay = 0.00>
ST_5 : Operation 141 [1/1] (0.00ns)   --->   "%sext_ln23_9 = sext i8 %tmp_7" [../source/tut3B_Function_Reshape/matrix_mult.cpp:23]   --->   Operation 141 'sext' 'sext_ln23_9' <Predicate = true> <Delay = 0.00>
ST_5 : Operation 142 [3/3] (1.05ns) (grouped into DSP with root node add_ln23_1)   --->   "%mul_ln23_2 = mul i16 %sext_ln23_9, i16 %sext_ln23_8" [../source/tut3B_Function_Reshape/matrix_mult.cpp:23]   --->   Operation 142 'mul' 'mul_ln23_2' <Predicate = true> <Delay = 1.05> <CoreInst = "DSP48">   --->   Core 116 'DSP48' <Latency = 3> <II = 1> <Delay = 2.15> <IPBlock> <Opcode : 'add' 'sub' 'mul' 'select'> <InPorts = 0> <OutPorts = 1> <Sync> <CReg>
ST_5 : Operation 143 [2/5] (5.41ns)   --->   "%mul_ln23_3 = mul i16 %sext_ln23_7, i16 %sext_ln23_6" [../source/tut3B_Function_Reshape/matrix_mult.cpp:23]   --->   Operation 143 'mul' 'mul_ln23_3' <Predicate = true> <Delay = 5.41> <CoreInst = "Multiplier">   --->   Core 3 'Multiplier' <Latency = 4> <II = 1> <Delay = 5.41> <FuncUnit> <Opcode : 'mul'> <InPorts = 2> <OutPorts = 1>
ST_5 : Operation 144 [1/1] (0.00ns)   --->   "%sext_ln23_14 = sext i8 %tmp_10" [../source/tut3B_Function_Reshape/matrix_mult.cpp:23]   --->   Operation 144 'sext' 'sext_ln23_14' <Predicate = true> <Delay = 0.00>
ST_5 : Operation 145 [3/3] (1.05ns) (grouped into DSP with root node add_ln23_5)   --->   "%mul_ln23_7 = mul i16 %sext_ln23_14, i16 %sext_ln23_8" [../source/tut3B_Function_Reshape/matrix_mult.cpp:23]   --->   Operation 145 'mul' 'mul_ln23_7' <Predicate = true> <Delay = 1.05> <CoreInst = "DSP48">   --->   Core 116 'DSP48' <Latency = 3> <II = 1> <Delay = 2.15> <IPBlock> <Opcode : 'add' 'sub' 'mul' 'select'> <InPorts = 0> <OutPorts = 1> <Sync> <CReg>
ST_5 : Operation 146 [2/5] (5.41ns)   --->   "%mul_ln23_8 = mul i16 %sext_ln23_13, i16 %sext_ln23_6" [../source/tut3B_Function_Reshape/matrix_mult.cpp:23]   --->   Operation 146 'mul' 'mul_ln23_8' <Predicate = true> <Delay = 5.41> <CoreInst = "Multiplier">   --->   Core 3 'Multiplier' <Latency = 4> <II = 1> <Delay = 5.41> <FuncUnit> <Opcode : 'mul'> <InPorts = 2> <OutPorts = 1>
ST_5 : Operation 147 [3/5] (5.41ns)   --->   "%mul_ln23_13 = mul i16 %sext_ln23_18, i16 %sext_ln23_6" [../source/tut3B_Function_Reshape/matrix_mult.cpp:23]   --->   Operation 147 'mul' 'mul_ln23_13' <Predicate = true> <Delay = 5.41> <CoreInst = "Multiplier">   --->   Core 3 'Multiplier' <Latency = 4> <II = 1> <Delay = 5.41> <FuncUnit> <Opcode : 'mul'> <InPorts = 2> <OutPorts = 1>
ST_5 : Operation 148 [3/5] (5.41ns)   --->   "%mul_ln23_18 = mul i16 %sext_ln23_23, i16 %sext_ln23_6" [../source/tut3B_Function_Reshape/matrix_mult.cpp:23]   --->   Operation 148 'mul' 'mul_ln23_18' <Predicate = true> <Delay = 5.41> <CoreInst = "Multiplier">   --->   Core 3 'Multiplier' <Latency = 4> <II = 1> <Delay = 5.41> <FuncUnit> <Opcode : 'mul'> <InPorts = 2> <OutPorts = 1>
ST_5 : Operation 149 [4/5] (5.41ns)   --->   "%mul_ln23_23 = mul i16 %sext_ln23_28, i16 %sext_ln23_6" [../source/tut3B_Function_Reshape/matrix_mult.cpp:23]   --->   Operation 149 'mul' 'mul_ln23_23' <Predicate = true> <Delay = 5.41> <CoreInst = "Multiplier">   --->   Core 3 'Multiplier' <Latency = 4> <II = 1> <Delay = 5.41> <FuncUnit> <Opcode : 'mul'> <InPorts = 2> <OutPorts = 1>
ST_5 : Operation 150 [1/1] (0.00ns)   --->   "%sext_ln23_34 = sext i8 %tmp_26" [../source/tut3B_Function_Reshape/matrix_mult.cpp:23]   --->   Operation 150 'sext' 'sext_ln23_34' <Predicate = true> <Delay = 0.00>
ST_5 : Operation 151 [3/3] (1.05ns) (grouped into DSP with root node add_ln23_21)   --->   "%mul_ln23_27 = mul i16 %sext_ln23_34, i16 %sext_ln23_9" [../source/tut3B_Function_Reshape/matrix_mult.cpp:23]   --->   Operation 151 'mul' 'mul_ln23_27' <Predicate = true> <Delay = 1.05> <CoreInst = "DSP48">   --->   Core 116 'DSP48' <Latency = 3> <II = 1> <Delay = 2.15> <IPBlock> <Opcode : 'add' 'sub' 'mul' 'select'> <InPorts = 0> <OutPorts = 1> <Sync> <CReg>
ST_5 : Operation 152 [2/5] (5.41ns)   --->   "%mul_ln23_28 = mul i16 %sext_ln23_33, i16 %sext_ln23_7" [../source/tut3B_Function_Reshape/matrix_mult.cpp:23]   --->   Operation 152 'mul' 'mul_ln23_28' <Predicate = true> <Delay = 5.41> <CoreInst = "Multiplier">   --->   Core 3 'Multiplier' <Latency = 4> <II = 1> <Delay = 5.41> <FuncUnit> <Opcode : 'mul'> <InPorts = 2> <OutPorts = 1>
ST_5 : Operation 153 [3/3] (1.05ns) (grouped into DSP with root node add_ln23_25)   --->   "%mul_ln23_32 = mul i16 %sext_ln23_34, i16 %sext_ln23_14" [../source/tut3B_Function_Reshape/matrix_mult.cpp:23]   --->   Operation 153 'mul' 'mul_ln23_32' <Predicate = true> <Delay = 1.05> <CoreInst = "DSP48">   --->   Core 116 'DSP48' <Latency = 3> <II = 1> <Delay = 2.15> <IPBlock> <Opcode : 'add' 'sub' 'mul' 'select'> <InPorts = 0> <OutPorts = 1> <Sync> <CReg>
ST_5 : Operation 154 [2/5] (5.41ns)   --->   "%mul_ln23_33 = mul i16 %sext_ln23_33, i16 %sext_ln23_13" [../source/tut3B_Function_Reshape/matrix_mult.cpp:23]   --->   Operation 154 'mul' 'mul_ln23_33' <Predicate = true> <Delay = 5.41> <CoreInst = "Multiplier">   --->   Core 3 'Multiplier' <Latency = 4> <II = 1> <Delay = 5.41> <FuncUnit> <Opcode : 'mul'> <InPorts = 2> <OutPorts = 1>
ST_5 : Operation 155 [3/5] (5.41ns)   --->   "%mul_ln23_38 = mul i16 %sext_ln23_33, i16 %sext_ln23_18" [../source/tut3B_Function_Reshape/matrix_mult.cpp:23]   --->   Operation 155 'mul' 'mul_ln23_38' <Predicate = true> <Delay = 5.41> <CoreInst = "Multiplier">   --->   Core 3 'Multiplier' <Latency = 4> <II = 1> <Delay = 5.41> <FuncUnit> <Opcode : 'mul'> <InPorts = 2> <OutPorts = 1>
ST_5 : Operation 156 [3/5] (5.41ns)   --->   "%mul_ln23_43 = mul i16 %sext_ln23_33, i16 %sext_ln23_23" [../source/tut3B_Function_Reshape/matrix_mult.cpp:23]   --->   Operation 156 'mul' 'mul_ln23_43' <Predicate = true> <Delay = 5.41> <CoreInst = "Multiplier">   --->   Core 3 'Multiplier' <Latency = 4> <II = 1> <Delay = 5.41> <FuncUnit> <Opcode : 'mul'> <InPorts = 2> <OutPorts = 1>
ST_5 : Operation 157 [4/5] (5.41ns)   --->   "%mul_ln23_48 = mul i16 %sext_ln23_33, i16 %sext_ln23_28" [../source/tut3B_Function_Reshape/matrix_mult.cpp:23]   --->   Operation 157 'mul' 'mul_ln23_48' <Predicate = true> <Delay = 5.41> <CoreInst = "Multiplier">   --->   Core 3 'Multiplier' <Latency = 4> <II = 1> <Delay = 5.41> <FuncUnit> <Opcode : 'mul'> <InPorts = 2> <OutPorts = 1>
ST_5 : Operation 158 [4/5] (5.41ns)   --->   "%mul_ln23_53 = mul i16 %sext_ln23_38, i16 %sext_ln23_7" [../source/tut3B_Function_Reshape/matrix_mult.cpp:23]   --->   Operation 158 'mul' 'mul_ln23_53' <Predicate = true> <Delay = 5.41> <CoreInst = "Multiplier">   --->   Core 3 'Multiplier' <Latency = 4> <II = 1> <Delay = 5.41> <FuncUnit> <Opcode : 'mul'> <InPorts = 2> <OutPorts = 1>
ST_5 : Operation 159 [4/5] (5.41ns)   --->   "%mul_ln23_58 = mul i16 %sext_ln23_38, i16 %sext_ln23_13" [../source/tut3B_Function_Reshape/matrix_mult.cpp:23]   --->   Operation 159 'mul' 'mul_ln23_58' <Predicate = true> <Delay = 5.41> <CoreInst = "Multiplier">   --->   Core 3 'Multiplier' <Latency = 4> <II = 1> <Delay = 5.41> <FuncUnit> <Opcode : 'mul'> <InPorts = 2> <OutPorts = 1>
ST_5 : Operation 160 [5/5] (5.41ns)   --->   "%mul_ln23_63 = mul i16 %sext_ln23_38, i16 %sext_ln23_18" [../source/tut3B_Function_Reshape/matrix_mult.cpp:23]   --->   Operation 160 'mul' 'mul_ln23_63' <Predicate = true> <Delay = 5.41> <CoreInst = "Multiplier">   --->   Core 3 'Multiplier' <Latency = 4> <II = 1> <Delay = 5.41> <FuncUnit> <Opcode : 'mul'> <InPorts = 2> <OutPorts = 1>
ST_5 : Operation 161 [5/5] (5.41ns)   --->   "%mul_ln23_68 = mul i16 %sext_ln23_38, i16 %sext_ln23_23" [../source/tut3B_Function_Reshape/matrix_mult.cpp:23]   --->   Operation 161 'mul' 'mul_ln23_68' <Predicate = true> <Delay = 5.41> <CoreInst = "Multiplier">   --->   Core 3 'Multiplier' <Latency = 4> <II = 1> <Delay = 5.41> <FuncUnit> <Opcode : 'mul'> <InPorts = 2> <OutPorts = 1>
ST_5 : Operation 162 [5/5] (5.41ns)   --->   "%mul_ln23_73 = mul i16 %sext_ln23_38, i16 %sext_ln23_28" [../source/tut3B_Function_Reshape/matrix_mult.cpp:23]   --->   Operation 162 'mul' 'mul_ln23_73' <Predicate = true> <Delay = 5.41> <CoreInst = "Multiplier">   --->   Core 3 'Multiplier' <Latency = 4> <II = 1> <Delay = 5.41> <FuncUnit> <Opcode : 'mul'> <InPorts = 2> <OutPorts = 1>
ST_5 : Operation 163 [1/1] (0.00ns)   --->   "%sext_ln23_43 = sext i8 %tmp_33" [../source/tut3B_Function_Reshape/matrix_mult.cpp:23]   --->   Operation 163 'sext' 'sext_ln23_43' <Predicate = true> <Delay = 0.00>
ST_5 : Operation 164 [5/5] (5.41ns)   --->   "%mul_ln23_78 = mul i16 %sext_ln23_43, i16 %sext_ln23_7" [../source/tut3B_Function_Reshape/matrix_mult.cpp:23]   --->   Operation 164 'mul' 'mul_ln23_78' <Predicate = true> <Delay = 5.41> <CoreInst = "Multiplier">   --->   Core 3 'Multiplier' <Latency = 4> <II = 1> <Delay = 5.41> <FuncUnit> <Opcode : 'mul'> <InPorts = 2> <OutPorts = 1>

State 6 <SV = 5> <Delay = 5.41>
ST_6 : Operation 165 [2/3] (1.05ns) (grouped into DSP with root node add_ln23_1)   --->   "%mul_ln23_2 = mul i16 %sext_ln23_9, i16 %sext_ln23_8" [../source/tut3B_Function_Reshape/matrix_mult.cpp:23]   --->   Operation 165 'mul' 'mul_ln23_2' <Predicate = true> <Delay = 1.05> <CoreInst = "DSP48">   --->   Core 116 'DSP48' <Latency = 3> <II = 1> <Delay = 2.15> <IPBlock> <Opcode : 'add' 'sub' 'mul' 'select'> <InPorts = 0> <OutPorts = 1> <Sync> <CReg>
ST_6 : Operation 166 [1/5] (5.41ns)   --->   "%mul_ln23_3 = mul i16 %sext_ln23_7, i16 %sext_ln23_6" [../source/tut3B_Function_Reshape/matrix_mult.cpp:23]   --->   Operation 166 'mul' 'mul_ln23_3' <Predicate = true> <Delay = 5.41> <CoreInst = "Multiplier">   --->   Core 3 'Multiplier' <Latency = 4> <II = 1> <Delay = 5.41> <FuncUnit> <Opcode : 'mul'> <InPorts = 2> <OutPorts = 1>
ST_6 : Operation 167 [2/3] (1.05ns) (grouped into DSP with root node add_ln23_5)   --->   "%mul_ln23_7 = mul i16 %sext_ln23_14, i16 %sext_ln23_8" [../source/tut3B_Function_Reshape/matrix_mult.cpp:23]   --->   Operation 167 'mul' 'mul_ln23_7' <Predicate = true> <Delay = 1.05> <CoreInst = "DSP48">   --->   Core 116 'DSP48' <Latency = 3> <II = 1> <Delay = 2.15> <IPBlock> <Opcode : 'add' 'sub' 'mul' 'select'> <InPorts = 0> <OutPorts = 1> <Sync> <CReg>
ST_6 : Operation 168 [1/5] (5.41ns)   --->   "%mul_ln23_8 = mul i16 %sext_ln23_13, i16 %sext_ln23_6" [../source/tut3B_Function_Reshape/matrix_mult.cpp:23]   --->   Operation 168 'mul' 'mul_ln23_8' <Predicate = true> <Delay = 5.41> <CoreInst = "Multiplier">   --->   Core 3 'Multiplier' <Latency = 4> <II = 1> <Delay = 5.41> <FuncUnit> <Opcode : 'mul'> <InPorts = 2> <OutPorts = 1>
ST_6 : Operation 169 [1/1] (0.00ns)   --->   "%sext_ln23_19 = sext i8 %tmp_14" [../source/tut3B_Function_Reshape/matrix_mult.cpp:23]   --->   Operation 169 'sext' 'sext_ln23_19' <Predicate = true> <Delay = 0.00>
ST_6 : Operation 170 [3/3] (1.05ns) (grouped into DSP with root node add_ln23_9)   --->   "%mul_ln23_12 = mul i16 %sext_ln23_19, i16 %sext_ln23_8" [../source/tut3B_Function_Reshape/matrix_mult.cpp:23]   --->   Operation 170 'mul' 'mul_ln23_12' <Predicate = true> <Delay = 1.05> <CoreInst = "DSP48">   --->   Core 116 'DSP48' <Latency = 3> <II = 1> <Delay = 2.15> <IPBlock> <Opcode : 'add' 'sub' 'mul' 'select'> <InPorts = 0> <OutPorts = 1> <Sync> <CReg>
ST_6 : Operation 171 [2/5] (5.41ns)   --->   "%mul_ln23_13 = mul i16 %sext_ln23_18, i16 %sext_ln23_6" [../source/tut3B_Function_Reshape/matrix_mult.cpp:23]   --->   Operation 171 'mul' 'mul_ln23_13' <Predicate = true> <Delay = 5.41> <CoreInst = "Multiplier">   --->   Core 3 'Multiplier' <Latency = 4> <II = 1> <Delay = 5.41> <FuncUnit> <Opcode : 'mul'> <InPorts = 2> <OutPorts = 1>
ST_6 : Operation 172 [1/1] (0.00ns)   --->   "%sext_ln23_24 = sext i8 %tmp_18" [../source/tut3B_Function_Reshape/matrix_mult.cpp:23]   --->   Operation 172 'sext' 'sext_ln23_24' <Predicate = true> <Delay = 0.00>
ST_6 : Operation 173 [3/3] (1.05ns) (grouped into DSP with root node add_ln23_13)   --->   "%mul_ln23_17 = mul i16 %sext_ln23_24, i16 %sext_ln23_8" [../source/tut3B_Function_Reshape/matrix_mult.cpp:23]   --->   Operation 173 'mul' 'mul_ln23_17' <Predicate = true> <Delay = 1.05> <CoreInst = "DSP48">   --->   Core 116 'DSP48' <Latency = 3> <II = 1> <Delay = 2.15> <IPBlock> <Opcode : 'add' 'sub' 'mul' 'select'> <InPorts = 0> <OutPorts = 1> <Sync> <CReg>
ST_6 : Operation 174 [2/5] (5.41ns)   --->   "%mul_ln23_18 = mul i16 %sext_ln23_23, i16 %sext_ln23_6" [../source/tut3B_Function_Reshape/matrix_mult.cpp:23]   --->   Operation 174 'mul' 'mul_ln23_18' <Predicate = true> <Delay = 5.41> <CoreInst = "Multiplier">   --->   Core 3 'Multiplier' <Latency = 4> <II = 1> <Delay = 5.41> <FuncUnit> <Opcode : 'mul'> <InPorts = 2> <OutPorts = 1>
ST_6 : Operation 175 [3/5] (5.41ns)   --->   "%mul_ln23_23 = mul i16 %sext_ln23_28, i16 %sext_ln23_6" [../source/tut3B_Function_Reshape/matrix_mult.cpp:23]   --->   Operation 175 'mul' 'mul_ln23_23' <Predicate = true> <Delay = 5.41> <CoreInst = "Multiplier">   --->   Core 3 'Multiplier' <Latency = 4> <II = 1> <Delay = 5.41> <FuncUnit> <Opcode : 'mul'> <InPorts = 2> <OutPorts = 1>
ST_6 : Operation 176 [2/3] (1.05ns) (grouped into DSP with root node add_ln23_21)   --->   "%mul_ln23_27 = mul i16 %sext_ln23_34, i16 %sext_ln23_9" [../source/tut3B_Function_Reshape/matrix_mult.cpp:23]   --->   Operation 176 'mul' 'mul_ln23_27' <Predicate = true> <Delay = 1.05> <CoreInst = "DSP48">   --->   Core 116 'DSP48' <Latency = 3> <II = 1> <Delay = 2.15> <IPBlock> <Opcode : 'add' 'sub' 'mul' 'select'> <InPorts = 0> <OutPorts = 1> <Sync> <CReg>
ST_6 : Operation 177 [1/5] (5.41ns)   --->   "%mul_ln23_28 = mul i16 %sext_ln23_33, i16 %sext_ln23_7" [../source/tut3B_Function_Reshape/matrix_mult.cpp:23]   --->   Operation 177 'mul' 'mul_ln23_28' <Predicate = true> <Delay = 5.41> <CoreInst = "Multiplier">   --->   Core 3 'Multiplier' <Latency = 4> <II = 1> <Delay = 5.41> <FuncUnit> <Opcode : 'mul'> <InPorts = 2> <OutPorts = 1>
ST_6 : Operation 178 [2/3] (1.05ns) (grouped into DSP with root node add_ln23_25)   --->   "%mul_ln23_32 = mul i16 %sext_ln23_34, i16 %sext_ln23_14" [../source/tut3B_Function_Reshape/matrix_mult.cpp:23]   --->   Operation 178 'mul' 'mul_ln23_32' <Predicate = true> <Delay = 1.05> <CoreInst = "DSP48">   --->   Core 116 'DSP48' <Latency = 3> <II = 1> <Delay = 2.15> <IPBlock> <Opcode : 'add' 'sub' 'mul' 'select'> <InPorts = 0> <OutPorts = 1> <Sync> <CReg>
ST_6 : Operation 179 [1/5] (5.41ns)   --->   "%mul_ln23_33 = mul i16 %sext_ln23_33, i16 %sext_ln23_13" [../source/tut3B_Function_Reshape/matrix_mult.cpp:23]   --->   Operation 179 'mul' 'mul_ln23_33' <Predicate = true> <Delay = 5.41> <CoreInst = "Multiplier">   --->   Core 3 'Multiplier' <Latency = 4> <II = 1> <Delay = 5.41> <FuncUnit> <Opcode : 'mul'> <InPorts = 2> <OutPorts = 1>
ST_6 : Operation 180 [3/3] (1.05ns) (grouped into DSP with root node add_ln23_29)   --->   "%mul_ln23_37 = mul i16 %sext_ln23_34, i16 %sext_ln23_19" [../source/tut3B_Function_Reshape/matrix_mult.cpp:23]   --->   Operation 180 'mul' 'mul_ln23_37' <Predicate = true> <Delay = 1.05> <CoreInst = "DSP48">   --->   Core 116 'DSP48' <Latency = 3> <II = 1> <Delay = 2.15> <IPBlock> <Opcode : 'add' 'sub' 'mul' 'select'> <InPorts = 0> <OutPorts = 1> <Sync> <CReg>
ST_6 : Operation 181 [2/5] (5.41ns)   --->   "%mul_ln23_38 = mul i16 %sext_ln23_33, i16 %sext_ln23_18" [../source/tut3B_Function_Reshape/matrix_mult.cpp:23]   --->   Operation 181 'mul' 'mul_ln23_38' <Predicate = true> <Delay = 5.41> <CoreInst = "Multiplier">   --->   Core 3 'Multiplier' <Latency = 4> <II = 1> <Delay = 5.41> <FuncUnit> <Opcode : 'mul'> <InPorts = 2> <OutPorts = 1>
ST_6 : Operation 182 [3/3] (1.05ns) (grouped into DSP with root node add_ln23_33)   --->   "%mul_ln23_42 = mul i16 %sext_ln23_34, i16 %sext_ln23_24" [../source/tut3B_Function_Reshape/matrix_mult.cpp:23]   --->   Operation 182 'mul' 'mul_ln23_42' <Predicate = true> <Delay = 1.05> <CoreInst = "DSP48">   --->   Core 116 'DSP48' <Latency = 3> <II = 1> <Delay = 2.15> <IPBlock> <Opcode : 'add' 'sub' 'mul' 'select'> <InPorts = 0> <OutPorts = 1> <Sync> <CReg>
ST_6 : Operation 183 [2/5] (5.41ns)   --->   "%mul_ln23_43 = mul i16 %sext_ln23_33, i16 %sext_ln23_23" [../source/tut3B_Function_Reshape/matrix_mult.cpp:23]   --->   Operation 183 'mul' 'mul_ln23_43' <Predicate = true> <Delay = 5.41> <CoreInst = "Multiplier">   --->   Core 3 'Multiplier' <Latency = 4> <II = 1> <Delay = 5.41> <FuncUnit> <Opcode : 'mul'> <InPorts = 2> <OutPorts = 1>
ST_6 : Operation 184 [3/5] (5.41ns)   --->   "%mul_ln23_48 = mul i16 %sext_ln23_33, i16 %sext_ln23_28" [../source/tut3B_Function_Reshape/matrix_mult.cpp:23]   --->   Operation 184 'mul' 'mul_ln23_48' <Predicate = true> <Delay = 5.41> <CoreInst = "Multiplier">   --->   Core 3 'Multiplier' <Latency = 4> <II = 1> <Delay = 5.41> <FuncUnit> <Opcode : 'mul'> <InPorts = 2> <OutPorts = 1>
ST_6 : Operation 185 [3/5] (5.41ns)   --->   "%mul_ln23_53 = mul i16 %sext_ln23_38, i16 %sext_ln23_7" [../source/tut3B_Function_Reshape/matrix_mult.cpp:23]   --->   Operation 185 'mul' 'mul_ln23_53' <Predicate = true> <Delay = 5.41> <CoreInst = "Multiplier">   --->   Core 3 'Multiplier' <Latency = 4> <II = 1> <Delay = 5.41> <FuncUnit> <Opcode : 'mul'> <InPorts = 2> <OutPorts = 1>
ST_6 : Operation 186 [3/5] (5.41ns)   --->   "%mul_ln23_58 = mul i16 %sext_ln23_38, i16 %sext_ln23_13" [../source/tut3B_Function_Reshape/matrix_mult.cpp:23]   --->   Operation 186 'mul' 'mul_ln23_58' <Predicate = true> <Delay = 5.41> <CoreInst = "Multiplier">   --->   Core 3 'Multiplier' <Latency = 4> <II = 1> <Delay = 5.41> <FuncUnit> <Opcode : 'mul'> <InPorts = 2> <OutPorts = 1>
ST_6 : Operation 187 [4/5] (5.41ns)   --->   "%mul_ln23_63 = mul i16 %sext_ln23_38, i16 %sext_ln23_18" [../source/tut3B_Function_Reshape/matrix_mult.cpp:23]   --->   Operation 187 'mul' 'mul_ln23_63' <Predicate = true> <Delay = 5.41> <CoreInst = "Multiplier">   --->   Core 3 'Multiplier' <Latency = 4> <II = 1> <Delay = 5.41> <FuncUnit> <Opcode : 'mul'> <InPorts = 2> <OutPorts = 1>
ST_6 : Operation 188 [4/5] (5.41ns)   --->   "%mul_ln23_68 = mul i16 %sext_ln23_38, i16 %sext_ln23_23" [../source/tut3B_Function_Reshape/matrix_mult.cpp:23]   --->   Operation 188 'mul' 'mul_ln23_68' <Predicate = true> <Delay = 5.41> <CoreInst = "Multiplier">   --->   Core 3 'Multiplier' <Latency = 4> <II = 1> <Delay = 5.41> <FuncUnit> <Opcode : 'mul'> <InPorts = 2> <OutPorts = 1>
ST_6 : Operation 189 [4/5] (5.41ns)   --->   "%mul_ln23_73 = mul i16 %sext_ln23_38, i16 %sext_ln23_28" [../source/tut3B_Function_Reshape/matrix_mult.cpp:23]   --->   Operation 189 'mul' 'mul_ln23_73' <Predicate = true> <Delay = 5.41> <CoreInst = "Multiplier">   --->   Core 3 'Multiplier' <Latency = 4> <II = 1> <Delay = 5.41> <FuncUnit> <Opcode : 'mul'> <InPorts = 2> <OutPorts = 1>
ST_6 : Operation 190 [4/5] (5.41ns)   --->   "%mul_ln23_78 = mul i16 %sext_ln23_43, i16 %sext_ln23_7" [../source/tut3B_Function_Reshape/matrix_mult.cpp:23]   --->   Operation 190 'mul' 'mul_ln23_78' <Predicate = true> <Delay = 5.41> <CoreInst = "Multiplier">   --->   Core 3 'Multiplier' <Latency = 4> <II = 1> <Delay = 5.41> <FuncUnit> <Opcode : 'mul'> <InPorts = 2> <OutPorts = 1>
ST_6 : Operation 191 [5/5] (5.41ns)   --->   "%mul_ln23_83 = mul i16 %sext_ln23_43, i16 %sext_ln23_13" [../source/tut3B_Function_Reshape/matrix_mult.cpp:23]   --->   Operation 191 'mul' 'mul_ln23_83' <Predicate = true> <Delay = 5.41> <CoreInst = "Multiplier">   --->   Core 3 'Multiplier' <Latency = 4> <II = 1> <Delay = 5.41> <FuncUnit> <Opcode : 'mul'> <InPorts = 2> <OutPorts = 1>
ST_6 : Operation 192 [5/5] (5.41ns)   --->   "%mul_ln23_88 = mul i16 %sext_ln23_43, i16 %sext_ln23_18" [../source/tut3B_Function_Reshape/matrix_mult.cpp:23]   --->   Operation 192 'mul' 'mul_ln23_88' <Predicate = true> <Delay = 5.41> <CoreInst = "Multiplier">   --->   Core 3 'Multiplier' <Latency = 4> <II = 1> <Delay = 5.41> <FuncUnit> <Opcode : 'mul'> <InPorts = 2> <OutPorts = 1>
ST_6 : Operation 193 [5/5] (5.41ns)   --->   "%mul_ln23_93 = mul i16 %sext_ln23_43, i16 %sext_ln23_23" [../source/tut3B_Function_Reshape/matrix_mult.cpp:23]   --->   Operation 193 'mul' 'mul_ln23_93' <Predicate = true> <Delay = 5.41> <CoreInst = "Multiplier">   --->   Core 3 'Multiplier' <Latency = 4> <II = 1> <Delay = 5.41> <FuncUnit> <Opcode : 'mul'> <InPorts = 2> <OutPorts = 1>
ST_6 : Operation 194 [5/5] (5.41ns)   --->   "%mul_ln23_98 = mul i16 %sext_ln23_43, i16 %sext_ln23_28" [../source/tut3B_Function_Reshape/matrix_mult.cpp:23]   --->   Operation 194 'mul' 'mul_ln23_98' <Predicate = true> <Delay = 5.41> <CoreInst = "Multiplier">   --->   Core 3 'Multiplier' <Latency = 4> <II = 1> <Delay = 5.41> <FuncUnit> <Opcode : 'mul'> <InPorts = 2> <OutPorts = 1>

State 7 <SV = 6> <Delay = 5.41>
ST_7 : Operation 195 [1/1] (0.00ns)   --->   "%sext_ln23_4 = sext i8 %tmp_2" [../source/tut3B_Function_Reshape/matrix_mult.cpp:23]   --->   Operation 195 'sext' 'sext_ln23_4' <Predicate = true> <Delay = 0.00>
ST_7 : Operation 196 [1/1] (0.00ns)   --->   "%sext_ln23_5 = sext i8 %tmp_3" [../source/tut3B_Function_Reshape/matrix_mult.cpp:23]   --->   Operation 196 'sext' 'sext_ln23_5' <Predicate = true> <Delay = 0.00>
ST_7 : Operation 197 [1/3] (0.00ns) (grouped into DSP with root node add_ln23_1)   --->   "%mul_ln23_2 = mul i16 %sext_ln23_9, i16 %sext_ln23_8" [../source/tut3B_Function_Reshape/matrix_mult.cpp:23]   --->   Operation 197 'mul' 'mul_ln23_2' <Predicate = true> <Delay = 0.00> <CoreInst = "DSP48">   --->   Core 116 'DSP48' <Latency = 3> <II = 1> <Delay = 2.15> <IPBlock> <Opcode : 'add' 'sub' 'mul' 'select'> <InPorts = 0> <OutPorts = 1> <Sync> <CReg>
ST_7 : Operation 198 [3/3] (1.05ns) (grouped into DSP with root node add_ln23_2)   --->   "%mul_ln23_4 = mul i16 %sext_ln23_5, i16 %sext_ln23_4" [../source/tut3B_Function_Reshape/matrix_mult.cpp:23]   --->   Operation 198 'mul' 'mul_ln23_4' <Predicate = true> <Delay = 1.05> <CoreInst = "DSP48">   --->   Core 116 'DSP48' <Latency = 3> <II = 1> <Delay = 2.15> <IPBlock> <Opcode : 'add' 'sub' 'mul' 'select'> <InPorts = 0> <OutPorts = 1> <Sync> <CReg>
ST_7 : Operation 199 [2/2] (2.10ns) (root node of the DSP)   --->   "%add_ln23_1 = add i16 %mul_ln23_3, i16 %mul_ln23_2" [../source/tut3B_Function_Reshape/matrix_mult.cpp:23]   --->   Operation 199 'add' 'add_ln23_1' <Predicate = true> <Delay = 2.10> <CoreInst = "DSP48">   --->   Core 116 'DSP48' <Latency = 3> <II = 1> <Delay = 2.15> <IPBlock> <Opcode : 'add' 'sub' 'mul' 'select'> <InPorts = 0> <OutPorts = 1> <Sync> <CReg>
ST_7 : Operation 200 [1/1] (0.00ns)   --->   "%sext_ln23_12 = sext i8 %tmp_9" [../source/tut3B_Function_Reshape/matrix_mult.cpp:23]   --->   Operation 200 'sext' 'sext_ln23_12' <Predicate = true> <Delay = 0.00>
ST_7 : Operation 201 [1/3] (0.00ns) (grouped into DSP with root node add_ln23_5)   --->   "%mul_ln23_7 = mul i16 %sext_ln23_14, i16 %sext_ln23_8" [../source/tut3B_Function_Reshape/matrix_mult.cpp:23]   --->   Operation 201 'mul' 'mul_ln23_7' <Predicate = true> <Delay = 0.00> <CoreInst = "DSP48">   --->   Core 116 'DSP48' <Latency = 3> <II = 1> <Delay = 2.15> <IPBlock> <Opcode : 'add' 'sub' 'mul' 'select'> <InPorts = 0> <OutPorts = 1> <Sync> <CReg>
ST_7 : Operation 202 [3/3] (1.05ns) (grouped into DSP with root node add_ln23_6)   --->   "%mul_ln23_9 = mul i16 %sext_ln23_12, i16 %sext_ln23_4" [../source/tut3B_Function_Reshape/matrix_mult.cpp:23]   --->   Operation 202 'mul' 'mul_ln23_9' <Predicate = true> <Delay = 1.05> <CoreInst = "DSP48">   --->   Core 116 'DSP48' <Latency = 3> <II = 1> <Delay = 2.15> <IPBlock> <Opcode : 'add' 'sub' 'mul' 'select'> <InPorts = 0> <OutPorts = 1> <Sync> <CReg>
ST_7 : Operation 203 [2/2] (2.10ns) (root node of the DSP)   --->   "%add_ln23_5 = add i16 %mul_ln23_8, i16 %mul_ln23_7" [../source/tut3B_Function_Reshape/matrix_mult.cpp:23]   --->   Operation 203 'add' 'add_ln23_5' <Predicate = true> <Delay = 2.10> <CoreInst = "DSP48">   --->   Core 116 'DSP48' <Latency = 3> <II = 1> <Delay = 2.15> <IPBlock> <Opcode : 'add' 'sub' 'mul' 'select'> <InPorts = 0> <OutPorts = 1> <Sync> <CReg>
ST_7 : Operation 204 [2/3] (1.05ns) (grouped into DSP with root node add_ln23_9)   --->   "%mul_ln23_12 = mul i16 %sext_ln23_19, i16 %sext_ln23_8" [../source/tut3B_Function_Reshape/matrix_mult.cpp:23]   --->   Operation 204 'mul' 'mul_ln23_12' <Predicate = true> <Delay = 1.05> <CoreInst = "DSP48">   --->   Core 116 'DSP48' <Latency = 3> <II = 1> <Delay = 2.15> <IPBlock> <Opcode : 'add' 'sub' 'mul' 'select'> <InPorts = 0> <OutPorts = 1> <Sync> <CReg>
ST_7 : Operation 205 [1/5] (5.41ns)   --->   "%mul_ln23_13 = mul i16 %sext_ln23_18, i16 %sext_ln23_6" [../source/tut3B_Function_Reshape/matrix_mult.cpp:23]   --->   Operation 205 'mul' 'mul_ln23_13' <Predicate = true> <Delay = 5.41> <CoreInst = "Multiplier">   --->   Core 3 'Multiplier' <Latency = 4> <II = 1> <Delay = 5.41> <FuncUnit> <Opcode : 'mul'> <InPorts = 2> <OutPorts = 1>
ST_7 : Operation 206 [2/3] (1.05ns) (grouped into DSP with root node add_ln23_13)   --->   "%mul_ln23_17 = mul i16 %sext_ln23_24, i16 %sext_ln23_8" [../source/tut3B_Function_Reshape/matrix_mult.cpp:23]   --->   Operation 206 'mul' 'mul_ln23_17' <Predicate = true> <Delay = 1.05> <CoreInst = "DSP48">   --->   Core 116 'DSP48' <Latency = 3> <II = 1> <Delay = 2.15> <IPBlock> <Opcode : 'add' 'sub' 'mul' 'select'> <InPorts = 0> <OutPorts = 1> <Sync> <CReg>
ST_7 : Operation 207 [1/5] (5.41ns)   --->   "%mul_ln23_18 = mul i16 %sext_ln23_23, i16 %sext_ln23_6" [../source/tut3B_Function_Reshape/matrix_mult.cpp:23]   --->   Operation 207 'mul' 'mul_ln23_18' <Predicate = true> <Delay = 5.41> <CoreInst = "Multiplier">   --->   Core 3 'Multiplier' <Latency = 4> <II = 1> <Delay = 5.41> <FuncUnit> <Opcode : 'mul'> <InPorts = 2> <OutPorts = 1>
ST_7 : Operation 208 [1/1] (0.00ns)   --->   "%sext_ln23_29 = sext i8 %tmp_22" [../source/tut3B_Function_Reshape/matrix_mult.cpp:23]   --->   Operation 208 'sext' 'sext_ln23_29' <Predicate = true> <Delay = 0.00>
ST_7 : Operation 209 [3/3] (1.05ns) (grouped into DSP with root node add_ln23_17)   --->   "%mul_ln23_22 = mul i16 %sext_ln23_29, i16 %sext_ln23_8" [../source/tut3B_Function_Reshape/matrix_mult.cpp:23]   --->   Operation 209 'mul' 'mul_ln23_22' <Predicate = true> <Delay = 1.05> <CoreInst = "DSP48">   --->   Core 116 'DSP48' <Latency = 3> <II = 1> <Delay = 2.15> <IPBlock> <Opcode : 'add' 'sub' 'mul' 'select'> <InPorts = 0> <OutPorts = 1> <Sync> <CReg>
ST_7 : Operation 210 [2/5] (5.41ns)   --->   "%mul_ln23_23 = mul i16 %sext_ln23_28, i16 %sext_ln23_6" [../source/tut3B_Function_Reshape/matrix_mult.cpp:23]   --->   Operation 210 'mul' 'mul_ln23_23' <Predicate = true> <Delay = 5.41> <CoreInst = "Multiplier">   --->   Core 3 'Multiplier' <Latency = 4> <II = 1> <Delay = 5.41> <FuncUnit> <Opcode : 'mul'> <InPorts = 2> <OutPorts = 1>
ST_7 : Operation 211 [1/3] (0.00ns) (grouped into DSP with root node add_ln23_21)   --->   "%mul_ln23_27 = mul i16 %sext_ln23_34, i16 %sext_ln23_9" [../source/tut3B_Function_Reshape/matrix_mult.cpp:23]   --->   Operation 211 'mul' 'mul_ln23_27' <Predicate = true> <Delay = 0.00> <CoreInst = "DSP48">   --->   Core 116 'DSP48' <Latency = 3> <II = 1> <Delay = 2.15> <IPBlock> <Opcode : 'add' 'sub' 'mul' 'select'> <InPorts = 0> <OutPorts = 1> <Sync> <CReg>
ST_7 : Operation 212 [2/2] (2.10ns) (root node of the DSP)   --->   "%add_ln23_21 = add i16 %mul_ln23_28, i16 %mul_ln23_27" [../source/tut3B_Function_Reshape/matrix_mult.cpp:23]   --->   Operation 212 'add' 'add_ln23_21' <Predicate = true> <Delay = 2.10> <CoreInst = "DSP48">   --->   Core 116 'DSP48' <Latency = 3> <II = 1> <Delay = 2.15> <IPBlock> <Opcode : 'add' 'sub' 'mul' 'select'> <InPorts = 0> <OutPorts = 1> <Sync> <CReg>
ST_7 : Operation 213 [1/3] (0.00ns) (grouped into DSP with root node add_ln23_25)   --->   "%mul_ln23_32 = mul i16 %sext_ln23_34, i16 %sext_ln23_14" [../source/tut3B_Function_Reshape/matrix_mult.cpp:23]   --->   Operation 213 'mul' 'mul_ln23_32' <Predicate = true> <Delay = 0.00> <CoreInst = "DSP48">   --->   Core 116 'DSP48' <Latency = 3> <II = 1> <Delay = 2.15> <IPBlock> <Opcode : 'add' 'sub' 'mul' 'select'> <InPorts = 0> <OutPorts = 1> <Sync> <CReg>
ST_7 : Operation 214 [2/2] (2.10ns) (root node of the DSP)   --->   "%add_ln23_25 = add i16 %mul_ln23_33, i16 %mul_ln23_32" [../source/tut3B_Function_Reshape/matrix_mult.cpp:23]   --->   Operation 214 'add' 'add_ln23_25' <Predicate = true> <Delay = 2.10> <CoreInst = "DSP48">   --->   Core 116 'DSP48' <Latency = 3> <II = 1> <Delay = 2.15> <IPBlock> <Opcode : 'add' 'sub' 'mul' 'select'> <InPorts = 0> <OutPorts = 1> <Sync> <CReg>
ST_7 : Operation 215 [2/3] (1.05ns) (grouped into DSP with root node add_ln23_29)   --->   "%mul_ln23_37 = mul i16 %sext_ln23_34, i16 %sext_ln23_19" [../source/tut3B_Function_Reshape/matrix_mult.cpp:23]   --->   Operation 215 'mul' 'mul_ln23_37' <Predicate = true> <Delay = 1.05> <CoreInst = "DSP48">   --->   Core 116 'DSP48' <Latency = 3> <II = 1> <Delay = 2.15> <IPBlock> <Opcode : 'add' 'sub' 'mul' 'select'> <InPorts = 0> <OutPorts = 1> <Sync> <CReg>
ST_7 : Operation 216 [1/5] (5.41ns)   --->   "%mul_ln23_38 = mul i16 %sext_ln23_33, i16 %sext_ln23_18" [../source/tut3B_Function_Reshape/matrix_mult.cpp:23]   --->   Operation 216 'mul' 'mul_ln23_38' <Predicate = true> <Delay = 5.41> <CoreInst = "Multiplier">   --->   Core 3 'Multiplier' <Latency = 4> <II = 1> <Delay = 5.41> <FuncUnit> <Opcode : 'mul'> <InPorts = 2> <OutPorts = 1>
ST_7 : Operation 217 [2/3] (1.05ns) (grouped into DSP with root node add_ln23_33)   --->   "%mul_ln23_42 = mul i16 %sext_ln23_34, i16 %sext_ln23_24" [../source/tut3B_Function_Reshape/matrix_mult.cpp:23]   --->   Operation 217 'mul' 'mul_ln23_42' <Predicate = true> <Delay = 1.05> <CoreInst = "DSP48">   --->   Core 116 'DSP48' <Latency = 3> <II = 1> <Delay = 2.15> <IPBlock> <Opcode : 'add' 'sub' 'mul' 'select'> <InPorts = 0> <OutPorts = 1> <Sync> <CReg>
ST_7 : Operation 218 [1/5] (5.41ns)   --->   "%mul_ln23_43 = mul i16 %sext_ln23_33, i16 %sext_ln23_23" [../source/tut3B_Function_Reshape/matrix_mult.cpp:23]   --->   Operation 218 'mul' 'mul_ln23_43' <Predicate = true> <Delay = 5.41> <CoreInst = "Multiplier">   --->   Core 3 'Multiplier' <Latency = 4> <II = 1> <Delay = 5.41> <FuncUnit> <Opcode : 'mul'> <InPorts = 2> <OutPorts = 1>
ST_7 : Operation 219 [3/3] (1.05ns) (grouped into DSP with root node add_ln23_37)   --->   "%mul_ln23_47 = mul i16 %sext_ln23_34, i16 %sext_ln23_29" [../source/tut3B_Function_Reshape/matrix_mult.cpp:23]   --->   Operation 219 'mul' 'mul_ln23_47' <Predicate = true> <Delay = 1.05> <CoreInst = "DSP48">   --->   Core 116 'DSP48' <Latency = 3> <II = 1> <Delay = 2.15> <IPBlock> <Opcode : 'add' 'sub' 'mul' 'select'> <InPorts = 0> <OutPorts = 1> <Sync> <CReg>
ST_7 : Operation 220 [2/5] (5.41ns)   --->   "%mul_ln23_48 = mul i16 %sext_ln23_33, i16 %sext_ln23_28" [../source/tut3B_Function_Reshape/matrix_mult.cpp:23]   --->   Operation 220 'mul' 'mul_ln23_48' <Predicate = true> <Delay = 5.41> <CoreInst = "Multiplier">   --->   Core 3 'Multiplier' <Latency = 4> <II = 1> <Delay = 5.41> <FuncUnit> <Opcode : 'mul'> <InPorts = 2> <OutPorts = 1>
ST_7 : Operation 221 [1/1] (0.00ns)   --->   "%sext_ln23_39 = sext i8 %tmp_30" [../source/tut3B_Function_Reshape/matrix_mult.cpp:23]   --->   Operation 221 'sext' 'sext_ln23_39' <Predicate = true> <Delay = 0.00>
ST_7 : Operation 222 [3/3] (1.05ns) (grouped into DSP with root node add_ln23_41)   --->   "%mul_ln23_52 = mul i16 %sext_ln23_39, i16 %sext_ln23_9" [../source/tut3B_Function_Reshape/matrix_mult.cpp:23]   --->   Operation 222 'mul' 'mul_ln23_52' <Predicate = true> <Delay = 1.05> <CoreInst = "DSP48">   --->   Core 116 'DSP48' <Latency = 3> <II = 1> <Delay = 2.15> <IPBlock> <Opcode : 'add' 'sub' 'mul' 'select'> <InPorts = 0> <OutPorts = 1> <Sync> <CReg>
ST_7 : Operation 223 [2/5] (5.41ns)   --->   "%mul_ln23_53 = mul i16 %sext_ln23_38, i16 %sext_ln23_7" [../source/tut3B_Function_Reshape/matrix_mult.cpp:23]   --->   Operation 223 'mul' 'mul_ln23_53' <Predicate = true> <Delay = 5.41> <CoreInst = "Multiplier">   --->   Core 3 'Multiplier' <Latency = 4> <II = 1> <Delay = 5.41> <FuncUnit> <Opcode : 'mul'> <InPorts = 2> <OutPorts = 1>
ST_7 : Operation 224 [3/3] (1.05ns) (grouped into DSP with root node add_ln23_45)   --->   "%mul_ln23_57 = mul i16 %sext_ln23_39, i16 %sext_ln23_14" [../source/tut3B_Function_Reshape/matrix_mult.cpp:23]   --->   Operation 224 'mul' 'mul_ln23_57' <Predicate = true> <Delay = 1.05> <CoreInst = "DSP48">   --->   Core 116 'DSP48' <Latency = 3> <II = 1> <Delay = 2.15> <IPBlock> <Opcode : 'add' 'sub' 'mul' 'select'> <InPorts = 0> <OutPorts = 1> <Sync> <CReg>
ST_7 : Operation 225 [2/5] (5.41ns)   --->   "%mul_ln23_58 = mul i16 %sext_ln23_38, i16 %sext_ln23_13" [../source/tut3B_Function_Reshape/matrix_mult.cpp:23]   --->   Operation 225 'mul' 'mul_ln23_58' <Predicate = true> <Delay = 5.41> <CoreInst = "Multiplier">   --->   Core 3 'Multiplier' <Latency = 4> <II = 1> <Delay = 5.41> <FuncUnit> <Opcode : 'mul'> <InPorts = 2> <OutPorts = 1>
ST_7 : Operation 226 [3/5] (5.41ns)   --->   "%mul_ln23_63 = mul i16 %sext_ln23_38, i16 %sext_ln23_18" [../source/tut3B_Function_Reshape/matrix_mult.cpp:23]   --->   Operation 226 'mul' 'mul_ln23_63' <Predicate = true> <Delay = 5.41> <CoreInst = "Multiplier">   --->   Core 3 'Multiplier' <Latency = 4> <II = 1> <Delay = 5.41> <FuncUnit> <Opcode : 'mul'> <InPorts = 2> <OutPorts = 1>
ST_7 : Operation 227 [3/5] (5.41ns)   --->   "%mul_ln23_68 = mul i16 %sext_ln23_38, i16 %sext_ln23_23" [../source/tut3B_Function_Reshape/matrix_mult.cpp:23]   --->   Operation 227 'mul' 'mul_ln23_68' <Predicate = true> <Delay = 5.41> <CoreInst = "Multiplier">   --->   Core 3 'Multiplier' <Latency = 4> <II = 1> <Delay = 5.41> <FuncUnit> <Opcode : 'mul'> <InPorts = 2> <OutPorts = 1>
ST_7 : Operation 228 [3/5] (5.41ns)   --->   "%mul_ln23_73 = mul i16 %sext_ln23_38, i16 %sext_ln23_28" [../source/tut3B_Function_Reshape/matrix_mult.cpp:23]   --->   Operation 228 'mul' 'mul_ln23_73' <Predicate = true> <Delay = 5.41> <CoreInst = "Multiplier">   --->   Core 3 'Multiplier' <Latency = 4> <II = 1> <Delay = 5.41> <FuncUnit> <Opcode : 'mul'> <InPorts = 2> <OutPorts = 1>
ST_7 : Operation 229 [3/5] (5.41ns)   --->   "%mul_ln23_78 = mul i16 %sext_ln23_43, i16 %sext_ln23_7" [../source/tut3B_Function_Reshape/matrix_mult.cpp:23]   --->   Operation 229 'mul' 'mul_ln23_78' <Predicate = true> <Delay = 5.41> <CoreInst = "Multiplier">   --->   Core 3 'Multiplier' <Latency = 4> <II = 1> <Delay = 5.41> <FuncUnit> <Opcode : 'mul'> <InPorts = 2> <OutPorts = 1>
ST_7 : Operation 230 [4/5] (5.41ns)   --->   "%mul_ln23_83 = mul i16 %sext_ln23_43, i16 %sext_ln23_13" [../source/tut3B_Function_Reshape/matrix_mult.cpp:23]   --->   Operation 230 'mul' 'mul_ln23_83' <Predicate = true> <Delay = 5.41> <CoreInst = "Multiplier">   --->   Core 3 'Multiplier' <Latency = 4> <II = 1> <Delay = 5.41> <FuncUnit> <Opcode : 'mul'> <InPorts = 2> <OutPorts = 1>
ST_7 : Operation 231 [4/5] (5.41ns)   --->   "%mul_ln23_88 = mul i16 %sext_ln23_43, i16 %sext_ln23_18" [../source/tut3B_Function_Reshape/matrix_mult.cpp:23]   --->   Operation 231 'mul' 'mul_ln23_88' <Predicate = true> <Delay = 5.41> <CoreInst = "Multiplier">   --->   Core 3 'Multiplier' <Latency = 4> <II = 1> <Delay = 5.41> <FuncUnit> <Opcode : 'mul'> <InPorts = 2> <OutPorts = 1>
ST_7 : Operation 232 [4/5] (5.41ns)   --->   "%mul_ln23_93 = mul i16 %sext_ln23_43, i16 %sext_ln23_23" [../source/tut3B_Function_Reshape/matrix_mult.cpp:23]   --->   Operation 232 'mul' 'mul_ln23_93' <Predicate = true> <Delay = 5.41> <CoreInst = "Multiplier">   --->   Core 3 'Multiplier' <Latency = 4> <II = 1> <Delay = 5.41> <FuncUnit> <Opcode : 'mul'> <InPorts = 2> <OutPorts = 1>
ST_7 : Operation 233 [4/5] (5.41ns)   --->   "%mul_ln23_98 = mul i16 %sext_ln23_43, i16 %sext_ln23_28" [../source/tut3B_Function_Reshape/matrix_mult.cpp:23]   --->   Operation 233 'mul' 'mul_ln23_98' <Predicate = true> <Delay = 5.41> <CoreInst = "Multiplier">   --->   Core 3 'Multiplier' <Latency = 4> <II = 1> <Delay = 5.41> <FuncUnit> <Opcode : 'mul'> <InPorts = 2> <OutPorts = 1>
ST_7 : Operation 234 [1/1] (0.00ns)   --->   "%sext_ln23_48 = sext i8 %tmp_37" [../source/tut3B_Function_Reshape/matrix_mult.cpp:23]   --->   Operation 234 'sext' 'sext_ln23_48' <Predicate = true> <Delay = 0.00>
ST_7 : Operation 235 [5/5] (5.41ns)   --->   "%mul_ln23_103 = mul i16 %sext_ln23_48, i16 %sext_ln23_7" [../source/tut3B_Function_Reshape/matrix_mult.cpp:23]   --->   Operation 235 'mul' 'mul_ln23_103' <Predicate = true> <Delay = 5.41> <CoreInst = "Multiplier">   --->   Core 3 'Multiplier' <Latency = 4> <II = 1> <Delay = 5.41> <FuncUnit> <Opcode : 'mul'> <InPorts = 2> <OutPorts = 1>
ST_7 : Operation 236 [5/5] (5.41ns)   --->   "%mul_ln23_108 = mul i16 %sext_ln23_48, i16 %sext_ln23_13" [../source/tut3B_Function_Reshape/matrix_mult.cpp:23]   --->   Operation 236 'mul' 'mul_ln23_108' <Predicate = true> <Delay = 5.41> <CoreInst = "Multiplier">   --->   Core 3 'Multiplier' <Latency = 4> <II = 1> <Delay = 5.41> <FuncUnit> <Opcode : 'mul'> <InPorts = 2> <OutPorts = 1>
ST_7 : Operation 237 [5/5] (5.41ns)   --->   "%mul_ln23_113 = mul i16 %sext_ln23_48, i16 %sext_ln23_18" [../source/tut3B_Function_Reshape/matrix_mult.cpp:23]   --->   Operation 237 'mul' 'mul_ln23_113' <Predicate = true> <Delay = 5.41> <CoreInst = "Multiplier">   --->   Core 3 'Multiplier' <Latency = 4> <II = 1> <Delay = 5.41> <FuncUnit> <Opcode : 'mul'> <InPorts = 2> <OutPorts = 1>
ST_7 : Operation 238 [5/5] (5.41ns)   --->   "%mul_ln23_118 = mul i16 %sext_ln23_48, i16 %sext_ln23_23" [../source/tut3B_Function_Reshape/matrix_mult.cpp:23]   --->   Operation 238 'mul' 'mul_ln23_118' <Predicate = true> <Delay = 5.41> <CoreInst = "Multiplier">   --->   Core 3 'Multiplier' <Latency = 4> <II = 1> <Delay = 5.41> <FuncUnit> <Opcode : 'mul'> <InPorts = 2> <OutPorts = 1>

State 8 <SV = 7> <Delay = 5.41>
ST_8 : Operation 239 [1/1] (0.00ns)   --->   "%sext_ln23_2 = sext i8 %tmp" [../source/tut3B_Function_Reshape/matrix_mult.cpp:23]   --->   Operation 239 'sext' 'sext_ln23_2' <Predicate = true> <Delay = 0.00>
ST_8 : Operation 240 [1/1] (0.00ns)   --->   "%sext_ln23_3 = sext i8 %tmp_1" [../source/tut3B_Function_Reshape/matrix_mult.cpp:23]   --->   Operation 240 'sext' 'sext_ln23_3' <Predicate = true> <Delay = 0.00>
ST_8 : Operation 241 [5/5] (5.41ns)   --->   "%mul_ln23_1 = mul i16 %sext_ln23_3, i16 %sext_ln23_2" [../source/tut3B_Function_Reshape/matrix_mult.cpp:23]   --->   Operation 241 'mul' 'mul_ln23_1' <Predicate = true> <Delay = 5.41> <CoreInst = "Multiplier">   --->   Core 3 'Multiplier' <Latency = 4> <II = 1> <Delay = 5.41> <FuncUnit> <Opcode : 'mul'> <InPorts = 2> <OutPorts = 1>
ST_8 : Operation 242 [2/3] (1.05ns) (grouped into DSP with root node add_ln23_2)   --->   "%mul_ln23_4 = mul i16 %sext_ln23_5, i16 %sext_ln23_4" [../source/tut3B_Function_Reshape/matrix_mult.cpp:23]   --->   Operation 242 'mul' 'mul_ln23_4' <Predicate = true> <Delay = 1.05> <CoreInst = "DSP48">   --->   Core 116 'DSP48' <Latency = 3> <II = 1> <Delay = 2.15> <IPBlock> <Opcode : 'add' 'sub' 'mul' 'select'> <InPorts = 0> <OutPorts = 1> <Sync> <CReg>
ST_8 : Operation 243 [1/2] (2.10ns) (root node of the DSP)   --->   "%add_ln23_1 = add i16 %mul_ln23_3, i16 %mul_ln23_2" [../source/tut3B_Function_Reshape/matrix_mult.cpp:23]   --->   Operation 243 'add' 'add_ln23_1' <Predicate = true> <Delay = 2.10> <CoreInst = "DSP48">   --->   Core 116 'DSP48' <Latency = 3> <II = 1> <Delay = 2.15> <IPBlock> <Opcode : 'add' 'sub' 'mul' 'select'> <InPorts = 0> <OutPorts = 1> <Sync> <CReg>
ST_8 : Operation 244 [1/1] (0.00ns)   --->   "%sext_ln23_11 = sext i8 %tmp_8" [../source/tut3B_Function_Reshape/matrix_mult.cpp:23]   --->   Operation 244 'sext' 'sext_ln23_11' <Predicate = true> <Delay = 0.00>
ST_8 : Operation 245 [5/5] (5.41ns)   --->   "%mul_ln23_6 = mul i16 %sext_ln23_11, i16 %sext_ln23_2" [../source/tut3B_Function_Reshape/matrix_mult.cpp:23]   --->   Operation 245 'mul' 'mul_ln23_6' <Predicate = true> <Delay = 5.41> <CoreInst = "Multiplier">   --->   Core 3 'Multiplier' <Latency = 4> <II = 1> <Delay = 5.41> <FuncUnit> <Opcode : 'mul'> <InPorts = 2> <OutPorts = 1>
ST_8 : Operation 246 [2/3] (1.05ns) (grouped into DSP with root node add_ln23_6)   --->   "%mul_ln23_9 = mul i16 %sext_ln23_12, i16 %sext_ln23_4" [../source/tut3B_Function_Reshape/matrix_mult.cpp:23]   --->   Operation 246 'mul' 'mul_ln23_9' <Predicate = true> <Delay = 1.05> <CoreInst = "DSP48">   --->   Core 116 'DSP48' <Latency = 3> <II = 1> <Delay = 2.15> <IPBlock> <Opcode : 'add' 'sub' 'mul' 'select'> <InPorts = 0> <OutPorts = 1> <Sync> <CReg>
ST_8 : Operation 247 [1/2] (2.10ns) (root node of the DSP)   --->   "%add_ln23_5 = add i16 %mul_ln23_8, i16 %mul_ln23_7" [../source/tut3B_Function_Reshape/matrix_mult.cpp:23]   --->   Operation 247 'add' 'add_ln23_5' <Predicate = true> <Delay = 2.10> <CoreInst = "DSP48">   --->   Core 116 'DSP48' <Latency = 3> <II = 1> <Delay = 2.15> <IPBlock> <Opcode : 'add' 'sub' 'mul' 'select'> <InPorts = 0> <OutPorts = 1> <Sync> <CReg>
ST_8 : Operation 248 [1/1] (0.00ns)   --->   "%sext_ln23_16 = sext i8 %tmp_11" [../source/tut3B_Function_Reshape/matrix_mult.cpp:23]   --->   Operation 248 'sext' 'sext_ln23_16' <Predicate = true> <Delay = 0.00>
ST_8 : Operation 249 [1/1] (0.00ns)   --->   "%sext_ln23_17 = sext i8 %tmp_12" [../source/tut3B_Function_Reshape/matrix_mult.cpp:23]   --->   Operation 249 'sext' 'sext_ln23_17' <Predicate = true> <Delay = 0.00>
ST_8 : Operation 250 [5/5] (5.41ns)   --->   "%mul_ln23_11 = mul i16 %sext_ln23_16, i16 %sext_ln23_2" [../source/tut3B_Function_Reshape/matrix_mult.cpp:23]   --->   Operation 250 'mul' 'mul_ln23_11' <Predicate = true> <Delay = 5.41> <CoreInst = "Multiplier">   --->   Core 3 'Multiplier' <Latency = 4> <II = 1> <Delay = 5.41> <FuncUnit> <Opcode : 'mul'> <InPorts = 2> <OutPorts = 1>
ST_8 : Operation 251 [1/3] (0.00ns) (grouped into DSP with root node add_ln23_9)   --->   "%mul_ln23_12 = mul i16 %sext_ln23_19, i16 %sext_ln23_8" [../source/tut3B_Function_Reshape/matrix_mult.cpp:23]   --->   Operation 251 'mul' 'mul_ln23_12' <Predicate = true> <Delay = 0.00> <CoreInst = "DSP48">   --->   Core 116 'DSP48' <Latency = 3> <II = 1> <Delay = 2.15> <IPBlock> <Opcode : 'add' 'sub' 'mul' 'select'> <InPorts = 0> <OutPorts = 1> <Sync> <CReg>
ST_8 : Operation 252 [3/3] (1.05ns) (grouped into DSP with root node add_ln23_10)   --->   "%mul_ln23_14 = mul i16 %sext_ln23_17, i16 %sext_ln23_4" [../source/tut3B_Function_Reshape/matrix_mult.cpp:23]   --->   Operation 252 'mul' 'mul_ln23_14' <Predicate = true> <Delay = 1.05> <CoreInst = "DSP48">   --->   Core 116 'DSP48' <Latency = 3> <II = 1> <Delay = 2.15> <IPBlock> <Opcode : 'add' 'sub' 'mul' 'select'> <InPorts = 0> <OutPorts = 1> <Sync> <CReg>
ST_8 : Operation 253 [2/2] (2.10ns) (root node of the DSP)   --->   "%add_ln23_9 = add i16 %mul_ln23_13, i16 %mul_ln23_12" [../source/tut3B_Function_Reshape/matrix_mult.cpp:23]   --->   Operation 253 'add' 'add_ln23_9' <Predicate = true> <Delay = 2.10> <CoreInst = "DSP48">   --->   Core 116 'DSP48' <Latency = 3> <II = 1> <Delay = 2.15> <IPBlock> <Opcode : 'add' 'sub' 'mul' 'select'> <InPorts = 0> <OutPorts = 1> <Sync> <CReg>
ST_8 : Operation 254 [1/1] (0.00ns)   --->   "%sext_ln23_22 = sext i8 %tmp_16" [../source/tut3B_Function_Reshape/matrix_mult.cpp:23]   --->   Operation 254 'sext' 'sext_ln23_22' <Predicate = true> <Delay = 0.00>
ST_8 : Operation 255 [1/3] (0.00ns) (grouped into DSP with root node add_ln23_13)   --->   "%mul_ln23_17 = mul i16 %sext_ln23_24, i16 %sext_ln23_8" [../source/tut3B_Function_Reshape/matrix_mult.cpp:23]   --->   Operation 255 'mul' 'mul_ln23_17' <Predicate = true> <Delay = 0.00> <CoreInst = "DSP48">   --->   Core 116 'DSP48' <Latency = 3> <II = 1> <Delay = 2.15> <IPBlock> <Opcode : 'add' 'sub' 'mul' 'select'> <InPorts = 0> <OutPorts = 1> <Sync> <CReg>
ST_8 : Operation 256 [3/3] (1.05ns) (grouped into DSP with root node add_ln23_14)   --->   "%mul_ln23_19 = mul i16 %sext_ln23_22, i16 %sext_ln23_4" [../source/tut3B_Function_Reshape/matrix_mult.cpp:23]   --->   Operation 256 'mul' 'mul_ln23_19' <Predicate = true> <Delay = 1.05> <CoreInst = "DSP48">   --->   Core 116 'DSP48' <Latency = 3> <II = 1> <Delay = 2.15> <IPBlock> <Opcode : 'add' 'sub' 'mul' 'select'> <InPorts = 0> <OutPorts = 1> <Sync> <CReg>
ST_8 : Operation 257 [2/2] (2.10ns) (root node of the DSP)   --->   "%add_ln23_13 = add i16 %mul_ln23_18, i16 %mul_ln23_17" [../source/tut3B_Function_Reshape/matrix_mult.cpp:23]   --->   Operation 257 'add' 'add_ln23_13' <Predicate = true> <Delay = 2.10> <CoreInst = "DSP48">   --->   Core 116 'DSP48' <Latency = 3> <II = 1> <Delay = 2.15> <IPBlock> <Opcode : 'add' 'sub' 'mul' 'select'> <InPorts = 0> <OutPorts = 1> <Sync> <CReg>
ST_8 : Operation 258 [2/3] (1.05ns) (grouped into DSP with root node add_ln23_17)   --->   "%mul_ln23_22 = mul i16 %sext_ln23_29, i16 %sext_ln23_8" [../source/tut3B_Function_Reshape/matrix_mult.cpp:23]   --->   Operation 258 'mul' 'mul_ln23_22' <Predicate = true> <Delay = 1.05> <CoreInst = "DSP48">   --->   Core 116 'DSP48' <Latency = 3> <II = 1> <Delay = 2.15> <IPBlock> <Opcode : 'add' 'sub' 'mul' 'select'> <InPorts = 0> <OutPorts = 1> <Sync> <CReg>
ST_8 : Operation 259 [1/5] (5.41ns)   --->   "%mul_ln23_23 = mul i16 %sext_ln23_28, i16 %sext_ln23_6" [../source/tut3B_Function_Reshape/matrix_mult.cpp:23]   --->   Operation 259 'mul' 'mul_ln23_23' <Predicate = true> <Delay = 5.41> <CoreInst = "Multiplier">   --->   Core 3 'Multiplier' <Latency = 4> <II = 1> <Delay = 5.41> <FuncUnit> <Opcode : 'mul'> <InPorts = 2> <OutPorts = 1>
ST_8 : Operation 260 [1/2] (2.10ns) (root node of the DSP)   --->   "%add_ln23_21 = add i16 %mul_ln23_28, i16 %mul_ln23_27" [../source/tut3B_Function_Reshape/matrix_mult.cpp:23]   --->   Operation 260 'add' 'add_ln23_21' <Predicate = true> <Delay = 2.10> <CoreInst = "DSP48">   --->   Core 116 'DSP48' <Latency = 3> <II = 1> <Delay = 2.15> <IPBlock> <Opcode : 'add' 'sub' 'mul' 'select'> <InPorts = 0> <OutPorts = 1> <Sync> <CReg>
ST_8 : Operation 261 [1/2] (2.10ns) (root node of the DSP)   --->   "%add_ln23_25 = add i16 %mul_ln23_33, i16 %mul_ln23_32" [../source/tut3B_Function_Reshape/matrix_mult.cpp:23]   --->   Operation 261 'add' 'add_ln23_25' <Predicate = true> <Delay = 2.10> <CoreInst = "DSP48">   --->   Core 116 'DSP48' <Latency = 3> <II = 1> <Delay = 2.15> <IPBlock> <Opcode : 'add' 'sub' 'mul' 'select'> <InPorts = 0> <OutPorts = 1> <Sync> <CReg>
ST_8 : Operation 262 [1/3] (0.00ns) (grouped into DSP with root node add_ln23_29)   --->   "%mul_ln23_37 = mul i16 %sext_ln23_34, i16 %sext_ln23_19" [../source/tut3B_Function_Reshape/matrix_mult.cpp:23]   --->   Operation 262 'mul' 'mul_ln23_37' <Predicate = true> <Delay = 0.00> <CoreInst = "DSP48">   --->   Core 116 'DSP48' <Latency = 3> <II = 1> <Delay = 2.15> <IPBlock> <Opcode : 'add' 'sub' 'mul' 'select'> <InPorts = 0> <OutPorts = 1> <Sync> <CReg>
ST_8 : Operation 263 [2/2] (2.10ns) (root node of the DSP)   --->   "%add_ln23_29 = add i16 %mul_ln23_38, i16 %mul_ln23_37" [../source/tut3B_Function_Reshape/matrix_mult.cpp:23]   --->   Operation 263 'add' 'add_ln23_29' <Predicate = true> <Delay = 2.10> <CoreInst = "DSP48">   --->   Core 116 'DSP48' <Latency = 3> <II = 1> <Delay = 2.15> <IPBlock> <Opcode : 'add' 'sub' 'mul' 'select'> <InPorts = 0> <OutPorts = 1> <Sync> <CReg>
ST_8 : Operation 264 [1/3] (0.00ns) (grouped into DSP with root node add_ln23_33)   --->   "%mul_ln23_42 = mul i16 %sext_ln23_34, i16 %sext_ln23_24" [../source/tut3B_Function_Reshape/matrix_mult.cpp:23]   --->   Operation 264 'mul' 'mul_ln23_42' <Predicate = true> <Delay = 0.00> <CoreInst = "DSP48">   --->   Core 116 'DSP48' <Latency = 3> <II = 1> <Delay = 2.15> <IPBlock> <Opcode : 'add' 'sub' 'mul' 'select'> <InPorts = 0> <OutPorts = 1> <Sync> <CReg>
ST_8 : Operation 265 [2/2] (2.10ns) (root node of the DSP)   --->   "%add_ln23_33 = add i16 %mul_ln23_43, i16 %mul_ln23_42" [../source/tut3B_Function_Reshape/matrix_mult.cpp:23]   --->   Operation 265 'add' 'add_ln23_33' <Predicate = true> <Delay = 2.10> <CoreInst = "DSP48">   --->   Core 116 'DSP48' <Latency = 3> <II = 1> <Delay = 2.15> <IPBlock> <Opcode : 'add' 'sub' 'mul' 'select'> <InPorts = 0> <OutPorts = 1> <Sync> <CReg>
ST_8 : Operation 266 [2/3] (1.05ns) (grouped into DSP with root node add_ln23_37)   --->   "%mul_ln23_47 = mul i16 %sext_ln23_34, i16 %sext_ln23_29" [../source/tut3B_Function_Reshape/matrix_mult.cpp:23]   --->   Operation 266 'mul' 'mul_ln23_47' <Predicate = true> <Delay = 1.05> <CoreInst = "DSP48">   --->   Core 116 'DSP48' <Latency = 3> <II = 1> <Delay = 2.15> <IPBlock> <Opcode : 'add' 'sub' 'mul' 'select'> <InPorts = 0> <OutPorts = 1> <Sync> <CReg>
ST_8 : Operation 267 [1/5] (5.41ns)   --->   "%mul_ln23_48 = mul i16 %sext_ln23_33, i16 %sext_ln23_28" [../source/tut3B_Function_Reshape/matrix_mult.cpp:23]   --->   Operation 267 'mul' 'mul_ln23_48' <Predicate = true> <Delay = 5.41> <CoreInst = "Multiplier">   --->   Core 3 'Multiplier' <Latency = 4> <II = 1> <Delay = 5.41> <FuncUnit> <Opcode : 'mul'> <InPorts = 2> <OutPorts = 1>
ST_8 : Operation 268 [2/3] (1.05ns) (grouped into DSP with root node add_ln23_41)   --->   "%mul_ln23_52 = mul i16 %sext_ln23_39, i16 %sext_ln23_9" [../source/tut3B_Function_Reshape/matrix_mult.cpp:23]   --->   Operation 268 'mul' 'mul_ln23_52' <Predicate = true> <Delay = 1.05> <CoreInst = "DSP48">   --->   Core 116 'DSP48' <Latency = 3> <II = 1> <Delay = 2.15> <IPBlock> <Opcode : 'add' 'sub' 'mul' 'select'> <InPorts = 0> <OutPorts = 1> <Sync> <CReg>
ST_8 : Operation 269 [1/5] (5.41ns)   --->   "%mul_ln23_53 = mul i16 %sext_ln23_38, i16 %sext_ln23_7" [../source/tut3B_Function_Reshape/matrix_mult.cpp:23]   --->   Operation 269 'mul' 'mul_ln23_53' <Predicate = true> <Delay = 5.41> <CoreInst = "Multiplier">   --->   Core 3 'Multiplier' <Latency = 4> <II = 1> <Delay = 5.41> <FuncUnit> <Opcode : 'mul'> <InPorts = 2> <OutPorts = 1>
ST_8 : Operation 270 [2/3] (1.05ns) (grouped into DSP with root node add_ln23_45)   --->   "%mul_ln23_57 = mul i16 %sext_ln23_39, i16 %sext_ln23_14" [../source/tut3B_Function_Reshape/matrix_mult.cpp:23]   --->   Operation 270 'mul' 'mul_ln23_57' <Predicate = true> <Delay = 1.05> <CoreInst = "DSP48">   --->   Core 116 'DSP48' <Latency = 3> <II = 1> <Delay = 2.15> <IPBlock> <Opcode : 'add' 'sub' 'mul' 'select'> <InPorts = 0> <OutPorts = 1> <Sync> <CReg>
ST_8 : Operation 271 [1/5] (5.41ns)   --->   "%mul_ln23_58 = mul i16 %sext_ln23_38, i16 %sext_ln23_13" [../source/tut3B_Function_Reshape/matrix_mult.cpp:23]   --->   Operation 271 'mul' 'mul_ln23_58' <Predicate = true> <Delay = 5.41> <CoreInst = "Multiplier">   --->   Core 3 'Multiplier' <Latency = 4> <II = 1> <Delay = 5.41> <FuncUnit> <Opcode : 'mul'> <InPorts = 2> <OutPorts = 1>
ST_8 : Operation 272 [3/3] (1.05ns) (grouped into DSP with root node add_ln23_49)   --->   "%mul_ln23_62 = mul i16 %sext_ln23_39, i16 %sext_ln23_19" [../source/tut3B_Function_Reshape/matrix_mult.cpp:23]   --->   Operation 272 'mul' 'mul_ln23_62' <Predicate = true> <Delay = 1.05> <CoreInst = "DSP48">   --->   Core 116 'DSP48' <Latency = 3> <II = 1> <Delay = 2.15> <IPBlock> <Opcode : 'add' 'sub' 'mul' 'select'> <InPorts = 0> <OutPorts = 1> <Sync> <CReg>
ST_8 : Operation 273 [2/5] (5.41ns)   --->   "%mul_ln23_63 = mul i16 %sext_ln23_38, i16 %sext_ln23_18" [../source/tut3B_Function_Reshape/matrix_mult.cpp:23]   --->   Operation 273 'mul' 'mul_ln23_63' <Predicate = true> <Delay = 5.41> <CoreInst = "Multiplier">   --->   Core 3 'Multiplier' <Latency = 4> <II = 1> <Delay = 5.41> <FuncUnit> <Opcode : 'mul'> <InPorts = 2> <OutPorts = 1>
ST_8 : Operation 274 [3/3] (1.05ns) (grouped into DSP with root node add_ln23_53)   --->   "%mul_ln23_67 = mul i16 %sext_ln23_39, i16 %sext_ln23_24" [../source/tut3B_Function_Reshape/matrix_mult.cpp:23]   --->   Operation 274 'mul' 'mul_ln23_67' <Predicate = true> <Delay = 1.05> <CoreInst = "DSP48">   --->   Core 116 'DSP48' <Latency = 3> <II = 1> <Delay = 2.15> <IPBlock> <Opcode : 'add' 'sub' 'mul' 'select'> <InPorts = 0> <OutPorts = 1> <Sync> <CReg>
ST_8 : Operation 275 [2/5] (5.41ns)   --->   "%mul_ln23_68 = mul i16 %sext_ln23_38, i16 %sext_ln23_23" [../source/tut3B_Function_Reshape/matrix_mult.cpp:23]   --->   Operation 275 'mul' 'mul_ln23_68' <Predicate = true> <Delay = 5.41> <CoreInst = "Multiplier">   --->   Core 3 'Multiplier' <Latency = 4> <II = 1> <Delay = 5.41> <FuncUnit> <Opcode : 'mul'> <InPorts = 2> <OutPorts = 1>
ST_8 : Operation 276 [3/3] (1.05ns) (grouped into DSP with root node add_ln23_57)   --->   "%mul_ln23_72 = mul i16 %sext_ln23_39, i16 %sext_ln23_29" [../source/tut3B_Function_Reshape/matrix_mult.cpp:23]   --->   Operation 276 'mul' 'mul_ln23_72' <Predicate = true> <Delay = 1.05> <CoreInst = "DSP48">   --->   Core 116 'DSP48' <Latency = 3> <II = 1> <Delay = 2.15> <IPBlock> <Opcode : 'add' 'sub' 'mul' 'select'> <InPorts = 0> <OutPorts = 1> <Sync> <CReg>
ST_8 : Operation 277 [2/5] (5.41ns)   --->   "%mul_ln23_73 = mul i16 %sext_ln23_38, i16 %sext_ln23_28" [../source/tut3B_Function_Reshape/matrix_mult.cpp:23]   --->   Operation 277 'mul' 'mul_ln23_73' <Predicate = true> <Delay = 5.41> <CoreInst = "Multiplier">   --->   Core 3 'Multiplier' <Latency = 4> <II = 1> <Delay = 5.41> <FuncUnit> <Opcode : 'mul'> <InPorts = 2> <OutPorts = 1>
ST_8 : Operation 278 [1/1] (0.00ns)   --->   "%sext_ln23_44 = sext i8 %tmp_34" [../source/tut3B_Function_Reshape/matrix_mult.cpp:23]   --->   Operation 278 'sext' 'sext_ln23_44' <Predicate = true> <Delay = 0.00>
ST_8 : Operation 279 [3/3] (1.05ns) (grouped into DSP with root node add_ln23_61)   --->   "%mul_ln23_77 = mul i16 %sext_ln23_44, i16 %sext_ln23_9" [../source/tut3B_Function_Reshape/matrix_mult.cpp:23]   --->   Operation 279 'mul' 'mul_ln23_77' <Predicate = true> <Delay = 1.05> <CoreInst = "DSP48">   --->   Core 116 'DSP48' <Latency = 3> <II = 1> <Delay = 2.15> <IPBlock> <Opcode : 'add' 'sub' 'mul' 'select'> <InPorts = 0> <OutPorts = 1> <Sync> <CReg>
ST_8 : Operation 280 [2/5] (5.41ns)   --->   "%mul_ln23_78 = mul i16 %sext_ln23_43, i16 %sext_ln23_7" [../source/tut3B_Function_Reshape/matrix_mult.cpp:23]   --->   Operation 280 'mul' 'mul_ln23_78' <Predicate = true> <Delay = 5.41> <CoreInst = "Multiplier">   --->   Core 3 'Multiplier' <Latency = 4> <II = 1> <Delay = 5.41> <FuncUnit> <Opcode : 'mul'> <InPorts = 2> <OutPorts = 1>
ST_8 : Operation 281 [3/5] (5.41ns)   --->   "%mul_ln23_83 = mul i16 %sext_ln23_43, i16 %sext_ln23_13" [../source/tut3B_Function_Reshape/matrix_mult.cpp:23]   --->   Operation 281 'mul' 'mul_ln23_83' <Predicate = true> <Delay = 5.41> <CoreInst = "Multiplier">   --->   Core 3 'Multiplier' <Latency = 4> <II = 1> <Delay = 5.41> <FuncUnit> <Opcode : 'mul'> <InPorts = 2> <OutPorts = 1>
ST_8 : Operation 282 [3/5] (5.41ns)   --->   "%mul_ln23_88 = mul i16 %sext_ln23_43, i16 %sext_ln23_18" [../source/tut3B_Function_Reshape/matrix_mult.cpp:23]   --->   Operation 282 'mul' 'mul_ln23_88' <Predicate = true> <Delay = 5.41> <CoreInst = "Multiplier">   --->   Core 3 'Multiplier' <Latency = 4> <II = 1> <Delay = 5.41> <FuncUnit> <Opcode : 'mul'> <InPorts = 2> <OutPorts = 1>
ST_8 : Operation 283 [3/5] (5.41ns)   --->   "%mul_ln23_93 = mul i16 %sext_ln23_43, i16 %sext_ln23_23" [../source/tut3B_Function_Reshape/matrix_mult.cpp:23]   --->   Operation 283 'mul' 'mul_ln23_93' <Predicate = true> <Delay = 5.41> <CoreInst = "Multiplier">   --->   Core 3 'Multiplier' <Latency = 4> <II = 1> <Delay = 5.41> <FuncUnit> <Opcode : 'mul'> <InPorts = 2> <OutPorts = 1>
ST_8 : Operation 284 [3/5] (5.41ns)   --->   "%mul_ln23_98 = mul i16 %sext_ln23_43, i16 %sext_ln23_28" [../source/tut3B_Function_Reshape/matrix_mult.cpp:23]   --->   Operation 284 'mul' 'mul_ln23_98' <Predicate = true> <Delay = 5.41> <CoreInst = "Multiplier">   --->   Core 3 'Multiplier' <Latency = 4> <II = 1> <Delay = 5.41> <FuncUnit> <Opcode : 'mul'> <InPorts = 2> <OutPorts = 1>
ST_8 : Operation 285 [4/5] (5.41ns)   --->   "%mul_ln23_103 = mul i16 %sext_ln23_48, i16 %sext_ln23_7" [../source/tut3B_Function_Reshape/matrix_mult.cpp:23]   --->   Operation 285 'mul' 'mul_ln23_103' <Predicate = true> <Delay = 5.41> <CoreInst = "Multiplier">   --->   Core 3 'Multiplier' <Latency = 4> <II = 1> <Delay = 5.41> <FuncUnit> <Opcode : 'mul'> <InPorts = 2> <OutPorts = 1>
ST_8 : Operation 286 [4/5] (5.41ns)   --->   "%mul_ln23_108 = mul i16 %sext_ln23_48, i16 %sext_ln23_13" [../source/tut3B_Function_Reshape/matrix_mult.cpp:23]   --->   Operation 286 'mul' 'mul_ln23_108' <Predicate = true> <Delay = 5.41> <CoreInst = "Multiplier">   --->   Core 3 'Multiplier' <Latency = 4> <II = 1> <Delay = 5.41> <FuncUnit> <Opcode : 'mul'> <InPorts = 2> <OutPorts = 1>
ST_8 : Operation 287 [4/5] (5.41ns)   --->   "%mul_ln23_113 = mul i16 %sext_ln23_48, i16 %sext_ln23_18" [../source/tut3B_Function_Reshape/matrix_mult.cpp:23]   --->   Operation 287 'mul' 'mul_ln23_113' <Predicate = true> <Delay = 5.41> <CoreInst = "Multiplier">   --->   Core 3 'Multiplier' <Latency = 4> <II = 1> <Delay = 5.41> <FuncUnit> <Opcode : 'mul'> <InPorts = 2> <OutPorts = 1>
ST_8 : Operation 288 [4/5] (5.41ns)   --->   "%mul_ln23_118 = mul i16 %sext_ln23_48, i16 %sext_ln23_23" [../source/tut3B_Function_Reshape/matrix_mult.cpp:23]   --->   Operation 288 'mul' 'mul_ln23_118' <Predicate = true> <Delay = 5.41> <CoreInst = "Multiplier">   --->   Core 3 'Multiplier' <Latency = 4> <II = 1> <Delay = 5.41> <FuncUnit> <Opcode : 'mul'> <InPorts = 2> <OutPorts = 1>
ST_8 : Operation 289 [5/5] (5.41ns)   --->   "%mul_ln23_123 = mul i16 %sext_ln23_48, i16 %sext_ln23_28" [../source/tut3B_Function_Reshape/matrix_mult.cpp:23]   --->   Operation 289 'mul' 'mul_ln23_123' <Predicate = true> <Delay = 5.41> <CoreInst = "Multiplier">   --->   Core 3 'Multiplier' <Latency = 4> <II = 1> <Delay = 5.41> <FuncUnit> <Opcode : 'mul'> <InPorts = 2> <OutPorts = 1>

State 9 <SV = 8> <Delay = 5.41>
ST_9 : Operation 290 [4/5] (5.41ns)   --->   "%mul_ln23_1 = mul i16 %sext_ln23_3, i16 %sext_ln23_2" [../source/tut3B_Function_Reshape/matrix_mult.cpp:23]   --->   Operation 290 'mul' 'mul_ln23_1' <Predicate = true> <Delay = 5.41> <CoreInst = "Multiplier">   --->   Core 3 'Multiplier' <Latency = 4> <II = 1> <Delay = 5.41> <FuncUnit> <Opcode : 'mul'> <InPorts = 2> <OutPorts = 1>
ST_9 : Operation 291 [1/3] (0.00ns) (grouped into DSP with root node add_ln23_2)   --->   "%mul_ln23_4 = mul i16 %sext_ln23_5, i16 %sext_ln23_4" [../source/tut3B_Function_Reshape/matrix_mult.cpp:23]   --->   Operation 291 'mul' 'mul_ln23_4' <Predicate = true> <Delay = 0.00> <CoreInst = "DSP48">   --->   Core 116 'DSP48' <Latency = 3> <II = 1> <Delay = 2.15> <IPBlock> <Opcode : 'add' 'sub' 'mul' 'select'> <InPorts = 0> <OutPorts = 1> <Sync> <CReg>
ST_9 : Operation 292 [2/2] (2.10ns) (root node of the DSP)   --->   "%add_ln23_2 = add i16 %add_ln23_1, i16 %mul_ln23_4" [../source/tut3B_Function_Reshape/matrix_mult.cpp:23]   --->   Operation 292 'add' 'add_ln23_2' <Predicate = true> <Delay = 2.10> <CoreInst = "DSP48">   --->   Core 116 'DSP48' <Latency = 3> <II = 1> <Delay = 2.15> <IPBlock> <Opcode : 'add' 'sub' 'mul' 'select'> <InPorts = 0> <OutPorts = 1> <Sync> <CReg>
ST_9 : Operation 293 [4/5] (5.41ns)   --->   "%mul_ln23_6 = mul i16 %sext_ln23_11, i16 %sext_ln23_2" [../source/tut3B_Function_Reshape/matrix_mult.cpp:23]   --->   Operation 293 'mul' 'mul_ln23_6' <Predicate = true> <Delay = 5.41> <CoreInst = "Multiplier">   --->   Core 3 'Multiplier' <Latency = 4> <II = 1> <Delay = 5.41> <FuncUnit> <Opcode : 'mul'> <InPorts = 2> <OutPorts = 1>
ST_9 : Operation 294 [1/3] (0.00ns) (grouped into DSP with root node add_ln23_6)   --->   "%mul_ln23_9 = mul i16 %sext_ln23_12, i16 %sext_ln23_4" [../source/tut3B_Function_Reshape/matrix_mult.cpp:23]   --->   Operation 294 'mul' 'mul_ln23_9' <Predicate = true> <Delay = 0.00> <CoreInst = "DSP48">   --->   Core 116 'DSP48' <Latency = 3> <II = 1> <Delay = 2.15> <IPBlock> <Opcode : 'add' 'sub' 'mul' 'select'> <InPorts = 0> <OutPorts = 1> <Sync> <CReg>
ST_9 : Operation 295 [2/2] (2.10ns) (root node of the DSP)   --->   "%add_ln23_6 = add i16 %add_ln23_5, i16 %mul_ln23_9" [../source/tut3B_Function_Reshape/matrix_mult.cpp:23]   --->   Operation 295 'add' 'add_ln23_6' <Predicate = true> <Delay = 2.10> <CoreInst = "DSP48">   --->   Core 116 'DSP48' <Latency = 3> <II = 1> <Delay = 2.15> <IPBlock> <Opcode : 'add' 'sub' 'mul' 'select'> <InPorts = 0> <OutPorts = 1> <Sync> <CReg>
ST_9 : Operation 296 [4/5] (5.41ns)   --->   "%mul_ln23_11 = mul i16 %sext_ln23_16, i16 %sext_ln23_2" [../source/tut3B_Function_Reshape/matrix_mult.cpp:23]   --->   Operation 296 'mul' 'mul_ln23_11' <Predicate = true> <Delay = 5.41> <CoreInst = "Multiplier">   --->   Core 3 'Multiplier' <Latency = 4> <II = 1> <Delay = 5.41> <FuncUnit> <Opcode : 'mul'> <InPorts = 2> <OutPorts = 1>
ST_9 : Operation 297 [2/3] (1.05ns) (grouped into DSP with root node add_ln23_10)   --->   "%mul_ln23_14 = mul i16 %sext_ln23_17, i16 %sext_ln23_4" [../source/tut3B_Function_Reshape/matrix_mult.cpp:23]   --->   Operation 297 'mul' 'mul_ln23_14' <Predicate = true> <Delay = 1.05> <CoreInst = "DSP48">   --->   Core 116 'DSP48' <Latency = 3> <II = 1> <Delay = 2.15> <IPBlock> <Opcode : 'add' 'sub' 'mul' 'select'> <InPorts = 0> <OutPorts = 1> <Sync> <CReg>
ST_9 : Operation 298 [1/2] (2.10ns) (root node of the DSP)   --->   "%add_ln23_9 = add i16 %mul_ln23_13, i16 %mul_ln23_12" [../source/tut3B_Function_Reshape/matrix_mult.cpp:23]   --->   Operation 298 'add' 'add_ln23_9' <Predicate = true> <Delay = 2.10> <CoreInst = "DSP48">   --->   Core 116 'DSP48' <Latency = 3> <II = 1> <Delay = 2.15> <IPBlock> <Opcode : 'add' 'sub' 'mul' 'select'> <InPorts = 0> <OutPorts = 1> <Sync> <CReg>
ST_9 : Operation 299 [1/1] (0.00ns)   --->   "%sext_ln23_21 = sext i8 %tmp_15" [../source/tut3B_Function_Reshape/matrix_mult.cpp:23]   --->   Operation 299 'sext' 'sext_ln23_21' <Predicate = true> <Delay = 0.00>
ST_9 : Operation 300 [5/5] (5.41ns)   --->   "%mul_ln23_16 = mul i16 %sext_ln23_21, i16 %sext_ln23_2" [../source/tut3B_Function_Reshape/matrix_mult.cpp:23]   --->   Operation 300 'mul' 'mul_ln23_16' <Predicate = true> <Delay = 5.41> <CoreInst = "Multiplier">   --->   Core 3 'Multiplier' <Latency = 4> <II = 1> <Delay = 5.41> <FuncUnit> <Opcode : 'mul'> <InPorts = 2> <OutPorts = 1>
ST_9 : Operation 301 [2/3] (1.05ns) (grouped into DSP with root node add_ln23_14)   --->   "%mul_ln23_19 = mul i16 %sext_ln23_22, i16 %sext_ln23_4" [../source/tut3B_Function_Reshape/matrix_mult.cpp:23]   --->   Operation 301 'mul' 'mul_ln23_19' <Predicate = true> <Delay = 1.05> <CoreInst = "DSP48">   --->   Core 116 'DSP48' <Latency = 3> <II = 1> <Delay = 2.15> <IPBlock> <Opcode : 'add' 'sub' 'mul' 'select'> <InPorts = 0> <OutPorts = 1> <Sync> <CReg>
ST_9 : Operation 302 [1/2] (2.10ns) (root node of the DSP)   --->   "%add_ln23_13 = add i16 %mul_ln23_18, i16 %mul_ln23_17" [../source/tut3B_Function_Reshape/matrix_mult.cpp:23]   --->   Operation 302 'add' 'add_ln23_13' <Predicate = true> <Delay = 2.10> <CoreInst = "DSP48">   --->   Core 116 'DSP48' <Latency = 3> <II = 1> <Delay = 2.15> <IPBlock> <Opcode : 'add' 'sub' 'mul' 'select'> <InPorts = 0> <OutPorts = 1> <Sync> <CReg>
ST_9 : Operation 303 [1/1] (0.00ns)   --->   "%sext_ln23_26 = sext i8 %tmp_19" [../source/tut3B_Function_Reshape/matrix_mult.cpp:23]   --->   Operation 303 'sext' 'sext_ln23_26' <Predicate = true> <Delay = 0.00>
ST_9 : Operation 304 [1/1] (0.00ns)   --->   "%sext_ln23_27 = sext i8 %tmp_20" [../source/tut3B_Function_Reshape/matrix_mult.cpp:23]   --->   Operation 304 'sext' 'sext_ln23_27' <Predicate = true> <Delay = 0.00>
ST_9 : Operation 305 [5/5] (5.41ns)   --->   "%mul_ln23_21 = mul i16 %sext_ln23_26, i16 %sext_ln23_2" [../source/tut3B_Function_Reshape/matrix_mult.cpp:23]   --->   Operation 305 'mul' 'mul_ln23_21' <Predicate = true> <Delay = 5.41> <CoreInst = "Multiplier">   --->   Core 3 'Multiplier' <Latency = 4> <II = 1> <Delay = 5.41> <FuncUnit> <Opcode : 'mul'> <InPorts = 2> <OutPorts = 1>
ST_9 : Operation 306 [1/3] (0.00ns) (grouped into DSP with root node add_ln23_17)   --->   "%mul_ln23_22 = mul i16 %sext_ln23_29, i16 %sext_ln23_8" [../source/tut3B_Function_Reshape/matrix_mult.cpp:23]   --->   Operation 306 'mul' 'mul_ln23_22' <Predicate = true> <Delay = 0.00> <CoreInst = "DSP48">   --->   Core 116 'DSP48' <Latency = 3> <II = 1> <Delay = 2.15> <IPBlock> <Opcode : 'add' 'sub' 'mul' 'select'> <InPorts = 0> <OutPorts = 1> <Sync> <CReg>
ST_9 : Operation 307 [3/3] (1.05ns) (grouped into DSP with root node add_ln23_18)   --->   "%mul_ln23_24 = mul i16 %sext_ln23_27, i16 %sext_ln23_4" [../source/tut3B_Function_Reshape/matrix_mult.cpp:23]   --->   Operation 307 'mul' 'mul_ln23_24' <Predicate = true> <Delay = 1.05> <CoreInst = "DSP48">   --->   Core 116 'DSP48' <Latency = 3> <II = 1> <Delay = 2.15> <IPBlock> <Opcode : 'add' 'sub' 'mul' 'select'> <InPorts = 0> <OutPorts = 1> <Sync> <CReg>
ST_9 : Operation 308 [2/2] (2.10ns) (root node of the DSP)   --->   "%add_ln23_17 = add i16 %mul_ln23_23, i16 %mul_ln23_22" [../source/tut3B_Function_Reshape/matrix_mult.cpp:23]   --->   Operation 308 'add' 'add_ln23_17' <Predicate = true> <Delay = 2.10> <CoreInst = "DSP48">   --->   Core 116 'DSP48' <Latency = 3> <II = 1> <Delay = 2.15> <IPBlock> <Opcode : 'add' 'sub' 'mul' 'select'> <InPorts = 0> <OutPorts = 1> <Sync> <CReg>
ST_9 : Operation 309 [1/1] (0.00ns)   --->   "%sext_ln23_31 = sext i8 %tmp_23" [../source/tut3B_Function_Reshape/matrix_mult.cpp:23]   --->   Operation 309 'sext' 'sext_ln23_31' <Predicate = true> <Delay = 0.00>
ST_9 : Operation 310 [1/1] (0.00ns)   --->   "%sext_ln23_32 = sext i8 %tmp_24" [../source/tut3B_Function_Reshape/matrix_mult.cpp:23]   --->   Operation 310 'sext' 'sext_ln23_32' <Predicate = true> <Delay = 0.00>
ST_9 : Operation 311 [5/5] (5.41ns)   --->   "%mul_ln23_26 = mul i16 %sext_ln23_31, i16 %sext_ln23_3" [../source/tut3B_Function_Reshape/matrix_mult.cpp:23]   --->   Operation 311 'mul' 'mul_ln23_26' <Predicate = true> <Delay = 5.41> <CoreInst = "Multiplier">   --->   Core 3 'Multiplier' <Latency = 4> <II = 1> <Delay = 5.41> <FuncUnit> <Opcode : 'mul'> <InPorts = 2> <OutPorts = 1>
ST_9 : Operation 312 [3/3] (1.05ns) (grouped into DSP with root node add_ln23_22)   --->   "%mul_ln23_29 = mul i16 %sext_ln23_32, i16 %sext_ln23_5" [../source/tut3B_Function_Reshape/matrix_mult.cpp:23]   --->   Operation 312 'mul' 'mul_ln23_29' <Predicate = true> <Delay = 1.05> <CoreInst = "DSP48">   --->   Core 116 'DSP48' <Latency = 3> <II = 1> <Delay = 2.15> <IPBlock> <Opcode : 'add' 'sub' 'mul' 'select'> <InPorts = 0> <OutPorts = 1> <Sync> <CReg>
ST_9 : Operation 313 [5/5] (5.41ns)   --->   "%mul_ln23_31 = mul i16 %sext_ln23_31, i16 %sext_ln23_11" [../source/tut3B_Function_Reshape/matrix_mult.cpp:23]   --->   Operation 313 'mul' 'mul_ln23_31' <Predicate = true> <Delay = 5.41> <CoreInst = "Multiplier">   --->   Core 3 'Multiplier' <Latency = 4> <II = 1> <Delay = 5.41> <FuncUnit> <Opcode : 'mul'> <InPorts = 2> <OutPorts = 1>
ST_9 : Operation 314 [1/2] (2.10ns) (root node of the DSP)   --->   "%add_ln23_29 = add i16 %mul_ln23_38, i16 %mul_ln23_37" [../source/tut3B_Function_Reshape/matrix_mult.cpp:23]   --->   Operation 314 'add' 'add_ln23_29' <Predicate = true> <Delay = 2.10> <CoreInst = "DSP48">   --->   Core 116 'DSP48' <Latency = 3> <II = 1> <Delay = 2.15> <IPBlock> <Opcode : 'add' 'sub' 'mul' 'select'> <InPorts = 0> <OutPorts = 1> <Sync> <CReg>
ST_9 : Operation 315 [1/2] (2.10ns) (root node of the DSP)   --->   "%add_ln23_33 = add i16 %mul_ln23_43, i16 %mul_ln23_42" [../source/tut3B_Function_Reshape/matrix_mult.cpp:23]   --->   Operation 315 'add' 'add_ln23_33' <Predicate = true> <Delay = 2.10> <CoreInst = "DSP48">   --->   Core 116 'DSP48' <Latency = 3> <II = 1> <Delay = 2.15> <IPBlock> <Opcode : 'add' 'sub' 'mul' 'select'> <InPorts = 0> <OutPorts = 1> <Sync> <CReg>
ST_9 : Operation 316 [1/3] (0.00ns) (grouped into DSP with root node add_ln23_37)   --->   "%mul_ln23_47 = mul i16 %sext_ln23_34, i16 %sext_ln23_29" [../source/tut3B_Function_Reshape/matrix_mult.cpp:23]   --->   Operation 316 'mul' 'mul_ln23_47' <Predicate = true> <Delay = 0.00> <CoreInst = "DSP48">   --->   Core 116 'DSP48' <Latency = 3> <II = 1> <Delay = 2.15> <IPBlock> <Opcode : 'add' 'sub' 'mul' 'select'> <InPorts = 0> <OutPorts = 1> <Sync> <CReg>
ST_9 : Operation 317 [2/2] (2.10ns) (root node of the DSP)   --->   "%add_ln23_37 = add i16 %mul_ln23_48, i16 %mul_ln23_47" [../source/tut3B_Function_Reshape/matrix_mult.cpp:23]   --->   Operation 317 'add' 'add_ln23_37' <Predicate = true> <Delay = 2.10> <CoreInst = "DSP48">   --->   Core 116 'DSP48' <Latency = 3> <II = 1> <Delay = 2.15> <IPBlock> <Opcode : 'add' 'sub' 'mul' 'select'> <InPorts = 0> <OutPorts = 1> <Sync> <CReg>
ST_9 : Operation 318 [1/3] (0.00ns) (grouped into DSP with root node add_ln23_41)   --->   "%mul_ln23_52 = mul i16 %sext_ln23_39, i16 %sext_ln23_9" [../source/tut3B_Function_Reshape/matrix_mult.cpp:23]   --->   Operation 318 'mul' 'mul_ln23_52' <Predicate = true> <Delay = 0.00> <CoreInst = "DSP48">   --->   Core 116 'DSP48' <Latency = 3> <II = 1> <Delay = 2.15> <IPBlock> <Opcode : 'add' 'sub' 'mul' 'select'> <InPorts = 0> <OutPorts = 1> <Sync> <CReg>
ST_9 : Operation 319 [2/2] (2.10ns) (root node of the DSP)   --->   "%add_ln23_41 = add i16 %mul_ln23_53, i16 %mul_ln23_52" [../source/tut3B_Function_Reshape/matrix_mult.cpp:23]   --->   Operation 319 'add' 'add_ln23_41' <Predicate = true> <Delay = 2.10> <CoreInst = "DSP48">   --->   Core 116 'DSP48' <Latency = 3> <II = 1> <Delay = 2.15> <IPBlock> <Opcode : 'add' 'sub' 'mul' 'select'> <InPorts = 0> <OutPorts = 1> <Sync> <CReg>
ST_9 : Operation 320 [1/3] (0.00ns) (grouped into DSP with root node add_ln23_45)   --->   "%mul_ln23_57 = mul i16 %sext_ln23_39, i16 %sext_ln23_14" [../source/tut3B_Function_Reshape/matrix_mult.cpp:23]   --->   Operation 320 'mul' 'mul_ln23_57' <Predicate = true> <Delay = 0.00> <CoreInst = "DSP48">   --->   Core 116 'DSP48' <Latency = 3> <II = 1> <Delay = 2.15> <IPBlock> <Opcode : 'add' 'sub' 'mul' 'select'> <InPorts = 0> <OutPorts = 1> <Sync> <CReg>
ST_9 : Operation 321 [2/2] (2.10ns) (root node of the DSP)   --->   "%add_ln23_45 = add i16 %mul_ln23_58, i16 %mul_ln23_57" [../source/tut3B_Function_Reshape/matrix_mult.cpp:23]   --->   Operation 321 'add' 'add_ln23_45' <Predicate = true> <Delay = 2.10> <CoreInst = "DSP48">   --->   Core 116 'DSP48' <Latency = 3> <II = 1> <Delay = 2.15> <IPBlock> <Opcode : 'add' 'sub' 'mul' 'select'> <InPorts = 0> <OutPorts = 1> <Sync> <CReg>
ST_9 : Operation 322 [2/3] (1.05ns) (grouped into DSP with root node add_ln23_49)   --->   "%mul_ln23_62 = mul i16 %sext_ln23_39, i16 %sext_ln23_19" [../source/tut3B_Function_Reshape/matrix_mult.cpp:23]   --->   Operation 322 'mul' 'mul_ln23_62' <Predicate = true> <Delay = 1.05> <CoreInst = "DSP48">   --->   Core 116 'DSP48' <Latency = 3> <II = 1> <Delay = 2.15> <IPBlock> <Opcode : 'add' 'sub' 'mul' 'select'> <InPorts = 0> <OutPorts = 1> <Sync> <CReg>
ST_9 : Operation 323 [1/5] (5.41ns)   --->   "%mul_ln23_63 = mul i16 %sext_ln23_38, i16 %sext_ln23_18" [../source/tut3B_Function_Reshape/matrix_mult.cpp:23]   --->   Operation 323 'mul' 'mul_ln23_63' <Predicate = true> <Delay = 5.41> <CoreInst = "Multiplier">   --->   Core 3 'Multiplier' <Latency = 4> <II = 1> <Delay = 5.41> <FuncUnit> <Opcode : 'mul'> <InPorts = 2> <OutPorts = 1>
ST_9 : Operation 324 [2/3] (1.05ns) (grouped into DSP with root node add_ln23_53)   --->   "%mul_ln23_67 = mul i16 %sext_ln23_39, i16 %sext_ln23_24" [../source/tut3B_Function_Reshape/matrix_mult.cpp:23]   --->   Operation 324 'mul' 'mul_ln23_67' <Predicate = true> <Delay = 1.05> <CoreInst = "DSP48">   --->   Core 116 'DSP48' <Latency = 3> <II = 1> <Delay = 2.15> <IPBlock> <Opcode : 'add' 'sub' 'mul' 'select'> <InPorts = 0> <OutPorts = 1> <Sync> <CReg>
ST_9 : Operation 325 [1/5] (5.41ns)   --->   "%mul_ln23_68 = mul i16 %sext_ln23_38, i16 %sext_ln23_23" [../source/tut3B_Function_Reshape/matrix_mult.cpp:23]   --->   Operation 325 'mul' 'mul_ln23_68' <Predicate = true> <Delay = 5.41> <CoreInst = "Multiplier">   --->   Core 3 'Multiplier' <Latency = 4> <II = 1> <Delay = 5.41> <FuncUnit> <Opcode : 'mul'> <InPorts = 2> <OutPorts = 1>
ST_9 : Operation 326 [2/3] (1.05ns) (grouped into DSP with root node add_ln23_57)   --->   "%mul_ln23_72 = mul i16 %sext_ln23_39, i16 %sext_ln23_29" [../source/tut3B_Function_Reshape/matrix_mult.cpp:23]   --->   Operation 326 'mul' 'mul_ln23_72' <Predicate = true> <Delay = 1.05> <CoreInst = "DSP48">   --->   Core 116 'DSP48' <Latency = 3> <II = 1> <Delay = 2.15> <IPBlock> <Opcode : 'add' 'sub' 'mul' 'select'> <InPorts = 0> <OutPorts = 1> <Sync> <CReg>
ST_9 : Operation 327 [1/5] (5.41ns)   --->   "%mul_ln23_73 = mul i16 %sext_ln23_38, i16 %sext_ln23_28" [../source/tut3B_Function_Reshape/matrix_mult.cpp:23]   --->   Operation 327 'mul' 'mul_ln23_73' <Predicate = true> <Delay = 5.41> <CoreInst = "Multiplier">   --->   Core 3 'Multiplier' <Latency = 4> <II = 1> <Delay = 5.41> <FuncUnit> <Opcode : 'mul'> <InPorts = 2> <OutPorts = 1>
ST_9 : Operation 328 [2/3] (1.05ns) (grouped into DSP with root node add_ln23_61)   --->   "%mul_ln23_77 = mul i16 %sext_ln23_44, i16 %sext_ln23_9" [../source/tut3B_Function_Reshape/matrix_mult.cpp:23]   --->   Operation 328 'mul' 'mul_ln23_77' <Predicate = true> <Delay = 1.05> <CoreInst = "DSP48">   --->   Core 116 'DSP48' <Latency = 3> <II = 1> <Delay = 2.15> <IPBlock> <Opcode : 'add' 'sub' 'mul' 'select'> <InPorts = 0> <OutPorts = 1> <Sync> <CReg>
ST_9 : Operation 329 [1/5] (5.41ns)   --->   "%mul_ln23_78 = mul i16 %sext_ln23_43, i16 %sext_ln23_7" [../source/tut3B_Function_Reshape/matrix_mult.cpp:23]   --->   Operation 329 'mul' 'mul_ln23_78' <Predicate = true> <Delay = 5.41> <CoreInst = "Multiplier">   --->   Core 3 'Multiplier' <Latency = 4> <II = 1> <Delay = 5.41> <FuncUnit> <Opcode : 'mul'> <InPorts = 2> <OutPorts = 1>
ST_9 : Operation 330 [3/3] (1.05ns) (grouped into DSP with root node add_ln23_65)   --->   "%mul_ln23_82 = mul i16 %sext_ln23_44, i16 %sext_ln23_14" [../source/tut3B_Function_Reshape/matrix_mult.cpp:23]   --->   Operation 330 'mul' 'mul_ln23_82' <Predicate = true> <Delay = 1.05> <CoreInst = "DSP48">   --->   Core 116 'DSP48' <Latency = 3> <II = 1> <Delay = 2.15> <IPBlock> <Opcode : 'add' 'sub' 'mul' 'select'> <InPorts = 0> <OutPorts = 1> <Sync> <CReg>
ST_9 : Operation 331 [2/5] (5.41ns)   --->   "%mul_ln23_83 = mul i16 %sext_ln23_43, i16 %sext_ln23_13" [../source/tut3B_Function_Reshape/matrix_mult.cpp:23]   --->   Operation 331 'mul' 'mul_ln23_83' <Predicate = true> <Delay = 5.41> <CoreInst = "Multiplier">   --->   Core 3 'Multiplier' <Latency = 4> <II = 1> <Delay = 5.41> <FuncUnit> <Opcode : 'mul'> <InPorts = 2> <OutPorts = 1>
ST_9 : Operation 332 [3/3] (1.05ns) (grouped into DSP with root node add_ln23_69)   --->   "%mul_ln23_87 = mul i16 %sext_ln23_44, i16 %sext_ln23_19" [../source/tut3B_Function_Reshape/matrix_mult.cpp:23]   --->   Operation 332 'mul' 'mul_ln23_87' <Predicate = true> <Delay = 1.05> <CoreInst = "DSP48">   --->   Core 116 'DSP48' <Latency = 3> <II = 1> <Delay = 2.15> <IPBlock> <Opcode : 'add' 'sub' 'mul' 'select'> <InPorts = 0> <OutPorts = 1> <Sync> <CReg>
ST_9 : Operation 333 [2/5] (5.41ns)   --->   "%mul_ln23_88 = mul i16 %sext_ln23_43, i16 %sext_ln23_18" [../source/tut3B_Function_Reshape/matrix_mult.cpp:23]   --->   Operation 333 'mul' 'mul_ln23_88' <Predicate = true> <Delay = 5.41> <CoreInst = "Multiplier">   --->   Core 3 'Multiplier' <Latency = 4> <II = 1> <Delay = 5.41> <FuncUnit> <Opcode : 'mul'> <InPorts = 2> <OutPorts = 1>
ST_9 : Operation 334 [3/3] (1.05ns) (grouped into DSP with root node add_ln23_73)   --->   "%mul_ln23_92 = mul i16 %sext_ln23_44, i16 %sext_ln23_24" [../source/tut3B_Function_Reshape/matrix_mult.cpp:23]   --->   Operation 334 'mul' 'mul_ln23_92' <Predicate = true> <Delay = 1.05> <CoreInst = "DSP48">   --->   Core 116 'DSP48' <Latency = 3> <II = 1> <Delay = 2.15> <IPBlock> <Opcode : 'add' 'sub' 'mul' 'select'> <InPorts = 0> <OutPorts = 1> <Sync> <CReg>
ST_9 : Operation 335 [2/5] (5.41ns)   --->   "%mul_ln23_93 = mul i16 %sext_ln23_43, i16 %sext_ln23_23" [../source/tut3B_Function_Reshape/matrix_mult.cpp:23]   --->   Operation 335 'mul' 'mul_ln23_93' <Predicate = true> <Delay = 5.41> <CoreInst = "Multiplier">   --->   Core 3 'Multiplier' <Latency = 4> <II = 1> <Delay = 5.41> <FuncUnit> <Opcode : 'mul'> <InPorts = 2> <OutPorts = 1>
ST_9 : Operation 336 [3/3] (1.05ns) (grouped into DSP with root node add_ln23_77)   --->   "%mul_ln23_97 = mul i16 %sext_ln23_44, i16 %sext_ln23_29" [../source/tut3B_Function_Reshape/matrix_mult.cpp:23]   --->   Operation 336 'mul' 'mul_ln23_97' <Predicate = true> <Delay = 1.05> <CoreInst = "DSP48">   --->   Core 116 'DSP48' <Latency = 3> <II = 1> <Delay = 2.15> <IPBlock> <Opcode : 'add' 'sub' 'mul' 'select'> <InPorts = 0> <OutPorts = 1> <Sync> <CReg>
ST_9 : Operation 337 [2/5] (5.41ns)   --->   "%mul_ln23_98 = mul i16 %sext_ln23_43, i16 %sext_ln23_28" [../source/tut3B_Function_Reshape/matrix_mult.cpp:23]   --->   Operation 337 'mul' 'mul_ln23_98' <Predicate = true> <Delay = 5.41> <CoreInst = "Multiplier">   --->   Core 3 'Multiplier' <Latency = 4> <II = 1> <Delay = 5.41> <FuncUnit> <Opcode : 'mul'> <InPorts = 2> <OutPorts = 1>
ST_9 : Operation 338 [3/5] (5.41ns)   --->   "%mul_ln23_103 = mul i16 %sext_ln23_48, i16 %sext_ln23_7" [../source/tut3B_Function_Reshape/matrix_mult.cpp:23]   --->   Operation 338 'mul' 'mul_ln23_103' <Predicate = true> <Delay = 5.41> <CoreInst = "Multiplier">   --->   Core 3 'Multiplier' <Latency = 4> <II = 1> <Delay = 5.41> <FuncUnit> <Opcode : 'mul'> <InPorts = 2> <OutPorts = 1>
ST_9 : Operation 339 [3/5] (5.41ns)   --->   "%mul_ln23_108 = mul i16 %sext_ln23_48, i16 %sext_ln23_13" [../source/tut3B_Function_Reshape/matrix_mult.cpp:23]   --->   Operation 339 'mul' 'mul_ln23_108' <Predicate = true> <Delay = 5.41> <CoreInst = "Multiplier">   --->   Core 3 'Multiplier' <Latency = 4> <II = 1> <Delay = 5.41> <FuncUnit> <Opcode : 'mul'> <InPorts = 2> <OutPorts = 1>
ST_9 : Operation 340 [3/5] (5.41ns)   --->   "%mul_ln23_113 = mul i16 %sext_ln23_48, i16 %sext_ln23_18" [../source/tut3B_Function_Reshape/matrix_mult.cpp:23]   --->   Operation 340 'mul' 'mul_ln23_113' <Predicate = true> <Delay = 5.41> <CoreInst = "Multiplier">   --->   Core 3 'Multiplier' <Latency = 4> <II = 1> <Delay = 5.41> <FuncUnit> <Opcode : 'mul'> <InPorts = 2> <OutPorts = 1>
ST_9 : Operation 341 [3/5] (5.41ns)   --->   "%mul_ln23_118 = mul i16 %sext_ln23_48, i16 %sext_ln23_23" [../source/tut3B_Function_Reshape/matrix_mult.cpp:23]   --->   Operation 341 'mul' 'mul_ln23_118' <Predicate = true> <Delay = 5.41> <CoreInst = "Multiplier">   --->   Core 3 'Multiplier' <Latency = 4> <II = 1> <Delay = 5.41> <FuncUnit> <Opcode : 'mul'> <InPorts = 2> <OutPorts = 1>
ST_9 : Operation 342 [4/5] (5.41ns)   --->   "%mul_ln23_123 = mul i16 %sext_ln23_48, i16 %sext_ln23_28" [../source/tut3B_Function_Reshape/matrix_mult.cpp:23]   --->   Operation 342 'mul' 'mul_ln23_123' <Predicate = true> <Delay = 5.41> <CoreInst = "Multiplier">   --->   Core 3 'Multiplier' <Latency = 4> <II = 1> <Delay = 5.41> <FuncUnit> <Opcode : 'mul'> <InPorts = 2> <OutPorts = 1>

State 10 <SV = 9> <Delay = 5.41>
ST_10 : Operation 343 [3/5] (5.41ns)   --->   "%mul_ln23_1 = mul i16 %sext_ln23_3, i16 %sext_ln23_2" [../source/tut3B_Function_Reshape/matrix_mult.cpp:23]   --->   Operation 343 'mul' 'mul_ln23_1' <Predicate = true> <Delay = 5.41> <CoreInst = "Multiplier">   --->   Core 3 'Multiplier' <Latency = 4> <II = 1> <Delay = 5.41> <FuncUnit> <Opcode : 'mul'> <InPorts = 2> <OutPorts = 1>
ST_10 : Operation 344 [1/2] (2.10ns) (root node of the DSP)   --->   "%add_ln23_2 = add i16 %add_ln23_1, i16 %mul_ln23_4" [../source/tut3B_Function_Reshape/matrix_mult.cpp:23]   --->   Operation 344 'add' 'add_ln23_2' <Predicate = true> <Delay = 2.10> <CoreInst = "DSP48">   --->   Core 116 'DSP48' <Latency = 3> <II = 1> <Delay = 2.15> <IPBlock> <Opcode : 'add' 'sub' 'mul' 'select'> <InPorts = 0> <OutPorts = 1> <Sync> <CReg>
ST_10 : Operation 345 [3/5] (5.41ns)   --->   "%mul_ln23_6 = mul i16 %sext_ln23_11, i16 %sext_ln23_2" [../source/tut3B_Function_Reshape/matrix_mult.cpp:23]   --->   Operation 345 'mul' 'mul_ln23_6' <Predicate = true> <Delay = 5.41> <CoreInst = "Multiplier">   --->   Core 3 'Multiplier' <Latency = 4> <II = 1> <Delay = 5.41> <FuncUnit> <Opcode : 'mul'> <InPorts = 2> <OutPorts = 1>
ST_10 : Operation 346 [1/2] (2.10ns) (root node of the DSP)   --->   "%add_ln23_6 = add i16 %add_ln23_5, i16 %mul_ln23_9" [../source/tut3B_Function_Reshape/matrix_mult.cpp:23]   --->   Operation 346 'add' 'add_ln23_6' <Predicate = true> <Delay = 2.10> <CoreInst = "DSP48">   --->   Core 116 'DSP48' <Latency = 3> <II = 1> <Delay = 2.15> <IPBlock> <Opcode : 'add' 'sub' 'mul' 'select'> <InPorts = 0> <OutPorts = 1> <Sync> <CReg>
ST_10 : Operation 347 [3/5] (5.41ns)   --->   "%mul_ln23_11 = mul i16 %sext_ln23_16, i16 %sext_ln23_2" [../source/tut3B_Function_Reshape/matrix_mult.cpp:23]   --->   Operation 347 'mul' 'mul_ln23_11' <Predicate = true> <Delay = 5.41> <CoreInst = "Multiplier">   --->   Core 3 'Multiplier' <Latency = 4> <II = 1> <Delay = 5.41> <FuncUnit> <Opcode : 'mul'> <InPorts = 2> <OutPorts = 1>
ST_10 : Operation 348 [1/3] (0.00ns) (grouped into DSP with root node add_ln23_10)   --->   "%mul_ln23_14 = mul i16 %sext_ln23_17, i16 %sext_ln23_4" [../source/tut3B_Function_Reshape/matrix_mult.cpp:23]   --->   Operation 348 'mul' 'mul_ln23_14' <Predicate = true> <Delay = 0.00> <CoreInst = "DSP48">   --->   Core 116 'DSP48' <Latency = 3> <II = 1> <Delay = 2.15> <IPBlock> <Opcode : 'add' 'sub' 'mul' 'select'> <InPorts = 0> <OutPorts = 1> <Sync> <CReg>
ST_10 : Operation 349 [2/2] (2.10ns) (root node of the DSP)   --->   "%add_ln23_10 = add i16 %add_ln23_9, i16 %mul_ln23_14" [../source/tut3B_Function_Reshape/matrix_mult.cpp:23]   --->   Operation 349 'add' 'add_ln23_10' <Predicate = true> <Delay = 2.10> <CoreInst = "DSP48">   --->   Core 116 'DSP48' <Latency = 3> <II = 1> <Delay = 2.15> <IPBlock> <Opcode : 'add' 'sub' 'mul' 'select'> <InPorts = 0> <OutPorts = 1> <Sync> <CReg>
ST_10 : Operation 350 [4/5] (5.41ns)   --->   "%mul_ln23_16 = mul i16 %sext_ln23_21, i16 %sext_ln23_2" [../source/tut3B_Function_Reshape/matrix_mult.cpp:23]   --->   Operation 350 'mul' 'mul_ln23_16' <Predicate = true> <Delay = 5.41> <CoreInst = "Multiplier">   --->   Core 3 'Multiplier' <Latency = 4> <II = 1> <Delay = 5.41> <FuncUnit> <Opcode : 'mul'> <InPorts = 2> <OutPorts = 1>
ST_10 : Operation 351 [1/3] (0.00ns) (grouped into DSP with root node add_ln23_14)   --->   "%mul_ln23_19 = mul i16 %sext_ln23_22, i16 %sext_ln23_4" [../source/tut3B_Function_Reshape/matrix_mult.cpp:23]   --->   Operation 351 'mul' 'mul_ln23_19' <Predicate = true> <Delay = 0.00> <CoreInst = "DSP48">   --->   Core 116 'DSP48' <Latency = 3> <II = 1> <Delay = 2.15> <IPBlock> <Opcode : 'add' 'sub' 'mul' 'select'> <InPorts = 0> <OutPorts = 1> <Sync> <CReg>
ST_10 : Operation 352 [2/2] (2.10ns) (root node of the DSP)   --->   "%add_ln23_14 = add i16 %add_ln23_13, i16 %mul_ln23_19" [../source/tut3B_Function_Reshape/matrix_mult.cpp:23]   --->   Operation 352 'add' 'add_ln23_14' <Predicate = true> <Delay = 2.10> <CoreInst = "DSP48">   --->   Core 116 'DSP48' <Latency = 3> <II = 1> <Delay = 2.15> <IPBlock> <Opcode : 'add' 'sub' 'mul' 'select'> <InPorts = 0> <OutPorts = 1> <Sync> <CReg>
ST_10 : Operation 353 [4/5] (5.41ns)   --->   "%mul_ln23_21 = mul i16 %sext_ln23_26, i16 %sext_ln23_2" [../source/tut3B_Function_Reshape/matrix_mult.cpp:23]   --->   Operation 353 'mul' 'mul_ln23_21' <Predicate = true> <Delay = 5.41> <CoreInst = "Multiplier">   --->   Core 3 'Multiplier' <Latency = 4> <II = 1> <Delay = 5.41> <FuncUnit> <Opcode : 'mul'> <InPorts = 2> <OutPorts = 1>
ST_10 : Operation 354 [2/3] (1.05ns) (grouped into DSP with root node add_ln23_18)   --->   "%mul_ln23_24 = mul i16 %sext_ln23_27, i16 %sext_ln23_4" [../source/tut3B_Function_Reshape/matrix_mult.cpp:23]   --->   Operation 354 'mul' 'mul_ln23_24' <Predicate = true> <Delay = 1.05> <CoreInst = "DSP48">   --->   Core 116 'DSP48' <Latency = 3> <II = 1> <Delay = 2.15> <IPBlock> <Opcode : 'add' 'sub' 'mul' 'select'> <InPorts = 0> <OutPorts = 1> <Sync> <CReg>
ST_10 : Operation 355 [1/2] (2.10ns) (root node of the DSP)   --->   "%add_ln23_17 = add i16 %mul_ln23_23, i16 %mul_ln23_22" [../source/tut3B_Function_Reshape/matrix_mult.cpp:23]   --->   Operation 355 'add' 'add_ln23_17' <Predicate = true> <Delay = 2.10> <CoreInst = "DSP48">   --->   Core 116 'DSP48' <Latency = 3> <II = 1> <Delay = 2.15> <IPBlock> <Opcode : 'add' 'sub' 'mul' 'select'> <InPorts = 0> <OutPorts = 1> <Sync> <CReg>
ST_10 : Operation 356 [4/5] (5.41ns)   --->   "%mul_ln23_26 = mul i16 %sext_ln23_31, i16 %sext_ln23_3" [../source/tut3B_Function_Reshape/matrix_mult.cpp:23]   --->   Operation 356 'mul' 'mul_ln23_26' <Predicate = true> <Delay = 5.41> <CoreInst = "Multiplier">   --->   Core 3 'Multiplier' <Latency = 4> <II = 1> <Delay = 5.41> <FuncUnit> <Opcode : 'mul'> <InPorts = 2> <OutPorts = 1>
ST_10 : Operation 357 [2/3] (1.05ns) (grouped into DSP with root node add_ln23_22)   --->   "%mul_ln23_29 = mul i16 %sext_ln23_32, i16 %sext_ln23_5" [../source/tut3B_Function_Reshape/matrix_mult.cpp:23]   --->   Operation 357 'mul' 'mul_ln23_29' <Predicate = true> <Delay = 1.05> <CoreInst = "DSP48">   --->   Core 116 'DSP48' <Latency = 3> <II = 1> <Delay = 2.15> <IPBlock> <Opcode : 'add' 'sub' 'mul' 'select'> <InPorts = 0> <OutPorts = 1> <Sync> <CReg>
ST_10 : Operation 358 [4/5] (5.41ns)   --->   "%mul_ln23_31 = mul i16 %sext_ln23_31, i16 %sext_ln23_11" [../source/tut3B_Function_Reshape/matrix_mult.cpp:23]   --->   Operation 358 'mul' 'mul_ln23_31' <Predicate = true> <Delay = 5.41> <CoreInst = "Multiplier">   --->   Core 3 'Multiplier' <Latency = 4> <II = 1> <Delay = 5.41> <FuncUnit> <Opcode : 'mul'> <InPorts = 2> <OutPorts = 1>
ST_10 : Operation 359 [3/3] (1.05ns) (grouped into DSP with root node add_ln23_26)   --->   "%mul_ln23_34 = mul i16 %sext_ln23_32, i16 %sext_ln23_12" [../source/tut3B_Function_Reshape/matrix_mult.cpp:23]   --->   Operation 359 'mul' 'mul_ln23_34' <Predicate = true> <Delay = 1.05> <CoreInst = "DSP48">   --->   Core 116 'DSP48' <Latency = 3> <II = 1> <Delay = 2.15> <IPBlock> <Opcode : 'add' 'sub' 'mul' 'select'> <InPorts = 0> <OutPorts = 1> <Sync> <CReg>
ST_10 : Operation 360 [5/5] (5.41ns)   --->   "%mul_ln23_36 = mul i16 %sext_ln23_31, i16 %sext_ln23_16" [../source/tut3B_Function_Reshape/matrix_mult.cpp:23]   --->   Operation 360 'mul' 'mul_ln23_36' <Predicate = true> <Delay = 5.41> <CoreInst = "Multiplier">   --->   Core 3 'Multiplier' <Latency = 4> <II = 1> <Delay = 5.41> <FuncUnit> <Opcode : 'mul'> <InPorts = 2> <OutPorts = 1>
ST_10 : Operation 361 [3/3] (1.05ns) (grouped into DSP with root node add_ln23_30)   --->   "%mul_ln23_39 = mul i16 %sext_ln23_32, i16 %sext_ln23_17" [../source/tut3B_Function_Reshape/matrix_mult.cpp:23]   --->   Operation 361 'mul' 'mul_ln23_39' <Predicate = true> <Delay = 1.05> <CoreInst = "DSP48">   --->   Core 116 'DSP48' <Latency = 3> <II = 1> <Delay = 2.15> <IPBlock> <Opcode : 'add' 'sub' 'mul' 'select'> <InPorts = 0> <OutPorts = 1> <Sync> <CReg>
ST_10 : Operation 362 [5/5] (5.41ns)   --->   "%mul_ln23_41 = mul i16 %sext_ln23_31, i16 %sext_ln23_21" [../source/tut3B_Function_Reshape/matrix_mult.cpp:23]   --->   Operation 362 'mul' 'mul_ln23_41' <Predicate = true> <Delay = 5.41> <CoreInst = "Multiplier">   --->   Core 3 'Multiplier' <Latency = 4> <II = 1> <Delay = 5.41> <FuncUnit> <Opcode : 'mul'> <InPorts = 2> <OutPorts = 1>
ST_10 : Operation 363 [5/5] (5.41ns)   --->   "%mul_ln23_46 = mul i16 %sext_ln23_31, i16 %sext_ln23_26" [../source/tut3B_Function_Reshape/matrix_mult.cpp:23]   --->   Operation 363 'mul' 'mul_ln23_46' <Predicate = true> <Delay = 5.41> <CoreInst = "Multiplier">   --->   Core 3 'Multiplier' <Latency = 4> <II = 1> <Delay = 5.41> <FuncUnit> <Opcode : 'mul'> <InPorts = 2> <OutPorts = 1>
ST_10 : Operation 364 [1/2] (2.10ns) (root node of the DSP)   --->   "%add_ln23_37 = add i16 %mul_ln23_48, i16 %mul_ln23_47" [../source/tut3B_Function_Reshape/matrix_mult.cpp:23]   --->   Operation 364 'add' 'add_ln23_37' <Predicate = true> <Delay = 2.10> <CoreInst = "DSP48">   --->   Core 116 'DSP48' <Latency = 3> <II = 1> <Delay = 2.15> <IPBlock> <Opcode : 'add' 'sub' 'mul' 'select'> <InPorts = 0> <OutPorts = 1> <Sync> <CReg>
ST_10 : Operation 365 [1/1] (0.00ns)   --->   "%sext_ln23_36 = sext i8 %tmp_27" [../source/tut3B_Function_Reshape/matrix_mult.cpp:23]   --->   Operation 365 'sext' 'sext_ln23_36' <Predicate = true> <Delay = 0.00>
ST_10 : Operation 366 [5/5] (5.41ns)   --->   "%mul_ln23_51 = mul i16 %sext_ln23_36, i16 %sext_ln23_3" [../source/tut3B_Function_Reshape/matrix_mult.cpp:23]   --->   Operation 366 'mul' 'mul_ln23_51' <Predicate = true> <Delay = 5.41> <CoreInst = "Multiplier">   --->   Core 3 'Multiplier' <Latency = 4> <II = 1> <Delay = 5.41> <FuncUnit> <Opcode : 'mul'> <InPorts = 2> <OutPorts = 1>
ST_10 : Operation 367 [1/2] (2.10ns) (root node of the DSP)   --->   "%add_ln23_41 = add i16 %mul_ln23_53, i16 %mul_ln23_52" [../source/tut3B_Function_Reshape/matrix_mult.cpp:23]   --->   Operation 367 'add' 'add_ln23_41' <Predicate = true> <Delay = 2.10> <CoreInst = "DSP48">   --->   Core 116 'DSP48' <Latency = 3> <II = 1> <Delay = 2.15> <IPBlock> <Opcode : 'add' 'sub' 'mul' 'select'> <InPorts = 0> <OutPorts = 1> <Sync> <CReg>
ST_10 : Operation 368 [1/2] (2.10ns) (root node of the DSP)   --->   "%add_ln23_45 = add i16 %mul_ln23_58, i16 %mul_ln23_57" [../source/tut3B_Function_Reshape/matrix_mult.cpp:23]   --->   Operation 368 'add' 'add_ln23_45' <Predicate = true> <Delay = 2.10> <CoreInst = "DSP48">   --->   Core 116 'DSP48' <Latency = 3> <II = 1> <Delay = 2.15> <IPBlock> <Opcode : 'add' 'sub' 'mul' 'select'> <InPorts = 0> <OutPorts = 1> <Sync> <CReg>
ST_10 : Operation 369 [1/3] (0.00ns) (grouped into DSP with root node add_ln23_49)   --->   "%mul_ln23_62 = mul i16 %sext_ln23_39, i16 %sext_ln23_19" [../source/tut3B_Function_Reshape/matrix_mult.cpp:23]   --->   Operation 369 'mul' 'mul_ln23_62' <Predicate = true> <Delay = 0.00> <CoreInst = "DSP48">   --->   Core 116 'DSP48' <Latency = 3> <II = 1> <Delay = 2.15> <IPBlock> <Opcode : 'add' 'sub' 'mul' 'select'> <InPorts = 0> <OutPorts = 1> <Sync> <CReg>
ST_10 : Operation 370 [2/2] (2.10ns) (root node of the DSP)   --->   "%add_ln23_49 = add i16 %mul_ln23_63, i16 %mul_ln23_62" [../source/tut3B_Function_Reshape/matrix_mult.cpp:23]   --->   Operation 370 'add' 'add_ln23_49' <Predicate = true> <Delay = 2.10> <CoreInst = "DSP48">   --->   Core 116 'DSP48' <Latency = 3> <II = 1> <Delay = 2.15> <IPBlock> <Opcode : 'add' 'sub' 'mul' 'select'> <InPorts = 0> <OutPorts = 1> <Sync> <CReg>
ST_10 : Operation 371 [1/3] (0.00ns) (grouped into DSP with root node add_ln23_53)   --->   "%mul_ln23_67 = mul i16 %sext_ln23_39, i16 %sext_ln23_24" [../source/tut3B_Function_Reshape/matrix_mult.cpp:23]   --->   Operation 371 'mul' 'mul_ln23_67' <Predicate = true> <Delay = 0.00> <CoreInst = "DSP48">   --->   Core 116 'DSP48' <Latency = 3> <II = 1> <Delay = 2.15> <IPBlock> <Opcode : 'add' 'sub' 'mul' 'select'> <InPorts = 0> <OutPorts = 1> <Sync> <CReg>
ST_10 : Operation 372 [2/2] (2.10ns) (root node of the DSP)   --->   "%add_ln23_53 = add i16 %mul_ln23_68, i16 %mul_ln23_67" [../source/tut3B_Function_Reshape/matrix_mult.cpp:23]   --->   Operation 372 'add' 'add_ln23_53' <Predicate = true> <Delay = 2.10> <CoreInst = "DSP48">   --->   Core 116 'DSP48' <Latency = 3> <II = 1> <Delay = 2.15> <IPBlock> <Opcode : 'add' 'sub' 'mul' 'select'> <InPorts = 0> <OutPorts = 1> <Sync> <CReg>
ST_10 : Operation 373 [1/3] (0.00ns) (grouped into DSP with root node add_ln23_57)   --->   "%mul_ln23_72 = mul i16 %sext_ln23_39, i16 %sext_ln23_29" [../source/tut3B_Function_Reshape/matrix_mult.cpp:23]   --->   Operation 373 'mul' 'mul_ln23_72' <Predicate = true> <Delay = 0.00> <CoreInst = "DSP48">   --->   Core 116 'DSP48' <Latency = 3> <II = 1> <Delay = 2.15> <IPBlock> <Opcode : 'add' 'sub' 'mul' 'select'> <InPorts = 0> <OutPorts = 1> <Sync> <CReg>
ST_10 : Operation 374 [2/2] (2.10ns) (root node of the DSP)   --->   "%add_ln23_57 = add i16 %mul_ln23_73, i16 %mul_ln23_72" [../source/tut3B_Function_Reshape/matrix_mult.cpp:23]   --->   Operation 374 'add' 'add_ln23_57' <Predicate = true> <Delay = 2.10> <CoreInst = "DSP48">   --->   Core 116 'DSP48' <Latency = 3> <II = 1> <Delay = 2.15> <IPBlock> <Opcode : 'add' 'sub' 'mul' 'select'> <InPorts = 0> <OutPorts = 1> <Sync> <CReg>
ST_10 : Operation 375 [1/3] (0.00ns) (grouped into DSP with root node add_ln23_61)   --->   "%mul_ln23_77 = mul i16 %sext_ln23_44, i16 %sext_ln23_9" [../source/tut3B_Function_Reshape/matrix_mult.cpp:23]   --->   Operation 375 'mul' 'mul_ln23_77' <Predicate = true> <Delay = 0.00> <CoreInst = "DSP48">   --->   Core 116 'DSP48' <Latency = 3> <II = 1> <Delay = 2.15> <IPBlock> <Opcode : 'add' 'sub' 'mul' 'select'> <InPorts = 0> <OutPorts = 1> <Sync> <CReg>
ST_10 : Operation 376 [2/2] (2.10ns) (root node of the DSP)   --->   "%add_ln23_61 = add i16 %mul_ln23_78, i16 %mul_ln23_77" [../source/tut3B_Function_Reshape/matrix_mult.cpp:23]   --->   Operation 376 'add' 'add_ln23_61' <Predicate = true> <Delay = 2.10> <CoreInst = "DSP48">   --->   Core 116 'DSP48' <Latency = 3> <II = 1> <Delay = 2.15> <IPBlock> <Opcode : 'add' 'sub' 'mul' 'select'> <InPorts = 0> <OutPorts = 1> <Sync> <CReg>
ST_10 : Operation 377 [2/3] (1.05ns) (grouped into DSP with root node add_ln23_65)   --->   "%mul_ln23_82 = mul i16 %sext_ln23_44, i16 %sext_ln23_14" [../source/tut3B_Function_Reshape/matrix_mult.cpp:23]   --->   Operation 377 'mul' 'mul_ln23_82' <Predicate = true> <Delay = 1.05> <CoreInst = "DSP48">   --->   Core 116 'DSP48' <Latency = 3> <II = 1> <Delay = 2.15> <IPBlock> <Opcode : 'add' 'sub' 'mul' 'select'> <InPorts = 0> <OutPorts = 1> <Sync> <CReg>
ST_10 : Operation 378 [1/5] (5.41ns)   --->   "%mul_ln23_83 = mul i16 %sext_ln23_43, i16 %sext_ln23_13" [../source/tut3B_Function_Reshape/matrix_mult.cpp:23]   --->   Operation 378 'mul' 'mul_ln23_83' <Predicate = true> <Delay = 5.41> <CoreInst = "Multiplier">   --->   Core 3 'Multiplier' <Latency = 4> <II = 1> <Delay = 5.41> <FuncUnit> <Opcode : 'mul'> <InPorts = 2> <OutPorts = 1>
ST_10 : Operation 379 [2/3] (1.05ns) (grouped into DSP with root node add_ln23_69)   --->   "%mul_ln23_87 = mul i16 %sext_ln23_44, i16 %sext_ln23_19" [../source/tut3B_Function_Reshape/matrix_mult.cpp:23]   --->   Operation 379 'mul' 'mul_ln23_87' <Predicate = true> <Delay = 1.05> <CoreInst = "DSP48">   --->   Core 116 'DSP48' <Latency = 3> <II = 1> <Delay = 2.15> <IPBlock> <Opcode : 'add' 'sub' 'mul' 'select'> <InPorts = 0> <OutPorts = 1> <Sync> <CReg>
ST_10 : Operation 380 [1/5] (5.41ns)   --->   "%mul_ln23_88 = mul i16 %sext_ln23_43, i16 %sext_ln23_18" [../source/tut3B_Function_Reshape/matrix_mult.cpp:23]   --->   Operation 380 'mul' 'mul_ln23_88' <Predicate = true> <Delay = 5.41> <CoreInst = "Multiplier">   --->   Core 3 'Multiplier' <Latency = 4> <II = 1> <Delay = 5.41> <FuncUnit> <Opcode : 'mul'> <InPorts = 2> <OutPorts = 1>
ST_10 : Operation 381 [2/3] (1.05ns) (grouped into DSP with root node add_ln23_73)   --->   "%mul_ln23_92 = mul i16 %sext_ln23_44, i16 %sext_ln23_24" [../source/tut3B_Function_Reshape/matrix_mult.cpp:23]   --->   Operation 381 'mul' 'mul_ln23_92' <Predicate = true> <Delay = 1.05> <CoreInst = "DSP48">   --->   Core 116 'DSP48' <Latency = 3> <II = 1> <Delay = 2.15> <IPBlock> <Opcode : 'add' 'sub' 'mul' 'select'> <InPorts = 0> <OutPorts = 1> <Sync> <CReg>
ST_10 : Operation 382 [1/5] (5.41ns)   --->   "%mul_ln23_93 = mul i16 %sext_ln23_43, i16 %sext_ln23_23" [../source/tut3B_Function_Reshape/matrix_mult.cpp:23]   --->   Operation 382 'mul' 'mul_ln23_93' <Predicate = true> <Delay = 5.41> <CoreInst = "Multiplier">   --->   Core 3 'Multiplier' <Latency = 4> <II = 1> <Delay = 5.41> <FuncUnit> <Opcode : 'mul'> <InPorts = 2> <OutPorts = 1>
ST_10 : Operation 383 [2/3] (1.05ns) (grouped into DSP with root node add_ln23_77)   --->   "%mul_ln23_97 = mul i16 %sext_ln23_44, i16 %sext_ln23_29" [../source/tut3B_Function_Reshape/matrix_mult.cpp:23]   --->   Operation 383 'mul' 'mul_ln23_97' <Predicate = true> <Delay = 1.05> <CoreInst = "DSP48">   --->   Core 116 'DSP48' <Latency = 3> <II = 1> <Delay = 2.15> <IPBlock> <Opcode : 'add' 'sub' 'mul' 'select'> <InPorts = 0> <OutPorts = 1> <Sync> <CReg>
ST_10 : Operation 384 [1/5] (5.41ns)   --->   "%mul_ln23_98 = mul i16 %sext_ln23_43, i16 %sext_ln23_28" [../source/tut3B_Function_Reshape/matrix_mult.cpp:23]   --->   Operation 384 'mul' 'mul_ln23_98' <Predicate = true> <Delay = 5.41> <CoreInst = "Multiplier">   --->   Core 3 'Multiplier' <Latency = 4> <II = 1> <Delay = 5.41> <FuncUnit> <Opcode : 'mul'> <InPorts = 2> <OutPorts = 1>
ST_10 : Operation 385 [1/1] (0.00ns)   --->   "%sext_ln23_49 = sext i8 %tmp_38" [../source/tut3B_Function_Reshape/matrix_mult.cpp:23]   --->   Operation 385 'sext' 'sext_ln23_49' <Predicate = true> <Delay = 0.00>
ST_10 : Operation 386 [3/3] (1.05ns) (grouped into DSP with root node add_ln23_81)   --->   "%mul_ln23_102 = mul i16 %sext_ln23_49, i16 %sext_ln23_9" [../source/tut3B_Function_Reshape/matrix_mult.cpp:23]   --->   Operation 386 'mul' 'mul_ln23_102' <Predicate = true> <Delay = 1.05> <CoreInst = "DSP48">   --->   Core 116 'DSP48' <Latency = 3> <II = 1> <Delay = 2.15> <IPBlock> <Opcode : 'add' 'sub' 'mul' 'select'> <InPorts = 0> <OutPorts = 1> <Sync> <CReg>
ST_10 : Operation 387 [2/5] (5.41ns)   --->   "%mul_ln23_103 = mul i16 %sext_ln23_48, i16 %sext_ln23_7" [../source/tut3B_Function_Reshape/matrix_mult.cpp:23]   --->   Operation 387 'mul' 'mul_ln23_103' <Predicate = true> <Delay = 5.41> <CoreInst = "Multiplier">   --->   Core 3 'Multiplier' <Latency = 4> <II = 1> <Delay = 5.41> <FuncUnit> <Opcode : 'mul'> <InPorts = 2> <OutPorts = 1>
ST_10 : Operation 388 [3/3] (1.05ns) (grouped into DSP with root node add_ln23_85)   --->   "%mul_ln23_107 = mul i16 %sext_ln23_49, i16 %sext_ln23_14" [../source/tut3B_Function_Reshape/matrix_mult.cpp:23]   --->   Operation 388 'mul' 'mul_ln23_107' <Predicate = true> <Delay = 1.05> <CoreInst = "DSP48">   --->   Core 116 'DSP48' <Latency = 3> <II = 1> <Delay = 2.15> <IPBlock> <Opcode : 'add' 'sub' 'mul' 'select'> <InPorts = 0> <OutPorts = 1> <Sync> <CReg>
ST_10 : Operation 389 [2/5] (5.41ns)   --->   "%mul_ln23_108 = mul i16 %sext_ln23_48, i16 %sext_ln23_13" [../source/tut3B_Function_Reshape/matrix_mult.cpp:23]   --->   Operation 389 'mul' 'mul_ln23_108' <Predicate = true> <Delay = 5.41> <CoreInst = "Multiplier">   --->   Core 3 'Multiplier' <Latency = 4> <II = 1> <Delay = 5.41> <FuncUnit> <Opcode : 'mul'> <InPorts = 2> <OutPorts = 1>
ST_10 : Operation 390 [3/3] (1.05ns) (grouped into DSP with root node add_ln23_89)   --->   "%mul_ln23_112 = mul i16 %sext_ln23_49, i16 %sext_ln23_19" [../source/tut3B_Function_Reshape/matrix_mult.cpp:23]   --->   Operation 390 'mul' 'mul_ln23_112' <Predicate = true> <Delay = 1.05> <CoreInst = "DSP48">   --->   Core 116 'DSP48' <Latency = 3> <II = 1> <Delay = 2.15> <IPBlock> <Opcode : 'add' 'sub' 'mul' 'select'> <InPorts = 0> <OutPorts = 1> <Sync> <CReg>
ST_10 : Operation 391 [2/5] (5.41ns)   --->   "%mul_ln23_113 = mul i16 %sext_ln23_48, i16 %sext_ln23_18" [../source/tut3B_Function_Reshape/matrix_mult.cpp:23]   --->   Operation 391 'mul' 'mul_ln23_113' <Predicate = true> <Delay = 5.41> <CoreInst = "Multiplier">   --->   Core 3 'Multiplier' <Latency = 4> <II = 1> <Delay = 5.41> <FuncUnit> <Opcode : 'mul'> <InPorts = 2> <OutPorts = 1>
ST_10 : Operation 392 [3/3] (1.05ns) (grouped into DSP with root node add_ln23_93)   --->   "%mul_ln23_117 = mul i16 %sext_ln23_49, i16 %sext_ln23_24" [../source/tut3B_Function_Reshape/matrix_mult.cpp:23]   --->   Operation 392 'mul' 'mul_ln23_117' <Predicate = true> <Delay = 1.05> <CoreInst = "DSP48">   --->   Core 116 'DSP48' <Latency = 3> <II = 1> <Delay = 2.15> <IPBlock> <Opcode : 'add' 'sub' 'mul' 'select'> <InPorts = 0> <OutPorts = 1> <Sync> <CReg>
ST_10 : Operation 393 [2/5] (5.41ns)   --->   "%mul_ln23_118 = mul i16 %sext_ln23_48, i16 %sext_ln23_23" [../source/tut3B_Function_Reshape/matrix_mult.cpp:23]   --->   Operation 393 'mul' 'mul_ln23_118' <Predicate = true> <Delay = 5.41> <CoreInst = "Multiplier">   --->   Core 3 'Multiplier' <Latency = 4> <II = 1> <Delay = 5.41> <FuncUnit> <Opcode : 'mul'> <InPorts = 2> <OutPorts = 1>
ST_10 : Operation 394 [3/5] (5.41ns)   --->   "%mul_ln23_123 = mul i16 %sext_ln23_48, i16 %sext_ln23_28" [../source/tut3B_Function_Reshape/matrix_mult.cpp:23]   --->   Operation 394 'mul' 'mul_ln23_123' <Predicate = true> <Delay = 5.41> <CoreInst = "Multiplier">   --->   Core 3 'Multiplier' <Latency = 4> <II = 1> <Delay = 5.41> <FuncUnit> <Opcode : 'mul'> <InPorts = 2> <OutPorts = 1>

State 11 <SV = 10> <Delay = 5.41>
ST_11 : Operation 395 [1/1] (0.00ns)   --->   "%sext_ln23 = sext i8 %trunc_ln23" [../source/tut3B_Function_Reshape/matrix_mult.cpp:23]   --->   Operation 395 'sext' 'sext_ln23' <Predicate = true> <Delay = 0.00>
ST_11 : Operation 396 [1/1] (0.00ns)   --->   "%sext_ln23_1 = sext i8 %trunc_ln23_1" [../source/tut3B_Function_Reshape/matrix_mult.cpp:23]   --->   Operation 396 'sext' 'sext_ln23_1' <Predicate = true> <Delay = 0.00>
ST_11 : Operation 397 [3/3] (1.05ns) (grouped into DSP with root node add_ln23)   --->   "%mul_ln23 = mul i16 %sext_ln23_1, i16 %sext_ln23" [../source/tut3B_Function_Reshape/matrix_mult.cpp:23]   --->   Operation 397 'mul' 'mul_ln23' <Predicate = true> <Delay = 1.05> <CoreInst = "DSP48">   --->   Core 116 'DSP48' <Latency = 3> <II = 1> <Delay = 2.15> <IPBlock> <Opcode : 'add' 'sub' 'mul' 'select'> <InPorts = 0> <OutPorts = 1> <Sync> <CReg>
ST_11 : Operation 398 [2/5] (5.41ns)   --->   "%mul_ln23_1 = mul i16 %sext_ln23_3, i16 %sext_ln23_2" [../source/tut3B_Function_Reshape/matrix_mult.cpp:23]   --->   Operation 398 'mul' 'mul_ln23_1' <Predicate = true> <Delay = 5.41> <CoreInst = "Multiplier">   --->   Core 3 'Multiplier' <Latency = 4> <II = 1> <Delay = 5.41> <FuncUnit> <Opcode : 'mul'> <InPorts = 2> <OutPorts = 1>
ST_11 : Operation 399 [1/1] (0.00ns)   --->   "%sext_ln23_10 = sext i8 %trunc_ln23_2" [../source/tut3B_Function_Reshape/matrix_mult.cpp:23]   --->   Operation 399 'sext' 'sext_ln23_10' <Predicate = true> <Delay = 0.00>
ST_11 : Operation 400 [3/3] (1.05ns) (grouped into DSP with root node add_ln23_4)   --->   "%mul_ln23_5 = mul i16 %sext_ln23_10, i16 %sext_ln23" [../source/tut3B_Function_Reshape/matrix_mult.cpp:23]   --->   Operation 400 'mul' 'mul_ln23_5' <Predicate = true> <Delay = 1.05> <CoreInst = "DSP48">   --->   Core 116 'DSP48' <Latency = 3> <II = 1> <Delay = 2.15> <IPBlock> <Opcode : 'add' 'sub' 'mul' 'select'> <InPorts = 0> <OutPorts = 1> <Sync> <CReg>
ST_11 : Operation 401 [2/5] (5.41ns)   --->   "%mul_ln23_6 = mul i16 %sext_ln23_11, i16 %sext_ln23_2" [../source/tut3B_Function_Reshape/matrix_mult.cpp:23]   --->   Operation 401 'mul' 'mul_ln23_6' <Predicate = true> <Delay = 5.41> <CoreInst = "Multiplier">   --->   Core 3 'Multiplier' <Latency = 4> <II = 1> <Delay = 5.41> <FuncUnit> <Opcode : 'mul'> <InPorts = 2> <OutPorts = 1>
ST_11 : Operation 402 [1/1] (0.00ns)   --->   "%sext_ln23_15 = sext i8 %trunc_ln23_3" [../source/tut3B_Function_Reshape/matrix_mult.cpp:23]   --->   Operation 402 'sext' 'sext_ln23_15' <Predicate = true> <Delay = 0.00>
ST_11 : Operation 403 [3/3] (1.05ns) (grouped into DSP with root node add_ln23_8)   --->   "%mul_ln23_10 = mul i16 %sext_ln23_15, i16 %sext_ln23" [../source/tut3B_Function_Reshape/matrix_mult.cpp:23]   --->   Operation 403 'mul' 'mul_ln23_10' <Predicate = true> <Delay = 1.05> <CoreInst = "DSP48">   --->   Core 116 'DSP48' <Latency = 3> <II = 1> <Delay = 2.15> <IPBlock> <Opcode : 'add' 'sub' 'mul' 'select'> <InPorts = 0> <OutPorts = 1> <Sync> <CReg>
ST_11 : Operation 404 [2/5] (5.41ns)   --->   "%mul_ln23_11 = mul i16 %sext_ln23_16, i16 %sext_ln23_2" [../source/tut3B_Function_Reshape/matrix_mult.cpp:23]   --->   Operation 404 'mul' 'mul_ln23_11' <Predicate = true> <Delay = 5.41> <CoreInst = "Multiplier">   --->   Core 3 'Multiplier' <Latency = 4> <II = 1> <Delay = 5.41> <FuncUnit> <Opcode : 'mul'> <InPorts = 2> <OutPorts = 1>
ST_11 : Operation 405 [1/2] (2.10ns) (root node of the DSP)   --->   "%add_ln23_10 = add i16 %add_ln23_9, i16 %mul_ln23_14" [../source/tut3B_Function_Reshape/matrix_mult.cpp:23]   --->   Operation 405 'add' 'add_ln23_10' <Predicate = true> <Delay = 2.10> <CoreInst = "DSP48">   --->   Core 116 'DSP48' <Latency = 3> <II = 1> <Delay = 2.15> <IPBlock> <Opcode : 'add' 'sub' 'mul' 'select'> <InPorts = 0> <OutPorts = 1> <Sync> <CReg>
ST_11 : Operation 406 [3/5] (5.41ns)   --->   "%mul_ln23_16 = mul i16 %sext_ln23_21, i16 %sext_ln23_2" [../source/tut3B_Function_Reshape/matrix_mult.cpp:23]   --->   Operation 406 'mul' 'mul_ln23_16' <Predicate = true> <Delay = 5.41> <CoreInst = "Multiplier">   --->   Core 3 'Multiplier' <Latency = 4> <II = 1> <Delay = 5.41> <FuncUnit> <Opcode : 'mul'> <InPorts = 2> <OutPorts = 1>
ST_11 : Operation 407 [1/2] (2.10ns) (root node of the DSP)   --->   "%add_ln23_14 = add i16 %add_ln23_13, i16 %mul_ln23_19" [../source/tut3B_Function_Reshape/matrix_mult.cpp:23]   --->   Operation 407 'add' 'add_ln23_14' <Predicate = true> <Delay = 2.10> <CoreInst = "DSP48">   --->   Core 116 'DSP48' <Latency = 3> <II = 1> <Delay = 2.15> <IPBlock> <Opcode : 'add' 'sub' 'mul' 'select'> <InPorts = 0> <OutPorts = 1> <Sync> <CReg>
ST_11 : Operation 408 [3/5] (5.41ns)   --->   "%mul_ln23_21 = mul i16 %sext_ln23_26, i16 %sext_ln23_2" [../source/tut3B_Function_Reshape/matrix_mult.cpp:23]   --->   Operation 408 'mul' 'mul_ln23_21' <Predicate = true> <Delay = 5.41> <CoreInst = "Multiplier">   --->   Core 3 'Multiplier' <Latency = 4> <II = 1> <Delay = 5.41> <FuncUnit> <Opcode : 'mul'> <InPorts = 2> <OutPorts = 1>
ST_11 : Operation 409 [1/3] (0.00ns) (grouped into DSP with root node add_ln23_18)   --->   "%mul_ln23_24 = mul i16 %sext_ln23_27, i16 %sext_ln23_4" [../source/tut3B_Function_Reshape/matrix_mult.cpp:23]   --->   Operation 409 'mul' 'mul_ln23_24' <Predicate = true> <Delay = 0.00> <CoreInst = "DSP48">   --->   Core 116 'DSP48' <Latency = 3> <II = 1> <Delay = 2.15> <IPBlock> <Opcode : 'add' 'sub' 'mul' 'select'> <InPorts = 0> <OutPorts = 1> <Sync> <CReg>
ST_11 : Operation 410 [2/2] (2.10ns) (root node of the DSP)   --->   "%add_ln23_18 = add i16 %add_ln23_17, i16 %mul_ln23_24" [../source/tut3B_Function_Reshape/matrix_mult.cpp:23]   --->   Operation 410 'add' 'add_ln23_18' <Predicate = true> <Delay = 2.10> <CoreInst = "DSP48">   --->   Core 116 'DSP48' <Latency = 3> <II = 1> <Delay = 2.15> <IPBlock> <Opcode : 'add' 'sub' 'mul' 'select'> <InPorts = 0> <OutPorts = 1> <Sync> <CReg>
ST_11 : Operation 411 [3/5] (5.41ns)   --->   "%mul_ln23_26 = mul i16 %sext_ln23_31, i16 %sext_ln23_3" [../source/tut3B_Function_Reshape/matrix_mult.cpp:23]   --->   Operation 411 'mul' 'mul_ln23_26' <Predicate = true> <Delay = 5.41> <CoreInst = "Multiplier">   --->   Core 3 'Multiplier' <Latency = 4> <II = 1> <Delay = 5.41> <FuncUnit> <Opcode : 'mul'> <InPorts = 2> <OutPorts = 1>
ST_11 : Operation 412 [1/3] (0.00ns) (grouped into DSP with root node add_ln23_22)   --->   "%mul_ln23_29 = mul i16 %sext_ln23_32, i16 %sext_ln23_5" [../source/tut3B_Function_Reshape/matrix_mult.cpp:23]   --->   Operation 412 'mul' 'mul_ln23_29' <Predicate = true> <Delay = 0.00> <CoreInst = "DSP48">   --->   Core 116 'DSP48' <Latency = 3> <II = 1> <Delay = 2.15> <IPBlock> <Opcode : 'add' 'sub' 'mul' 'select'> <InPorts = 0> <OutPorts = 1> <Sync> <CReg>
ST_11 : Operation 413 [2/2] (2.10ns) (root node of the DSP)   --->   "%add_ln23_22 = add i16 %add_ln23_21, i16 %mul_ln23_29" [../source/tut3B_Function_Reshape/matrix_mult.cpp:23]   --->   Operation 413 'add' 'add_ln23_22' <Predicate = true> <Delay = 2.10> <CoreInst = "DSP48">   --->   Core 116 'DSP48' <Latency = 3> <II = 1> <Delay = 2.15> <IPBlock> <Opcode : 'add' 'sub' 'mul' 'select'> <InPorts = 0> <OutPorts = 1> <Sync> <CReg>
ST_11 : Operation 414 [3/5] (5.41ns)   --->   "%mul_ln23_31 = mul i16 %sext_ln23_31, i16 %sext_ln23_11" [../source/tut3B_Function_Reshape/matrix_mult.cpp:23]   --->   Operation 414 'mul' 'mul_ln23_31' <Predicate = true> <Delay = 5.41> <CoreInst = "Multiplier">   --->   Core 3 'Multiplier' <Latency = 4> <II = 1> <Delay = 5.41> <FuncUnit> <Opcode : 'mul'> <InPorts = 2> <OutPorts = 1>
ST_11 : Operation 415 [2/3] (1.05ns) (grouped into DSP with root node add_ln23_26)   --->   "%mul_ln23_34 = mul i16 %sext_ln23_32, i16 %sext_ln23_12" [../source/tut3B_Function_Reshape/matrix_mult.cpp:23]   --->   Operation 415 'mul' 'mul_ln23_34' <Predicate = true> <Delay = 1.05> <CoreInst = "DSP48">   --->   Core 116 'DSP48' <Latency = 3> <II = 1> <Delay = 2.15> <IPBlock> <Opcode : 'add' 'sub' 'mul' 'select'> <InPorts = 0> <OutPorts = 1> <Sync> <CReg>
ST_11 : Operation 416 [4/5] (5.41ns)   --->   "%mul_ln23_36 = mul i16 %sext_ln23_31, i16 %sext_ln23_16" [../source/tut3B_Function_Reshape/matrix_mult.cpp:23]   --->   Operation 416 'mul' 'mul_ln23_36' <Predicate = true> <Delay = 5.41> <CoreInst = "Multiplier">   --->   Core 3 'Multiplier' <Latency = 4> <II = 1> <Delay = 5.41> <FuncUnit> <Opcode : 'mul'> <InPorts = 2> <OutPorts = 1>
ST_11 : Operation 417 [2/3] (1.05ns) (grouped into DSP with root node add_ln23_30)   --->   "%mul_ln23_39 = mul i16 %sext_ln23_32, i16 %sext_ln23_17" [../source/tut3B_Function_Reshape/matrix_mult.cpp:23]   --->   Operation 417 'mul' 'mul_ln23_39' <Predicate = true> <Delay = 1.05> <CoreInst = "DSP48">   --->   Core 116 'DSP48' <Latency = 3> <II = 1> <Delay = 2.15> <IPBlock> <Opcode : 'add' 'sub' 'mul' 'select'> <InPorts = 0> <OutPorts = 1> <Sync> <CReg>
ST_11 : Operation 418 [4/5] (5.41ns)   --->   "%mul_ln23_41 = mul i16 %sext_ln23_31, i16 %sext_ln23_21" [../source/tut3B_Function_Reshape/matrix_mult.cpp:23]   --->   Operation 418 'mul' 'mul_ln23_41' <Predicate = true> <Delay = 5.41> <CoreInst = "Multiplier">   --->   Core 3 'Multiplier' <Latency = 4> <II = 1> <Delay = 5.41> <FuncUnit> <Opcode : 'mul'> <InPorts = 2> <OutPorts = 1>
ST_11 : Operation 419 [3/3] (1.05ns) (grouped into DSP with root node add_ln23_34)   --->   "%mul_ln23_44 = mul i16 %sext_ln23_32, i16 %sext_ln23_22" [../source/tut3B_Function_Reshape/matrix_mult.cpp:23]   --->   Operation 419 'mul' 'mul_ln23_44' <Predicate = true> <Delay = 1.05> <CoreInst = "DSP48">   --->   Core 116 'DSP48' <Latency = 3> <II = 1> <Delay = 2.15> <IPBlock> <Opcode : 'add' 'sub' 'mul' 'select'> <InPorts = 0> <OutPorts = 1> <Sync> <CReg>
ST_11 : Operation 420 [4/5] (5.41ns)   --->   "%mul_ln23_46 = mul i16 %sext_ln23_31, i16 %sext_ln23_26" [../source/tut3B_Function_Reshape/matrix_mult.cpp:23]   --->   Operation 420 'mul' 'mul_ln23_46' <Predicate = true> <Delay = 5.41> <CoreInst = "Multiplier">   --->   Core 3 'Multiplier' <Latency = 4> <II = 1> <Delay = 5.41> <FuncUnit> <Opcode : 'mul'> <InPorts = 2> <OutPorts = 1>
ST_11 : Operation 421 [3/3] (1.05ns) (grouped into DSP with root node add_ln23_38)   --->   "%mul_ln23_49 = mul i16 %sext_ln23_32, i16 %sext_ln23_27" [../source/tut3B_Function_Reshape/matrix_mult.cpp:23]   --->   Operation 421 'mul' 'mul_ln23_49' <Predicate = true> <Delay = 1.05> <CoreInst = "DSP48">   --->   Core 116 'DSP48' <Latency = 3> <II = 1> <Delay = 2.15> <IPBlock> <Opcode : 'add' 'sub' 'mul' 'select'> <InPorts = 0> <OutPorts = 1> <Sync> <CReg>
ST_11 : Operation 422 [4/5] (5.41ns)   --->   "%mul_ln23_51 = mul i16 %sext_ln23_36, i16 %sext_ln23_3" [../source/tut3B_Function_Reshape/matrix_mult.cpp:23]   --->   Operation 422 'mul' 'mul_ln23_51' <Predicate = true> <Delay = 5.41> <CoreInst = "Multiplier">   --->   Core 3 'Multiplier' <Latency = 4> <II = 1> <Delay = 5.41> <FuncUnit> <Opcode : 'mul'> <InPorts = 2> <OutPorts = 1>
ST_11 : Operation 423 [5/5] (5.41ns)   --->   "%mul_ln23_56 = mul i16 %sext_ln23_36, i16 %sext_ln23_11" [../source/tut3B_Function_Reshape/matrix_mult.cpp:23]   --->   Operation 423 'mul' 'mul_ln23_56' <Predicate = true> <Delay = 5.41> <CoreInst = "Multiplier">   --->   Core 3 'Multiplier' <Latency = 4> <II = 1> <Delay = 5.41> <FuncUnit> <Opcode : 'mul'> <InPorts = 2> <OutPorts = 1>
ST_11 : Operation 424 [5/5] (5.41ns)   --->   "%mul_ln23_61 = mul i16 %sext_ln23_36, i16 %sext_ln23_16" [../source/tut3B_Function_Reshape/matrix_mult.cpp:23]   --->   Operation 424 'mul' 'mul_ln23_61' <Predicate = true> <Delay = 5.41> <CoreInst = "Multiplier">   --->   Core 3 'Multiplier' <Latency = 4> <II = 1> <Delay = 5.41> <FuncUnit> <Opcode : 'mul'> <InPorts = 2> <OutPorts = 1>
ST_11 : Operation 425 [1/2] (2.10ns) (root node of the DSP)   --->   "%add_ln23_49 = add i16 %mul_ln23_63, i16 %mul_ln23_62" [../source/tut3B_Function_Reshape/matrix_mult.cpp:23]   --->   Operation 425 'add' 'add_ln23_49' <Predicate = true> <Delay = 2.10> <CoreInst = "DSP48">   --->   Core 116 'DSP48' <Latency = 3> <II = 1> <Delay = 2.15> <IPBlock> <Opcode : 'add' 'sub' 'mul' 'select'> <InPorts = 0> <OutPorts = 1> <Sync> <CReg>
ST_11 : Operation 426 [5/5] (5.41ns)   --->   "%mul_ln23_66 = mul i16 %sext_ln23_36, i16 %sext_ln23_21" [../source/tut3B_Function_Reshape/matrix_mult.cpp:23]   --->   Operation 426 'mul' 'mul_ln23_66' <Predicate = true> <Delay = 5.41> <CoreInst = "Multiplier">   --->   Core 3 'Multiplier' <Latency = 4> <II = 1> <Delay = 5.41> <FuncUnit> <Opcode : 'mul'> <InPorts = 2> <OutPorts = 1>
ST_11 : Operation 427 [1/2] (2.10ns) (root node of the DSP)   --->   "%add_ln23_53 = add i16 %mul_ln23_68, i16 %mul_ln23_67" [../source/tut3B_Function_Reshape/matrix_mult.cpp:23]   --->   Operation 427 'add' 'add_ln23_53' <Predicate = true> <Delay = 2.10> <CoreInst = "DSP48">   --->   Core 116 'DSP48' <Latency = 3> <II = 1> <Delay = 2.15> <IPBlock> <Opcode : 'add' 'sub' 'mul' 'select'> <InPorts = 0> <OutPorts = 1> <Sync> <CReg>
ST_11 : Operation 428 [5/5] (5.41ns)   --->   "%mul_ln23_71 = mul i16 %sext_ln23_36, i16 %sext_ln23_26" [../source/tut3B_Function_Reshape/matrix_mult.cpp:23]   --->   Operation 428 'mul' 'mul_ln23_71' <Predicate = true> <Delay = 5.41> <CoreInst = "Multiplier">   --->   Core 3 'Multiplier' <Latency = 4> <II = 1> <Delay = 5.41> <FuncUnit> <Opcode : 'mul'> <InPorts = 2> <OutPorts = 1>
ST_11 : Operation 429 [1/2] (2.10ns) (root node of the DSP)   --->   "%add_ln23_57 = add i16 %mul_ln23_73, i16 %mul_ln23_72" [../source/tut3B_Function_Reshape/matrix_mult.cpp:23]   --->   Operation 429 'add' 'add_ln23_57' <Predicate = true> <Delay = 2.10> <CoreInst = "DSP48">   --->   Core 116 'DSP48' <Latency = 3> <II = 1> <Delay = 2.15> <IPBlock> <Opcode : 'add' 'sub' 'mul' 'select'> <InPorts = 0> <OutPorts = 1> <Sync> <CReg>
ST_11 : Operation 430 [1/2] (2.10ns) (root node of the DSP)   --->   "%add_ln23_61 = add i16 %mul_ln23_78, i16 %mul_ln23_77" [../source/tut3B_Function_Reshape/matrix_mult.cpp:23]   --->   Operation 430 'add' 'add_ln23_61' <Predicate = true> <Delay = 2.10> <CoreInst = "DSP48">   --->   Core 116 'DSP48' <Latency = 3> <II = 1> <Delay = 2.15> <IPBlock> <Opcode : 'add' 'sub' 'mul' 'select'> <InPorts = 0> <OutPorts = 1> <Sync> <CReg>
ST_11 : Operation 431 [1/3] (0.00ns) (grouped into DSP with root node add_ln23_65)   --->   "%mul_ln23_82 = mul i16 %sext_ln23_44, i16 %sext_ln23_14" [../source/tut3B_Function_Reshape/matrix_mult.cpp:23]   --->   Operation 431 'mul' 'mul_ln23_82' <Predicate = true> <Delay = 0.00> <CoreInst = "DSP48">   --->   Core 116 'DSP48' <Latency = 3> <II = 1> <Delay = 2.15> <IPBlock> <Opcode : 'add' 'sub' 'mul' 'select'> <InPorts = 0> <OutPorts = 1> <Sync> <CReg>
ST_11 : Operation 432 [2/2] (2.10ns) (root node of the DSP)   --->   "%add_ln23_65 = add i16 %mul_ln23_83, i16 %mul_ln23_82" [../source/tut3B_Function_Reshape/matrix_mult.cpp:23]   --->   Operation 432 'add' 'add_ln23_65' <Predicate = true> <Delay = 2.10> <CoreInst = "DSP48">   --->   Core 116 'DSP48' <Latency = 3> <II = 1> <Delay = 2.15> <IPBlock> <Opcode : 'add' 'sub' 'mul' 'select'> <InPorts = 0> <OutPorts = 1> <Sync> <CReg>
ST_11 : Operation 433 [1/3] (0.00ns) (grouped into DSP with root node add_ln23_69)   --->   "%mul_ln23_87 = mul i16 %sext_ln23_44, i16 %sext_ln23_19" [../source/tut3B_Function_Reshape/matrix_mult.cpp:23]   --->   Operation 433 'mul' 'mul_ln23_87' <Predicate = true> <Delay = 0.00> <CoreInst = "DSP48">   --->   Core 116 'DSP48' <Latency = 3> <II = 1> <Delay = 2.15> <IPBlock> <Opcode : 'add' 'sub' 'mul' 'select'> <InPorts = 0> <OutPorts = 1> <Sync> <CReg>
ST_11 : Operation 434 [2/2] (2.10ns) (root node of the DSP)   --->   "%add_ln23_69 = add i16 %mul_ln23_88, i16 %mul_ln23_87" [../source/tut3B_Function_Reshape/matrix_mult.cpp:23]   --->   Operation 434 'add' 'add_ln23_69' <Predicate = true> <Delay = 2.10> <CoreInst = "DSP48">   --->   Core 116 'DSP48' <Latency = 3> <II = 1> <Delay = 2.15> <IPBlock> <Opcode : 'add' 'sub' 'mul' 'select'> <InPorts = 0> <OutPorts = 1> <Sync> <CReg>
ST_11 : Operation 435 [1/3] (0.00ns) (grouped into DSP with root node add_ln23_73)   --->   "%mul_ln23_92 = mul i16 %sext_ln23_44, i16 %sext_ln23_24" [../source/tut3B_Function_Reshape/matrix_mult.cpp:23]   --->   Operation 435 'mul' 'mul_ln23_92' <Predicate = true> <Delay = 0.00> <CoreInst = "DSP48">   --->   Core 116 'DSP48' <Latency = 3> <II = 1> <Delay = 2.15> <IPBlock> <Opcode : 'add' 'sub' 'mul' 'select'> <InPorts = 0> <OutPorts = 1> <Sync> <CReg>
ST_11 : Operation 436 [2/2] (2.10ns) (root node of the DSP)   --->   "%add_ln23_73 = add i16 %mul_ln23_93, i16 %mul_ln23_92" [../source/tut3B_Function_Reshape/matrix_mult.cpp:23]   --->   Operation 436 'add' 'add_ln23_73' <Predicate = true> <Delay = 2.10> <CoreInst = "DSP48">   --->   Core 116 'DSP48' <Latency = 3> <II = 1> <Delay = 2.15> <IPBlock> <Opcode : 'add' 'sub' 'mul' 'select'> <InPorts = 0> <OutPorts = 1> <Sync> <CReg>
ST_11 : Operation 437 [1/3] (0.00ns) (grouped into DSP with root node add_ln23_77)   --->   "%mul_ln23_97 = mul i16 %sext_ln23_44, i16 %sext_ln23_29" [../source/tut3B_Function_Reshape/matrix_mult.cpp:23]   --->   Operation 437 'mul' 'mul_ln23_97' <Predicate = true> <Delay = 0.00> <CoreInst = "DSP48">   --->   Core 116 'DSP48' <Latency = 3> <II = 1> <Delay = 2.15> <IPBlock> <Opcode : 'add' 'sub' 'mul' 'select'> <InPorts = 0> <OutPorts = 1> <Sync> <CReg>
ST_11 : Operation 438 [2/2] (2.10ns) (root node of the DSP)   --->   "%add_ln23_77 = add i16 %mul_ln23_98, i16 %mul_ln23_97" [../source/tut3B_Function_Reshape/matrix_mult.cpp:23]   --->   Operation 438 'add' 'add_ln23_77' <Predicate = true> <Delay = 2.10> <CoreInst = "DSP48">   --->   Core 116 'DSP48' <Latency = 3> <II = 1> <Delay = 2.15> <IPBlock> <Opcode : 'add' 'sub' 'mul' 'select'> <InPorts = 0> <OutPorts = 1> <Sync> <CReg>
ST_11 : Operation 439 [2/3] (1.05ns) (grouped into DSP with root node add_ln23_81)   --->   "%mul_ln23_102 = mul i16 %sext_ln23_49, i16 %sext_ln23_9" [../source/tut3B_Function_Reshape/matrix_mult.cpp:23]   --->   Operation 439 'mul' 'mul_ln23_102' <Predicate = true> <Delay = 1.05> <CoreInst = "DSP48">   --->   Core 116 'DSP48' <Latency = 3> <II = 1> <Delay = 2.15> <IPBlock> <Opcode : 'add' 'sub' 'mul' 'select'> <InPorts = 0> <OutPorts = 1> <Sync> <CReg>
ST_11 : Operation 440 [1/5] (5.41ns)   --->   "%mul_ln23_103 = mul i16 %sext_ln23_48, i16 %sext_ln23_7" [../source/tut3B_Function_Reshape/matrix_mult.cpp:23]   --->   Operation 440 'mul' 'mul_ln23_103' <Predicate = true> <Delay = 5.41> <CoreInst = "Multiplier">   --->   Core 3 'Multiplier' <Latency = 4> <II = 1> <Delay = 5.41> <FuncUnit> <Opcode : 'mul'> <InPorts = 2> <OutPorts = 1>
ST_11 : Operation 441 [2/3] (1.05ns) (grouped into DSP with root node add_ln23_85)   --->   "%mul_ln23_107 = mul i16 %sext_ln23_49, i16 %sext_ln23_14" [../source/tut3B_Function_Reshape/matrix_mult.cpp:23]   --->   Operation 441 'mul' 'mul_ln23_107' <Predicate = true> <Delay = 1.05> <CoreInst = "DSP48">   --->   Core 116 'DSP48' <Latency = 3> <II = 1> <Delay = 2.15> <IPBlock> <Opcode : 'add' 'sub' 'mul' 'select'> <InPorts = 0> <OutPorts = 1> <Sync> <CReg>
ST_11 : Operation 442 [1/5] (5.41ns)   --->   "%mul_ln23_108 = mul i16 %sext_ln23_48, i16 %sext_ln23_13" [../source/tut3B_Function_Reshape/matrix_mult.cpp:23]   --->   Operation 442 'mul' 'mul_ln23_108' <Predicate = true> <Delay = 5.41> <CoreInst = "Multiplier">   --->   Core 3 'Multiplier' <Latency = 4> <II = 1> <Delay = 5.41> <FuncUnit> <Opcode : 'mul'> <InPorts = 2> <OutPorts = 1>
ST_11 : Operation 443 [2/3] (1.05ns) (grouped into DSP with root node add_ln23_89)   --->   "%mul_ln23_112 = mul i16 %sext_ln23_49, i16 %sext_ln23_19" [../source/tut3B_Function_Reshape/matrix_mult.cpp:23]   --->   Operation 443 'mul' 'mul_ln23_112' <Predicate = true> <Delay = 1.05> <CoreInst = "DSP48">   --->   Core 116 'DSP48' <Latency = 3> <II = 1> <Delay = 2.15> <IPBlock> <Opcode : 'add' 'sub' 'mul' 'select'> <InPorts = 0> <OutPorts = 1> <Sync> <CReg>
ST_11 : Operation 444 [1/5] (5.41ns)   --->   "%mul_ln23_113 = mul i16 %sext_ln23_48, i16 %sext_ln23_18" [../source/tut3B_Function_Reshape/matrix_mult.cpp:23]   --->   Operation 444 'mul' 'mul_ln23_113' <Predicate = true> <Delay = 5.41> <CoreInst = "Multiplier">   --->   Core 3 'Multiplier' <Latency = 4> <II = 1> <Delay = 5.41> <FuncUnit> <Opcode : 'mul'> <InPorts = 2> <OutPorts = 1>
ST_11 : Operation 445 [2/3] (1.05ns) (grouped into DSP with root node add_ln23_93)   --->   "%mul_ln23_117 = mul i16 %sext_ln23_49, i16 %sext_ln23_24" [../source/tut3B_Function_Reshape/matrix_mult.cpp:23]   --->   Operation 445 'mul' 'mul_ln23_117' <Predicate = true> <Delay = 1.05> <CoreInst = "DSP48">   --->   Core 116 'DSP48' <Latency = 3> <II = 1> <Delay = 2.15> <IPBlock> <Opcode : 'add' 'sub' 'mul' 'select'> <InPorts = 0> <OutPorts = 1> <Sync> <CReg>
ST_11 : Operation 446 [1/5] (5.41ns)   --->   "%mul_ln23_118 = mul i16 %sext_ln23_48, i16 %sext_ln23_23" [../source/tut3B_Function_Reshape/matrix_mult.cpp:23]   --->   Operation 446 'mul' 'mul_ln23_118' <Predicate = true> <Delay = 5.41> <CoreInst = "Multiplier">   --->   Core 3 'Multiplier' <Latency = 4> <II = 1> <Delay = 5.41> <FuncUnit> <Opcode : 'mul'> <InPorts = 2> <OutPorts = 1>
ST_11 : Operation 447 [3/3] (1.05ns) (grouped into DSP with root node add_ln23_97)   --->   "%mul_ln23_122 = mul i16 %sext_ln23_49, i16 %sext_ln23_29" [../source/tut3B_Function_Reshape/matrix_mult.cpp:23]   --->   Operation 447 'mul' 'mul_ln23_122' <Predicate = true> <Delay = 1.05> <CoreInst = "DSP48">   --->   Core 116 'DSP48' <Latency = 3> <II = 1> <Delay = 2.15> <IPBlock> <Opcode : 'add' 'sub' 'mul' 'select'> <InPorts = 0> <OutPorts = 1> <Sync> <CReg>
ST_11 : Operation 448 [2/5] (5.41ns)   --->   "%mul_ln23_123 = mul i16 %sext_ln23_48, i16 %sext_ln23_28" [../source/tut3B_Function_Reshape/matrix_mult.cpp:23]   --->   Operation 448 'mul' 'mul_ln23_123' <Predicate = true> <Delay = 5.41> <CoreInst = "Multiplier">   --->   Core 3 'Multiplier' <Latency = 4> <II = 1> <Delay = 5.41> <FuncUnit> <Opcode : 'mul'> <InPorts = 2> <OutPorts = 1>

State 12 <SV = 11> <Delay = 5.41>
ST_12 : Operation 449 [2/3] (1.05ns) (grouped into DSP with root node add_ln23)   --->   "%mul_ln23 = mul i16 %sext_ln23_1, i16 %sext_ln23" [../source/tut3B_Function_Reshape/matrix_mult.cpp:23]   --->   Operation 449 'mul' 'mul_ln23' <Predicate = true> <Delay = 1.05> <CoreInst = "DSP48">   --->   Core 116 'DSP48' <Latency = 3> <II = 1> <Delay = 2.15> <IPBlock> <Opcode : 'add' 'sub' 'mul' 'select'> <InPorts = 0> <OutPorts = 1> <Sync> <CReg>
ST_12 : Operation 450 [1/5] (5.41ns)   --->   "%mul_ln23_1 = mul i16 %sext_ln23_3, i16 %sext_ln23_2" [../source/tut3B_Function_Reshape/matrix_mult.cpp:23]   --->   Operation 450 'mul' 'mul_ln23_1' <Predicate = true> <Delay = 5.41> <CoreInst = "Multiplier">   --->   Core 3 'Multiplier' <Latency = 4> <II = 1> <Delay = 5.41> <FuncUnit> <Opcode : 'mul'> <InPorts = 2> <OutPorts = 1>
ST_12 : Operation 451 [2/3] (1.05ns) (grouped into DSP with root node add_ln23_4)   --->   "%mul_ln23_5 = mul i16 %sext_ln23_10, i16 %sext_ln23" [../source/tut3B_Function_Reshape/matrix_mult.cpp:23]   --->   Operation 451 'mul' 'mul_ln23_5' <Predicate = true> <Delay = 1.05> <CoreInst = "DSP48">   --->   Core 116 'DSP48' <Latency = 3> <II = 1> <Delay = 2.15> <IPBlock> <Opcode : 'add' 'sub' 'mul' 'select'> <InPorts = 0> <OutPorts = 1> <Sync> <CReg>
ST_12 : Operation 452 [1/5] (5.41ns)   --->   "%mul_ln23_6 = mul i16 %sext_ln23_11, i16 %sext_ln23_2" [../source/tut3B_Function_Reshape/matrix_mult.cpp:23]   --->   Operation 452 'mul' 'mul_ln23_6' <Predicate = true> <Delay = 5.41> <CoreInst = "Multiplier">   --->   Core 3 'Multiplier' <Latency = 4> <II = 1> <Delay = 5.41> <FuncUnit> <Opcode : 'mul'> <InPorts = 2> <OutPorts = 1>
ST_12 : Operation 453 [2/3] (1.05ns) (grouped into DSP with root node add_ln23_8)   --->   "%mul_ln23_10 = mul i16 %sext_ln23_15, i16 %sext_ln23" [../source/tut3B_Function_Reshape/matrix_mult.cpp:23]   --->   Operation 453 'mul' 'mul_ln23_10' <Predicate = true> <Delay = 1.05> <CoreInst = "DSP48">   --->   Core 116 'DSP48' <Latency = 3> <II = 1> <Delay = 2.15> <IPBlock> <Opcode : 'add' 'sub' 'mul' 'select'> <InPorts = 0> <OutPorts = 1> <Sync> <CReg>
ST_12 : Operation 454 [1/5] (5.41ns)   --->   "%mul_ln23_11 = mul i16 %sext_ln23_16, i16 %sext_ln23_2" [../source/tut3B_Function_Reshape/matrix_mult.cpp:23]   --->   Operation 454 'mul' 'mul_ln23_11' <Predicate = true> <Delay = 5.41> <CoreInst = "Multiplier">   --->   Core 3 'Multiplier' <Latency = 4> <II = 1> <Delay = 5.41> <FuncUnit> <Opcode : 'mul'> <InPorts = 2> <OutPorts = 1>
ST_12 : Operation 455 [1/1] (0.00ns)   --->   "%sext_ln23_20 = sext i8 %trunc_ln23_4" [../source/tut3B_Function_Reshape/matrix_mult.cpp:23]   --->   Operation 455 'sext' 'sext_ln23_20' <Predicate = true> <Delay = 0.00>
ST_12 : Operation 456 [3/3] (1.05ns) (grouped into DSP with root node add_ln23_12)   --->   "%mul_ln23_15 = mul i16 %sext_ln23_20, i16 %sext_ln23" [../source/tut3B_Function_Reshape/matrix_mult.cpp:23]   --->   Operation 456 'mul' 'mul_ln23_15' <Predicate = true> <Delay = 1.05> <CoreInst = "DSP48">   --->   Core 116 'DSP48' <Latency = 3> <II = 1> <Delay = 2.15> <IPBlock> <Opcode : 'add' 'sub' 'mul' 'select'> <InPorts = 0> <OutPorts = 1> <Sync> <CReg>
ST_12 : Operation 457 [2/5] (5.41ns)   --->   "%mul_ln23_16 = mul i16 %sext_ln23_21, i16 %sext_ln23_2" [../source/tut3B_Function_Reshape/matrix_mult.cpp:23]   --->   Operation 457 'mul' 'mul_ln23_16' <Predicate = true> <Delay = 5.41> <CoreInst = "Multiplier">   --->   Core 3 'Multiplier' <Latency = 4> <II = 1> <Delay = 5.41> <FuncUnit> <Opcode : 'mul'> <InPorts = 2> <OutPorts = 1>
ST_12 : Operation 458 [1/1] (0.00ns)   --->   "%sext_ln23_25 = sext i8 %trunc_ln23_5" [../source/tut3B_Function_Reshape/matrix_mult.cpp:23]   --->   Operation 458 'sext' 'sext_ln23_25' <Predicate = true> <Delay = 0.00>
ST_12 : Operation 459 [3/3] (1.05ns) (grouped into DSP with root node add_ln23_16)   --->   "%mul_ln23_20 = mul i16 %sext_ln23_25, i16 %sext_ln23" [../source/tut3B_Function_Reshape/matrix_mult.cpp:23]   --->   Operation 459 'mul' 'mul_ln23_20' <Predicate = true> <Delay = 1.05> <CoreInst = "DSP48">   --->   Core 116 'DSP48' <Latency = 3> <II = 1> <Delay = 2.15> <IPBlock> <Opcode : 'add' 'sub' 'mul' 'select'> <InPorts = 0> <OutPorts = 1> <Sync> <CReg>
ST_12 : Operation 460 [2/5] (5.41ns)   --->   "%mul_ln23_21 = mul i16 %sext_ln23_26, i16 %sext_ln23_2" [../source/tut3B_Function_Reshape/matrix_mult.cpp:23]   --->   Operation 460 'mul' 'mul_ln23_21' <Predicate = true> <Delay = 5.41> <CoreInst = "Multiplier">   --->   Core 3 'Multiplier' <Latency = 4> <II = 1> <Delay = 5.41> <FuncUnit> <Opcode : 'mul'> <InPorts = 2> <OutPorts = 1>
ST_12 : Operation 461 [1/2] (2.10ns) (root node of the DSP)   --->   "%add_ln23_18 = add i16 %add_ln23_17, i16 %mul_ln23_24" [../source/tut3B_Function_Reshape/matrix_mult.cpp:23]   --->   Operation 461 'add' 'add_ln23_18' <Predicate = true> <Delay = 2.10> <CoreInst = "DSP48">   --->   Core 116 'DSP48' <Latency = 3> <II = 1> <Delay = 2.15> <IPBlock> <Opcode : 'add' 'sub' 'mul' 'select'> <InPorts = 0> <OutPorts = 1> <Sync> <CReg>
ST_12 : Operation 462 [1/1] (0.00ns)   --->   "%sext_ln23_30 = sext i8 %trunc_ln23_6" [../source/tut3B_Function_Reshape/matrix_mult.cpp:23]   --->   Operation 462 'sext' 'sext_ln23_30' <Predicate = true> <Delay = 0.00>
ST_12 : Operation 463 [3/3] (1.05ns) (grouped into DSP with root node add_ln23_20)   --->   "%mul_ln23_25 = mul i16 %sext_ln23_30, i16 %sext_ln23_1" [../source/tut3B_Function_Reshape/matrix_mult.cpp:23]   --->   Operation 463 'mul' 'mul_ln23_25' <Predicate = true> <Delay = 1.05> <CoreInst = "DSP48">   --->   Core 116 'DSP48' <Latency = 3> <II = 1> <Delay = 2.15> <IPBlock> <Opcode : 'add' 'sub' 'mul' 'select'> <InPorts = 0> <OutPorts = 1> <Sync> <CReg>
ST_12 : Operation 464 [2/5] (5.41ns)   --->   "%mul_ln23_26 = mul i16 %sext_ln23_31, i16 %sext_ln23_3" [../source/tut3B_Function_Reshape/matrix_mult.cpp:23]   --->   Operation 464 'mul' 'mul_ln23_26' <Predicate = true> <Delay = 5.41> <CoreInst = "Multiplier">   --->   Core 3 'Multiplier' <Latency = 4> <II = 1> <Delay = 5.41> <FuncUnit> <Opcode : 'mul'> <InPorts = 2> <OutPorts = 1>
ST_12 : Operation 465 [1/2] (2.10ns) (root node of the DSP)   --->   "%add_ln23_22 = add i16 %add_ln23_21, i16 %mul_ln23_29" [../source/tut3B_Function_Reshape/matrix_mult.cpp:23]   --->   Operation 465 'add' 'add_ln23_22' <Predicate = true> <Delay = 2.10> <CoreInst = "DSP48">   --->   Core 116 'DSP48' <Latency = 3> <II = 1> <Delay = 2.15> <IPBlock> <Opcode : 'add' 'sub' 'mul' 'select'> <InPorts = 0> <OutPorts = 1> <Sync> <CReg>
ST_12 : Operation 466 [3/3] (1.05ns) (grouped into DSP with root node add_ln23_24)   --->   "%mul_ln23_30 = mul i16 %sext_ln23_30, i16 %sext_ln23_10" [../source/tut3B_Function_Reshape/matrix_mult.cpp:23]   --->   Operation 466 'mul' 'mul_ln23_30' <Predicate = true> <Delay = 1.05> <CoreInst = "DSP48">   --->   Core 116 'DSP48' <Latency = 3> <II = 1> <Delay = 2.15> <IPBlock> <Opcode : 'add' 'sub' 'mul' 'select'> <InPorts = 0> <OutPorts = 1> <Sync> <CReg>
ST_12 : Operation 467 [2/5] (5.41ns)   --->   "%mul_ln23_31 = mul i16 %sext_ln23_31, i16 %sext_ln23_11" [../source/tut3B_Function_Reshape/matrix_mult.cpp:23]   --->   Operation 467 'mul' 'mul_ln23_31' <Predicate = true> <Delay = 5.41> <CoreInst = "Multiplier">   --->   Core 3 'Multiplier' <Latency = 4> <II = 1> <Delay = 5.41> <FuncUnit> <Opcode : 'mul'> <InPorts = 2> <OutPorts = 1>
ST_12 : Operation 468 [1/3] (0.00ns) (grouped into DSP with root node add_ln23_26)   --->   "%mul_ln23_34 = mul i16 %sext_ln23_32, i16 %sext_ln23_12" [../source/tut3B_Function_Reshape/matrix_mult.cpp:23]   --->   Operation 468 'mul' 'mul_ln23_34' <Predicate = true> <Delay = 0.00> <CoreInst = "DSP48">   --->   Core 116 'DSP48' <Latency = 3> <II = 1> <Delay = 2.15> <IPBlock> <Opcode : 'add' 'sub' 'mul' 'select'> <InPorts = 0> <OutPorts = 1> <Sync> <CReg>
ST_12 : Operation 469 [2/2] (2.10ns) (root node of the DSP)   --->   "%add_ln23_26 = add i16 %add_ln23_25, i16 %mul_ln23_34" [../source/tut3B_Function_Reshape/matrix_mult.cpp:23]   --->   Operation 469 'add' 'add_ln23_26' <Predicate = true> <Delay = 2.10> <CoreInst = "DSP48">   --->   Core 116 'DSP48' <Latency = 3> <II = 1> <Delay = 2.15> <IPBlock> <Opcode : 'add' 'sub' 'mul' 'select'> <InPorts = 0> <OutPorts = 1> <Sync> <CReg>
ST_12 : Operation 470 [3/5] (5.41ns)   --->   "%mul_ln23_36 = mul i16 %sext_ln23_31, i16 %sext_ln23_16" [../source/tut3B_Function_Reshape/matrix_mult.cpp:23]   --->   Operation 470 'mul' 'mul_ln23_36' <Predicate = true> <Delay = 5.41> <CoreInst = "Multiplier">   --->   Core 3 'Multiplier' <Latency = 4> <II = 1> <Delay = 5.41> <FuncUnit> <Opcode : 'mul'> <InPorts = 2> <OutPorts = 1>
ST_12 : Operation 471 [1/3] (0.00ns) (grouped into DSP with root node add_ln23_30)   --->   "%mul_ln23_39 = mul i16 %sext_ln23_32, i16 %sext_ln23_17" [../source/tut3B_Function_Reshape/matrix_mult.cpp:23]   --->   Operation 471 'mul' 'mul_ln23_39' <Predicate = true> <Delay = 0.00> <CoreInst = "DSP48">   --->   Core 116 'DSP48' <Latency = 3> <II = 1> <Delay = 2.15> <IPBlock> <Opcode : 'add' 'sub' 'mul' 'select'> <InPorts = 0> <OutPorts = 1> <Sync> <CReg>
ST_12 : Operation 472 [2/2] (2.10ns) (root node of the DSP)   --->   "%add_ln23_30 = add i16 %add_ln23_29, i16 %mul_ln23_39" [../source/tut3B_Function_Reshape/matrix_mult.cpp:23]   --->   Operation 472 'add' 'add_ln23_30' <Predicate = true> <Delay = 2.10> <CoreInst = "DSP48">   --->   Core 116 'DSP48' <Latency = 3> <II = 1> <Delay = 2.15> <IPBlock> <Opcode : 'add' 'sub' 'mul' 'select'> <InPorts = 0> <OutPorts = 1> <Sync> <CReg>
ST_12 : Operation 473 [3/5] (5.41ns)   --->   "%mul_ln23_41 = mul i16 %sext_ln23_31, i16 %sext_ln23_21" [../source/tut3B_Function_Reshape/matrix_mult.cpp:23]   --->   Operation 473 'mul' 'mul_ln23_41' <Predicate = true> <Delay = 5.41> <CoreInst = "Multiplier">   --->   Core 3 'Multiplier' <Latency = 4> <II = 1> <Delay = 5.41> <FuncUnit> <Opcode : 'mul'> <InPorts = 2> <OutPorts = 1>
ST_12 : Operation 474 [2/3] (1.05ns) (grouped into DSP with root node add_ln23_34)   --->   "%mul_ln23_44 = mul i16 %sext_ln23_32, i16 %sext_ln23_22" [../source/tut3B_Function_Reshape/matrix_mult.cpp:23]   --->   Operation 474 'mul' 'mul_ln23_44' <Predicate = true> <Delay = 1.05> <CoreInst = "DSP48">   --->   Core 116 'DSP48' <Latency = 3> <II = 1> <Delay = 2.15> <IPBlock> <Opcode : 'add' 'sub' 'mul' 'select'> <InPorts = 0> <OutPorts = 1> <Sync> <CReg>
ST_12 : Operation 475 [3/5] (5.41ns)   --->   "%mul_ln23_46 = mul i16 %sext_ln23_31, i16 %sext_ln23_26" [../source/tut3B_Function_Reshape/matrix_mult.cpp:23]   --->   Operation 475 'mul' 'mul_ln23_46' <Predicate = true> <Delay = 5.41> <CoreInst = "Multiplier">   --->   Core 3 'Multiplier' <Latency = 4> <II = 1> <Delay = 5.41> <FuncUnit> <Opcode : 'mul'> <InPorts = 2> <OutPorts = 1>
ST_12 : Operation 476 [2/3] (1.05ns) (grouped into DSP with root node add_ln23_38)   --->   "%mul_ln23_49 = mul i16 %sext_ln23_32, i16 %sext_ln23_27" [../source/tut3B_Function_Reshape/matrix_mult.cpp:23]   --->   Operation 476 'mul' 'mul_ln23_49' <Predicate = true> <Delay = 1.05> <CoreInst = "DSP48">   --->   Core 116 'DSP48' <Latency = 3> <II = 1> <Delay = 2.15> <IPBlock> <Opcode : 'add' 'sub' 'mul' 'select'> <InPorts = 0> <OutPorts = 1> <Sync> <CReg>
ST_12 : Operation 477 [1/1] (0.00ns)   --->   "%sext_ln23_37 = sext i8 %tmp_28" [../source/tut3B_Function_Reshape/matrix_mult.cpp:23]   --->   Operation 477 'sext' 'sext_ln23_37' <Predicate = true> <Delay = 0.00>
ST_12 : Operation 478 [3/5] (5.41ns)   --->   "%mul_ln23_51 = mul i16 %sext_ln23_36, i16 %sext_ln23_3" [../source/tut3B_Function_Reshape/matrix_mult.cpp:23]   --->   Operation 478 'mul' 'mul_ln23_51' <Predicate = true> <Delay = 5.41> <CoreInst = "Multiplier">   --->   Core 3 'Multiplier' <Latency = 4> <II = 1> <Delay = 5.41> <FuncUnit> <Opcode : 'mul'> <InPorts = 2> <OutPorts = 1>
ST_12 : Operation 479 [3/3] (1.05ns) (grouped into DSP with root node add_ln23_42)   --->   "%mul_ln23_54 = mul i16 %sext_ln23_37, i16 %sext_ln23_5" [../source/tut3B_Function_Reshape/matrix_mult.cpp:23]   --->   Operation 479 'mul' 'mul_ln23_54' <Predicate = true> <Delay = 1.05> <CoreInst = "DSP48">   --->   Core 116 'DSP48' <Latency = 3> <II = 1> <Delay = 2.15> <IPBlock> <Opcode : 'add' 'sub' 'mul' 'select'> <InPorts = 0> <OutPorts = 1> <Sync> <CReg>
ST_12 : Operation 480 [4/5] (5.41ns)   --->   "%mul_ln23_56 = mul i16 %sext_ln23_36, i16 %sext_ln23_11" [../source/tut3B_Function_Reshape/matrix_mult.cpp:23]   --->   Operation 480 'mul' 'mul_ln23_56' <Predicate = true> <Delay = 5.41> <CoreInst = "Multiplier">   --->   Core 3 'Multiplier' <Latency = 4> <II = 1> <Delay = 5.41> <FuncUnit> <Opcode : 'mul'> <InPorts = 2> <OutPorts = 1>
ST_12 : Operation 481 [3/3] (1.05ns) (grouped into DSP with root node add_ln23_46)   --->   "%mul_ln23_59 = mul i16 %sext_ln23_37, i16 %sext_ln23_12" [../source/tut3B_Function_Reshape/matrix_mult.cpp:23]   --->   Operation 481 'mul' 'mul_ln23_59' <Predicate = true> <Delay = 1.05> <CoreInst = "DSP48">   --->   Core 116 'DSP48' <Latency = 3> <II = 1> <Delay = 2.15> <IPBlock> <Opcode : 'add' 'sub' 'mul' 'select'> <InPorts = 0> <OutPorts = 1> <Sync> <CReg>
ST_12 : Operation 482 [4/5] (5.41ns)   --->   "%mul_ln23_61 = mul i16 %sext_ln23_36, i16 %sext_ln23_16" [../source/tut3B_Function_Reshape/matrix_mult.cpp:23]   --->   Operation 482 'mul' 'mul_ln23_61' <Predicate = true> <Delay = 5.41> <CoreInst = "Multiplier">   --->   Core 3 'Multiplier' <Latency = 4> <II = 1> <Delay = 5.41> <FuncUnit> <Opcode : 'mul'> <InPorts = 2> <OutPorts = 1>
ST_12 : Operation 483 [4/5] (5.41ns)   --->   "%mul_ln23_66 = mul i16 %sext_ln23_36, i16 %sext_ln23_21" [../source/tut3B_Function_Reshape/matrix_mult.cpp:23]   --->   Operation 483 'mul' 'mul_ln23_66' <Predicate = true> <Delay = 5.41> <CoreInst = "Multiplier">   --->   Core 3 'Multiplier' <Latency = 4> <II = 1> <Delay = 5.41> <FuncUnit> <Opcode : 'mul'> <InPorts = 2> <OutPorts = 1>
ST_12 : Operation 484 [4/5] (5.41ns)   --->   "%mul_ln23_71 = mul i16 %sext_ln23_36, i16 %sext_ln23_26" [../source/tut3B_Function_Reshape/matrix_mult.cpp:23]   --->   Operation 484 'mul' 'mul_ln23_71' <Predicate = true> <Delay = 5.41> <CoreInst = "Multiplier">   --->   Core 3 'Multiplier' <Latency = 4> <II = 1> <Delay = 5.41> <FuncUnit> <Opcode : 'mul'> <InPorts = 2> <OutPorts = 1>
ST_12 : Operation 485 [1/1] (0.00ns)   --->   "%sext_ln23_41 = sext i8 %tmp_31" [../source/tut3B_Function_Reshape/matrix_mult.cpp:23]   --->   Operation 485 'sext' 'sext_ln23_41' <Predicate = true> <Delay = 0.00>
ST_12 : Operation 486 [5/5] (5.41ns)   --->   "%mul_ln23_76 = mul i16 %sext_ln23_41, i16 %sext_ln23_3" [../source/tut3B_Function_Reshape/matrix_mult.cpp:23]   --->   Operation 486 'mul' 'mul_ln23_76' <Predicate = true> <Delay = 5.41> <CoreInst = "Multiplier">   --->   Core 3 'Multiplier' <Latency = 4> <II = 1> <Delay = 5.41> <FuncUnit> <Opcode : 'mul'> <InPorts = 2> <OutPorts = 1>
ST_12 : Operation 487 [5/5] (5.41ns)   --->   "%mul_ln23_81 = mul i16 %sext_ln23_41, i16 %sext_ln23_11" [../source/tut3B_Function_Reshape/matrix_mult.cpp:23]   --->   Operation 487 'mul' 'mul_ln23_81' <Predicate = true> <Delay = 5.41> <CoreInst = "Multiplier">   --->   Core 3 'Multiplier' <Latency = 4> <II = 1> <Delay = 5.41> <FuncUnit> <Opcode : 'mul'> <InPorts = 2> <OutPorts = 1>
ST_12 : Operation 488 [1/2] (2.10ns) (root node of the DSP)   --->   "%add_ln23_65 = add i16 %mul_ln23_83, i16 %mul_ln23_82" [../source/tut3B_Function_Reshape/matrix_mult.cpp:23]   --->   Operation 488 'add' 'add_ln23_65' <Predicate = true> <Delay = 2.10> <CoreInst = "DSP48">   --->   Core 116 'DSP48' <Latency = 3> <II = 1> <Delay = 2.15> <IPBlock> <Opcode : 'add' 'sub' 'mul' 'select'> <InPorts = 0> <OutPorts = 1> <Sync> <CReg>
ST_12 : Operation 489 [5/5] (5.41ns)   --->   "%mul_ln23_86 = mul i16 %sext_ln23_41, i16 %sext_ln23_16" [../source/tut3B_Function_Reshape/matrix_mult.cpp:23]   --->   Operation 489 'mul' 'mul_ln23_86' <Predicate = true> <Delay = 5.41> <CoreInst = "Multiplier">   --->   Core 3 'Multiplier' <Latency = 4> <II = 1> <Delay = 5.41> <FuncUnit> <Opcode : 'mul'> <InPorts = 2> <OutPorts = 1>
ST_12 : Operation 490 [1/2] (2.10ns) (root node of the DSP)   --->   "%add_ln23_69 = add i16 %mul_ln23_88, i16 %mul_ln23_87" [../source/tut3B_Function_Reshape/matrix_mult.cpp:23]   --->   Operation 490 'add' 'add_ln23_69' <Predicate = true> <Delay = 2.10> <CoreInst = "DSP48">   --->   Core 116 'DSP48' <Latency = 3> <II = 1> <Delay = 2.15> <IPBlock> <Opcode : 'add' 'sub' 'mul' 'select'> <InPorts = 0> <OutPorts = 1> <Sync> <CReg>
ST_12 : Operation 491 [5/5] (5.41ns)   --->   "%mul_ln23_91 = mul i16 %sext_ln23_41, i16 %sext_ln23_21" [../source/tut3B_Function_Reshape/matrix_mult.cpp:23]   --->   Operation 491 'mul' 'mul_ln23_91' <Predicate = true> <Delay = 5.41> <CoreInst = "Multiplier">   --->   Core 3 'Multiplier' <Latency = 4> <II = 1> <Delay = 5.41> <FuncUnit> <Opcode : 'mul'> <InPorts = 2> <OutPorts = 1>
ST_12 : Operation 492 [1/2] (2.10ns) (root node of the DSP)   --->   "%add_ln23_73 = add i16 %mul_ln23_93, i16 %mul_ln23_92" [../source/tut3B_Function_Reshape/matrix_mult.cpp:23]   --->   Operation 492 'add' 'add_ln23_73' <Predicate = true> <Delay = 2.10> <CoreInst = "DSP48">   --->   Core 116 'DSP48' <Latency = 3> <II = 1> <Delay = 2.15> <IPBlock> <Opcode : 'add' 'sub' 'mul' 'select'> <InPorts = 0> <OutPorts = 1> <Sync> <CReg>
ST_12 : Operation 493 [1/2] (2.10ns) (root node of the DSP)   --->   "%add_ln23_77 = add i16 %mul_ln23_98, i16 %mul_ln23_97" [../source/tut3B_Function_Reshape/matrix_mult.cpp:23]   --->   Operation 493 'add' 'add_ln23_77' <Predicate = true> <Delay = 2.10> <CoreInst = "DSP48">   --->   Core 116 'DSP48' <Latency = 3> <II = 1> <Delay = 2.15> <IPBlock> <Opcode : 'add' 'sub' 'mul' 'select'> <InPorts = 0> <OutPorts = 1> <Sync> <CReg>
ST_12 : Operation 494 [1/3] (0.00ns) (grouped into DSP with root node add_ln23_81)   --->   "%mul_ln23_102 = mul i16 %sext_ln23_49, i16 %sext_ln23_9" [../source/tut3B_Function_Reshape/matrix_mult.cpp:23]   --->   Operation 494 'mul' 'mul_ln23_102' <Predicate = true> <Delay = 0.00> <CoreInst = "DSP48">   --->   Core 116 'DSP48' <Latency = 3> <II = 1> <Delay = 2.15> <IPBlock> <Opcode : 'add' 'sub' 'mul' 'select'> <InPorts = 0> <OutPorts = 1> <Sync> <CReg>
ST_12 : Operation 495 [2/2] (2.10ns) (root node of the DSP)   --->   "%add_ln23_81 = add i16 %mul_ln23_103, i16 %mul_ln23_102" [../source/tut3B_Function_Reshape/matrix_mult.cpp:23]   --->   Operation 495 'add' 'add_ln23_81' <Predicate = true> <Delay = 2.10> <CoreInst = "DSP48">   --->   Core 116 'DSP48' <Latency = 3> <II = 1> <Delay = 2.15> <IPBlock> <Opcode : 'add' 'sub' 'mul' 'select'> <InPorts = 0> <OutPorts = 1> <Sync> <CReg>
ST_12 : Operation 496 [1/3] (0.00ns) (grouped into DSP with root node add_ln23_85)   --->   "%mul_ln23_107 = mul i16 %sext_ln23_49, i16 %sext_ln23_14" [../source/tut3B_Function_Reshape/matrix_mult.cpp:23]   --->   Operation 496 'mul' 'mul_ln23_107' <Predicate = true> <Delay = 0.00> <CoreInst = "DSP48">   --->   Core 116 'DSP48' <Latency = 3> <II = 1> <Delay = 2.15> <IPBlock> <Opcode : 'add' 'sub' 'mul' 'select'> <InPorts = 0> <OutPorts = 1> <Sync> <CReg>
ST_12 : Operation 497 [2/2] (2.10ns) (root node of the DSP)   --->   "%add_ln23_85 = add i16 %mul_ln23_108, i16 %mul_ln23_107" [../source/tut3B_Function_Reshape/matrix_mult.cpp:23]   --->   Operation 497 'add' 'add_ln23_85' <Predicate = true> <Delay = 2.10> <CoreInst = "DSP48">   --->   Core 116 'DSP48' <Latency = 3> <II = 1> <Delay = 2.15> <IPBlock> <Opcode : 'add' 'sub' 'mul' 'select'> <InPorts = 0> <OutPorts = 1> <Sync> <CReg>
ST_12 : Operation 498 [1/3] (0.00ns) (grouped into DSP with root node add_ln23_89)   --->   "%mul_ln23_112 = mul i16 %sext_ln23_49, i16 %sext_ln23_19" [../source/tut3B_Function_Reshape/matrix_mult.cpp:23]   --->   Operation 498 'mul' 'mul_ln23_112' <Predicate = true> <Delay = 0.00> <CoreInst = "DSP48">   --->   Core 116 'DSP48' <Latency = 3> <II = 1> <Delay = 2.15> <IPBlock> <Opcode : 'add' 'sub' 'mul' 'select'> <InPorts = 0> <OutPorts = 1> <Sync> <CReg>
ST_12 : Operation 499 [2/2] (2.10ns) (root node of the DSP)   --->   "%add_ln23_89 = add i16 %mul_ln23_113, i16 %mul_ln23_112" [../source/tut3B_Function_Reshape/matrix_mult.cpp:23]   --->   Operation 499 'add' 'add_ln23_89' <Predicate = true> <Delay = 2.10> <CoreInst = "DSP48">   --->   Core 116 'DSP48' <Latency = 3> <II = 1> <Delay = 2.15> <IPBlock> <Opcode : 'add' 'sub' 'mul' 'select'> <InPorts = 0> <OutPorts = 1> <Sync> <CReg>
ST_12 : Operation 500 [1/3] (0.00ns) (grouped into DSP with root node add_ln23_93)   --->   "%mul_ln23_117 = mul i16 %sext_ln23_49, i16 %sext_ln23_24" [../source/tut3B_Function_Reshape/matrix_mult.cpp:23]   --->   Operation 500 'mul' 'mul_ln23_117' <Predicate = true> <Delay = 0.00> <CoreInst = "DSP48">   --->   Core 116 'DSP48' <Latency = 3> <II = 1> <Delay = 2.15> <IPBlock> <Opcode : 'add' 'sub' 'mul' 'select'> <InPorts = 0> <OutPorts = 1> <Sync> <CReg>
ST_12 : Operation 501 [2/2] (2.10ns) (root node of the DSP)   --->   "%add_ln23_93 = add i16 %mul_ln23_118, i16 %mul_ln23_117" [../source/tut3B_Function_Reshape/matrix_mult.cpp:23]   --->   Operation 501 'add' 'add_ln23_93' <Predicate = true> <Delay = 2.10> <CoreInst = "DSP48">   --->   Core 116 'DSP48' <Latency = 3> <II = 1> <Delay = 2.15> <IPBlock> <Opcode : 'add' 'sub' 'mul' 'select'> <InPorts = 0> <OutPorts = 1> <Sync> <CReg>
ST_12 : Operation 502 [2/3] (1.05ns) (grouped into DSP with root node add_ln23_97)   --->   "%mul_ln23_122 = mul i16 %sext_ln23_49, i16 %sext_ln23_29" [../source/tut3B_Function_Reshape/matrix_mult.cpp:23]   --->   Operation 502 'mul' 'mul_ln23_122' <Predicate = true> <Delay = 1.05> <CoreInst = "DSP48">   --->   Core 116 'DSP48' <Latency = 3> <II = 1> <Delay = 2.15> <IPBlock> <Opcode : 'add' 'sub' 'mul' 'select'> <InPorts = 0> <OutPorts = 1> <Sync> <CReg>
ST_12 : Operation 503 [1/5] (5.41ns)   --->   "%mul_ln23_123 = mul i16 %sext_ln23_48, i16 %sext_ln23_28" [../source/tut3B_Function_Reshape/matrix_mult.cpp:23]   --->   Operation 503 'mul' 'mul_ln23_123' <Predicate = true> <Delay = 5.41> <CoreInst = "Multiplier">   --->   Core 3 'Multiplier' <Latency = 4> <II = 1> <Delay = 5.41> <FuncUnit> <Opcode : 'mul'> <InPorts = 2> <OutPorts = 1>

State 13 <SV = 12> <Delay = 5.41>
ST_13 : Operation 504 [1/3] (0.00ns) (grouped into DSP with root node add_ln23)   --->   "%mul_ln23 = mul i16 %sext_ln23_1, i16 %sext_ln23" [../source/tut3B_Function_Reshape/matrix_mult.cpp:23]   --->   Operation 504 'mul' 'mul_ln23' <Predicate = true> <Delay = 0.00> <CoreInst = "DSP48">   --->   Core 116 'DSP48' <Latency = 3> <II = 1> <Delay = 2.15> <IPBlock> <Opcode : 'add' 'sub' 'mul' 'select'> <InPorts = 0> <OutPorts = 1> <Sync> <CReg>
ST_13 : Operation 505 [2/2] (2.10ns) (root node of the DSP)   --->   "%add_ln23 = add i16 %mul_ln23_1, i16 %mul_ln23" [../source/tut3B_Function_Reshape/matrix_mult.cpp:23]   --->   Operation 505 'add' 'add_ln23' <Predicate = true> <Delay = 2.10> <CoreInst = "DSP48">   --->   Core 116 'DSP48' <Latency = 3> <II = 1> <Delay = 2.15> <IPBlock> <Opcode : 'add' 'sub' 'mul' 'select'> <InPorts = 0> <OutPorts = 1> <Sync> <CReg>
ST_13 : Operation 506 [1/3] (0.00ns) (grouped into DSP with root node add_ln23_4)   --->   "%mul_ln23_5 = mul i16 %sext_ln23_10, i16 %sext_ln23" [../source/tut3B_Function_Reshape/matrix_mult.cpp:23]   --->   Operation 506 'mul' 'mul_ln23_5' <Predicate = true> <Delay = 0.00> <CoreInst = "DSP48">   --->   Core 116 'DSP48' <Latency = 3> <II = 1> <Delay = 2.15> <IPBlock> <Opcode : 'add' 'sub' 'mul' 'select'> <InPorts = 0> <OutPorts = 1> <Sync> <CReg>
ST_13 : Operation 507 [2/2] (2.10ns) (root node of the DSP)   --->   "%add_ln23_4 = add i16 %mul_ln23_6, i16 %mul_ln23_5" [../source/tut3B_Function_Reshape/matrix_mult.cpp:23]   --->   Operation 507 'add' 'add_ln23_4' <Predicate = true> <Delay = 2.10> <CoreInst = "DSP48">   --->   Core 116 'DSP48' <Latency = 3> <II = 1> <Delay = 2.15> <IPBlock> <Opcode : 'add' 'sub' 'mul' 'select'> <InPorts = 0> <OutPorts = 1> <Sync> <CReg>
ST_13 : Operation 508 [1/3] (0.00ns) (grouped into DSP with root node add_ln23_8)   --->   "%mul_ln23_10 = mul i16 %sext_ln23_15, i16 %sext_ln23" [../source/tut3B_Function_Reshape/matrix_mult.cpp:23]   --->   Operation 508 'mul' 'mul_ln23_10' <Predicate = true> <Delay = 0.00> <CoreInst = "DSP48">   --->   Core 116 'DSP48' <Latency = 3> <II = 1> <Delay = 2.15> <IPBlock> <Opcode : 'add' 'sub' 'mul' 'select'> <InPorts = 0> <OutPorts = 1> <Sync> <CReg>
ST_13 : Operation 509 [2/2] (2.10ns) (root node of the DSP)   --->   "%add_ln23_8 = add i16 %mul_ln23_11, i16 %mul_ln23_10" [../source/tut3B_Function_Reshape/matrix_mult.cpp:23]   --->   Operation 509 'add' 'add_ln23_8' <Predicate = true> <Delay = 2.10> <CoreInst = "DSP48">   --->   Core 116 'DSP48' <Latency = 3> <II = 1> <Delay = 2.15> <IPBlock> <Opcode : 'add' 'sub' 'mul' 'select'> <InPorts = 0> <OutPorts = 1> <Sync> <CReg>
ST_13 : Operation 510 [2/3] (1.05ns) (grouped into DSP with root node add_ln23_12)   --->   "%mul_ln23_15 = mul i16 %sext_ln23_20, i16 %sext_ln23" [../source/tut3B_Function_Reshape/matrix_mult.cpp:23]   --->   Operation 510 'mul' 'mul_ln23_15' <Predicate = true> <Delay = 1.05> <CoreInst = "DSP48">   --->   Core 116 'DSP48' <Latency = 3> <II = 1> <Delay = 2.15> <IPBlock> <Opcode : 'add' 'sub' 'mul' 'select'> <InPorts = 0> <OutPorts = 1> <Sync> <CReg>
ST_13 : Operation 511 [1/5] (5.41ns)   --->   "%mul_ln23_16 = mul i16 %sext_ln23_21, i16 %sext_ln23_2" [../source/tut3B_Function_Reshape/matrix_mult.cpp:23]   --->   Operation 511 'mul' 'mul_ln23_16' <Predicate = true> <Delay = 5.41> <CoreInst = "Multiplier">   --->   Core 3 'Multiplier' <Latency = 4> <II = 1> <Delay = 5.41> <FuncUnit> <Opcode : 'mul'> <InPorts = 2> <OutPorts = 1>
ST_13 : Operation 512 [2/3] (1.05ns) (grouped into DSP with root node add_ln23_16)   --->   "%mul_ln23_20 = mul i16 %sext_ln23_25, i16 %sext_ln23" [../source/tut3B_Function_Reshape/matrix_mult.cpp:23]   --->   Operation 512 'mul' 'mul_ln23_20' <Predicate = true> <Delay = 1.05> <CoreInst = "DSP48">   --->   Core 116 'DSP48' <Latency = 3> <II = 1> <Delay = 2.15> <IPBlock> <Opcode : 'add' 'sub' 'mul' 'select'> <InPorts = 0> <OutPorts = 1> <Sync> <CReg>
ST_13 : Operation 513 [1/5] (5.41ns)   --->   "%mul_ln23_21 = mul i16 %sext_ln23_26, i16 %sext_ln23_2" [../source/tut3B_Function_Reshape/matrix_mult.cpp:23]   --->   Operation 513 'mul' 'mul_ln23_21' <Predicate = true> <Delay = 5.41> <CoreInst = "Multiplier">   --->   Core 3 'Multiplier' <Latency = 4> <II = 1> <Delay = 5.41> <FuncUnit> <Opcode : 'mul'> <InPorts = 2> <OutPorts = 1>
ST_13 : Operation 514 [2/3] (1.05ns) (grouped into DSP with root node add_ln23_20)   --->   "%mul_ln23_25 = mul i16 %sext_ln23_30, i16 %sext_ln23_1" [../source/tut3B_Function_Reshape/matrix_mult.cpp:23]   --->   Operation 514 'mul' 'mul_ln23_25' <Predicate = true> <Delay = 1.05> <CoreInst = "DSP48">   --->   Core 116 'DSP48' <Latency = 3> <II = 1> <Delay = 2.15> <IPBlock> <Opcode : 'add' 'sub' 'mul' 'select'> <InPorts = 0> <OutPorts = 1> <Sync> <CReg>
ST_13 : Operation 515 [1/5] (5.41ns)   --->   "%mul_ln23_26 = mul i16 %sext_ln23_31, i16 %sext_ln23_3" [../source/tut3B_Function_Reshape/matrix_mult.cpp:23]   --->   Operation 515 'mul' 'mul_ln23_26' <Predicate = true> <Delay = 5.41> <CoreInst = "Multiplier">   --->   Core 3 'Multiplier' <Latency = 4> <II = 1> <Delay = 5.41> <FuncUnit> <Opcode : 'mul'> <InPorts = 2> <OutPorts = 1>
ST_13 : Operation 516 [2/3] (1.05ns) (grouped into DSP with root node add_ln23_24)   --->   "%mul_ln23_30 = mul i16 %sext_ln23_30, i16 %sext_ln23_10" [../source/tut3B_Function_Reshape/matrix_mult.cpp:23]   --->   Operation 516 'mul' 'mul_ln23_30' <Predicate = true> <Delay = 1.05> <CoreInst = "DSP48">   --->   Core 116 'DSP48' <Latency = 3> <II = 1> <Delay = 2.15> <IPBlock> <Opcode : 'add' 'sub' 'mul' 'select'> <InPorts = 0> <OutPorts = 1> <Sync> <CReg>
ST_13 : Operation 517 [1/5] (5.41ns)   --->   "%mul_ln23_31 = mul i16 %sext_ln23_31, i16 %sext_ln23_11" [../source/tut3B_Function_Reshape/matrix_mult.cpp:23]   --->   Operation 517 'mul' 'mul_ln23_31' <Predicate = true> <Delay = 5.41> <CoreInst = "Multiplier">   --->   Core 3 'Multiplier' <Latency = 4> <II = 1> <Delay = 5.41> <FuncUnit> <Opcode : 'mul'> <InPorts = 2> <OutPorts = 1>
ST_13 : Operation 518 [1/2] (2.10ns) (root node of the DSP)   --->   "%add_ln23_26 = add i16 %add_ln23_25, i16 %mul_ln23_34" [../source/tut3B_Function_Reshape/matrix_mult.cpp:23]   --->   Operation 518 'add' 'add_ln23_26' <Predicate = true> <Delay = 2.10> <CoreInst = "DSP48">   --->   Core 116 'DSP48' <Latency = 3> <II = 1> <Delay = 2.15> <IPBlock> <Opcode : 'add' 'sub' 'mul' 'select'> <InPorts = 0> <OutPorts = 1> <Sync> <CReg>
ST_13 : Operation 519 [3/3] (1.05ns) (grouped into DSP with root node add_ln23_28)   --->   "%mul_ln23_35 = mul i16 %sext_ln23_30, i16 %sext_ln23_15" [../source/tut3B_Function_Reshape/matrix_mult.cpp:23]   --->   Operation 519 'mul' 'mul_ln23_35' <Predicate = true> <Delay = 1.05> <CoreInst = "DSP48">   --->   Core 116 'DSP48' <Latency = 3> <II = 1> <Delay = 2.15> <IPBlock> <Opcode : 'add' 'sub' 'mul' 'select'> <InPorts = 0> <OutPorts = 1> <Sync> <CReg>
ST_13 : Operation 520 [2/5] (5.41ns)   --->   "%mul_ln23_36 = mul i16 %sext_ln23_31, i16 %sext_ln23_16" [../source/tut3B_Function_Reshape/matrix_mult.cpp:23]   --->   Operation 520 'mul' 'mul_ln23_36' <Predicate = true> <Delay = 5.41> <CoreInst = "Multiplier">   --->   Core 3 'Multiplier' <Latency = 4> <II = 1> <Delay = 5.41> <FuncUnit> <Opcode : 'mul'> <InPorts = 2> <OutPorts = 1>
ST_13 : Operation 521 [1/2] (2.10ns) (root node of the DSP)   --->   "%add_ln23_30 = add i16 %add_ln23_29, i16 %mul_ln23_39" [../source/tut3B_Function_Reshape/matrix_mult.cpp:23]   --->   Operation 521 'add' 'add_ln23_30' <Predicate = true> <Delay = 2.10> <CoreInst = "DSP48">   --->   Core 116 'DSP48' <Latency = 3> <II = 1> <Delay = 2.15> <IPBlock> <Opcode : 'add' 'sub' 'mul' 'select'> <InPorts = 0> <OutPorts = 1> <Sync> <CReg>
ST_13 : Operation 522 [3/3] (1.05ns) (grouped into DSP with root node add_ln23_32)   --->   "%mul_ln23_40 = mul i16 %sext_ln23_30, i16 %sext_ln23_20" [../source/tut3B_Function_Reshape/matrix_mult.cpp:23]   --->   Operation 522 'mul' 'mul_ln23_40' <Predicate = true> <Delay = 1.05> <CoreInst = "DSP48">   --->   Core 116 'DSP48' <Latency = 3> <II = 1> <Delay = 2.15> <IPBlock> <Opcode : 'add' 'sub' 'mul' 'select'> <InPorts = 0> <OutPorts = 1> <Sync> <CReg>
ST_13 : Operation 523 [2/5] (5.41ns)   --->   "%mul_ln23_41 = mul i16 %sext_ln23_31, i16 %sext_ln23_21" [../source/tut3B_Function_Reshape/matrix_mult.cpp:23]   --->   Operation 523 'mul' 'mul_ln23_41' <Predicate = true> <Delay = 5.41> <CoreInst = "Multiplier">   --->   Core 3 'Multiplier' <Latency = 4> <II = 1> <Delay = 5.41> <FuncUnit> <Opcode : 'mul'> <InPorts = 2> <OutPorts = 1>
ST_13 : Operation 524 [1/3] (0.00ns) (grouped into DSP with root node add_ln23_34)   --->   "%mul_ln23_44 = mul i16 %sext_ln23_32, i16 %sext_ln23_22" [../source/tut3B_Function_Reshape/matrix_mult.cpp:23]   --->   Operation 524 'mul' 'mul_ln23_44' <Predicate = true> <Delay = 0.00> <CoreInst = "DSP48">   --->   Core 116 'DSP48' <Latency = 3> <II = 1> <Delay = 2.15> <IPBlock> <Opcode : 'add' 'sub' 'mul' 'select'> <InPorts = 0> <OutPorts = 1> <Sync> <CReg>
ST_13 : Operation 525 [2/2] (2.10ns) (root node of the DSP)   --->   "%add_ln23_34 = add i16 %add_ln23_33, i16 %mul_ln23_44" [../source/tut3B_Function_Reshape/matrix_mult.cpp:23]   --->   Operation 525 'add' 'add_ln23_34' <Predicate = true> <Delay = 2.10> <CoreInst = "DSP48">   --->   Core 116 'DSP48' <Latency = 3> <II = 1> <Delay = 2.15> <IPBlock> <Opcode : 'add' 'sub' 'mul' 'select'> <InPorts = 0> <OutPorts = 1> <Sync> <CReg>
ST_13 : Operation 526 [3/3] (1.05ns) (grouped into DSP with root node add_ln23_36)   --->   "%mul_ln23_45 = mul i16 %sext_ln23_30, i16 %sext_ln23_25" [../source/tut3B_Function_Reshape/matrix_mult.cpp:23]   --->   Operation 526 'mul' 'mul_ln23_45' <Predicate = true> <Delay = 1.05> <CoreInst = "DSP48">   --->   Core 116 'DSP48' <Latency = 3> <II = 1> <Delay = 2.15> <IPBlock> <Opcode : 'add' 'sub' 'mul' 'select'> <InPorts = 0> <OutPorts = 1> <Sync> <CReg>
ST_13 : Operation 527 [2/5] (5.41ns)   --->   "%mul_ln23_46 = mul i16 %sext_ln23_31, i16 %sext_ln23_26" [../source/tut3B_Function_Reshape/matrix_mult.cpp:23]   --->   Operation 527 'mul' 'mul_ln23_46' <Predicate = true> <Delay = 5.41> <CoreInst = "Multiplier">   --->   Core 3 'Multiplier' <Latency = 4> <II = 1> <Delay = 5.41> <FuncUnit> <Opcode : 'mul'> <InPorts = 2> <OutPorts = 1>
ST_13 : Operation 528 [1/3] (0.00ns) (grouped into DSP with root node add_ln23_38)   --->   "%mul_ln23_49 = mul i16 %sext_ln23_32, i16 %sext_ln23_27" [../source/tut3B_Function_Reshape/matrix_mult.cpp:23]   --->   Operation 528 'mul' 'mul_ln23_49' <Predicate = true> <Delay = 0.00> <CoreInst = "DSP48">   --->   Core 116 'DSP48' <Latency = 3> <II = 1> <Delay = 2.15> <IPBlock> <Opcode : 'add' 'sub' 'mul' 'select'> <InPorts = 0> <OutPorts = 1> <Sync> <CReg>
ST_13 : Operation 529 [2/2] (2.10ns) (root node of the DSP)   --->   "%add_ln23_38 = add i16 %add_ln23_37, i16 %mul_ln23_49" [../source/tut3B_Function_Reshape/matrix_mult.cpp:23]   --->   Operation 529 'add' 'add_ln23_38' <Predicate = true> <Delay = 2.10> <CoreInst = "DSP48">   --->   Core 116 'DSP48' <Latency = 3> <II = 1> <Delay = 2.15> <IPBlock> <Opcode : 'add' 'sub' 'mul' 'select'> <InPorts = 0> <OutPorts = 1> <Sync> <CReg>
ST_13 : Operation 530 [1/1] (0.00ns)   --->   "%sext_ln23_35 = sext i8 %trunc_ln23_7" [../source/tut3B_Function_Reshape/matrix_mult.cpp:23]   --->   Operation 530 'sext' 'sext_ln23_35' <Predicate = true> <Delay = 0.00>
ST_13 : Operation 531 [3/3] (1.05ns) (grouped into DSP with root node add_ln23_40)   --->   "%mul_ln23_50 = mul i16 %sext_ln23_35, i16 %sext_ln23_1" [../source/tut3B_Function_Reshape/matrix_mult.cpp:23]   --->   Operation 531 'mul' 'mul_ln23_50' <Predicate = true> <Delay = 1.05> <CoreInst = "DSP48">   --->   Core 116 'DSP48' <Latency = 3> <II = 1> <Delay = 2.15> <IPBlock> <Opcode : 'add' 'sub' 'mul' 'select'> <InPorts = 0> <OutPorts = 1> <Sync> <CReg>
ST_13 : Operation 532 [2/5] (5.41ns)   --->   "%mul_ln23_51 = mul i16 %sext_ln23_36, i16 %sext_ln23_3" [../source/tut3B_Function_Reshape/matrix_mult.cpp:23]   --->   Operation 532 'mul' 'mul_ln23_51' <Predicate = true> <Delay = 5.41> <CoreInst = "Multiplier">   --->   Core 3 'Multiplier' <Latency = 4> <II = 1> <Delay = 5.41> <FuncUnit> <Opcode : 'mul'> <InPorts = 2> <OutPorts = 1>
ST_13 : Operation 533 [2/3] (1.05ns) (grouped into DSP with root node add_ln23_42)   --->   "%mul_ln23_54 = mul i16 %sext_ln23_37, i16 %sext_ln23_5" [../source/tut3B_Function_Reshape/matrix_mult.cpp:23]   --->   Operation 533 'mul' 'mul_ln23_54' <Predicate = true> <Delay = 1.05> <CoreInst = "DSP48">   --->   Core 116 'DSP48' <Latency = 3> <II = 1> <Delay = 2.15> <IPBlock> <Opcode : 'add' 'sub' 'mul' 'select'> <InPorts = 0> <OutPorts = 1> <Sync> <CReg>
ST_13 : Operation 534 [3/5] (5.41ns)   --->   "%mul_ln23_56 = mul i16 %sext_ln23_36, i16 %sext_ln23_11" [../source/tut3B_Function_Reshape/matrix_mult.cpp:23]   --->   Operation 534 'mul' 'mul_ln23_56' <Predicate = true> <Delay = 5.41> <CoreInst = "Multiplier">   --->   Core 3 'Multiplier' <Latency = 4> <II = 1> <Delay = 5.41> <FuncUnit> <Opcode : 'mul'> <InPorts = 2> <OutPorts = 1>
ST_13 : Operation 535 [2/3] (1.05ns) (grouped into DSP with root node add_ln23_46)   --->   "%mul_ln23_59 = mul i16 %sext_ln23_37, i16 %sext_ln23_12" [../source/tut3B_Function_Reshape/matrix_mult.cpp:23]   --->   Operation 535 'mul' 'mul_ln23_59' <Predicate = true> <Delay = 1.05> <CoreInst = "DSP48">   --->   Core 116 'DSP48' <Latency = 3> <II = 1> <Delay = 2.15> <IPBlock> <Opcode : 'add' 'sub' 'mul' 'select'> <InPorts = 0> <OutPorts = 1> <Sync> <CReg>
ST_13 : Operation 536 [3/5] (5.41ns)   --->   "%mul_ln23_61 = mul i16 %sext_ln23_36, i16 %sext_ln23_16" [../source/tut3B_Function_Reshape/matrix_mult.cpp:23]   --->   Operation 536 'mul' 'mul_ln23_61' <Predicate = true> <Delay = 5.41> <CoreInst = "Multiplier">   --->   Core 3 'Multiplier' <Latency = 4> <II = 1> <Delay = 5.41> <FuncUnit> <Opcode : 'mul'> <InPorts = 2> <OutPorts = 1>
ST_13 : Operation 537 [3/3] (1.05ns) (grouped into DSP with root node add_ln23_50)   --->   "%mul_ln23_64 = mul i16 %sext_ln23_37, i16 %sext_ln23_17" [../source/tut3B_Function_Reshape/matrix_mult.cpp:23]   --->   Operation 537 'mul' 'mul_ln23_64' <Predicate = true> <Delay = 1.05> <CoreInst = "DSP48">   --->   Core 116 'DSP48' <Latency = 3> <II = 1> <Delay = 2.15> <IPBlock> <Opcode : 'add' 'sub' 'mul' 'select'> <InPorts = 0> <OutPorts = 1> <Sync> <CReg>
ST_13 : Operation 538 [3/5] (5.41ns)   --->   "%mul_ln23_66 = mul i16 %sext_ln23_36, i16 %sext_ln23_21" [../source/tut3B_Function_Reshape/matrix_mult.cpp:23]   --->   Operation 538 'mul' 'mul_ln23_66' <Predicate = true> <Delay = 5.41> <CoreInst = "Multiplier">   --->   Core 3 'Multiplier' <Latency = 4> <II = 1> <Delay = 5.41> <FuncUnit> <Opcode : 'mul'> <InPorts = 2> <OutPorts = 1>
ST_13 : Operation 539 [3/3] (1.05ns) (grouped into DSP with root node add_ln23_54)   --->   "%mul_ln23_69 = mul i16 %sext_ln23_37, i16 %sext_ln23_22" [../source/tut3B_Function_Reshape/matrix_mult.cpp:23]   --->   Operation 539 'mul' 'mul_ln23_69' <Predicate = true> <Delay = 1.05> <CoreInst = "DSP48">   --->   Core 116 'DSP48' <Latency = 3> <II = 1> <Delay = 2.15> <IPBlock> <Opcode : 'add' 'sub' 'mul' 'select'> <InPorts = 0> <OutPorts = 1> <Sync> <CReg>
ST_13 : Operation 540 [3/5] (5.41ns)   --->   "%mul_ln23_71 = mul i16 %sext_ln23_36, i16 %sext_ln23_26" [../source/tut3B_Function_Reshape/matrix_mult.cpp:23]   --->   Operation 540 'mul' 'mul_ln23_71' <Predicate = true> <Delay = 5.41> <CoreInst = "Multiplier">   --->   Core 3 'Multiplier' <Latency = 4> <II = 1> <Delay = 5.41> <FuncUnit> <Opcode : 'mul'> <InPorts = 2> <OutPorts = 1>
ST_13 : Operation 541 [4/5] (5.41ns)   --->   "%mul_ln23_76 = mul i16 %sext_ln23_41, i16 %sext_ln23_3" [../source/tut3B_Function_Reshape/matrix_mult.cpp:23]   --->   Operation 541 'mul' 'mul_ln23_76' <Predicate = true> <Delay = 5.41> <CoreInst = "Multiplier">   --->   Core 3 'Multiplier' <Latency = 4> <II = 1> <Delay = 5.41> <FuncUnit> <Opcode : 'mul'> <InPorts = 2> <OutPorts = 1>
ST_13 : Operation 542 [4/5] (5.41ns)   --->   "%mul_ln23_81 = mul i16 %sext_ln23_41, i16 %sext_ln23_11" [../source/tut3B_Function_Reshape/matrix_mult.cpp:23]   --->   Operation 542 'mul' 'mul_ln23_81' <Predicate = true> <Delay = 5.41> <CoreInst = "Multiplier">   --->   Core 3 'Multiplier' <Latency = 4> <II = 1> <Delay = 5.41> <FuncUnit> <Opcode : 'mul'> <InPorts = 2> <OutPorts = 1>
ST_13 : Operation 543 [4/5] (5.41ns)   --->   "%mul_ln23_86 = mul i16 %sext_ln23_41, i16 %sext_ln23_16" [../source/tut3B_Function_Reshape/matrix_mult.cpp:23]   --->   Operation 543 'mul' 'mul_ln23_86' <Predicate = true> <Delay = 5.41> <CoreInst = "Multiplier">   --->   Core 3 'Multiplier' <Latency = 4> <II = 1> <Delay = 5.41> <FuncUnit> <Opcode : 'mul'> <InPorts = 2> <OutPorts = 1>
ST_13 : Operation 544 [4/5] (5.41ns)   --->   "%mul_ln23_91 = mul i16 %sext_ln23_41, i16 %sext_ln23_21" [../source/tut3B_Function_Reshape/matrix_mult.cpp:23]   --->   Operation 544 'mul' 'mul_ln23_91' <Predicate = true> <Delay = 5.41> <CoreInst = "Multiplier">   --->   Core 3 'Multiplier' <Latency = 4> <II = 1> <Delay = 5.41> <FuncUnit> <Opcode : 'mul'> <InPorts = 2> <OutPorts = 1>
ST_13 : Operation 545 [5/5] (5.41ns)   --->   "%mul_ln23_96 = mul i16 %sext_ln23_41, i16 %sext_ln23_26" [../source/tut3B_Function_Reshape/matrix_mult.cpp:23]   --->   Operation 545 'mul' 'mul_ln23_96' <Predicate = true> <Delay = 5.41> <CoreInst = "Multiplier">   --->   Core 3 'Multiplier' <Latency = 4> <II = 1> <Delay = 5.41> <FuncUnit> <Opcode : 'mul'> <InPorts = 2> <OutPorts = 1>
ST_13 : Operation 546 [1/1] (0.00ns)   --->   "%sext_ln23_46 = sext i8 %tmp_35" [../source/tut3B_Function_Reshape/matrix_mult.cpp:23]   --->   Operation 546 'sext' 'sext_ln23_46' <Predicate = true> <Delay = 0.00>
ST_13 : Operation 547 [5/5] (5.41ns)   --->   "%mul_ln23_101 = mul i16 %sext_ln23_46, i16 %sext_ln23_3" [../source/tut3B_Function_Reshape/matrix_mult.cpp:23]   --->   Operation 547 'mul' 'mul_ln23_101' <Predicate = true> <Delay = 5.41> <CoreInst = "Multiplier">   --->   Core 3 'Multiplier' <Latency = 4> <II = 1> <Delay = 5.41> <FuncUnit> <Opcode : 'mul'> <InPorts = 2> <OutPorts = 1>
ST_13 : Operation 548 [1/2] (2.10ns) (root node of the DSP)   --->   "%add_ln23_81 = add i16 %mul_ln23_103, i16 %mul_ln23_102" [../source/tut3B_Function_Reshape/matrix_mult.cpp:23]   --->   Operation 548 'add' 'add_ln23_81' <Predicate = true> <Delay = 2.10> <CoreInst = "DSP48">   --->   Core 116 'DSP48' <Latency = 3> <II = 1> <Delay = 2.15> <IPBlock> <Opcode : 'add' 'sub' 'mul' 'select'> <InPorts = 0> <OutPorts = 1> <Sync> <CReg>
ST_13 : Operation 549 [5/5] (5.41ns)   --->   "%mul_ln23_106 = mul i16 %sext_ln23_46, i16 %sext_ln23_11" [../source/tut3B_Function_Reshape/matrix_mult.cpp:23]   --->   Operation 549 'mul' 'mul_ln23_106' <Predicate = true> <Delay = 5.41> <CoreInst = "Multiplier">   --->   Core 3 'Multiplier' <Latency = 4> <II = 1> <Delay = 5.41> <FuncUnit> <Opcode : 'mul'> <InPorts = 2> <OutPorts = 1>
ST_13 : Operation 550 [1/2] (2.10ns) (root node of the DSP)   --->   "%add_ln23_85 = add i16 %mul_ln23_108, i16 %mul_ln23_107" [../source/tut3B_Function_Reshape/matrix_mult.cpp:23]   --->   Operation 550 'add' 'add_ln23_85' <Predicate = true> <Delay = 2.10> <CoreInst = "DSP48">   --->   Core 116 'DSP48' <Latency = 3> <II = 1> <Delay = 2.15> <IPBlock> <Opcode : 'add' 'sub' 'mul' 'select'> <InPorts = 0> <OutPorts = 1> <Sync> <CReg>
ST_13 : Operation 551 [5/5] (5.41ns)   --->   "%mul_ln23_111 = mul i16 %sext_ln23_46, i16 %sext_ln23_16" [../source/tut3B_Function_Reshape/matrix_mult.cpp:23]   --->   Operation 551 'mul' 'mul_ln23_111' <Predicate = true> <Delay = 5.41> <CoreInst = "Multiplier">   --->   Core 3 'Multiplier' <Latency = 4> <II = 1> <Delay = 5.41> <FuncUnit> <Opcode : 'mul'> <InPorts = 2> <OutPorts = 1>
ST_13 : Operation 552 [1/2] (2.10ns) (root node of the DSP)   --->   "%add_ln23_89 = add i16 %mul_ln23_113, i16 %mul_ln23_112" [../source/tut3B_Function_Reshape/matrix_mult.cpp:23]   --->   Operation 552 'add' 'add_ln23_89' <Predicate = true> <Delay = 2.10> <CoreInst = "DSP48">   --->   Core 116 'DSP48' <Latency = 3> <II = 1> <Delay = 2.15> <IPBlock> <Opcode : 'add' 'sub' 'mul' 'select'> <InPorts = 0> <OutPorts = 1> <Sync> <CReg>
ST_13 : Operation 553 [1/2] (2.10ns) (root node of the DSP)   --->   "%add_ln23_93 = add i16 %mul_ln23_118, i16 %mul_ln23_117" [../source/tut3B_Function_Reshape/matrix_mult.cpp:23]   --->   Operation 553 'add' 'add_ln23_93' <Predicate = true> <Delay = 2.10> <CoreInst = "DSP48">   --->   Core 116 'DSP48' <Latency = 3> <II = 1> <Delay = 2.15> <IPBlock> <Opcode : 'add' 'sub' 'mul' 'select'> <InPorts = 0> <OutPorts = 1> <Sync> <CReg>
ST_13 : Operation 554 [1/3] (0.00ns) (grouped into DSP with root node add_ln23_97)   --->   "%mul_ln23_122 = mul i16 %sext_ln23_49, i16 %sext_ln23_29" [../source/tut3B_Function_Reshape/matrix_mult.cpp:23]   --->   Operation 554 'mul' 'mul_ln23_122' <Predicate = true> <Delay = 0.00> <CoreInst = "DSP48">   --->   Core 116 'DSP48' <Latency = 3> <II = 1> <Delay = 2.15> <IPBlock> <Opcode : 'add' 'sub' 'mul' 'select'> <InPorts = 0> <OutPorts = 1> <Sync> <CReg>
ST_13 : Operation 555 [2/2] (2.10ns) (root node of the DSP)   --->   "%add_ln23_97 = add i16 %mul_ln23_123, i16 %mul_ln23_122" [../source/tut3B_Function_Reshape/matrix_mult.cpp:23]   --->   Operation 555 'add' 'add_ln23_97' <Predicate = true> <Delay = 2.10> <CoreInst = "DSP48">   --->   Core 116 'DSP48' <Latency = 3> <II = 1> <Delay = 2.15> <IPBlock> <Opcode : 'add' 'sub' 'mul' 'select'> <InPorts = 0> <OutPorts = 1> <Sync> <CReg>

State 14 <SV = 13> <Delay = 5.41>
ST_14 : Operation 556 [1/2] (2.10ns) (root node of the DSP)   --->   "%add_ln23 = add i16 %mul_ln23_1, i16 %mul_ln23" [../source/tut3B_Function_Reshape/matrix_mult.cpp:23]   --->   Operation 556 'add' 'add_ln23' <Predicate = true> <Delay = 2.10> <CoreInst = "DSP48">   --->   Core 116 'DSP48' <Latency = 3> <II = 1> <Delay = 2.15> <IPBlock> <Opcode : 'add' 'sub' 'mul' 'select'> <InPorts = 0> <OutPorts = 1> <Sync> <CReg>
ST_14 : Operation 557 [1/2] (2.10ns) (root node of the DSP)   --->   "%add_ln23_4 = add i16 %mul_ln23_6, i16 %mul_ln23_5" [../source/tut3B_Function_Reshape/matrix_mult.cpp:23]   --->   Operation 557 'add' 'add_ln23_4' <Predicate = true> <Delay = 2.10> <CoreInst = "DSP48">   --->   Core 116 'DSP48' <Latency = 3> <II = 1> <Delay = 2.15> <IPBlock> <Opcode : 'add' 'sub' 'mul' 'select'> <InPorts = 0> <OutPorts = 1> <Sync> <CReg>
ST_14 : Operation 558 [1/2] (2.10ns) (root node of the DSP)   --->   "%add_ln23_8 = add i16 %mul_ln23_11, i16 %mul_ln23_10" [../source/tut3B_Function_Reshape/matrix_mult.cpp:23]   --->   Operation 558 'add' 'add_ln23_8' <Predicate = true> <Delay = 2.10> <CoreInst = "DSP48">   --->   Core 116 'DSP48' <Latency = 3> <II = 1> <Delay = 2.15> <IPBlock> <Opcode : 'add' 'sub' 'mul' 'select'> <InPorts = 0> <OutPorts = 1> <Sync> <CReg>
ST_14 : Operation 559 [1/3] (0.00ns) (grouped into DSP with root node add_ln23_12)   --->   "%mul_ln23_15 = mul i16 %sext_ln23_20, i16 %sext_ln23" [../source/tut3B_Function_Reshape/matrix_mult.cpp:23]   --->   Operation 559 'mul' 'mul_ln23_15' <Predicate = true> <Delay = 0.00> <CoreInst = "DSP48">   --->   Core 116 'DSP48' <Latency = 3> <II = 1> <Delay = 2.15> <IPBlock> <Opcode : 'add' 'sub' 'mul' 'select'> <InPorts = 0> <OutPorts = 1> <Sync> <CReg>
ST_14 : Operation 560 [2/2] (2.10ns) (root node of the DSP)   --->   "%add_ln23_12 = add i16 %mul_ln23_16, i16 %mul_ln23_15" [../source/tut3B_Function_Reshape/matrix_mult.cpp:23]   --->   Operation 560 'add' 'add_ln23_12' <Predicate = true> <Delay = 2.10> <CoreInst = "DSP48">   --->   Core 116 'DSP48' <Latency = 3> <II = 1> <Delay = 2.15> <IPBlock> <Opcode : 'add' 'sub' 'mul' 'select'> <InPorts = 0> <OutPorts = 1> <Sync> <CReg>
ST_14 : Operation 561 [1/3] (0.00ns) (grouped into DSP with root node add_ln23_16)   --->   "%mul_ln23_20 = mul i16 %sext_ln23_25, i16 %sext_ln23" [../source/tut3B_Function_Reshape/matrix_mult.cpp:23]   --->   Operation 561 'mul' 'mul_ln23_20' <Predicate = true> <Delay = 0.00> <CoreInst = "DSP48">   --->   Core 116 'DSP48' <Latency = 3> <II = 1> <Delay = 2.15> <IPBlock> <Opcode : 'add' 'sub' 'mul' 'select'> <InPorts = 0> <OutPorts = 1> <Sync> <CReg>
ST_14 : Operation 562 [2/2] (2.10ns) (root node of the DSP)   --->   "%add_ln23_16 = add i16 %mul_ln23_21, i16 %mul_ln23_20" [../source/tut3B_Function_Reshape/matrix_mult.cpp:23]   --->   Operation 562 'add' 'add_ln23_16' <Predicate = true> <Delay = 2.10> <CoreInst = "DSP48">   --->   Core 116 'DSP48' <Latency = 3> <II = 1> <Delay = 2.15> <IPBlock> <Opcode : 'add' 'sub' 'mul' 'select'> <InPorts = 0> <OutPorts = 1> <Sync> <CReg>
ST_14 : Operation 563 [1/3] (0.00ns) (grouped into DSP with root node add_ln23_20)   --->   "%mul_ln23_25 = mul i16 %sext_ln23_30, i16 %sext_ln23_1" [../source/tut3B_Function_Reshape/matrix_mult.cpp:23]   --->   Operation 563 'mul' 'mul_ln23_25' <Predicate = true> <Delay = 0.00> <CoreInst = "DSP48">   --->   Core 116 'DSP48' <Latency = 3> <II = 1> <Delay = 2.15> <IPBlock> <Opcode : 'add' 'sub' 'mul' 'select'> <InPorts = 0> <OutPorts = 1> <Sync> <CReg>
ST_14 : Operation 564 [2/2] (2.10ns) (root node of the DSP)   --->   "%add_ln23_20 = add i16 %mul_ln23_26, i16 %mul_ln23_25" [../source/tut3B_Function_Reshape/matrix_mult.cpp:23]   --->   Operation 564 'add' 'add_ln23_20' <Predicate = true> <Delay = 2.10> <CoreInst = "DSP48">   --->   Core 116 'DSP48' <Latency = 3> <II = 1> <Delay = 2.15> <IPBlock> <Opcode : 'add' 'sub' 'mul' 'select'> <InPorts = 0> <OutPorts = 1> <Sync> <CReg>
ST_14 : Operation 565 [1/3] (0.00ns) (grouped into DSP with root node add_ln23_24)   --->   "%mul_ln23_30 = mul i16 %sext_ln23_30, i16 %sext_ln23_10" [../source/tut3B_Function_Reshape/matrix_mult.cpp:23]   --->   Operation 565 'mul' 'mul_ln23_30' <Predicate = true> <Delay = 0.00> <CoreInst = "DSP48">   --->   Core 116 'DSP48' <Latency = 3> <II = 1> <Delay = 2.15> <IPBlock> <Opcode : 'add' 'sub' 'mul' 'select'> <InPorts = 0> <OutPorts = 1> <Sync> <CReg>
ST_14 : Operation 566 [2/2] (2.10ns) (root node of the DSP)   --->   "%add_ln23_24 = add i16 %mul_ln23_31, i16 %mul_ln23_30" [../source/tut3B_Function_Reshape/matrix_mult.cpp:23]   --->   Operation 566 'add' 'add_ln23_24' <Predicate = true> <Delay = 2.10> <CoreInst = "DSP48">   --->   Core 116 'DSP48' <Latency = 3> <II = 1> <Delay = 2.15> <IPBlock> <Opcode : 'add' 'sub' 'mul' 'select'> <InPorts = 0> <OutPorts = 1> <Sync> <CReg>
ST_14 : Operation 567 [2/3] (1.05ns) (grouped into DSP with root node add_ln23_28)   --->   "%mul_ln23_35 = mul i16 %sext_ln23_30, i16 %sext_ln23_15" [../source/tut3B_Function_Reshape/matrix_mult.cpp:23]   --->   Operation 567 'mul' 'mul_ln23_35' <Predicate = true> <Delay = 1.05> <CoreInst = "DSP48">   --->   Core 116 'DSP48' <Latency = 3> <II = 1> <Delay = 2.15> <IPBlock> <Opcode : 'add' 'sub' 'mul' 'select'> <InPorts = 0> <OutPorts = 1> <Sync> <CReg>
ST_14 : Operation 568 [1/5] (5.41ns)   --->   "%mul_ln23_36 = mul i16 %sext_ln23_31, i16 %sext_ln23_16" [../source/tut3B_Function_Reshape/matrix_mult.cpp:23]   --->   Operation 568 'mul' 'mul_ln23_36' <Predicate = true> <Delay = 5.41> <CoreInst = "Multiplier">   --->   Core 3 'Multiplier' <Latency = 4> <II = 1> <Delay = 5.41> <FuncUnit> <Opcode : 'mul'> <InPorts = 2> <OutPorts = 1>
ST_14 : Operation 569 [2/3] (1.05ns) (grouped into DSP with root node add_ln23_32)   --->   "%mul_ln23_40 = mul i16 %sext_ln23_30, i16 %sext_ln23_20" [../source/tut3B_Function_Reshape/matrix_mult.cpp:23]   --->   Operation 569 'mul' 'mul_ln23_40' <Predicate = true> <Delay = 1.05> <CoreInst = "DSP48">   --->   Core 116 'DSP48' <Latency = 3> <II = 1> <Delay = 2.15> <IPBlock> <Opcode : 'add' 'sub' 'mul' 'select'> <InPorts = 0> <OutPorts = 1> <Sync> <CReg>
ST_14 : Operation 570 [1/5] (5.41ns)   --->   "%mul_ln23_41 = mul i16 %sext_ln23_31, i16 %sext_ln23_21" [../source/tut3B_Function_Reshape/matrix_mult.cpp:23]   --->   Operation 570 'mul' 'mul_ln23_41' <Predicate = true> <Delay = 5.41> <CoreInst = "Multiplier">   --->   Core 3 'Multiplier' <Latency = 4> <II = 1> <Delay = 5.41> <FuncUnit> <Opcode : 'mul'> <InPorts = 2> <OutPorts = 1>
ST_14 : Operation 571 [1/2] (2.10ns) (root node of the DSP)   --->   "%add_ln23_34 = add i16 %add_ln23_33, i16 %mul_ln23_44" [../source/tut3B_Function_Reshape/matrix_mult.cpp:23]   --->   Operation 571 'add' 'add_ln23_34' <Predicate = true> <Delay = 2.10> <CoreInst = "DSP48">   --->   Core 116 'DSP48' <Latency = 3> <II = 1> <Delay = 2.15> <IPBlock> <Opcode : 'add' 'sub' 'mul' 'select'> <InPorts = 0> <OutPorts = 1> <Sync> <CReg>
ST_14 : Operation 572 [2/3] (1.05ns) (grouped into DSP with root node add_ln23_36)   --->   "%mul_ln23_45 = mul i16 %sext_ln23_30, i16 %sext_ln23_25" [../source/tut3B_Function_Reshape/matrix_mult.cpp:23]   --->   Operation 572 'mul' 'mul_ln23_45' <Predicate = true> <Delay = 1.05> <CoreInst = "DSP48">   --->   Core 116 'DSP48' <Latency = 3> <II = 1> <Delay = 2.15> <IPBlock> <Opcode : 'add' 'sub' 'mul' 'select'> <InPorts = 0> <OutPorts = 1> <Sync> <CReg>
ST_14 : Operation 573 [1/5] (5.41ns)   --->   "%mul_ln23_46 = mul i16 %sext_ln23_31, i16 %sext_ln23_26" [../source/tut3B_Function_Reshape/matrix_mult.cpp:23]   --->   Operation 573 'mul' 'mul_ln23_46' <Predicate = true> <Delay = 5.41> <CoreInst = "Multiplier">   --->   Core 3 'Multiplier' <Latency = 4> <II = 1> <Delay = 5.41> <FuncUnit> <Opcode : 'mul'> <InPorts = 2> <OutPorts = 1>
ST_14 : Operation 574 [1/2] (2.10ns) (root node of the DSP)   --->   "%add_ln23_38 = add i16 %add_ln23_37, i16 %mul_ln23_49" [../source/tut3B_Function_Reshape/matrix_mult.cpp:23]   --->   Operation 574 'add' 'add_ln23_38' <Predicate = true> <Delay = 2.10> <CoreInst = "DSP48">   --->   Core 116 'DSP48' <Latency = 3> <II = 1> <Delay = 2.15> <IPBlock> <Opcode : 'add' 'sub' 'mul' 'select'> <InPorts = 0> <OutPorts = 1> <Sync> <CReg>
ST_14 : Operation 575 [2/3] (1.05ns) (grouped into DSP with root node add_ln23_40)   --->   "%mul_ln23_50 = mul i16 %sext_ln23_35, i16 %sext_ln23_1" [../source/tut3B_Function_Reshape/matrix_mult.cpp:23]   --->   Operation 575 'mul' 'mul_ln23_50' <Predicate = true> <Delay = 1.05> <CoreInst = "DSP48">   --->   Core 116 'DSP48' <Latency = 3> <II = 1> <Delay = 2.15> <IPBlock> <Opcode : 'add' 'sub' 'mul' 'select'> <InPorts = 0> <OutPorts = 1> <Sync> <CReg>
ST_14 : Operation 576 [1/5] (5.41ns)   --->   "%mul_ln23_51 = mul i16 %sext_ln23_36, i16 %sext_ln23_3" [../source/tut3B_Function_Reshape/matrix_mult.cpp:23]   --->   Operation 576 'mul' 'mul_ln23_51' <Predicate = true> <Delay = 5.41> <CoreInst = "Multiplier">   --->   Core 3 'Multiplier' <Latency = 4> <II = 1> <Delay = 5.41> <FuncUnit> <Opcode : 'mul'> <InPorts = 2> <OutPorts = 1>
ST_14 : Operation 577 [1/3] (0.00ns) (grouped into DSP with root node add_ln23_42)   --->   "%mul_ln23_54 = mul i16 %sext_ln23_37, i16 %sext_ln23_5" [../source/tut3B_Function_Reshape/matrix_mult.cpp:23]   --->   Operation 577 'mul' 'mul_ln23_54' <Predicate = true> <Delay = 0.00> <CoreInst = "DSP48">   --->   Core 116 'DSP48' <Latency = 3> <II = 1> <Delay = 2.15> <IPBlock> <Opcode : 'add' 'sub' 'mul' 'select'> <InPorts = 0> <OutPorts = 1> <Sync> <CReg>
ST_14 : Operation 578 [2/2] (2.10ns) (root node of the DSP)   --->   "%add_ln23_42 = add i16 %add_ln23_41, i16 %mul_ln23_54" [../source/tut3B_Function_Reshape/matrix_mult.cpp:23]   --->   Operation 578 'add' 'add_ln23_42' <Predicate = true> <Delay = 2.10> <CoreInst = "DSP48">   --->   Core 116 'DSP48' <Latency = 3> <II = 1> <Delay = 2.15> <IPBlock> <Opcode : 'add' 'sub' 'mul' 'select'> <InPorts = 0> <OutPorts = 1> <Sync> <CReg>
ST_14 : Operation 579 [3/3] (1.05ns) (grouped into DSP with root node add_ln23_44)   --->   "%mul_ln23_55 = mul i16 %sext_ln23_35, i16 %sext_ln23_10" [../source/tut3B_Function_Reshape/matrix_mult.cpp:23]   --->   Operation 579 'mul' 'mul_ln23_55' <Predicate = true> <Delay = 1.05> <CoreInst = "DSP48">   --->   Core 116 'DSP48' <Latency = 3> <II = 1> <Delay = 2.15> <IPBlock> <Opcode : 'add' 'sub' 'mul' 'select'> <InPorts = 0> <OutPorts = 1> <Sync> <CReg>
ST_14 : Operation 580 [2/5] (5.41ns)   --->   "%mul_ln23_56 = mul i16 %sext_ln23_36, i16 %sext_ln23_11" [../source/tut3B_Function_Reshape/matrix_mult.cpp:23]   --->   Operation 580 'mul' 'mul_ln23_56' <Predicate = true> <Delay = 5.41> <CoreInst = "Multiplier">   --->   Core 3 'Multiplier' <Latency = 4> <II = 1> <Delay = 5.41> <FuncUnit> <Opcode : 'mul'> <InPorts = 2> <OutPorts = 1>
ST_14 : Operation 581 [1/3] (0.00ns) (grouped into DSP with root node add_ln23_46)   --->   "%mul_ln23_59 = mul i16 %sext_ln23_37, i16 %sext_ln23_12" [../source/tut3B_Function_Reshape/matrix_mult.cpp:23]   --->   Operation 581 'mul' 'mul_ln23_59' <Predicate = true> <Delay = 0.00> <CoreInst = "DSP48">   --->   Core 116 'DSP48' <Latency = 3> <II = 1> <Delay = 2.15> <IPBlock> <Opcode : 'add' 'sub' 'mul' 'select'> <InPorts = 0> <OutPorts = 1> <Sync> <CReg>
ST_14 : Operation 582 [2/2] (2.10ns) (root node of the DSP)   --->   "%add_ln23_46 = add i16 %add_ln23_45, i16 %mul_ln23_59" [../source/tut3B_Function_Reshape/matrix_mult.cpp:23]   --->   Operation 582 'add' 'add_ln23_46' <Predicate = true> <Delay = 2.10> <CoreInst = "DSP48">   --->   Core 116 'DSP48' <Latency = 3> <II = 1> <Delay = 2.15> <IPBlock> <Opcode : 'add' 'sub' 'mul' 'select'> <InPorts = 0> <OutPorts = 1> <Sync> <CReg>
ST_14 : Operation 583 [3/3] (1.05ns) (grouped into DSP with root node add_ln23_48)   --->   "%mul_ln23_60 = mul i16 %sext_ln23_35, i16 %sext_ln23_15" [../source/tut3B_Function_Reshape/matrix_mult.cpp:23]   --->   Operation 583 'mul' 'mul_ln23_60' <Predicate = true> <Delay = 1.05> <CoreInst = "DSP48">   --->   Core 116 'DSP48' <Latency = 3> <II = 1> <Delay = 2.15> <IPBlock> <Opcode : 'add' 'sub' 'mul' 'select'> <InPorts = 0> <OutPorts = 1> <Sync> <CReg>
ST_14 : Operation 584 [2/5] (5.41ns)   --->   "%mul_ln23_61 = mul i16 %sext_ln23_36, i16 %sext_ln23_16" [../source/tut3B_Function_Reshape/matrix_mult.cpp:23]   --->   Operation 584 'mul' 'mul_ln23_61' <Predicate = true> <Delay = 5.41> <CoreInst = "Multiplier">   --->   Core 3 'Multiplier' <Latency = 4> <II = 1> <Delay = 5.41> <FuncUnit> <Opcode : 'mul'> <InPorts = 2> <OutPorts = 1>
ST_14 : Operation 585 [2/3] (1.05ns) (grouped into DSP with root node add_ln23_50)   --->   "%mul_ln23_64 = mul i16 %sext_ln23_37, i16 %sext_ln23_17" [../source/tut3B_Function_Reshape/matrix_mult.cpp:23]   --->   Operation 585 'mul' 'mul_ln23_64' <Predicate = true> <Delay = 1.05> <CoreInst = "DSP48">   --->   Core 116 'DSP48' <Latency = 3> <II = 1> <Delay = 2.15> <IPBlock> <Opcode : 'add' 'sub' 'mul' 'select'> <InPorts = 0> <OutPorts = 1> <Sync> <CReg>
ST_14 : Operation 586 [3/3] (1.05ns) (grouped into DSP with root node add_ln23_52)   --->   "%mul_ln23_65 = mul i16 %sext_ln23_35, i16 %sext_ln23_20" [../source/tut3B_Function_Reshape/matrix_mult.cpp:23]   --->   Operation 586 'mul' 'mul_ln23_65' <Predicate = true> <Delay = 1.05> <CoreInst = "DSP48">   --->   Core 116 'DSP48' <Latency = 3> <II = 1> <Delay = 2.15> <IPBlock> <Opcode : 'add' 'sub' 'mul' 'select'> <InPorts = 0> <OutPorts = 1> <Sync> <CReg>
ST_14 : Operation 587 [2/5] (5.41ns)   --->   "%mul_ln23_66 = mul i16 %sext_ln23_36, i16 %sext_ln23_21" [../source/tut3B_Function_Reshape/matrix_mult.cpp:23]   --->   Operation 587 'mul' 'mul_ln23_66' <Predicate = true> <Delay = 5.41> <CoreInst = "Multiplier">   --->   Core 3 'Multiplier' <Latency = 4> <II = 1> <Delay = 5.41> <FuncUnit> <Opcode : 'mul'> <InPorts = 2> <OutPorts = 1>
ST_14 : Operation 588 [2/3] (1.05ns) (grouped into DSP with root node add_ln23_54)   --->   "%mul_ln23_69 = mul i16 %sext_ln23_37, i16 %sext_ln23_22" [../source/tut3B_Function_Reshape/matrix_mult.cpp:23]   --->   Operation 588 'mul' 'mul_ln23_69' <Predicate = true> <Delay = 1.05> <CoreInst = "DSP48">   --->   Core 116 'DSP48' <Latency = 3> <II = 1> <Delay = 2.15> <IPBlock> <Opcode : 'add' 'sub' 'mul' 'select'> <InPorts = 0> <OutPorts = 1> <Sync> <CReg>
ST_14 : Operation 589 [3/3] (1.05ns) (grouped into DSP with root node add_ln23_56)   --->   "%mul_ln23_70 = mul i16 %sext_ln23_35, i16 %sext_ln23_25" [../source/tut3B_Function_Reshape/matrix_mult.cpp:23]   --->   Operation 589 'mul' 'mul_ln23_70' <Predicate = true> <Delay = 1.05> <CoreInst = "DSP48">   --->   Core 116 'DSP48' <Latency = 3> <II = 1> <Delay = 2.15> <IPBlock> <Opcode : 'add' 'sub' 'mul' 'select'> <InPorts = 0> <OutPorts = 1> <Sync> <CReg>
ST_14 : Operation 590 [2/5] (5.41ns)   --->   "%mul_ln23_71 = mul i16 %sext_ln23_36, i16 %sext_ln23_26" [../source/tut3B_Function_Reshape/matrix_mult.cpp:23]   --->   Operation 590 'mul' 'mul_ln23_71' <Predicate = true> <Delay = 5.41> <CoreInst = "Multiplier">   --->   Core 3 'Multiplier' <Latency = 4> <II = 1> <Delay = 5.41> <FuncUnit> <Opcode : 'mul'> <InPorts = 2> <OutPorts = 1>
ST_14 : Operation 591 [3/3] (1.05ns) (grouped into DSP with root node add_ln23_58)   --->   "%mul_ln23_74 = mul i16 %sext_ln23_37, i16 %sext_ln23_27" [../source/tut3B_Function_Reshape/matrix_mult.cpp:23]   --->   Operation 591 'mul' 'mul_ln23_74' <Predicate = true> <Delay = 1.05> <CoreInst = "DSP48">   --->   Core 116 'DSP48' <Latency = 3> <II = 1> <Delay = 2.15> <IPBlock> <Opcode : 'add' 'sub' 'mul' 'select'> <InPorts = 0> <OutPorts = 1> <Sync> <CReg>
ST_14 : Operation 592 [1/1] (0.00ns)   --->   "%sext_ln23_42 = sext i8 %tmp_32" [../source/tut3B_Function_Reshape/matrix_mult.cpp:23]   --->   Operation 592 'sext' 'sext_ln23_42' <Predicate = true> <Delay = 0.00>
ST_14 : Operation 593 [3/5] (5.41ns)   --->   "%mul_ln23_76 = mul i16 %sext_ln23_41, i16 %sext_ln23_3" [../source/tut3B_Function_Reshape/matrix_mult.cpp:23]   --->   Operation 593 'mul' 'mul_ln23_76' <Predicate = true> <Delay = 5.41> <CoreInst = "Multiplier">   --->   Core 3 'Multiplier' <Latency = 4> <II = 1> <Delay = 5.41> <FuncUnit> <Opcode : 'mul'> <InPorts = 2> <OutPorts = 1>
ST_14 : Operation 594 [3/3] (1.05ns) (grouped into DSP with root node add_ln23_62)   --->   "%mul_ln23_79 = mul i16 %sext_ln23_42, i16 %sext_ln23_5" [../source/tut3B_Function_Reshape/matrix_mult.cpp:23]   --->   Operation 594 'mul' 'mul_ln23_79' <Predicate = true> <Delay = 1.05> <CoreInst = "DSP48">   --->   Core 116 'DSP48' <Latency = 3> <II = 1> <Delay = 2.15> <IPBlock> <Opcode : 'add' 'sub' 'mul' 'select'> <InPorts = 0> <OutPorts = 1> <Sync> <CReg>
ST_14 : Operation 595 [3/5] (5.41ns)   --->   "%mul_ln23_81 = mul i16 %sext_ln23_41, i16 %sext_ln23_11" [../source/tut3B_Function_Reshape/matrix_mult.cpp:23]   --->   Operation 595 'mul' 'mul_ln23_81' <Predicate = true> <Delay = 5.41> <CoreInst = "Multiplier">   --->   Core 3 'Multiplier' <Latency = 4> <II = 1> <Delay = 5.41> <FuncUnit> <Opcode : 'mul'> <InPorts = 2> <OutPorts = 1>
ST_14 : Operation 596 [3/5] (5.41ns)   --->   "%mul_ln23_86 = mul i16 %sext_ln23_41, i16 %sext_ln23_16" [../source/tut3B_Function_Reshape/matrix_mult.cpp:23]   --->   Operation 596 'mul' 'mul_ln23_86' <Predicate = true> <Delay = 5.41> <CoreInst = "Multiplier">   --->   Core 3 'Multiplier' <Latency = 4> <II = 1> <Delay = 5.41> <FuncUnit> <Opcode : 'mul'> <InPorts = 2> <OutPorts = 1>
ST_14 : Operation 597 [3/5] (5.41ns)   --->   "%mul_ln23_91 = mul i16 %sext_ln23_41, i16 %sext_ln23_21" [../source/tut3B_Function_Reshape/matrix_mult.cpp:23]   --->   Operation 597 'mul' 'mul_ln23_91' <Predicate = true> <Delay = 5.41> <CoreInst = "Multiplier">   --->   Core 3 'Multiplier' <Latency = 4> <II = 1> <Delay = 5.41> <FuncUnit> <Opcode : 'mul'> <InPorts = 2> <OutPorts = 1>
ST_14 : Operation 598 [4/5] (5.41ns)   --->   "%mul_ln23_96 = mul i16 %sext_ln23_41, i16 %sext_ln23_26" [../source/tut3B_Function_Reshape/matrix_mult.cpp:23]   --->   Operation 598 'mul' 'mul_ln23_96' <Predicate = true> <Delay = 5.41> <CoreInst = "Multiplier">   --->   Core 3 'Multiplier' <Latency = 4> <II = 1> <Delay = 5.41> <FuncUnit> <Opcode : 'mul'> <InPorts = 2> <OutPorts = 1>
ST_14 : Operation 599 [4/5] (5.41ns)   --->   "%mul_ln23_101 = mul i16 %sext_ln23_46, i16 %sext_ln23_3" [../source/tut3B_Function_Reshape/matrix_mult.cpp:23]   --->   Operation 599 'mul' 'mul_ln23_101' <Predicate = true> <Delay = 5.41> <CoreInst = "Multiplier">   --->   Core 3 'Multiplier' <Latency = 4> <II = 1> <Delay = 5.41> <FuncUnit> <Opcode : 'mul'> <InPorts = 2> <OutPorts = 1>
ST_14 : Operation 600 [4/5] (5.41ns)   --->   "%mul_ln23_106 = mul i16 %sext_ln23_46, i16 %sext_ln23_11" [../source/tut3B_Function_Reshape/matrix_mult.cpp:23]   --->   Operation 600 'mul' 'mul_ln23_106' <Predicate = true> <Delay = 5.41> <CoreInst = "Multiplier">   --->   Core 3 'Multiplier' <Latency = 4> <II = 1> <Delay = 5.41> <FuncUnit> <Opcode : 'mul'> <InPorts = 2> <OutPorts = 1>
ST_14 : Operation 601 [4/5] (5.41ns)   --->   "%mul_ln23_111 = mul i16 %sext_ln23_46, i16 %sext_ln23_16" [../source/tut3B_Function_Reshape/matrix_mult.cpp:23]   --->   Operation 601 'mul' 'mul_ln23_111' <Predicate = true> <Delay = 5.41> <CoreInst = "Multiplier">   --->   Core 3 'Multiplier' <Latency = 4> <II = 1> <Delay = 5.41> <FuncUnit> <Opcode : 'mul'> <InPorts = 2> <OutPorts = 1>
ST_14 : Operation 602 [5/5] (5.41ns)   --->   "%mul_ln23_116 = mul i16 %sext_ln23_46, i16 %sext_ln23_21" [../source/tut3B_Function_Reshape/matrix_mult.cpp:23]   --->   Operation 602 'mul' 'mul_ln23_116' <Predicate = true> <Delay = 5.41> <CoreInst = "Multiplier">   --->   Core 3 'Multiplier' <Latency = 4> <II = 1> <Delay = 5.41> <FuncUnit> <Opcode : 'mul'> <InPorts = 2> <OutPorts = 1>
ST_14 : Operation 603 [5/5] (5.41ns)   --->   "%mul_ln23_121 = mul i16 %sext_ln23_46, i16 %sext_ln23_26" [../source/tut3B_Function_Reshape/matrix_mult.cpp:23]   --->   Operation 603 'mul' 'mul_ln23_121' <Predicate = true> <Delay = 5.41> <CoreInst = "Multiplier">   --->   Core 3 'Multiplier' <Latency = 4> <II = 1> <Delay = 5.41> <FuncUnit> <Opcode : 'mul'> <InPorts = 2> <OutPorts = 1>
ST_14 : Operation 604 [1/2] (2.10ns) (root node of the DSP)   --->   "%add_ln23_97 = add i16 %mul_ln23_123, i16 %mul_ln23_122" [../source/tut3B_Function_Reshape/matrix_mult.cpp:23]   --->   Operation 604 'add' 'add_ln23_97' <Predicate = true> <Delay = 2.10> <CoreInst = "DSP48">   --->   Core 116 'DSP48' <Latency = 3> <II = 1> <Delay = 2.15> <IPBlock> <Opcode : 'add' 'sub' 'mul' 'select'> <InPorts = 0> <OutPorts = 1> <Sync> <CReg>

State 15 <SV = 14> <Delay = 5.41>
ST_15 : Operation 605 [1/1] (0.00ns)   --->   "%prod_addr = getelementptr i16 %prod, i64 0, i64 0" [../source/tut3B_Function_Reshape/matrix_mult.cpp:23]   --->   Operation 605 'getelementptr' 'prod_addr' <Predicate = true> <Delay = 0.00>
ST_15 : Operation 606 [1/1] (0.00ns)   --->   "%prod_addr_1 = getelementptr i16 %prod, i64 0, i64 1" [../source/tut3B_Function_Reshape/matrix_mult.cpp:23]   --->   Operation 606 'getelementptr' 'prod_addr_1' <Predicate = true> <Delay = 0.00>
ST_15 : Operation 607 [1/1] (2.07ns)   --->   "%add_ln23_3 = add i16 %add_ln23_2, i16 %add_ln23" [../source/tut3B_Function_Reshape/matrix_mult.cpp:23]   --->   Operation 607 'add' 'add_ln23_3' <Predicate = true> <Delay = 2.07> <CoreInst = "Adder">   --->   Core 1 'Adder' <Latency = 0> <II = 1> <Delay = 2.07> <FuncUnit> <Opcode : 'add' 'sub'> <InPorts = 2> <OutPorts = 1>
ST_15 : Operation 608 [1/1] ( I:0.00ns O:0.00ns )   --->   "%store_ln23 = store i16 %add_ln23_3, i5 %prod_addr" [../source/tut3B_Function_Reshape/matrix_mult.cpp:23]   --->   Operation 608 'store' 'store_ln23' <Predicate = true> <Delay = 0.00> <CoreInst = "RAM">   --->   Core 81 'RAM' <Latency = 0> <II = 1> <Delay = 1.86> <Storage> <Opcode : 'load' 'store'> <Ports = 2> <Width = 16> <Depth = 25> <RAM>
ST_15 : Operation 609 [1/1] (2.07ns)   --->   "%add_ln23_7 = add i16 %add_ln23_6, i16 %add_ln23_4" [../source/tut3B_Function_Reshape/matrix_mult.cpp:23]   --->   Operation 609 'add' 'add_ln23_7' <Predicate = true> <Delay = 2.07> <CoreInst = "Adder">   --->   Core 1 'Adder' <Latency = 0> <II = 1> <Delay = 2.07> <FuncUnit> <Opcode : 'add' 'sub'> <InPorts = 2> <OutPorts = 1>
ST_15 : Operation 610 [1/1] ( I:0.00ns O:0.00ns )   --->   "%store_ln23 = store i16 %add_ln23_7, i5 %prod_addr_1" [../source/tut3B_Function_Reshape/matrix_mult.cpp:23]   --->   Operation 610 'store' 'store_ln23' <Predicate = true> <Delay = 0.00> <CoreInst = "RAM">   --->   Core 81 'RAM' <Latency = 0> <II = 1> <Delay = 1.86> <Storage> <Opcode : 'load' 'store'> <Ports = 2> <Width = 16> <Depth = 25> <RAM>
ST_15 : Operation 611 [1/1] (2.07ns)   --->   "%add_ln23_11 = add i16 %add_ln23_10, i16 %add_ln23_8" [../source/tut3B_Function_Reshape/matrix_mult.cpp:23]   --->   Operation 611 'add' 'add_ln23_11' <Predicate = true> <Delay = 2.07> <CoreInst = "Adder">   --->   Core 1 'Adder' <Latency = 0> <II = 1> <Delay = 2.07> <FuncUnit> <Opcode : 'add' 'sub'> <InPorts = 2> <OutPorts = 1>
ST_15 : Operation 612 [1/2] (2.10ns) (root node of the DSP)   --->   "%add_ln23_12 = add i16 %mul_ln23_16, i16 %mul_ln23_15" [../source/tut3B_Function_Reshape/matrix_mult.cpp:23]   --->   Operation 612 'add' 'add_ln23_12' <Predicate = true> <Delay = 2.10> <CoreInst = "DSP48">   --->   Core 116 'DSP48' <Latency = 3> <II = 1> <Delay = 2.15> <IPBlock> <Opcode : 'add' 'sub' 'mul' 'select'> <InPorts = 0> <OutPorts = 1> <Sync> <CReg>
ST_15 : Operation 613 [1/2] (2.10ns) (root node of the DSP)   --->   "%add_ln23_16 = add i16 %mul_ln23_21, i16 %mul_ln23_20" [../source/tut3B_Function_Reshape/matrix_mult.cpp:23]   --->   Operation 613 'add' 'add_ln23_16' <Predicate = true> <Delay = 2.10> <CoreInst = "DSP48">   --->   Core 116 'DSP48' <Latency = 3> <II = 1> <Delay = 2.15> <IPBlock> <Opcode : 'add' 'sub' 'mul' 'select'> <InPorts = 0> <OutPorts = 1> <Sync> <CReg>
ST_15 : Operation 614 [1/2] (2.10ns) (root node of the DSP)   --->   "%add_ln23_20 = add i16 %mul_ln23_26, i16 %mul_ln23_25" [../source/tut3B_Function_Reshape/matrix_mult.cpp:23]   --->   Operation 614 'add' 'add_ln23_20' <Predicate = true> <Delay = 2.10> <CoreInst = "DSP48">   --->   Core 116 'DSP48' <Latency = 3> <II = 1> <Delay = 2.15> <IPBlock> <Opcode : 'add' 'sub' 'mul' 'select'> <InPorts = 0> <OutPorts = 1> <Sync> <CReg>
ST_15 : Operation 615 [1/2] (2.10ns) (root node of the DSP)   --->   "%add_ln23_24 = add i16 %mul_ln23_31, i16 %mul_ln23_30" [../source/tut3B_Function_Reshape/matrix_mult.cpp:23]   --->   Operation 615 'add' 'add_ln23_24' <Predicate = true> <Delay = 2.10> <CoreInst = "DSP48">   --->   Core 116 'DSP48' <Latency = 3> <II = 1> <Delay = 2.15> <IPBlock> <Opcode : 'add' 'sub' 'mul' 'select'> <InPorts = 0> <OutPorts = 1> <Sync> <CReg>
ST_15 : Operation 616 [1/3] (0.00ns) (grouped into DSP with root node add_ln23_28)   --->   "%mul_ln23_35 = mul i16 %sext_ln23_30, i16 %sext_ln23_15" [../source/tut3B_Function_Reshape/matrix_mult.cpp:23]   --->   Operation 616 'mul' 'mul_ln23_35' <Predicate = true> <Delay = 0.00> <CoreInst = "DSP48">   --->   Core 116 'DSP48' <Latency = 3> <II = 1> <Delay = 2.15> <IPBlock> <Opcode : 'add' 'sub' 'mul' 'select'> <InPorts = 0> <OutPorts = 1> <Sync> <CReg>
ST_15 : Operation 617 [2/2] (2.10ns) (root node of the DSP)   --->   "%add_ln23_28 = add i16 %mul_ln23_36, i16 %mul_ln23_35" [../source/tut3B_Function_Reshape/matrix_mult.cpp:23]   --->   Operation 617 'add' 'add_ln23_28' <Predicate = true> <Delay = 2.10> <CoreInst = "DSP48">   --->   Core 116 'DSP48' <Latency = 3> <II = 1> <Delay = 2.15> <IPBlock> <Opcode : 'add' 'sub' 'mul' 'select'> <InPorts = 0> <OutPorts = 1> <Sync> <CReg>
ST_15 : Operation 618 [1/3] (0.00ns) (grouped into DSP with root node add_ln23_32)   --->   "%mul_ln23_40 = mul i16 %sext_ln23_30, i16 %sext_ln23_20" [../source/tut3B_Function_Reshape/matrix_mult.cpp:23]   --->   Operation 618 'mul' 'mul_ln23_40' <Predicate = true> <Delay = 0.00> <CoreInst = "DSP48">   --->   Core 116 'DSP48' <Latency = 3> <II = 1> <Delay = 2.15> <IPBlock> <Opcode : 'add' 'sub' 'mul' 'select'> <InPorts = 0> <OutPorts = 1> <Sync> <CReg>
ST_15 : Operation 619 [2/2] (2.10ns) (root node of the DSP)   --->   "%add_ln23_32 = add i16 %mul_ln23_41, i16 %mul_ln23_40" [../source/tut3B_Function_Reshape/matrix_mult.cpp:23]   --->   Operation 619 'add' 'add_ln23_32' <Predicate = true> <Delay = 2.10> <CoreInst = "DSP48">   --->   Core 116 'DSP48' <Latency = 3> <II = 1> <Delay = 2.15> <IPBlock> <Opcode : 'add' 'sub' 'mul' 'select'> <InPorts = 0> <OutPorts = 1> <Sync> <CReg>
ST_15 : Operation 620 [1/3] (0.00ns) (grouped into DSP with root node add_ln23_36)   --->   "%mul_ln23_45 = mul i16 %sext_ln23_30, i16 %sext_ln23_25" [../source/tut3B_Function_Reshape/matrix_mult.cpp:23]   --->   Operation 620 'mul' 'mul_ln23_45' <Predicate = true> <Delay = 0.00> <CoreInst = "DSP48">   --->   Core 116 'DSP48' <Latency = 3> <II = 1> <Delay = 2.15> <IPBlock> <Opcode : 'add' 'sub' 'mul' 'select'> <InPorts = 0> <OutPorts = 1> <Sync> <CReg>
ST_15 : Operation 621 [2/2] (2.10ns) (root node of the DSP)   --->   "%add_ln23_36 = add i16 %mul_ln23_46, i16 %mul_ln23_45" [../source/tut3B_Function_Reshape/matrix_mult.cpp:23]   --->   Operation 621 'add' 'add_ln23_36' <Predicate = true> <Delay = 2.10> <CoreInst = "DSP48">   --->   Core 116 'DSP48' <Latency = 3> <II = 1> <Delay = 2.15> <IPBlock> <Opcode : 'add' 'sub' 'mul' 'select'> <InPorts = 0> <OutPorts = 1> <Sync> <CReg>
ST_15 : Operation 622 [1/3] (0.00ns) (grouped into DSP with root node add_ln23_40)   --->   "%mul_ln23_50 = mul i16 %sext_ln23_35, i16 %sext_ln23_1" [../source/tut3B_Function_Reshape/matrix_mult.cpp:23]   --->   Operation 622 'mul' 'mul_ln23_50' <Predicate = true> <Delay = 0.00> <CoreInst = "DSP48">   --->   Core 116 'DSP48' <Latency = 3> <II = 1> <Delay = 2.15> <IPBlock> <Opcode : 'add' 'sub' 'mul' 'select'> <InPorts = 0> <OutPorts = 1> <Sync> <CReg>
ST_15 : Operation 623 [2/2] (2.10ns) (root node of the DSP)   --->   "%add_ln23_40 = add i16 %mul_ln23_51, i16 %mul_ln23_50" [../source/tut3B_Function_Reshape/matrix_mult.cpp:23]   --->   Operation 623 'add' 'add_ln23_40' <Predicate = true> <Delay = 2.10> <CoreInst = "DSP48">   --->   Core 116 'DSP48' <Latency = 3> <II = 1> <Delay = 2.15> <IPBlock> <Opcode : 'add' 'sub' 'mul' 'select'> <InPorts = 0> <OutPorts = 1> <Sync> <CReg>
ST_15 : Operation 624 [1/2] (2.10ns) (root node of the DSP)   --->   "%add_ln23_42 = add i16 %add_ln23_41, i16 %mul_ln23_54" [../source/tut3B_Function_Reshape/matrix_mult.cpp:23]   --->   Operation 624 'add' 'add_ln23_42' <Predicate = true> <Delay = 2.10> <CoreInst = "DSP48">   --->   Core 116 'DSP48' <Latency = 3> <II = 1> <Delay = 2.15> <IPBlock> <Opcode : 'add' 'sub' 'mul' 'select'> <InPorts = 0> <OutPorts = 1> <Sync> <CReg>
ST_15 : Operation 625 [2/3] (1.05ns) (grouped into DSP with root node add_ln23_44)   --->   "%mul_ln23_55 = mul i16 %sext_ln23_35, i16 %sext_ln23_10" [../source/tut3B_Function_Reshape/matrix_mult.cpp:23]   --->   Operation 625 'mul' 'mul_ln23_55' <Predicate = true> <Delay = 1.05> <CoreInst = "DSP48">   --->   Core 116 'DSP48' <Latency = 3> <II = 1> <Delay = 2.15> <IPBlock> <Opcode : 'add' 'sub' 'mul' 'select'> <InPorts = 0> <OutPorts = 1> <Sync> <CReg>
ST_15 : Operation 626 [1/5] (5.41ns)   --->   "%mul_ln23_56 = mul i16 %sext_ln23_36, i16 %sext_ln23_11" [../source/tut3B_Function_Reshape/matrix_mult.cpp:23]   --->   Operation 626 'mul' 'mul_ln23_56' <Predicate = true> <Delay = 5.41> <CoreInst = "Multiplier">   --->   Core 3 'Multiplier' <Latency = 4> <II = 1> <Delay = 5.41> <FuncUnit> <Opcode : 'mul'> <InPorts = 2> <OutPorts = 1>
ST_15 : Operation 627 [1/2] (2.10ns) (root node of the DSP)   --->   "%add_ln23_46 = add i16 %add_ln23_45, i16 %mul_ln23_59" [../source/tut3B_Function_Reshape/matrix_mult.cpp:23]   --->   Operation 627 'add' 'add_ln23_46' <Predicate = true> <Delay = 2.10> <CoreInst = "DSP48">   --->   Core 116 'DSP48' <Latency = 3> <II = 1> <Delay = 2.15> <IPBlock> <Opcode : 'add' 'sub' 'mul' 'select'> <InPorts = 0> <OutPorts = 1> <Sync> <CReg>
ST_15 : Operation 628 [2/3] (1.05ns) (grouped into DSP with root node add_ln23_48)   --->   "%mul_ln23_60 = mul i16 %sext_ln23_35, i16 %sext_ln23_15" [../source/tut3B_Function_Reshape/matrix_mult.cpp:23]   --->   Operation 628 'mul' 'mul_ln23_60' <Predicate = true> <Delay = 1.05> <CoreInst = "DSP48">   --->   Core 116 'DSP48' <Latency = 3> <II = 1> <Delay = 2.15> <IPBlock> <Opcode : 'add' 'sub' 'mul' 'select'> <InPorts = 0> <OutPorts = 1> <Sync> <CReg>
ST_15 : Operation 629 [1/5] (5.41ns)   --->   "%mul_ln23_61 = mul i16 %sext_ln23_36, i16 %sext_ln23_16" [../source/tut3B_Function_Reshape/matrix_mult.cpp:23]   --->   Operation 629 'mul' 'mul_ln23_61' <Predicate = true> <Delay = 5.41> <CoreInst = "Multiplier">   --->   Core 3 'Multiplier' <Latency = 4> <II = 1> <Delay = 5.41> <FuncUnit> <Opcode : 'mul'> <InPorts = 2> <OutPorts = 1>
ST_15 : Operation 630 [1/3] (0.00ns) (grouped into DSP with root node add_ln23_50)   --->   "%mul_ln23_64 = mul i16 %sext_ln23_37, i16 %sext_ln23_17" [../source/tut3B_Function_Reshape/matrix_mult.cpp:23]   --->   Operation 630 'mul' 'mul_ln23_64' <Predicate = true> <Delay = 0.00> <CoreInst = "DSP48">   --->   Core 116 'DSP48' <Latency = 3> <II = 1> <Delay = 2.15> <IPBlock> <Opcode : 'add' 'sub' 'mul' 'select'> <InPorts = 0> <OutPorts = 1> <Sync> <CReg>
ST_15 : Operation 631 [2/2] (2.10ns) (root node of the DSP)   --->   "%add_ln23_50 = add i16 %add_ln23_49, i16 %mul_ln23_64" [../source/tut3B_Function_Reshape/matrix_mult.cpp:23]   --->   Operation 631 'add' 'add_ln23_50' <Predicate = true> <Delay = 2.10> <CoreInst = "DSP48">   --->   Core 116 'DSP48' <Latency = 3> <II = 1> <Delay = 2.15> <IPBlock> <Opcode : 'add' 'sub' 'mul' 'select'> <InPorts = 0> <OutPorts = 1> <Sync> <CReg>
ST_15 : Operation 632 [2/3] (1.05ns) (grouped into DSP with root node add_ln23_52)   --->   "%mul_ln23_65 = mul i16 %sext_ln23_35, i16 %sext_ln23_20" [../source/tut3B_Function_Reshape/matrix_mult.cpp:23]   --->   Operation 632 'mul' 'mul_ln23_65' <Predicate = true> <Delay = 1.05> <CoreInst = "DSP48">   --->   Core 116 'DSP48' <Latency = 3> <II = 1> <Delay = 2.15> <IPBlock> <Opcode : 'add' 'sub' 'mul' 'select'> <InPorts = 0> <OutPorts = 1> <Sync> <CReg>
ST_15 : Operation 633 [1/5] (5.41ns)   --->   "%mul_ln23_66 = mul i16 %sext_ln23_36, i16 %sext_ln23_21" [../source/tut3B_Function_Reshape/matrix_mult.cpp:23]   --->   Operation 633 'mul' 'mul_ln23_66' <Predicate = true> <Delay = 5.41> <CoreInst = "Multiplier">   --->   Core 3 'Multiplier' <Latency = 4> <II = 1> <Delay = 5.41> <FuncUnit> <Opcode : 'mul'> <InPorts = 2> <OutPorts = 1>
ST_15 : Operation 634 [1/3] (0.00ns) (grouped into DSP with root node add_ln23_54)   --->   "%mul_ln23_69 = mul i16 %sext_ln23_37, i16 %sext_ln23_22" [../source/tut3B_Function_Reshape/matrix_mult.cpp:23]   --->   Operation 634 'mul' 'mul_ln23_69' <Predicate = true> <Delay = 0.00> <CoreInst = "DSP48">   --->   Core 116 'DSP48' <Latency = 3> <II = 1> <Delay = 2.15> <IPBlock> <Opcode : 'add' 'sub' 'mul' 'select'> <InPorts = 0> <OutPorts = 1> <Sync> <CReg>
ST_15 : Operation 635 [2/2] (2.10ns) (root node of the DSP)   --->   "%add_ln23_54 = add i16 %add_ln23_53, i16 %mul_ln23_69" [../source/tut3B_Function_Reshape/matrix_mult.cpp:23]   --->   Operation 635 'add' 'add_ln23_54' <Predicate = true> <Delay = 2.10> <CoreInst = "DSP48">   --->   Core 116 'DSP48' <Latency = 3> <II = 1> <Delay = 2.15> <IPBlock> <Opcode : 'add' 'sub' 'mul' 'select'> <InPorts = 0> <OutPorts = 1> <Sync> <CReg>
ST_15 : Operation 636 [2/3] (1.05ns) (grouped into DSP with root node add_ln23_56)   --->   "%mul_ln23_70 = mul i16 %sext_ln23_35, i16 %sext_ln23_25" [../source/tut3B_Function_Reshape/matrix_mult.cpp:23]   --->   Operation 636 'mul' 'mul_ln23_70' <Predicate = true> <Delay = 1.05> <CoreInst = "DSP48">   --->   Core 116 'DSP48' <Latency = 3> <II = 1> <Delay = 2.15> <IPBlock> <Opcode : 'add' 'sub' 'mul' 'select'> <InPorts = 0> <OutPorts = 1> <Sync> <CReg>
ST_15 : Operation 637 [1/5] (5.41ns)   --->   "%mul_ln23_71 = mul i16 %sext_ln23_36, i16 %sext_ln23_26" [../source/tut3B_Function_Reshape/matrix_mult.cpp:23]   --->   Operation 637 'mul' 'mul_ln23_71' <Predicate = true> <Delay = 5.41> <CoreInst = "Multiplier">   --->   Core 3 'Multiplier' <Latency = 4> <II = 1> <Delay = 5.41> <FuncUnit> <Opcode : 'mul'> <InPorts = 2> <OutPorts = 1>
ST_15 : Operation 638 [2/3] (1.05ns) (grouped into DSP with root node add_ln23_58)   --->   "%mul_ln23_74 = mul i16 %sext_ln23_37, i16 %sext_ln23_27" [../source/tut3B_Function_Reshape/matrix_mult.cpp:23]   --->   Operation 638 'mul' 'mul_ln23_74' <Predicate = true> <Delay = 1.05> <CoreInst = "DSP48">   --->   Core 116 'DSP48' <Latency = 3> <II = 1> <Delay = 2.15> <IPBlock> <Opcode : 'add' 'sub' 'mul' 'select'> <InPorts = 0> <OutPorts = 1> <Sync> <CReg>
ST_15 : Operation 639 [1/1] (0.00ns)   --->   "%sext_ln23_40 = sext i8 %trunc_ln23_8" [../source/tut3B_Function_Reshape/matrix_mult.cpp:23]   --->   Operation 639 'sext' 'sext_ln23_40' <Predicate = true> <Delay = 0.00>
ST_15 : Operation 640 [3/3] (1.05ns) (grouped into DSP with root node add_ln23_60)   --->   "%mul_ln23_75 = mul i16 %sext_ln23_40, i16 %sext_ln23_1" [../source/tut3B_Function_Reshape/matrix_mult.cpp:23]   --->   Operation 640 'mul' 'mul_ln23_75' <Predicate = true> <Delay = 1.05> <CoreInst = "DSP48">   --->   Core 116 'DSP48' <Latency = 3> <II = 1> <Delay = 2.15> <IPBlock> <Opcode : 'add' 'sub' 'mul' 'select'> <InPorts = 0> <OutPorts = 1> <Sync> <CReg>
ST_15 : Operation 641 [2/5] (5.41ns)   --->   "%mul_ln23_76 = mul i16 %sext_ln23_41, i16 %sext_ln23_3" [../source/tut3B_Function_Reshape/matrix_mult.cpp:23]   --->   Operation 641 'mul' 'mul_ln23_76' <Predicate = true> <Delay = 5.41> <CoreInst = "Multiplier">   --->   Core 3 'Multiplier' <Latency = 4> <II = 1> <Delay = 5.41> <FuncUnit> <Opcode : 'mul'> <InPorts = 2> <OutPorts = 1>
ST_15 : Operation 642 [2/3] (1.05ns) (grouped into DSP with root node add_ln23_62)   --->   "%mul_ln23_79 = mul i16 %sext_ln23_42, i16 %sext_ln23_5" [../source/tut3B_Function_Reshape/matrix_mult.cpp:23]   --->   Operation 642 'mul' 'mul_ln23_79' <Predicate = true> <Delay = 1.05> <CoreInst = "DSP48">   --->   Core 116 'DSP48' <Latency = 3> <II = 1> <Delay = 2.15> <IPBlock> <Opcode : 'add' 'sub' 'mul' 'select'> <InPorts = 0> <OutPorts = 1> <Sync> <CReg>
ST_15 : Operation 643 [3/3] (1.05ns) (grouped into DSP with root node add_ln23_64)   --->   "%mul_ln23_80 = mul i16 %sext_ln23_40, i16 %sext_ln23_10" [../source/tut3B_Function_Reshape/matrix_mult.cpp:23]   --->   Operation 643 'mul' 'mul_ln23_80' <Predicate = true> <Delay = 1.05> <CoreInst = "DSP48">   --->   Core 116 'DSP48' <Latency = 3> <II = 1> <Delay = 2.15> <IPBlock> <Opcode : 'add' 'sub' 'mul' 'select'> <InPorts = 0> <OutPorts = 1> <Sync> <CReg>
ST_15 : Operation 644 [2/5] (5.41ns)   --->   "%mul_ln23_81 = mul i16 %sext_ln23_41, i16 %sext_ln23_11" [../source/tut3B_Function_Reshape/matrix_mult.cpp:23]   --->   Operation 644 'mul' 'mul_ln23_81' <Predicate = true> <Delay = 5.41> <CoreInst = "Multiplier">   --->   Core 3 'Multiplier' <Latency = 4> <II = 1> <Delay = 5.41> <FuncUnit> <Opcode : 'mul'> <InPorts = 2> <OutPorts = 1>
ST_15 : Operation 645 [3/3] (1.05ns) (grouped into DSP with root node add_ln23_66)   --->   "%mul_ln23_84 = mul i16 %sext_ln23_42, i16 %sext_ln23_12" [../source/tut3B_Function_Reshape/matrix_mult.cpp:23]   --->   Operation 645 'mul' 'mul_ln23_84' <Predicate = true> <Delay = 1.05> <CoreInst = "DSP48">   --->   Core 116 'DSP48' <Latency = 3> <II = 1> <Delay = 2.15> <IPBlock> <Opcode : 'add' 'sub' 'mul' 'select'> <InPorts = 0> <OutPorts = 1> <Sync> <CReg>
ST_15 : Operation 646 [3/3] (1.05ns) (grouped into DSP with root node add_ln23_68)   --->   "%mul_ln23_85 = mul i16 %sext_ln23_40, i16 %sext_ln23_15" [../source/tut3B_Function_Reshape/matrix_mult.cpp:23]   --->   Operation 646 'mul' 'mul_ln23_85' <Predicate = true> <Delay = 1.05> <CoreInst = "DSP48">   --->   Core 116 'DSP48' <Latency = 3> <II = 1> <Delay = 2.15> <IPBlock> <Opcode : 'add' 'sub' 'mul' 'select'> <InPorts = 0> <OutPorts = 1> <Sync> <CReg>
ST_15 : Operation 647 [2/5] (5.41ns)   --->   "%mul_ln23_86 = mul i16 %sext_ln23_41, i16 %sext_ln23_16" [../source/tut3B_Function_Reshape/matrix_mult.cpp:23]   --->   Operation 647 'mul' 'mul_ln23_86' <Predicate = true> <Delay = 5.41> <CoreInst = "Multiplier">   --->   Core 3 'Multiplier' <Latency = 4> <II = 1> <Delay = 5.41> <FuncUnit> <Opcode : 'mul'> <InPorts = 2> <OutPorts = 1>
ST_15 : Operation 648 [3/3] (1.05ns) (grouped into DSP with root node add_ln23_70)   --->   "%mul_ln23_89 = mul i16 %sext_ln23_42, i16 %sext_ln23_17" [../source/tut3B_Function_Reshape/matrix_mult.cpp:23]   --->   Operation 648 'mul' 'mul_ln23_89' <Predicate = true> <Delay = 1.05> <CoreInst = "DSP48">   --->   Core 116 'DSP48' <Latency = 3> <II = 1> <Delay = 2.15> <IPBlock> <Opcode : 'add' 'sub' 'mul' 'select'> <InPorts = 0> <OutPorts = 1> <Sync> <CReg>
ST_15 : Operation 649 [3/3] (1.05ns) (grouped into DSP with root node add_ln23_72)   --->   "%mul_ln23_90 = mul i16 %sext_ln23_40, i16 %sext_ln23_20" [../source/tut3B_Function_Reshape/matrix_mult.cpp:23]   --->   Operation 649 'mul' 'mul_ln23_90' <Predicate = true> <Delay = 1.05> <CoreInst = "DSP48">   --->   Core 116 'DSP48' <Latency = 3> <II = 1> <Delay = 2.15> <IPBlock> <Opcode : 'add' 'sub' 'mul' 'select'> <InPorts = 0> <OutPorts = 1> <Sync> <CReg>
ST_15 : Operation 650 [2/5] (5.41ns)   --->   "%mul_ln23_91 = mul i16 %sext_ln23_41, i16 %sext_ln23_21" [../source/tut3B_Function_Reshape/matrix_mult.cpp:23]   --->   Operation 650 'mul' 'mul_ln23_91' <Predicate = true> <Delay = 5.41> <CoreInst = "Multiplier">   --->   Core 3 'Multiplier' <Latency = 4> <II = 1> <Delay = 5.41> <FuncUnit> <Opcode : 'mul'> <InPorts = 2> <OutPorts = 1>
ST_15 : Operation 651 [3/5] (5.41ns)   --->   "%mul_ln23_96 = mul i16 %sext_ln23_41, i16 %sext_ln23_26" [../source/tut3B_Function_Reshape/matrix_mult.cpp:23]   --->   Operation 651 'mul' 'mul_ln23_96' <Predicate = true> <Delay = 5.41> <CoreInst = "Multiplier">   --->   Core 3 'Multiplier' <Latency = 4> <II = 1> <Delay = 5.41> <FuncUnit> <Opcode : 'mul'> <InPorts = 2> <OutPorts = 1>
ST_15 : Operation 652 [3/5] (5.41ns)   --->   "%mul_ln23_101 = mul i16 %sext_ln23_46, i16 %sext_ln23_3" [../source/tut3B_Function_Reshape/matrix_mult.cpp:23]   --->   Operation 652 'mul' 'mul_ln23_101' <Predicate = true> <Delay = 5.41> <CoreInst = "Multiplier">   --->   Core 3 'Multiplier' <Latency = 4> <II = 1> <Delay = 5.41> <FuncUnit> <Opcode : 'mul'> <InPorts = 2> <OutPorts = 1>
ST_15 : Operation 653 [3/5] (5.41ns)   --->   "%mul_ln23_106 = mul i16 %sext_ln23_46, i16 %sext_ln23_11" [../source/tut3B_Function_Reshape/matrix_mult.cpp:23]   --->   Operation 653 'mul' 'mul_ln23_106' <Predicate = true> <Delay = 5.41> <CoreInst = "Multiplier">   --->   Core 3 'Multiplier' <Latency = 4> <II = 1> <Delay = 5.41> <FuncUnit> <Opcode : 'mul'> <InPorts = 2> <OutPorts = 1>
ST_15 : Operation 654 [3/5] (5.41ns)   --->   "%mul_ln23_111 = mul i16 %sext_ln23_46, i16 %sext_ln23_16" [../source/tut3B_Function_Reshape/matrix_mult.cpp:23]   --->   Operation 654 'mul' 'mul_ln23_111' <Predicate = true> <Delay = 5.41> <CoreInst = "Multiplier">   --->   Core 3 'Multiplier' <Latency = 4> <II = 1> <Delay = 5.41> <FuncUnit> <Opcode : 'mul'> <InPorts = 2> <OutPorts = 1>
ST_15 : Operation 655 [4/5] (5.41ns)   --->   "%mul_ln23_116 = mul i16 %sext_ln23_46, i16 %sext_ln23_21" [../source/tut3B_Function_Reshape/matrix_mult.cpp:23]   --->   Operation 655 'mul' 'mul_ln23_116' <Predicate = true> <Delay = 5.41> <CoreInst = "Multiplier">   --->   Core 3 'Multiplier' <Latency = 4> <II = 1> <Delay = 5.41> <FuncUnit> <Opcode : 'mul'> <InPorts = 2> <OutPorts = 1>
ST_15 : Operation 656 [4/5] (5.41ns)   --->   "%mul_ln23_121 = mul i16 %sext_ln23_46, i16 %sext_ln23_26" [../source/tut3B_Function_Reshape/matrix_mult.cpp:23]   --->   Operation 656 'mul' 'mul_ln23_121' <Predicate = true> <Delay = 5.41> <CoreInst = "Multiplier">   --->   Core 3 'Multiplier' <Latency = 4> <II = 1> <Delay = 5.41> <FuncUnit> <Opcode : 'mul'> <InPorts = 2> <OutPorts = 1>

State 16 <SV = 15> <Delay = 5.41>
ST_16 : Operation 657 [1/1] (0.00ns)   --->   "%prod_addr_2 = getelementptr i16 %prod, i64 0, i64 2" [../source/tut3B_Function_Reshape/matrix_mult.cpp:23]   --->   Operation 657 'getelementptr' 'prod_addr_2' <Predicate = true> <Delay = 0.00>
ST_16 : Operation 658 [1/1] (0.00ns)   --->   "%prod_addr_3 = getelementptr i16 %prod, i64 0, i64 3" [../source/tut3B_Function_Reshape/matrix_mult.cpp:23]   --->   Operation 658 'getelementptr' 'prod_addr_3' <Predicate = true> <Delay = 0.00>
ST_16 : Operation 659 [1/1] ( I:0.00ns O:0.00ns )   --->   "%store_ln23 = store i16 %add_ln23_11, i5 %prod_addr_2" [../source/tut3B_Function_Reshape/matrix_mult.cpp:23]   --->   Operation 659 'store' 'store_ln23' <Predicate = true> <Delay = 0.00> <CoreInst = "RAM">   --->   Core 81 'RAM' <Latency = 0> <II = 1> <Delay = 1.86> <Storage> <Opcode : 'load' 'store'> <Ports = 2> <Width = 16> <Depth = 25> <RAM>
ST_16 : Operation 660 [1/1] (2.07ns)   --->   "%add_ln23_15 = add i16 %add_ln23_14, i16 %add_ln23_12" [../source/tut3B_Function_Reshape/matrix_mult.cpp:23]   --->   Operation 660 'add' 'add_ln23_15' <Predicate = true> <Delay = 2.07> <CoreInst = "Adder">   --->   Core 1 'Adder' <Latency = 0> <II = 1> <Delay = 2.07> <FuncUnit> <Opcode : 'add' 'sub'> <InPorts = 2> <OutPorts = 1>
ST_16 : Operation 661 [1/1] ( I:0.00ns O:0.00ns )   --->   "%store_ln23 = store i16 %add_ln23_15, i5 %prod_addr_3" [../source/tut3B_Function_Reshape/matrix_mult.cpp:23]   --->   Operation 661 'store' 'store_ln23' <Predicate = true> <Delay = 0.00> <CoreInst = "RAM">   --->   Core 81 'RAM' <Latency = 0> <II = 1> <Delay = 1.86> <Storage> <Opcode : 'load' 'store'> <Ports = 2> <Width = 16> <Depth = 25> <RAM>
ST_16 : Operation 662 [1/1] (2.07ns)   --->   "%add_ln23_19 = add i16 %add_ln23_18, i16 %add_ln23_16" [../source/tut3B_Function_Reshape/matrix_mult.cpp:23]   --->   Operation 662 'add' 'add_ln23_19' <Predicate = true> <Delay = 2.07> <CoreInst = "Adder">   --->   Core 1 'Adder' <Latency = 0> <II = 1> <Delay = 2.07> <FuncUnit> <Opcode : 'add' 'sub'> <InPorts = 2> <OutPorts = 1>
ST_16 : Operation 663 [1/1] (2.07ns)   --->   "%add_ln23_23 = add i16 %add_ln23_22, i16 %add_ln23_20" [../source/tut3B_Function_Reshape/matrix_mult.cpp:23]   --->   Operation 663 'add' 'add_ln23_23' <Predicate = true> <Delay = 2.07> <CoreInst = "Adder">   --->   Core 1 'Adder' <Latency = 0> <II = 1> <Delay = 2.07> <FuncUnit> <Opcode : 'add' 'sub'> <InPorts = 2> <OutPorts = 1>
ST_16 : Operation 664 [1/1] (2.07ns)   --->   "%add_ln23_27 = add i16 %add_ln23_26, i16 %add_ln23_24" [../source/tut3B_Function_Reshape/matrix_mult.cpp:23]   --->   Operation 664 'add' 'add_ln23_27' <Predicate = true> <Delay = 2.07> <CoreInst = "Adder">   --->   Core 1 'Adder' <Latency = 0> <II = 1> <Delay = 2.07> <FuncUnit> <Opcode : 'add' 'sub'> <InPorts = 2> <OutPorts = 1>
ST_16 : Operation 665 [1/2] (2.10ns) (root node of the DSP)   --->   "%add_ln23_28 = add i16 %mul_ln23_36, i16 %mul_ln23_35" [../source/tut3B_Function_Reshape/matrix_mult.cpp:23]   --->   Operation 665 'add' 'add_ln23_28' <Predicate = true> <Delay = 2.10> <CoreInst = "DSP48">   --->   Core 116 'DSP48' <Latency = 3> <II = 1> <Delay = 2.15> <IPBlock> <Opcode : 'add' 'sub' 'mul' 'select'> <InPorts = 0> <OutPorts = 1> <Sync> <CReg>
ST_16 : Operation 666 [1/2] (2.10ns) (root node of the DSP)   --->   "%add_ln23_32 = add i16 %mul_ln23_41, i16 %mul_ln23_40" [../source/tut3B_Function_Reshape/matrix_mult.cpp:23]   --->   Operation 666 'add' 'add_ln23_32' <Predicate = true> <Delay = 2.10> <CoreInst = "DSP48">   --->   Core 116 'DSP48' <Latency = 3> <II = 1> <Delay = 2.15> <IPBlock> <Opcode : 'add' 'sub' 'mul' 'select'> <InPorts = 0> <OutPorts = 1> <Sync> <CReg>
ST_16 : Operation 667 [1/2] (2.10ns) (root node of the DSP)   --->   "%add_ln23_36 = add i16 %mul_ln23_46, i16 %mul_ln23_45" [../source/tut3B_Function_Reshape/matrix_mult.cpp:23]   --->   Operation 667 'add' 'add_ln23_36' <Predicate = true> <Delay = 2.10> <CoreInst = "DSP48">   --->   Core 116 'DSP48' <Latency = 3> <II = 1> <Delay = 2.15> <IPBlock> <Opcode : 'add' 'sub' 'mul' 'select'> <InPorts = 0> <OutPorts = 1> <Sync> <CReg>
ST_16 : Operation 668 [1/2] (2.10ns) (root node of the DSP)   --->   "%add_ln23_40 = add i16 %mul_ln23_51, i16 %mul_ln23_50" [../source/tut3B_Function_Reshape/matrix_mult.cpp:23]   --->   Operation 668 'add' 'add_ln23_40' <Predicate = true> <Delay = 2.10> <CoreInst = "DSP48">   --->   Core 116 'DSP48' <Latency = 3> <II = 1> <Delay = 2.15> <IPBlock> <Opcode : 'add' 'sub' 'mul' 'select'> <InPorts = 0> <OutPorts = 1> <Sync> <CReg>
ST_16 : Operation 669 [1/3] (0.00ns) (grouped into DSP with root node add_ln23_44)   --->   "%mul_ln23_55 = mul i16 %sext_ln23_35, i16 %sext_ln23_10" [../source/tut3B_Function_Reshape/matrix_mult.cpp:23]   --->   Operation 669 'mul' 'mul_ln23_55' <Predicate = true> <Delay = 0.00> <CoreInst = "DSP48">   --->   Core 116 'DSP48' <Latency = 3> <II = 1> <Delay = 2.15> <IPBlock> <Opcode : 'add' 'sub' 'mul' 'select'> <InPorts = 0> <OutPorts = 1> <Sync> <CReg>
ST_16 : Operation 670 [2/2] (2.10ns) (root node of the DSP)   --->   "%add_ln23_44 = add i16 %mul_ln23_56, i16 %mul_ln23_55" [../source/tut3B_Function_Reshape/matrix_mult.cpp:23]   --->   Operation 670 'add' 'add_ln23_44' <Predicate = true> <Delay = 2.10> <CoreInst = "DSP48">   --->   Core 116 'DSP48' <Latency = 3> <II = 1> <Delay = 2.15> <IPBlock> <Opcode : 'add' 'sub' 'mul' 'select'> <InPorts = 0> <OutPorts = 1> <Sync> <CReg>
ST_16 : Operation 671 [1/3] (0.00ns) (grouped into DSP with root node add_ln23_48)   --->   "%mul_ln23_60 = mul i16 %sext_ln23_35, i16 %sext_ln23_15" [../source/tut3B_Function_Reshape/matrix_mult.cpp:23]   --->   Operation 671 'mul' 'mul_ln23_60' <Predicate = true> <Delay = 0.00> <CoreInst = "DSP48">   --->   Core 116 'DSP48' <Latency = 3> <II = 1> <Delay = 2.15> <IPBlock> <Opcode : 'add' 'sub' 'mul' 'select'> <InPorts = 0> <OutPorts = 1> <Sync> <CReg>
ST_16 : Operation 672 [2/2] (2.10ns) (root node of the DSP)   --->   "%add_ln23_48 = add i16 %mul_ln23_61, i16 %mul_ln23_60" [../source/tut3B_Function_Reshape/matrix_mult.cpp:23]   --->   Operation 672 'add' 'add_ln23_48' <Predicate = true> <Delay = 2.10> <CoreInst = "DSP48">   --->   Core 116 'DSP48' <Latency = 3> <II = 1> <Delay = 2.15> <IPBlock> <Opcode : 'add' 'sub' 'mul' 'select'> <InPorts = 0> <OutPorts = 1> <Sync> <CReg>
ST_16 : Operation 673 [1/2] (2.10ns) (root node of the DSP)   --->   "%add_ln23_50 = add i16 %add_ln23_49, i16 %mul_ln23_64" [../source/tut3B_Function_Reshape/matrix_mult.cpp:23]   --->   Operation 673 'add' 'add_ln23_50' <Predicate = true> <Delay = 2.10> <CoreInst = "DSP48">   --->   Core 116 'DSP48' <Latency = 3> <II = 1> <Delay = 2.15> <IPBlock> <Opcode : 'add' 'sub' 'mul' 'select'> <InPorts = 0> <OutPorts = 1> <Sync> <CReg>
ST_16 : Operation 674 [1/3] (0.00ns) (grouped into DSP with root node add_ln23_52)   --->   "%mul_ln23_65 = mul i16 %sext_ln23_35, i16 %sext_ln23_20" [../source/tut3B_Function_Reshape/matrix_mult.cpp:23]   --->   Operation 674 'mul' 'mul_ln23_65' <Predicate = true> <Delay = 0.00> <CoreInst = "DSP48">   --->   Core 116 'DSP48' <Latency = 3> <II = 1> <Delay = 2.15> <IPBlock> <Opcode : 'add' 'sub' 'mul' 'select'> <InPorts = 0> <OutPorts = 1> <Sync> <CReg>
ST_16 : Operation 675 [2/2] (2.10ns) (root node of the DSP)   --->   "%add_ln23_52 = add i16 %mul_ln23_66, i16 %mul_ln23_65" [../source/tut3B_Function_Reshape/matrix_mult.cpp:23]   --->   Operation 675 'add' 'add_ln23_52' <Predicate = true> <Delay = 2.10> <CoreInst = "DSP48">   --->   Core 116 'DSP48' <Latency = 3> <II = 1> <Delay = 2.15> <IPBlock> <Opcode : 'add' 'sub' 'mul' 'select'> <InPorts = 0> <OutPorts = 1> <Sync> <CReg>
ST_16 : Operation 676 [1/2] (2.10ns) (root node of the DSP)   --->   "%add_ln23_54 = add i16 %add_ln23_53, i16 %mul_ln23_69" [../source/tut3B_Function_Reshape/matrix_mult.cpp:23]   --->   Operation 676 'add' 'add_ln23_54' <Predicate = true> <Delay = 2.10> <CoreInst = "DSP48">   --->   Core 116 'DSP48' <Latency = 3> <II = 1> <Delay = 2.15> <IPBlock> <Opcode : 'add' 'sub' 'mul' 'select'> <InPorts = 0> <OutPorts = 1> <Sync> <CReg>
ST_16 : Operation 677 [1/3] (0.00ns) (grouped into DSP with root node add_ln23_56)   --->   "%mul_ln23_70 = mul i16 %sext_ln23_35, i16 %sext_ln23_25" [../source/tut3B_Function_Reshape/matrix_mult.cpp:23]   --->   Operation 677 'mul' 'mul_ln23_70' <Predicate = true> <Delay = 0.00> <CoreInst = "DSP48">   --->   Core 116 'DSP48' <Latency = 3> <II = 1> <Delay = 2.15> <IPBlock> <Opcode : 'add' 'sub' 'mul' 'select'> <InPorts = 0> <OutPorts = 1> <Sync> <CReg>
ST_16 : Operation 678 [1/3] (0.00ns) (grouped into DSP with root node add_ln23_58)   --->   "%mul_ln23_74 = mul i16 %sext_ln23_37, i16 %sext_ln23_27" [../source/tut3B_Function_Reshape/matrix_mult.cpp:23]   --->   Operation 678 'mul' 'mul_ln23_74' <Predicate = true> <Delay = 0.00> <CoreInst = "DSP48">   --->   Core 116 'DSP48' <Latency = 3> <II = 1> <Delay = 2.15> <IPBlock> <Opcode : 'add' 'sub' 'mul' 'select'> <InPorts = 0> <OutPorts = 1> <Sync> <CReg>
ST_16 : Operation 679 [2/2] (2.10ns) (root node of the DSP)   --->   "%add_ln23_56 = add i16 %mul_ln23_71, i16 %mul_ln23_70" [../source/tut3B_Function_Reshape/matrix_mult.cpp:23]   --->   Operation 679 'add' 'add_ln23_56' <Predicate = true> <Delay = 2.10> <CoreInst = "DSP48">   --->   Core 116 'DSP48' <Latency = 3> <II = 1> <Delay = 2.15> <IPBlock> <Opcode : 'add' 'sub' 'mul' 'select'> <InPorts = 0> <OutPorts = 1> <Sync> <CReg>
ST_16 : Operation 680 [2/2] (2.10ns) (root node of the DSP)   --->   "%add_ln23_58 = add i16 %add_ln23_57, i16 %mul_ln23_74" [../source/tut3B_Function_Reshape/matrix_mult.cpp:23]   --->   Operation 680 'add' 'add_ln23_58' <Predicate = true> <Delay = 2.10> <CoreInst = "DSP48">   --->   Core 116 'DSP48' <Latency = 3> <II = 1> <Delay = 2.15> <IPBlock> <Opcode : 'add' 'sub' 'mul' 'select'> <InPorts = 0> <OutPorts = 1> <Sync> <CReg>
ST_16 : Operation 681 [2/3] (1.05ns) (grouped into DSP with root node add_ln23_60)   --->   "%mul_ln23_75 = mul i16 %sext_ln23_40, i16 %sext_ln23_1" [../source/tut3B_Function_Reshape/matrix_mult.cpp:23]   --->   Operation 681 'mul' 'mul_ln23_75' <Predicate = true> <Delay = 1.05> <CoreInst = "DSP48">   --->   Core 116 'DSP48' <Latency = 3> <II = 1> <Delay = 2.15> <IPBlock> <Opcode : 'add' 'sub' 'mul' 'select'> <InPorts = 0> <OutPorts = 1> <Sync> <CReg>
ST_16 : Operation 682 [1/5] (5.41ns)   --->   "%mul_ln23_76 = mul i16 %sext_ln23_41, i16 %sext_ln23_3" [../source/tut3B_Function_Reshape/matrix_mult.cpp:23]   --->   Operation 682 'mul' 'mul_ln23_76' <Predicate = true> <Delay = 5.41> <CoreInst = "Multiplier">   --->   Core 3 'Multiplier' <Latency = 4> <II = 1> <Delay = 5.41> <FuncUnit> <Opcode : 'mul'> <InPorts = 2> <OutPorts = 1>
ST_16 : Operation 683 [1/3] (0.00ns) (grouped into DSP with root node add_ln23_62)   --->   "%mul_ln23_79 = mul i16 %sext_ln23_42, i16 %sext_ln23_5" [../source/tut3B_Function_Reshape/matrix_mult.cpp:23]   --->   Operation 683 'mul' 'mul_ln23_79' <Predicate = true> <Delay = 0.00> <CoreInst = "DSP48">   --->   Core 116 'DSP48' <Latency = 3> <II = 1> <Delay = 2.15> <IPBlock> <Opcode : 'add' 'sub' 'mul' 'select'> <InPorts = 0> <OutPorts = 1> <Sync> <CReg>
ST_16 : Operation 684 [2/2] (2.10ns) (root node of the DSP)   --->   "%add_ln23_62 = add i16 %add_ln23_61, i16 %mul_ln23_79" [../source/tut3B_Function_Reshape/matrix_mult.cpp:23]   --->   Operation 684 'add' 'add_ln23_62' <Predicate = true> <Delay = 2.10> <CoreInst = "DSP48">   --->   Core 116 'DSP48' <Latency = 3> <II = 1> <Delay = 2.15> <IPBlock> <Opcode : 'add' 'sub' 'mul' 'select'> <InPorts = 0> <OutPorts = 1> <Sync> <CReg>
ST_16 : Operation 685 [2/3] (1.05ns) (grouped into DSP with root node add_ln23_64)   --->   "%mul_ln23_80 = mul i16 %sext_ln23_40, i16 %sext_ln23_10" [../source/tut3B_Function_Reshape/matrix_mult.cpp:23]   --->   Operation 685 'mul' 'mul_ln23_80' <Predicate = true> <Delay = 1.05> <CoreInst = "DSP48">   --->   Core 116 'DSP48' <Latency = 3> <II = 1> <Delay = 2.15> <IPBlock> <Opcode : 'add' 'sub' 'mul' 'select'> <InPorts = 0> <OutPorts = 1> <Sync> <CReg>
ST_16 : Operation 686 [1/5] (5.41ns)   --->   "%mul_ln23_81 = mul i16 %sext_ln23_41, i16 %sext_ln23_11" [../source/tut3B_Function_Reshape/matrix_mult.cpp:23]   --->   Operation 686 'mul' 'mul_ln23_81' <Predicate = true> <Delay = 5.41> <CoreInst = "Multiplier">   --->   Core 3 'Multiplier' <Latency = 4> <II = 1> <Delay = 5.41> <FuncUnit> <Opcode : 'mul'> <InPorts = 2> <OutPorts = 1>
ST_16 : Operation 687 [2/3] (1.05ns) (grouped into DSP with root node add_ln23_66)   --->   "%mul_ln23_84 = mul i16 %sext_ln23_42, i16 %sext_ln23_12" [../source/tut3B_Function_Reshape/matrix_mult.cpp:23]   --->   Operation 687 'mul' 'mul_ln23_84' <Predicate = true> <Delay = 1.05> <CoreInst = "DSP48">   --->   Core 116 'DSP48' <Latency = 3> <II = 1> <Delay = 2.15> <IPBlock> <Opcode : 'add' 'sub' 'mul' 'select'> <InPorts = 0> <OutPorts = 1> <Sync> <CReg>
ST_16 : Operation 688 [2/3] (1.05ns) (grouped into DSP with root node add_ln23_68)   --->   "%mul_ln23_85 = mul i16 %sext_ln23_40, i16 %sext_ln23_15" [../source/tut3B_Function_Reshape/matrix_mult.cpp:23]   --->   Operation 688 'mul' 'mul_ln23_85' <Predicate = true> <Delay = 1.05> <CoreInst = "DSP48">   --->   Core 116 'DSP48' <Latency = 3> <II = 1> <Delay = 2.15> <IPBlock> <Opcode : 'add' 'sub' 'mul' 'select'> <InPorts = 0> <OutPorts = 1> <Sync> <CReg>
ST_16 : Operation 689 [1/5] (5.41ns)   --->   "%mul_ln23_86 = mul i16 %sext_ln23_41, i16 %sext_ln23_16" [../source/tut3B_Function_Reshape/matrix_mult.cpp:23]   --->   Operation 689 'mul' 'mul_ln23_86' <Predicate = true> <Delay = 5.41> <CoreInst = "Multiplier">   --->   Core 3 'Multiplier' <Latency = 4> <II = 1> <Delay = 5.41> <FuncUnit> <Opcode : 'mul'> <InPorts = 2> <OutPorts = 1>
ST_16 : Operation 690 [2/3] (1.05ns) (grouped into DSP with root node add_ln23_70)   --->   "%mul_ln23_89 = mul i16 %sext_ln23_42, i16 %sext_ln23_17" [../source/tut3B_Function_Reshape/matrix_mult.cpp:23]   --->   Operation 690 'mul' 'mul_ln23_89' <Predicate = true> <Delay = 1.05> <CoreInst = "DSP48">   --->   Core 116 'DSP48' <Latency = 3> <II = 1> <Delay = 2.15> <IPBlock> <Opcode : 'add' 'sub' 'mul' 'select'> <InPorts = 0> <OutPorts = 1> <Sync> <CReg>
ST_16 : Operation 691 [2/3] (1.05ns) (grouped into DSP with root node add_ln23_72)   --->   "%mul_ln23_90 = mul i16 %sext_ln23_40, i16 %sext_ln23_20" [../source/tut3B_Function_Reshape/matrix_mult.cpp:23]   --->   Operation 691 'mul' 'mul_ln23_90' <Predicate = true> <Delay = 1.05> <CoreInst = "DSP48">   --->   Core 116 'DSP48' <Latency = 3> <II = 1> <Delay = 2.15> <IPBlock> <Opcode : 'add' 'sub' 'mul' 'select'> <InPorts = 0> <OutPorts = 1> <Sync> <CReg>
ST_16 : Operation 692 [1/5] (5.41ns)   --->   "%mul_ln23_91 = mul i16 %sext_ln23_41, i16 %sext_ln23_21" [../source/tut3B_Function_Reshape/matrix_mult.cpp:23]   --->   Operation 692 'mul' 'mul_ln23_91' <Predicate = true> <Delay = 5.41> <CoreInst = "Multiplier">   --->   Core 3 'Multiplier' <Latency = 4> <II = 1> <Delay = 5.41> <FuncUnit> <Opcode : 'mul'> <InPorts = 2> <OutPorts = 1>
ST_16 : Operation 693 [3/3] (1.05ns) (grouped into DSP with root node add_ln23_74)   --->   "%mul_ln23_94 = mul i16 %sext_ln23_42, i16 %sext_ln23_22" [../source/tut3B_Function_Reshape/matrix_mult.cpp:23]   --->   Operation 693 'mul' 'mul_ln23_94' <Predicate = true> <Delay = 1.05> <CoreInst = "DSP48">   --->   Core 116 'DSP48' <Latency = 3> <II = 1> <Delay = 2.15> <IPBlock> <Opcode : 'add' 'sub' 'mul' 'select'> <InPorts = 0> <OutPorts = 1> <Sync> <CReg>
ST_16 : Operation 694 [3/3] (1.05ns) (grouped into DSP with root node add_ln23_76)   --->   "%mul_ln23_95 = mul i16 %sext_ln23_40, i16 %sext_ln23_25" [../source/tut3B_Function_Reshape/matrix_mult.cpp:23]   --->   Operation 694 'mul' 'mul_ln23_95' <Predicate = true> <Delay = 1.05> <CoreInst = "DSP48">   --->   Core 116 'DSP48' <Latency = 3> <II = 1> <Delay = 2.15> <IPBlock> <Opcode : 'add' 'sub' 'mul' 'select'> <InPorts = 0> <OutPorts = 1> <Sync> <CReg>
ST_16 : Operation 695 [2/5] (5.41ns)   --->   "%mul_ln23_96 = mul i16 %sext_ln23_41, i16 %sext_ln23_26" [../source/tut3B_Function_Reshape/matrix_mult.cpp:23]   --->   Operation 695 'mul' 'mul_ln23_96' <Predicate = true> <Delay = 5.41> <CoreInst = "Multiplier">   --->   Core 3 'Multiplier' <Latency = 4> <II = 1> <Delay = 5.41> <FuncUnit> <Opcode : 'mul'> <InPorts = 2> <OutPorts = 1>
ST_16 : Operation 696 [3/3] (1.05ns) (grouped into DSP with root node add_ln23_78)   --->   "%mul_ln23_99 = mul i16 %sext_ln23_42, i16 %sext_ln23_27" [../source/tut3B_Function_Reshape/matrix_mult.cpp:23]   --->   Operation 696 'mul' 'mul_ln23_99' <Predicate = true> <Delay = 1.05> <CoreInst = "DSP48">   --->   Core 116 'DSP48' <Latency = 3> <II = 1> <Delay = 2.15> <IPBlock> <Opcode : 'add' 'sub' 'mul' 'select'> <InPorts = 0> <OutPorts = 1> <Sync> <CReg>
ST_16 : Operation 697 [1/1] (0.00ns)   --->   "%sext_ln23_45 = sext i8 %trunc_ln23_9" [../source/tut3B_Function_Reshape/matrix_mult.cpp:23]   --->   Operation 697 'sext' 'sext_ln23_45' <Predicate = true> <Delay = 0.00>
ST_16 : Operation 698 [3/3] (1.05ns) (grouped into DSP with root node add_ln23_80)   --->   "%mul_ln23_100 = mul i16 %sext_ln23_45, i16 %sext_ln23_1" [../source/tut3B_Function_Reshape/matrix_mult.cpp:23]   --->   Operation 698 'mul' 'mul_ln23_100' <Predicate = true> <Delay = 1.05> <CoreInst = "DSP48">   --->   Core 116 'DSP48' <Latency = 3> <II = 1> <Delay = 2.15> <IPBlock> <Opcode : 'add' 'sub' 'mul' 'select'> <InPorts = 0> <OutPorts = 1> <Sync> <CReg>
ST_16 : Operation 699 [2/5] (5.41ns)   --->   "%mul_ln23_101 = mul i16 %sext_ln23_46, i16 %sext_ln23_3" [../source/tut3B_Function_Reshape/matrix_mult.cpp:23]   --->   Operation 699 'mul' 'mul_ln23_101' <Predicate = true> <Delay = 5.41> <CoreInst = "Multiplier">   --->   Core 3 'Multiplier' <Latency = 4> <II = 1> <Delay = 5.41> <FuncUnit> <Opcode : 'mul'> <InPorts = 2> <OutPorts = 1>
ST_16 : Operation 700 [3/3] (1.05ns) (grouped into DSP with root node add_ln23_84)   --->   "%mul_ln23_105 = mul i16 %sext_ln23_45, i16 %sext_ln23_10" [../source/tut3B_Function_Reshape/matrix_mult.cpp:23]   --->   Operation 700 'mul' 'mul_ln23_105' <Predicate = true> <Delay = 1.05> <CoreInst = "DSP48">   --->   Core 116 'DSP48' <Latency = 3> <II = 1> <Delay = 2.15> <IPBlock> <Opcode : 'add' 'sub' 'mul' 'select'> <InPorts = 0> <OutPorts = 1> <Sync> <CReg>
ST_16 : Operation 701 [2/5] (5.41ns)   --->   "%mul_ln23_106 = mul i16 %sext_ln23_46, i16 %sext_ln23_11" [../source/tut3B_Function_Reshape/matrix_mult.cpp:23]   --->   Operation 701 'mul' 'mul_ln23_106' <Predicate = true> <Delay = 5.41> <CoreInst = "Multiplier">   --->   Core 3 'Multiplier' <Latency = 4> <II = 1> <Delay = 5.41> <FuncUnit> <Opcode : 'mul'> <InPorts = 2> <OutPorts = 1>
ST_16 : Operation 702 [3/3] (1.05ns) (grouped into DSP with root node add_ln23_88)   --->   "%mul_ln23_110 = mul i16 %sext_ln23_45, i16 %sext_ln23_15" [../source/tut3B_Function_Reshape/matrix_mult.cpp:23]   --->   Operation 702 'mul' 'mul_ln23_110' <Predicate = true> <Delay = 1.05> <CoreInst = "DSP48">   --->   Core 116 'DSP48' <Latency = 3> <II = 1> <Delay = 2.15> <IPBlock> <Opcode : 'add' 'sub' 'mul' 'select'> <InPorts = 0> <OutPorts = 1> <Sync> <CReg>
ST_16 : Operation 703 [2/5] (5.41ns)   --->   "%mul_ln23_111 = mul i16 %sext_ln23_46, i16 %sext_ln23_16" [../source/tut3B_Function_Reshape/matrix_mult.cpp:23]   --->   Operation 703 'mul' 'mul_ln23_111' <Predicate = true> <Delay = 5.41> <CoreInst = "Multiplier">   --->   Core 3 'Multiplier' <Latency = 4> <II = 1> <Delay = 5.41> <FuncUnit> <Opcode : 'mul'> <InPorts = 2> <OutPorts = 1>
ST_16 : Operation 704 [3/5] (5.41ns)   --->   "%mul_ln23_116 = mul i16 %sext_ln23_46, i16 %sext_ln23_21" [../source/tut3B_Function_Reshape/matrix_mult.cpp:23]   --->   Operation 704 'mul' 'mul_ln23_116' <Predicate = true> <Delay = 5.41> <CoreInst = "Multiplier">   --->   Core 3 'Multiplier' <Latency = 4> <II = 1> <Delay = 5.41> <FuncUnit> <Opcode : 'mul'> <InPorts = 2> <OutPorts = 1>
ST_16 : Operation 705 [3/5] (5.41ns)   --->   "%mul_ln23_121 = mul i16 %sext_ln23_46, i16 %sext_ln23_26" [../source/tut3B_Function_Reshape/matrix_mult.cpp:23]   --->   Operation 705 'mul' 'mul_ln23_121' <Predicate = true> <Delay = 5.41> <CoreInst = "Multiplier">   --->   Core 3 'Multiplier' <Latency = 4> <II = 1> <Delay = 5.41> <FuncUnit> <Opcode : 'mul'> <InPorts = 2> <OutPorts = 1>

State 17 <SV = 16> <Delay = 5.41>
ST_17 : Operation 706 [1/1] (0.00ns)   --->   "%prod_addr_4 = getelementptr i16 %prod, i64 0, i64 4" [../source/tut3B_Function_Reshape/matrix_mult.cpp:23]   --->   Operation 706 'getelementptr' 'prod_addr_4' <Predicate = true> <Delay = 0.00>
ST_17 : Operation 707 [1/1] (0.00ns)   --->   "%prod_addr_5 = getelementptr i16 %prod, i64 0, i64 5" [../source/tut3B_Function_Reshape/matrix_mult.cpp:23]   --->   Operation 707 'getelementptr' 'prod_addr_5' <Predicate = true> <Delay = 0.00>
ST_17 : Operation 708 [1/1] ( I:0.00ns O:0.00ns )   --->   "%store_ln23 = store i16 %add_ln23_19, i5 %prod_addr_4" [../source/tut3B_Function_Reshape/matrix_mult.cpp:23]   --->   Operation 708 'store' 'store_ln23' <Predicate = true> <Delay = 0.00> <CoreInst = "RAM">   --->   Core 81 'RAM' <Latency = 0> <II = 1> <Delay = 1.86> <Storage> <Opcode : 'load' 'store'> <Ports = 2> <Width = 16> <Depth = 25> <RAM>
ST_17 : Operation 709 [1/1] ( I:0.00ns O:0.00ns )   --->   "%store_ln23 = store i16 %add_ln23_23, i5 %prod_addr_5" [../source/tut3B_Function_Reshape/matrix_mult.cpp:23]   --->   Operation 709 'store' 'store_ln23' <Predicate = true> <Delay = 0.00> <CoreInst = "RAM">   --->   Core 81 'RAM' <Latency = 0> <II = 1> <Delay = 1.86> <Storage> <Opcode : 'load' 'store'> <Ports = 2> <Width = 16> <Depth = 25> <RAM>
ST_17 : Operation 710 [1/1] (2.07ns)   --->   "%add_ln23_31 = add i16 %add_ln23_30, i16 %add_ln23_28" [../source/tut3B_Function_Reshape/matrix_mult.cpp:23]   --->   Operation 710 'add' 'add_ln23_31' <Predicate = true> <Delay = 2.07> <CoreInst = "Adder">   --->   Core 1 'Adder' <Latency = 0> <II = 1> <Delay = 2.07> <FuncUnit> <Opcode : 'add' 'sub'> <InPorts = 2> <OutPorts = 1>
ST_17 : Operation 711 [1/1] (2.07ns)   --->   "%add_ln23_35 = add i16 %add_ln23_34, i16 %add_ln23_32" [../source/tut3B_Function_Reshape/matrix_mult.cpp:23]   --->   Operation 711 'add' 'add_ln23_35' <Predicate = true> <Delay = 2.07> <CoreInst = "Adder">   --->   Core 1 'Adder' <Latency = 0> <II = 1> <Delay = 2.07> <FuncUnit> <Opcode : 'add' 'sub'> <InPorts = 2> <OutPorts = 1>
ST_17 : Operation 712 [1/1] (2.07ns)   --->   "%add_ln23_39 = add i16 %add_ln23_38, i16 %add_ln23_36" [../source/tut3B_Function_Reshape/matrix_mult.cpp:23]   --->   Operation 712 'add' 'add_ln23_39' <Predicate = true> <Delay = 2.07> <CoreInst = "Adder">   --->   Core 1 'Adder' <Latency = 0> <II = 1> <Delay = 2.07> <FuncUnit> <Opcode : 'add' 'sub'> <InPorts = 2> <OutPorts = 1>
ST_17 : Operation 713 [1/1] (2.07ns)   --->   "%add_ln23_43 = add i16 %add_ln23_42, i16 %add_ln23_40" [../source/tut3B_Function_Reshape/matrix_mult.cpp:23]   --->   Operation 713 'add' 'add_ln23_43' <Predicate = true> <Delay = 2.07> <CoreInst = "Adder">   --->   Core 1 'Adder' <Latency = 0> <II = 1> <Delay = 2.07> <FuncUnit> <Opcode : 'add' 'sub'> <InPorts = 2> <OutPorts = 1>
ST_17 : Operation 714 [1/2] (2.10ns) (root node of the DSP)   --->   "%add_ln23_44 = add i16 %mul_ln23_56, i16 %mul_ln23_55" [../source/tut3B_Function_Reshape/matrix_mult.cpp:23]   --->   Operation 714 'add' 'add_ln23_44' <Predicate = true> <Delay = 2.10> <CoreInst = "DSP48">   --->   Core 116 'DSP48' <Latency = 3> <II = 1> <Delay = 2.15> <IPBlock> <Opcode : 'add' 'sub' 'mul' 'select'> <InPorts = 0> <OutPorts = 1> <Sync> <CReg>
ST_17 : Operation 715 [1/2] (2.10ns) (root node of the DSP)   --->   "%add_ln23_48 = add i16 %mul_ln23_61, i16 %mul_ln23_60" [../source/tut3B_Function_Reshape/matrix_mult.cpp:23]   --->   Operation 715 'add' 'add_ln23_48' <Predicate = true> <Delay = 2.10> <CoreInst = "DSP48">   --->   Core 116 'DSP48' <Latency = 3> <II = 1> <Delay = 2.15> <IPBlock> <Opcode : 'add' 'sub' 'mul' 'select'> <InPorts = 0> <OutPorts = 1> <Sync> <CReg>
ST_17 : Operation 716 [1/2] (2.10ns) (root node of the DSP)   --->   "%add_ln23_52 = add i16 %mul_ln23_66, i16 %mul_ln23_65" [../source/tut3B_Function_Reshape/matrix_mult.cpp:23]   --->   Operation 716 'add' 'add_ln23_52' <Predicate = true> <Delay = 2.10> <CoreInst = "DSP48">   --->   Core 116 'DSP48' <Latency = 3> <II = 1> <Delay = 2.15> <IPBlock> <Opcode : 'add' 'sub' 'mul' 'select'> <InPorts = 0> <OutPorts = 1> <Sync> <CReg>
ST_17 : Operation 717 [1/2] (2.10ns) (root node of the DSP)   --->   "%add_ln23_56 = add i16 %mul_ln23_71, i16 %mul_ln23_70" [../source/tut3B_Function_Reshape/matrix_mult.cpp:23]   --->   Operation 717 'add' 'add_ln23_56' <Predicate = true> <Delay = 2.10> <CoreInst = "DSP48">   --->   Core 116 'DSP48' <Latency = 3> <II = 1> <Delay = 2.15> <IPBlock> <Opcode : 'add' 'sub' 'mul' 'select'> <InPorts = 0> <OutPorts = 1> <Sync> <CReg>
ST_17 : Operation 718 [1/2] (2.10ns) (root node of the DSP)   --->   "%add_ln23_58 = add i16 %add_ln23_57, i16 %mul_ln23_74" [../source/tut3B_Function_Reshape/matrix_mult.cpp:23]   --->   Operation 718 'add' 'add_ln23_58' <Predicate = true> <Delay = 2.10> <CoreInst = "DSP48">   --->   Core 116 'DSP48' <Latency = 3> <II = 1> <Delay = 2.15> <IPBlock> <Opcode : 'add' 'sub' 'mul' 'select'> <InPorts = 0> <OutPorts = 1> <Sync> <CReg>
ST_17 : Operation 719 [1/3] (0.00ns) (grouped into DSP with root node add_ln23_60)   --->   "%mul_ln23_75 = mul i16 %sext_ln23_40, i16 %sext_ln23_1" [../source/tut3B_Function_Reshape/matrix_mult.cpp:23]   --->   Operation 719 'mul' 'mul_ln23_75' <Predicate = true> <Delay = 0.00> <CoreInst = "DSP48">   --->   Core 116 'DSP48' <Latency = 3> <II = 1> <Delay = 2.15> <IPBlock> <Opcode : 'add' 'sub' 'mul' 'select'> <InPorts = 0> <OutPorts = 1> <Sync> <CReg>
ST_17 : Operation 720 [2/2] (2.10ns) (root node of the DSP)   --->   "%add_ln23_60 = add i16 %mul_ln23_76, i16 %mul_ln23_75" [../source/tut3B_Function_Reshape/matrix_mult.cpp:23]   --->   Operation 720 'add' 'add_ln23_60' <Predicate = true> <Delay = 2.10> <CoreInst = "DSP48">   --->   Core 116 'DSP48' <Latency = 3> <II = 1> <Delay = 2.15> <IPBlock> <Opcode : 'add' 'sub' 'mul' 'select'> <InPorts = 0> <OutPorts = 1> <Sync> <CReg>
ST_17 : Operation 721 [1/2] (2.10ns) (root node of the DSP)   --->   "%add_ln23_62 = add i16 %add_ln23_61, i16 %mul_ln23_79" [../source/tut3B_Function_Reshape/matrix_mult.cpp:23]   --->   Operation 721 'add' 'add_ln23_62' <Predicate = true> <Delay = 2.10> <CoreInst = "DSP48">   --->   Core 116 'DSP48' <Latency = 3> <II = 1> <Delay = 2.15> <IPBlock> <Opcode : 'add' 'sub' 'mul' 'select'> <InPorts = 0> <OutPorts = 1> <Sync> <CReg>
ST_17 : Operation 722 [1/3] (0.00ns) (grouped into DSP with root node add_ln23_64)   --->   "%mul_ln23_80 = mul i16 %sext_ln23_40, i16 %sext_ln23_10" [../source/tut3B_Function_Reshape/matrix_mult.cpp:23]   --->   Operation 722 'mul' 'mul_ln23_80' <Predicate = true> <Delay = 0.00> <CoreInst = "DSP48">   --->   Core 116 'DSP48' <Latency = 3> <II = 1> <Delay = 2.15> <IPBlock> <Opcode : 'add' 'sub' 'mul' 'select'> <InPorts = 0> <OutPorts = 1> <Sync> <CReg>
ST_17 : Operation 723 [1/3] (0.00ns) (grouped into DSP with root node add_ln23_66)   --->   "%mul_ln23_84 = mul i16 %sext_ln23_42, i16 %sext_ln23_12" [../source/tut3B_Function_Reshape/matrix_mult.cpp:23]   --->   Operation 723 'mul' 'mul_ln23_84' <Predicate = true> <Delay = 0.00> <CoreInst = "DSP48">   --->   Core 116 'DSP48' <Latency = 3> <II = 1> <Delay = 2.15> <IPBlock> <Opcode : 'add' 'sub' 'mul' 'select'> <InPorts = 0> <OutPorts = 1> <Sync> <CReg>
ST_17 : Operation 724 [2/2] (2.10ns) (root node of the DSP)   --->   "%add_ln23_64 = add i16 %mul_ln23_81, i16 %mul_ln23_80" [../source/tut3B_Function_Reshape/matrix_mult.cpp:23]   --->   Operation 724 'add' 'add_ln23_64' <Predicate = true> <Delay = 2.10> <CoreInst = "DSP48">   --->   Core 116 'DSP48' <Latency = 3> <II = 1> <Delay = 2.15> <IPBlock> <Opcode : 'add' 'sub' 'mul' 'select'> <InPorts = 0> <OutPorts = 1> <Sync> <CReg>
ST_17 : Operation 725 [2/2] (2.10ns) (root node of the DSP)   --->   "%add_ln23_66 = add i16 %add_ln23_65, i16 %mul_ln23_84" [../source/tut3B_Function_Reshape/matrix_mult.cpp:23]   --->   Operation 725 'add' 'add_ln23_66' <Predicate = true> <Delay = 2.10> <CoreInst = "DSP48">   --->   Core 116 'DSP48' <Latency = 3> <II = 1> <Delay = 2.15> <IPBlock> <Opcode : 'add' 'sub' 'mul' 'select'> <InPorts = 0> <OutPorts = 1> <Sync> <CReg>
ST_17 : Operation 726 [1/3] (0.00ns) (grouped into DSP with root node add_ln23_68)   --->   "%mul_ln23_85 = mul i16 %sext_ln23_40, i16 %sext_ln23_15" [../source/tut3B_Function_Reshape/matrix_mult.cpp:23]   --->   Operation 726 'mul' 'mul_ln23_85' <Predicate = true> <Delay = 0.00> <CoreInst = "DSP48">   --->   Core 116 'DSP48' <Latency = 3> <II = 1> <Delay = 2.15> <IPBlock> <Opcode : 'add' 'sub' 'mul' 'select'> <InPorts = 0> <OutPorts = 1> <Sync> <CReg>
ST_17 : Operation 727 [1/3] (0.00ns) (grouped into DSP with root node add_ln23_70)   --->   "%mul_ln23_89 = mul i16 %sext_ln23_42, i16 %sext_ln23_17" [../source/tut3B_Function_Reshape/matrix_mult.cpp:23]   --->   Operation 727 'mul' 'mul_ln23_89' <Predicate = true> <Delay = 0.00> <CoreInst = "DSP48">   --->   Core 116 'DSP48' <Latency = 3> <II = 1> <Delay = 2.15> <IPBlock> <Opcode : 'add' 'sub' 'mul' 'select'> <InPorts = 0> <OutPorts = 1> <Sync> <CReg>
ST_17 : Operation 728 [2/2] (2.10ns) (root node of the DSP)   --->   "%add_ln23_68 = add i16 %mul_ln23_86, i16 %mul_ln23_85" [../source/tut3B_Function_Reshape/matrix_mult.cpp:23]   --->   Operation 728 'add' 'add_ln23_68' <Predicate = true> <Delay = 2.10> <CoreInst = "DSP48">   --->   Core 116 'DSP48' <Latency = 3> <II = 1> <Delay = 2.15> <IPBlock> <Opcode : 'add' 'sub' 'mul' 'select'> <InPorts = 0> <OutPorts = 1> <Sync> <CReg>
ST_17 : Operation 729 [2/2] (2.10ns) (root node of the DSP)   --->   "%add_ln23_70 = add i16 %add_ln23_69, i16 %mul_ln23_89" [../source/tut3B_Function_Reshape/matrix_mult.cpp:23]   --->   Operation 729 'add' 'add_ln23_70' <Predicate = true> <Delay = 2.10> <CoreInst = "DSP48">   --->   Core 116 'DSP48' <Latency = 3> <II = 1> <Delay = 2.15> <IPBlock> <Opcode : 'add' 'sub' 'mul' 'select'> <InPorts = 0> <OutPorts = 1> <Sync> <CReg>
ST_17 : Operation 730 [1/3] (0.00ns) (grouped into DSP with root node add_ln23_72)   --->   "%mul_ln23_90 = mul i16 %sext_ln23_40, i16 %sext_ln23_20" [../source/tut3B_Function_Reshape/matrix_mult.cpp:23]   --->   Operation 730 'mul' 'mul_ln23_90' <Predicate = true> <Delay = 0.00> <CoreInst = "DSP48">   --->   Core 116 'DSP48' <Latency = 3> <II = 1> <Delay = 2.15> <IPBlock> <Opcode : 'add' 'sub' 'mul' 'select'> <InPorts = 0> <OutPorts = 1> <Sync> <CReg>
ST_17 : Operation 731 [2/3] (1.05ns) (grouped into DSP with root node add_ln23_74)   --->   "%mul_ln23_94 = mul i16 %sext_ln23_42, i16 %sext_ln23_22" [../source/tut3B_Function_Reshape/matrix_mult.cpp:23]   --->   Operation 731 'mul' 'mul_ln23_94' <Predicate = true> <Delay = 1.05> <CoreInst = "DSP48">   --->   Core 116 'DSP48' <Latency = 3> <II = 1> <Delay = 2.15> <IPBlock> <Opcode : 'add' 'sub' 'mul' 'select'> <InPorts = 0> <OutPorts = 1> <Sync> <CReg>
ST_17 : Operation 732 [2/2] (2.10ns) (root node of the DSP)   --->   "%add_ln23_72 = add i16 %mul_ln23_91, i16 %mul_ln23_90" [../source/tut3B_Function_Reshape/matrix_mult.cpp:23]   --->   Operation 732 'add' 'add_ln23_72' <Predicate = true> <Delay = 2.10> <CoreInst = "DSP48">   --->   Core 116 'DSP48' <Latency = 3> <II = 1> <Delay = 2.15> <IPBlock> <Opcode : 'add' 'sub' 'mul' 'select'> <InPorts = 0> <OutPorts = 1> <Sync> <CReg>
ST_17 : Operation 733 [2/3] (1.05ns) (grouped into DSP with root node add_ln23_76)   --->   "%mul_ln23_95 = mul i16 %sext_ln23_40, i16 %sext_ln23_25" [../source/tut3B_Function_Reshape/matrix_mult.cpp:23]   --->   Operation 733 'mul' 'mul_ln23_95' <Predicate = true> <Delay = 1.05> <CoreInst = "DSP48">   --->   Core 116 'DSP48' <Latency = 3> <II = 1> <Delay = 2.15> <IPBlock> <Opcode : 'add' 'sub' 'mul' 'select'> <InPorts = 0> <OutPorts = 1> <Sync> <CReg>
ST_17 : Operation 734 [1/5] (5.41ns)   --->   "%mul_ln23_96 = mul i16 %sext_ln23_41, i16 %sext_ln23_26" [../source/tut3B_Function_Reshape/matrix_mult.cpp:23]   --->   Operation 734 'mul' 'mul_ln23_96' <Predicate = true> <Delay = 5.41> <CoreInst = "Multiplier">   --->   Core 3 'Multiplier' <Latency = 4> <II = 1> <Delay = 5.41> <FuncUnit> <Opcode : 'mul'> <InPorts = 2> <OutPorts = 1>
ST_17 : Operation 735 [2/3] (1.05ns) (grouped into DSP with root node add_ln23_78)   --->   "%mul_ln23_99 = mul i16 %sext_ln23_42, i16 %sext_ln23_27" [../source/tut3B_Function_Reshape/matrix_mult.cpp:23]   --->   Operation 735 'mul' 'mul_ln23_99' <Predicate = true> <Delay = 1.05> <CoreInst = "DSP48">   --->   Core 116 'DSP48' <Latency = 3> <II = 1> <Delay = 2.15> <IPBlock> <Opcode : 'add' 'sub' 'mul' 'select'> <InPorts = 0> <OutPorts = 1> <Sync> <CReg>
ST_17 : Operation 736 [1/1] (0.00ns)   --->   "%sext_ln23_47 = sext i8 %tmp_36" [../source/tut3B_Function_Reshape/matrix_mult.cpp:23]   --->   Operation 736 'sext' 'sext_ln23_47' <Predicate = true> <Delay = 0.00>
ST_17 : Operation 737 [2/3] (1.05ns) (grouped into DSP with root node add_ln23_80)   --->   "%mul_ln23_100 = mul i16 %sext_ln23_45, i16 %sext_ln23_1" [../source/tut3B_Function_Reshape/matrix_mult.cpp:23]   --->   Operation 737 'mul' 'mul_ln23_100' <Predicate = true> <Delay = 1.05> <CoreInst = "DSP48">   --->   Core 116 'DSP48' <Latency = 3> <II = 1> <Delay = 2.15> <IPBlock> <Opcode : 'add' 'sub' 'mul' 'select'> <InPorts = 0> <OutPorts = 1> <Sync> <CReg>
ST_17 : Operation 738 [1/5] (5.41ns)   --->   "%mul_ln23_101 = mul i16 %sext_ln23_46, i16 %sext_ln23_3" [../source/tut3B_Function_Reshape/matrix_mult.cpp:23]   --->   Operation 738 'mul' 'mul_ln23_101' <Predicate = true> <Delay = 5.41> <CoreInst = "Multiplier">   --->   Core 3 'Multiplier' <Latency = 4> <II = 1> <Delay = 5.41> <FuncUnit> <Opcode : 'mul'> <InPorts = 2> <OutPorts = 1>
ST_17 : Operation 739 [3/3] (1.05ns) (grouped into DSP with root node add_ln23_82)   --->   "%mul_ln23_104 = mul i16 %sext_ln23_47, i16 %sext_ln23_5" [../source/tut3B_Function_Reshape/matrix_mult.cpp:23]   --->   Operation 739 'mul' 'mul_ln23_104' <Predicate = true> <Delay = 1.05> <CoreInst = "DSP48">   --->   Core 116 'DSP48' <Latency = 3> <II = 1> <Delay = 2.15> <IPBlock> <Opcode : 'add' 'sub' 'mul' 'select'> <InPorts = 0> <OutPorts = 1> <Sync> <CReg>
ST_17 : Operation 740 [2/3] (1.05ns) (grouped into DSP with root node add_ln23_84)   --->   "%mul_ln23_105 = mul i16 %sext_ln23_45, i16 %sext_ln23_10" [../source/tut3B_Function_Reshape/matrix_mult.cpp:23]   --->   Operation 740 'mul' 'mul_ln23_105' <Predicate = true> <Delay = 1.05> <CoreInst = "DSP48">   --->   Core 116 'DSP48' <Latency = 3> <II = 1> <Delay = 2.15> <IPBlock> <Opcode : 'add' 'sub' 'mul' 'select'> <InPorts = 0> <OutPorts = 1> <Sync> <CReg>
ST_17 : Operation 741 [1/5] (5.41ns)   --->   "%mul_ln23_106 = mul i16 %sext_ln23_46, i16 %sext_ln23_11" [../source/tut3B_Function_Reshape/matrix_mult.cpp:23]   --->   Operation 741 'mul' 'mul_ln23_106' <Predicate = true> <Delay = 5.41> <CoreInst = "Multiplier">   --->   Core 3 'Multiplier' <Latency = 4> <II = 1> <Delay = 5.41> <FuncUnit> <Opcode : 'mul'> <InPorts = 2> <OutPorts = 1>
ST_17 : Operation 742 [3/3] (1.05ns) (grouped into DSP with root node add_ln23_86)   --->   "%mul_ln23_109 = mul i16 %sext_ln23_47, i16 %sext_ln23_12" [../source/tut3B_Function_Reshape/matrix_mult.cpp:23]   --->   Operation 742 'mul' 'mul_ln23_109' <Predicate = true> <Delay = 1.05> <CoreInst = "DSP48">   --->   Core 116 'DSP48' <Latency = 3> <II = 1> <Delay = 2.15> <IPBlock> <Opcode : 'add' 'sub' 'mul' 'select'> <InPorts = 0> <OutPorts = 1> <Sync> <CReg>
ST_17 : Operation 743 [2/3] (1.05ns) (grouped into DSP with root node add_ln23_88)   --->   "%mul_ln23_110 = mul i16 %sext_ln23_45, i16 %sext_ln23_15" [../source/tut3B_Function_Reshape/matrix_mult.cpp:23]   --->   Operation 743 'mul' 'mul_ln23_110' <Predicate = true> <Delay = 1.05> <CoreInst = "DSP48">   --->   Core 116 'DSP48' <Latency = 3> <II = 1> <Delay = 2.15> <IPBlock> <Opcode : 'add' 'sub' 'mul' 'select'> <InPorts = 0> <OutPorts = 1> <Sync> <CReg>
ST_17 : Operation 744 [1/5] (5.41ns)   --->   "%mul_ln23_111 = mul i16 %sext_ln23_46, i16 %sext_ln23_16" [../source/tut3B_Function_Reshape/matrix_mult.cpp:23]   --->   Operation 744 'mul' 'mul_ln23_111' <Predicate = true> <Delay = 5.41> <CoreInst = "Multiplier">   --->   Core 3 'Multiplier' <Latency = 4> <II = 1> <Delay = 5.41> <FuncUnit> <Opcode : 'mul'> <InPorts = 2> <OutPorts = 1>
ST_17 : Operation 745 [3/3] (1.05ns) (grouped into DSP with root node add_ln23_90)   --->   "%mul_ln23_114 = mul i16 %sext_ln23_47, i16 %sext_ln23_17" [../source/tut3B_Function_Reshape/matrix_mult.cpp:23]   --->   Operation 745 'mul' 'mul_ln23_114' <Predicate = true> <Delay = 1.05> <CoreInst = "DSP48">   --->   Core 116 'DSP48' <Latency = 3> <II = 1> <Delay = 2.15> <IPBlock> <Opcode : 'add' 'sub' 'mul' 'select'> <InPorts = 0> <OutPorts = 1> <Sync> <CReg>
ST_17 : Operation 746 [3/3] (1.05ns) (grouped into DSP with root node add_ln23_92)   --->   "%mul_ln23_115 = mul i16 %sext_ln23_45, i16 %sext_ln23_20" [../source/tut3B_Function_Reshape/matrix_mult.cpp:23]   --->   Operation 746 'mul' 'mul_ln23_115' <Predicate = true> <Delay = 1.05> <CoreInst = "DSP48">   --->   Core 116 'DSP48' <Latency = 3> <II = 1> <Delay = 2.15> <IPBlock> <Opcode : 'add' 'sub' 'mul' 'select'> <InPorts = 0> <OutPorts = 1> <Sync> <CReg>
ST_17 : Operation 747 [2/5] (5.41ns)   --->   "%mul_ln23_116 = mul i16 %sext_ln23_46, i16 %sext_ln23_21" [../source/tut3B_Function_Reshape/matrix_mult.cpp:23]   --->   Operation 747 'mul' 'mul_ln23_116' <Predicate = true> <Delay = 5.41> <CoreInst = "Multiplier">   --->   Core 3 'Multiplier' <Latency = 4> <II = 1> <Delay = 5.41> <FuncUnit> <Opcode : 'mul'> <InPorts = 2> <OutPorts = 1>
ST_17 : Operation 748 [3/3] (1.05ns) (grouped into DSP with root node add_ln23_94)   --->   "%mul_ln23_119 = mul i16 %sext_ln23_47, i16 %sext_ln23_22" [../source/tut3B_Function_Reshape/matrix_mult.cpp:23]   --->   Operation 748 'mul' 'mul_ln23_119' <Predicate = true> <Delay = 1.05> <CoreInst = "DSP48">   --->   Core 116 'DSP48' <Latency = 3> <II = 1> <Delay = 2.15> <IPBlock> <Opcode : 'add' 'sub' 'mul' 'select'> <InPorts = 0> <OutPorts = 1> <Sync> <CReg>
ST_17 : Operation 749 [3/3] (1.05ns) (grouped into DSP with root node add_ln23_96)   --->   "%mul_ln23_120 = mul i16 %sext_ln23_45, i16 %sext_ln23_25" [../source/tut3B_Function_Reshape/matrix_mult.cpp:23]   --->   Operation 749 'mul' 'mul_ln23_120' <Predicate = true> <Delay = 1.05> <CoreInst = "DSP48">   --->   Core 116 'DSP48' <Latency = 3> <II = 1> <Delay = 2.15> <IPBlock> <Opcode : 'add' 'sub' 'mul' 'select'> <InPorts = 0> <OutPorts = 1> <Sync> <CReg>
ST_17 : Operation 750 [2/5] (5.41ns)   --->   "%mul_ln23_121 = mul i16 %sext_ln23_46, i16 %sext_ln23_26" [../source/tut3B_Function_Reshape/matrix_mult.cpp:23]   --->   Operation 750 'mul' 'mul_ln23_121' <Predicate = true> <Delay = 5.41> <CoreInst = "Multiplier">   --->   Core 3 'Multiplier' <Latency = 4> <II = 1> <Delay = 5.41> <FuncUnit> <Opcode : 'mul'> <InPorts = 2> <OutPorts = 1>

State 18 <SV = 17> <Delay = 5.41>
ST_18 : Operation 751 [1/1] (0.00ns)   --->   "%prod_addr_6 = getelementptr i16 %prod, i64 0, i64 6" [../source/tut3B_Function_Reshape/matrix_mult.cpp:23]   --->   Operation 751 'getelementptr' 'prod_addr_6' <Predicate = true> <Delay = 0.00>
ST_18 : Operation 752 [1/1] (0.00ns)   --->   "%prod_addr_7 = getelementptr i16 %prod, i64 0, i64 7" [../source/tut3B_Function_Reshape/matrix_mult.cpp:23]   --->   Operation 752 'getelementptr' 'prod_addr_7' <Predicate = true> <Delay = 0.00>
ST_18 : Operation 753 [1/1] ( I:0.00ns O:0.00ns )   --->   "%store_ln23 = store i16 %add_ln23_27, i5 %prod_addr_6" [../source/tut3B_Function_Reshape/matrix_mult.cpp:23]   --->   Operation 753 'store' 'store_ln23' <Predicate = true> <Delay = 0.00> <CoreInst = "RAM">   --->   Core 81 'RAM' <Latency = 0> <II = 1> <Delay = 1.86> <Storage> <Opcode : 'load' 'store'> <Ports = 2> <Width = 16> <Depth = 25> <RAM>
ST_18 : Operation 754 [1/1] ( I:0.00ns O:0.00ns )   --->   "%store_ln23 = store i16 %add_ln23_31, i5 %prod_addr_7" [../source/tut3B_Function_Reshape/matrix_mult.cpp:23]   --->   Operation 754 'store' 'store_ln23' <Predicate = true> <Delay = 0.00> <CoreInst = "RAM">   --->   Core 81 'RAM' <Latency = 0> <II = 1> <Delay = 1.86> <Storage> <Opcode : 'load' 'store'> <Ports = 2> <Width = 16> <Depth = 25> <RAM>
ST_18 : Operation 755 [1/1] (2.07ns)   --->   "%add_ln23_47 = add i16 %add_ln23_46, i16 %add_ln23_44" [../source/tut3B_Function_Reshape/matrix_mult.cpp:23]   --->   Operation 755 'add' 'add_ln23_47' <Predicate = true> <Delay = 2.07> <CoreInst = "Adder">   --->   Core 1 'Adder' <Latency = 0> <II = 1> <Delay = 2.07> <FuncUnit> <Opcode : 'add' 'sub'> <InPorts = 2> <OutPorts = 1>
ST_18 : Operation 756 [1/1] (2.07ns)   --->   "%add_ln23_51 = add i16 %add_ln23_50, i16 %add_ln23_48" [../source/tut3B_Function_Reshape/matrix_mult.cpp:23]   --->   Operation 756 'add' 'add_ln23_51' <Predicate = true> <Delay = 2.07> <CoreInst = "Adder">   --->   Core 1 'Adder' <Latency = 0> <II = 1> <Delay = 2.07> <FuncUnit> <Opcode : 'add' 'sub'> <InPorts = 2> <OutPorts = 1>
ST_18 : Operation 757 [1/1] (2.07ns)   --->   "%add_ln23_55 = add i16 %add_ln23_54, i16 %add_ln23_52" [../source/tut3B_Function_Reshape/matrix_mult.cpp:23]   --->   Operation 757 'add' 'add_ln23_55' <Predicate = true> <Delay = 2.07> <CoreInst = "Adder">   --->   Core 1 'Adder' <Latency = 0> <II = 1> <Delay = 2.07> <FuncUnit> <Opcode : 'add' 'sub'> <InPorts = 2> <OutPorts = 1>
ST_18 : Operation 758 [1/1] (2.07ns)   --->   "%add_ln23_59 = add i16 %add_ln23_58, i16 %add_ln23_56" [../source/tut3B_Function_Reshape/matrix_mult.cpp:23]   --->   Operation 758 'add' 'add_ln23_59' <Predicate = true> <Delay = 2.07> <CoreInst = "Adder">   --->   Core 1 'Adder' <Latency = 0> <II = 1> <Delay = 2.07> <FuncUnit> <Opcode : 'add' 'sub'> <InPorts = 2> <OutPorts = 1>
ST_18 : Operation 759 [1/2] (2.10ns) (root node of the DSP)   --->   "%add_ln23_60 = add i16 %mul_ln23_76, i16 %mul_ln23_75" [../source/tut3B_Function_Reshape/matrix_mult.cpp:23]   --->   Operation 759 'add' 'add_ln23_60' <Predicate = true> <Delay = 2.10> <CoreInst = "DSP48">   --->   Core 116 'DSP48' <Latency = 3> <II = 1> <Delay = 2.15> <IPBlock> <Opcode : 'add' 'sub' 'mul' 'select'> <InPorts = 0> <OutPorts = 1> <Sync> <CReg>
ST_18 : Operation 760 [1/2] (2.10ns) (root node of the DSP)   --->   "%add_ln23_64 = add i16 %mul_ln23_81, i16 %mul_ln23_80" [../source/tut3B_Function_Reshape/matrix_mult.cpp:23]   --->   Operation 760 'add' 'add_ln23_64' <Predicate = true> <Delay = 2.10> <CoreInst = "DSP48">   --->   Core 116 'DSP48' <Latency = 3> <II = 1> <Delay = 2.15> <IPBlock> <Opcode : 'add' 'sub' 'mul' 'select'> <InPorts = 0> <OutPorts = 1> <Sync> <CReg>
ST_18 : Operation 761 [1/2] (2.10ns) (root node of the DSP)   --->   "%add_ln23_66 = add i16 %add_ln23_65, i16 %mul_ln23_84" [../source/tut3B_Function_Reshape/matrix_mult.cpp:23]   --->   Operation 761 'add' 'add_ln23_66' <Predicate = true> <Delay = 2.10> <CoreInst = "DSP48">   --->   Core 116 'DSP48' <Latency = 3> <II = 1> <Delay = 2.15> <IPBlock> <Opcode : 'add' 'sub' 'mul' 'select'> <InPorts = 0> <OutPorts = 1> <Sync> <CReg>
ST_18 : Operation 762 [1/2] (2.10ns) (root node of the DSP)   --->   "%add_ln23_68 = add i16 %mul_ln23_86, i16 %mul_ln23_85" [../source/tut3B_Function_Reshape/matrix_mult.cpp:23]   --->   Operation 762 'add' 'add_ln23_68' <Predicate = true> <Delay = 2.10> <CoreInst = "DSP48">   --->   Core 116 'DSP48' <Latency = 3> <II = 1> <Delay = 2.15> <IPBlock> <Opcode : 'add' 'sub' 'mul' 'select'> <InPorts = 0> <OutPorts = 1> <Sync> <CReg>
ST_18 : Operation 763 [1/2] (2.10ns) (root node of the DSP)   --->   "%add_ln23_70 = add i16 %add_ln23_69, i16 %mul_ln23_89" [../source/tut3B_Function_Reshape/matrix_mult.cpp:23]   --->   Operation 763 'add' 'add_ln23_70' <Predicate = true> <Delay = 2.10> <CoreInst = "DSP48">   --->   Core 116 'DSP48' <Latency = 3> <II = 1> <Delay = 2.15> <IPBlock> <Opcode : 'add' 'sub' 'mul' 'select'> <InPorts = 0> <OutPorts = 1> <Sync> <CReg>
ST_18 : Operation 764 [1/3] (0.00ns) (grouped into DSP with root node add_ln23_74)   --->   "%mul_ln23_94 = mul i16 %sext_ln23_42, i16 %sext_ln23_22" [../source/tut3B_Function_Reshape/matrix_mult.cpp:23]   --->   Operation 764 'mul' 'mul_ln23_94' <Predicate = true> <Delay = 0.00> <CoreInst = "DSP48">   --->   Core 116 'DSP48' <Latency = 3> <II = 1> <Delay = 2.15> <IPBlock> <Opcode : 'add' 'sub' 'mul' 'select'> <InPorts = 0> <OutPorts = 1> <Sync> <CReg>
ST_18 : Operation 765 [1/2] (2.10ns) (root node of the DSP)   --->   "%add_ln23_72 = add i16 %mul_ln23_91, i16 %mul_ln23_90" [../source/tut3B_Function_Reshape/matrix_mult.cpp:23]   --->   Operation 765 'add' 'add_ln23_72' <Predicate = true> <Delay = 2.10> <CoreInst = "DSP48">   --->   Core 116 'DSP48' <Latency = 3> <II = 1> <Delay = 2.15> <IPBlock> <Opcode : 'add' 'sub' 'mul' 'select'> <InPorts = 0> <OutPorts = 1> <Sync> <CReg>
ST_18 : Operation 766 [2/2] (2.10ns) (root node of the DSP)   --->   "%add_ln23_74 = add i16 %add_ln23_73, i16 %mul_ln23_94" [../source/tut3B_Function_Reshape/matrix_mult.cpp:23]   --->   Operation 766 'add' 'add_ln23_74' <Predicate = true> <Delay = 2.10> <CoreInst = "DSP48">   --->   Core 116 'DSP48' <Latency = 3> <II = 1> <Delay = 2.15> <IPBlock> <Opcode : 'add' 'sub' 'mul' 'select'> <InPorts = 0> <OutPorts = 1> <Sync> <CReg>
ST_18 : Operation 767 [1/3] (0.00ns) (grouped into DSP with root node add_ln23_76)   --->   "%mul_ln23_95 = mul i16 %sext_ln23_40, i16 %sext_ln23_25" [../source/tut3B_Function_Reshape/matrix_mult.cpp:23]   --->   Operation 767 'mul' 'mul_ln23_95' <Predicate = true> <Delay = 0.00> <CoreInst = "DSP48">   --->   Core 116 'DSP48' <Latency = 3> <II = 1> <Delay = 2.15> <IPBlock> <Opcode : 'add' 'sub' 'mul' 'select'> <InPorts = 0> <OutPorts = 1> <Sync> <CReg>
ST_18 : Operation 768 [1/3] (0.00ns) (grouped into DSP with root node add_ln23_78)   --->   "%mul_ln23_99 = mul i16 %sext_ln23_42, i16 %sext_ln23_27" [../source/tut3B_Function_Reshape/matrix_mult.cpp:23]   --->   Operation 768 'mul' 'mul_ln23_99' <Predicate = true> <Delay = 0.00> <CoreInst = "DSP48">   --->   Core 116 'DSP48' <Latency = 3> <II = 1> <Delay = 2.15> <IPBlock> <Opcode : 'add' 'sub' 'mul' 'select'> <InPorts = 0> <OutPorts = 1> <Sync> <CReg>
ST_18 : Operation 769 [2/2] (2.10ns) (root node of the DSP)   --->   "%add_ln23_76 = add i16 %mul_ln23_96, i16 %mul_ln23_95" [../source/tut3B_Function_Reshape/matrix_mult.cpp:23]   --->   Operation 769 'add' 'add_ln23_76' <Predicate = true> <Delay = 2.10> <CoreInst = "DSP48">   --->   Core 116 'DSP48' <Latency = 3> <II = 1> <Delay = 2.15> <IPBlock> <Opcode : 'add' 'sub' 'mul' 'select'> <InPorts = 0> <OutPorts = 1> <Sync> <CReg>
ST_18 : Operation 770 [2/2] (2.10ns) (root node of the DSP)   --->   "%add_ln23_78 = add i16 %add_ln23_77, i16 %mul_ln23_99" [../source/tut3B_Function_Reshape/matrix_mult.cpp:23]   --->   Operation 770 'add' 'add_ln23_78' <Predicate = true> <Delay = 2.10> <CoreInst = "DSP48">   --->   Core 116 'DSP48' <Latency = 3> <II = 1> <Delay = 2.15> <IPBlock> <Opcode : 'add' 'sub' 'mul' 'select'> <InPorts = 0> <OutPorts = 1> <Sync> <CReg>
ST_18 : Operation 771 [1/3] (0.00ns) (grouped into DSP with root node add_ln23_80)   --->   "%mul_ln23_100 = mul i16 %sext_ln23_45, i16 %sext_ln23_1" [../source/tut3B_Function_Reshape/matrix_mult.cpp:23]   --->   Operation 771 'mul' 'mul_ln23_100' <Predicate = true> <Delay = 0.00> <CoreInst = "DSP48">   --->   Core 116 'DSP48' <Latency = 3> <II = 1> <Delay = 2.15> <IPBlock> <Opcode : 'add' 'sub' 'mul' 'select'> <InPorts = 0> <OutPorts = 1> <Sync> <CReg>
ST_18 : Operation 772 [2/3] (1.05ns) (grouped into DSP with root node add_ln23_82)   --->   "%mul_ln23_104 = mul i16 %sext_ln23_47, i16 %sext_ln23_5" [../source/tut3B_Function_Reshape/matrix_mult.cpp:23]   --->   Operation 772 'mul' 'mul_ln23_104' <Predicate = true> <Delay = 1.05> <CoreInst = "DSP48">   --->   Core 116 'DSP48' <Latency = 3> <II = 1> <Delay = 2.15> <IPBlock> <Opcode : 'add' 'sub' 'mul' 'select'> <InPorts = 0> <OutPorts = 1> <Sync> <CReg>
ST_18 : Operation 773 [2/2] (2.10ns) (root node of the DSP)   --->   "%add_ln23_80 = add i16 %mul_ln23_101, i16 %mul_ln23_100" [../source/tut3B_Function_Reshape/matrix_mult.cpp:23]   --->   Operation 773 'add' 'add_ln23_80' <Predicate = true> <Delay = 2.10> <CoreInst = "DSP48">   --->   Core 116 'DSP48' <Latency = 3> <II = 1> <Delay = 2.15> <IPBlock> <Opcode : 'add' 'sub' 'mul' 'select'> <InPorts = 0> <OutPorts = 1> <Sync> <CReg>
ST_18 : Operation 774 [1/3] (0.00ns) (grouped into DSP with root node add_ln23_84)   --->   "%mul_ln23_105 = mul i16 %sext_ln23_45, i16 %sext_ln23_10" [../source/tut3B_Function_Reshape/matrix_mult.cpp:23]   --->   Operation 774 'mul' 'mul_ln23_105' <Predicate = true> <Delay = 0.00> <CoreInst = "DSP48">   --->   Core 116 'DSP48' <Latency = 3> <II = 1> <Delay = 2.15> <IPBlock> <Opcode : 'add' 'sub' 'mul' 'select'> <InPorts = 0> <OutPorts = 1> <Sync> <CReg>
ST_18 : Operation 775 [2/3] (1.05ns) (grouped into DSP with root node add_ln23_86)   --->   "%mul_ln23_109 = mul i16 %sext_ln23_47, i16 %sext_ln23_12" [../source/tut3B_Function_Reshape/matrix_mult.cpp:23]   --->   Operation 775 'mul' 'mul_ln23_109' <Predicate = true> <Delay = 1.05> <CoreInst = "DSP48">   --->   Core 116 'DSP48' <Latency = 3> <II = 1> <Delay = 2.15> <IPBlock> <Opcode : 'add' 'sub' 'mul' 'select'> <InPorts = 0> <OutPorts = 1> <Sync> <CReg>
ST_18 : Operation 776 [2/2] (2.10ns) (root node of the DSP)   --->   "%add_ln23_84 = add i16 %mul_ln23_106, i16 %mul_ln23_105" [../source/tut3B_Function_Reshape/matrix_mult.cpp:23]   --->   Operation 776 'add' 'add_ln23_84' <Predicate = true> <Delay = 2.10> <CoreInst = "DSP48">   --->   Core 116 'DSP48' <Latency = 3> <II = 1> <Delay = 2.15> <IPBlock> <Opcode : 'add' 'sub' 'mul' 'select'> <InPorts = 0> <OutPorts = 1> <Sync> <CReg>
ST_18 : Operation 777 [1/3] (0.00ns) (grouped into DSP with root node add_ln23_88)   --->   "%mul_ln23_110 = mul i16 %sext_ln23_45, i16 %sext_ln23_15" [../source/tut3B_Function_Reshape/matrix_mult.cpp:23]   --->   Operation 777 'mul' 'mul_ln23_110' <Predicate = true> <Delay = 0.00> <CoreInst = "DSP48">   --->   Core 116 'DSP48' <Latency = 3> <II = 1> <Delay = 2.15> <IPBlock> <Opcode : 'add' 'sub' 'mul' 'select'> <InPorts = 0> <OutPorts = 1> <Sync> <CReg>
ST_18 : Operation 778 [2/3] (1.05ns) (grouped into DSP with root node add_ln23_90)   --->   "%mul_ln23_114 = mul i16 %sext_ln23_47, i16 %sext_ln23_17" [../source/tut3B_Function_Reshape/matrix_mult.cpp:23]   --->   Operation 778 'mul' 'mul_ln23_114' <Predicate = true> <Delay = 1.05> <CoreInst = "DSP48">   --->   Core 116 'DSP48' <Latency = 3> <II = 1> <Delay = 2.15> <IPBlock> <Opcode : 'add' 'sub' 'mul' 'select'> <InPorts = 0> <OutPorts = 1> <Sync> <CReg>
ST_18 : Operation 779 [2/2] (2.10ns) (root node of the DSP)   --->   "%add_ln23_88 = add i16 %mul_ln23_111, i16 %mul_ln23_110" [../source/tut3B_Function_Reshape/matrix_mult.cpp:23]   --->   Operation 779 'add' 'add_ln23_88' <Predicate = true> <Delay = 2.10> <CoreInst = "DSP48">   --->   Core 116 'DSP48' <Latency = 3> <II = 1> <Delay = 2.15> <IPBlock> <Opcode : 'add' 'sub' 'mul' 'select'> <InPorts = 0> <OutPorts = 1> <Sync> <CReg>
ST_18 : Operation 780 [2/3] (1.05ns) (grouped into DSP with root node add_ln23_92)   --->   "%mul_ln23_115 = mul i16 %sext_ln23_45, i16 %sext_ln23_20" [../source/tut3B_Function_Reshape/matrix_mult.cpp:23]   --->   Operation 780 'mul' 'mul_ln23_115' <Predicate = true> <Delay = 1.05> <CoreInst = "DSP48">   --->   Core 116 'DSP48' <Latency = 3> <II = 1> <Delay = 2.15> <IPBlock> <Opcode : 'add' 'sub' 'mul' 'select'> <InPorts = 0> <OutPorts = 1> <Sync> <CReg>
ST_18 : Operation 781 [1/5] (5.41ns)   --->   "%mul_ln23_116 = mul i16 %sext_ln23_46, i16 %sext_ln23_21" [../source/tut3B_Function_Reshape/matrix_mult.cpp:23]   --->   Operation 781 'mul' 'mul_ln23_116' <Predicate = true> <Delay = 5.41> <CoreInst = "Multiplier">   --->   Core 3 'Multiplier' <Latency = 4> <II = 1> <Delay = 5.41> <FuncUnit> <Opcode : 'mul'> <InPorts = 2> <OutPorts = 1>
ST_18 : Operation 782 [2/3] (1.05ns) (grouped into DSP with root node add_ln23_94)   --->   "%mul_ln23_119 = mul i16 %sext_ln23_47, i16 %sext_ln23_22" [../source/tut3B_Function_Reshape/matrix_mult.cpp:23]   --->   Operation 782 'mul' 'mul_ln23_119' <Predicate = true> <Delay = 1.05> <CoreInst = "DSP48">   --->   Core 116 'DSP48' <Latency = 3> <II = 1> <Delay = 2.15> <IPBlock> <Opcode : 'add' 'sub' 'mul' 'select'> <InPorts = 0> <OutPorts = 1> <Sync> <CReg>
ST_18 : Operation 783 [2/3] (1.05ns) (grouped into DSP with root node add_ln23_96)   --->   "%mul_ln23_120 = mul i16 %sext_ln23_45, i16 %sext_ln23_25" [../source/tut3B_Function_Reshape/matrix_mult.cpp:23]   --->   Operation 783 'mul' 'mul_ln23_120' <Predicate = true> <Delay = 1.05> <CoreInst = "DSP48">   --->   Core 116 'DSP48' <Latency = 3> <II = 1> <Delay = 2.15> <IPBlock> <Opcode : 'add' 'sub' 'mul' 'select'> <InPorts = 0> <OutPorts = 1> <Sync> <CReg>
ST_18 : Operation 784 [1/5] (5.41ns)   --->   "%mul_ln23_121 = mul i16 %sext_ln23_46, i16 %sext_ln23_26" [../source/tut3B_Function_Reshape/matrix_mult.cpp:23]   --->   Operation 784 'mul' 'mul_ln23_121' <Predicate = true> <Delay = 5.41> <CoreInst = "Multiplier">   --->   Core 3 'Multiplier' <Latency = 4> <II = 1> <Delay = 5.41> <FuncUnit> <Opcode : 'mul'> <InPorts = 2> <OutPorts = 1>
ST_18 : Operation 785 [3/3] (1.05ns) (grouped into DSP with root node add_ln23_98)   --->   "%mul_ln23_124 = mul i16 %sext_ln23_47, i16 %sext_ln23_27" [../source/tut3B_Function_Reshape/matrix_mult.cpp:23]   --->   Operation 785 'mul' 'mul_ln23_124' <Predicate = true> <Delay = 1.05> <CoreInst = "DSP48">   --->   Core 116 'DSP48' <Latency = 3> <II = 1> <Delay = 2.15> <IPBlock> <Opcode : 'add' 'sub' 'mul' 'select'> <InPorts = 0> <OutPorts = 1> <Sync> <CReg>

State 19 <SV = 18> <Delay = 2.10>
ST_19 : Operation 786 [1/1] (0.00ns)   --->   "%prod_addr_8 = getelementptr i16 %prod, i64 0, i64 8" [../source/tut3B_Function_Reshape/matrix_mult.cpp:23]   --->   Operation 786 'getelementptr' 'prod_addr_8' <Predicate = true> <Delay = 0.00>
ST_19 : Operation 787 [1/1] (0.00ns)   --->   "%prod_addr_9 = getelementptr i16 %prod, i64 0, i64 9" [../source/tut3B_Function_Reshape/matrix_mult.cpp:23]   --->   Operation 787 'getelementptr' 'prod_addr_9' <Predicate = true> <Delay = 0.00>
ST_19 : Operation 788 [1/1] ( I:0.00ns O:0.00ns )   --->   "%store_ln23 = store i16 %add_ln23_35, i5 %prod_addr_8" [../source/tut3B_Function_Reshape/matrix_mult.cpp:23]   --->   Operation 788 'store' 'store_ln23' <Predicate = true> <Delay = 0.00> <CoreInst = "RAM">   --->   Core 81 'RAM' <Latency = 0> <II = 1> <Delay = 1.86> <Storage> <Opcode : 'load' 'store'> <Ports = 2> <Width = 16> <Depth = 25> <RAM>
ST_19 : Operation 789 [1/1] ( I:0.00ns O:0.00ns )   --->   "%store_ln23 = store i16 %add_ln23_39, i5 %prod_addr_9" [../source/tut3B_Function_Reshape/matrix_mult.cpp:23]   --->   Operation 789 'store' 'store_ln23' <Predicate = true> <Delay = 0.00> <CoreInst = "RAM">   --->   Core 81 'RAM' <Latency = 0> <II = 1> <Delay = 1.86> <Storage> <Opcode : 'load' 'store'> <Ports = 2> <Width = 16> <Depth = 25> <RAM>
ST_19 : Operation 790 [1/1] (2.07ns)   --->   "%add_ln23_63 = add i16 %add_ln23_62, i16 %add_ln23_60" [../source/tut3B_Function_Reshape/matrix_mult.cpp:23]   --->   Operation 790 'add' 'add_ln23_63' <Predicate = true> <Delay = 2.07> <CoreInst = "Adder">   --->   Core 1 'Adder' <Latency = 0> <II = 1> <Delay = 2.07> <FuncUnit> <Opcode : 'add' 'sub'> <InPorts = 2> <OutPorts = 1>
ST_19 : Operation 791 [1/1] (2.07ns)   --->   "%add_ln23_67 = add i16 %add_ln23_66, i16 %add_ln23_64" [../source/tut3B_Function_Reshape/matrix_mult.cpp:23]   --->   Operation 791 'add' 'add_ln23_67' <Predicate = true> <Delay = 2.07> <CoreInst = "Adder">   --->   Core 1 'Adder' <Latency = 0> <II = 1> <Delay = 2.07> <FuncUnit> <Opcode : 'add' 'sub'> <InPorts = 2> <OutPorts = 1>
ST_19 : Operation 792 [1/1] (2.07ns)   --->   "%add_ln23_71 = add i16 %add_ln23_70, i16 %add_ln23_68" [../source/tut3B_Function_Reshape/matrix_mult.cpp:23]   --->   Operation 792 'add' 'add_ln23_71' <Predicate = true> <Delay = 2.07> <CoreInst = "Adder">   --->   Core 1 'Adder' <Latency = 0> <II = 1> <Delay = 2.07> <FuncUnit> <Opcode : 'add' 'sub'> <InPorts = 2> <OutPorts = 1>
ST_19 : Operation 793 [1/2] (2.10ns) (root node of the DSP)   --->   "%add_ln23_74 = add i16 %add_ln23_73, i16 %mul_ln23_94" [../source/tut3B_Function_Reshape/matrix_mult.cpp:23]   --->   Operation 793 'add' 'add_ln23_74' <Predicate = true> <Delay = 2.10> <CoreInst = "DSP48">   --->   Core 116 'DSP48' <Latency = 3> <II = 1> <Delay = 2.15> <IPBlock> <Opcode : 'add' 'sub' 'mul' 'select'> <InPorts = 0> <OutPorts = 1> <Sync> <CReg>
ST_19 : Operation 794 [1/2] (2.10ns) (root node of the DSP)   --->   "%add_ln23_76 = add i16 %mul_ln23_96, i16 %mul_ln23_95" [../source/tut3B_Function_Reshape/matrix_mult.cpp:23]   --->   Operation 794 'add' 'add_ln23_76' <Predicate = true> <Delay = 2.10> <CoreInst = "DSP48">   --->   Core 116 'DSP48' <Latency = 3> <II = 1> <Delay = 2.15> <IPBlock> <Opcode : 'add' 'sub' 'mul' 'select'> <InPorts = 0> <OutPorts = 1> <Sync> <CReg>
ST_19 : Operation 795 [1/2] (2.10ns) (root node of the DSP)   --->   "%add_ln23_78 = add i16 %add_ln23_77, i16 %mul_ln23_99" [../source/tut3B_Function_Reshape/matrix_mult.cpp:23]   --->   Operation 795 'add' 'add_ln23_78' <Predicate = true> <Delay = 2.10> <CoreInst = "DSP48">   --->   Core 116 'DSP48' <Latency = 3> <II = 1> <Delay = 2.15> <IPBlock> <Opcode : 'add' 'sub' 'mul' 'select'> <InPorts = 0> <OutPorts = 1> <Sync> <CReg>
ST_19 : Operation 796 [1/3] (0.00ns) (grouped into DSP with root node add_ln23_82)   --->   "%mul_ln23_104 = mul i16 %sext_ln23_47, i16 %sext_ln23_5" [../source/tut3B_Function_Reshape/matrix_mult.cpp:23]   --->   Operation 796 'mul' 'mul_ln23_104' <Predicate = true> <Delay = 0.00> <CoreInst = "DSP48">   --->   Core 116 'DSP48' <Latency = 3> <II = 1> <Delay = 2.15> <IPBlock> <Opcode : 'add' 'sub' 'mul' 'select'> <InPorts = 0> <OutPorts = 1> <Sync> <CReg>
ST_19 : Operation 797 [1/2] (2.10ns) (root node of the DSP)   --->   "%add_ln23_80 = add i16 %mul_ln23_101, i16 %mul_ln23_100" [../source/tut3B_Function_Reshape/matrix_mult.cpp:23]   --->   Operation 797 'add' 'add_ln23_80' <Predicate = true> <Delay = 2.10> <CoreInst = "DSP48">   --->   Core 116 'DSP48' <Latency = 3> <II = 1> <Delay = 2.15> <IPBlock> <Opcode : 'add' 'sub' 'mul' 'select'> <InPorts = 0> <OutPorts = 1> <Sync> <CReg>
ST_19 : Operation 798 [2/2] (2.10ns) (root node of the DSP)   --->   "%add_ln23_82 = add i16 %add_ln23_81, i16 %mul_ln23_104" [../source/tut3B_Function_Reshape/matrix_mult.cpp:23]   --->   Operation 798 'add' 'add_ln23_82' <Predicate = true> <Delay = 2.10> <CoreInst = "DSP48">   --->   Core 116 'DSP48' <Latency = 3> <II = 1> <Delay = 2.15> <IPBlock> <Opcode : 'add' 'sub' 'mul' 'select'> <InPorts = 0> <OutPorts = 1> <Sync> <CReg>
ST_19 : Operation 799 [1/3] (0.00ns) (grouped into DSP with root node add_ln23_86)   --->   "%mul_ln23_109 = mul i16 %sext_ln23_47, i16 %sext_ln23_12" [../source/tut3B_Function_Reshape/matrix_mult.cpp:23]   --->   Operation 799 'mul' 'mul_ln23_109' <Predicate = true> <Delay = 0.00> <CoreInst = "DSP48">   --->   Core 116 'DSP48' <Latency = 3> <II = 1> <Delay = 2.15> <IPBlock> <Opcode : 'add' 'sub' 'mul' 'select'> <InPorts = 0> <OutPorts = 1> <Sync> <CReg>
ST_19 : Operation 800 [1/2] (2.10ns) (root node of the DSP)   --->   "%add_ln23_84 = add i16 %mul_ln23_106, i16 %mul_ln23_105" [../source/tut3B_Function_Reshape/matrix_mult.cpp:23]   --->   Operation 800 'add' 'add_ln23_84' <Predicate = true> <Delay = 2.10> <CoreInst = "DSP48">   --->   Core 116 'DSP48' <Latency = 3> <II = 1> <Delay = 2.15> <IPBlock> <Opcode : 'add' 'sub' 'mul' 'select'> <InPorts = 0> <OutPorts = 1> <Sync> <CReg>
ST_19 : Operation 801 [2/2] (2.10ns) (root node of the DSP)   --->   "%add_ln23_86 = add i16 %add_ln23_85, i16 %mul_ln23_109" [../source/tut3B_Function_Reshape/matrix_mult.cpp:23]   --->   Operation 801 'add' 'add_ln23_86' <Predicate = true> <Delay = 2.10> <CoreInst = "DSP48">   --->   Core 116 'DSP48' <Latency = 3> <II = 1> <Delay = 2.15> <IPBlock> <Opcode : 'add' 'sub' 'mul' 'select'> <InPorts = 0> <OutPorts = 1> <Sync> <CReg>
ST_19 : Operation 802 [1/3] (0.00ns) (grouped into DSP with root node add_ln23_90)   --->   "%mul_ln23_114 = mul i16 %sext_ln23_47, i16 %sext_ln23_17" [../source/tut3B_Function_Reshape/matrix_mult.cpp:23]   --->   Operation 802 'mul' 'mul_ln23_114' <Predicate = true> <Delay = 0.00> <CoreInst = "DSP48">   --->   Core 116 'DSP48' <Latency = 3> <II = 1> <Delay = 2.15> <IPBlock> <Opcode : 'add' 'sub' 'mul' 'select'> <InPorts = 0> <OutPorts = 1> <Sync> <CReg>
ST_19 : Operation 803 [1/2] (2.10ns) (root node of the DSP)   --->   "%add_ln23_88 = add i16 %mul_ln23_111, i16 %mul_ln23_110" [../source/tut3B_Function_Reshape/matrix_mult.cpp:23]   --->   Operation 803 'add' 'add_ln23_88' <Predicate = true> <Delay = 2.10> <CoreInst = "DSP48">   --->   Core 116 'DSP48' <Latency = 3> <II = 1> <Delay = 2.15> <IPBlock> <Opcode : 'add' 'sub' 'mul' 'select'> <InPorts = 0> <OutPorts = 1> <Sync> <CReg>
ST_19 : Operation 804 [2/2] (2.10ns) (root node of the DSP)   --->   "%add_ln23_90 = add i16 %add_ln23_89, i16 %mul_ln23_114" [../source/tut3B_Function_Reshape/matrix_mult.cpp:23]   --->   Operation 804 'add' 'add_ln23_90' <Predicate = true> <Delay = 2.10> <CoreInst = "DSP48">   --->   Core 116 'DSP48' <Latency = 3> <II = 1> <Delay = 2.15> <IPBlock> <Opcode : 'add' 'sub' 'mul' 'select'> <InPorts = 0> <OutPorts = 1> <Sync> <CReg>
ST_19 : Operation 805 [1/3] (0.00ns) (grouped into DSP with root node add_ln23_92)   --->   "%mul_ln23_115 = mul i16 %sext_ln23_45, i16 %sext_ln23_20" [../source/tut3B_Function_Reshape/matrix_mult.cpp:23]   --->   Operation 805 'mul' 'mul_ln23_115' <Predicate = true> <Delay = 0.00> <CoreInst = "DSP48">   --->   Core 116 'DSP48' <Latency = 3> <II = 1> <Delay = 2.15> <IPBlock> <Opcode : 'add' 'sub' 'mul' 'select'> <InPorts = 0> <OutPorts = 1> <Sync> <CReg>
ST_19 : Operation 806 [1/3] (0.00ns) (grouped into DSP with root node add_ln23_94)   --->   "%mul_ln23_119 = mul i16 %sext_ln23_47, i16 %sext_ln23_22" [../source/tut3B_Function_Reshape/matrix_mult.cpp:23]   --->   Operation 806 'mul' 'mul_ln23_119' <Predicate = true> <Delay = 0.00> <CoreInst = "DSP48">   --->   Core 116 'DSP48' <Latency = 3> <II = 1> <Delay = 2.15> <IPBlock> <Opcode : 'add' 'sub' 'mul' 'select'> <InPorts = 0> <OutPorts = 1> <Sync> <CReg>
ST_19 : Operation 807 [2/2] (2.10ns) (root node of the DSP)   --->   "%add_ln23_92 = add i16 %mul_ln23_116, i16 %mul_ln23_115" [../source/tut3B_Function_Reshape/matrix_mult.cpp:23]   --->   Operation 807 'add' 'add_ln23_92' <Predicate = true> <Delay = 2.10> <CoreInst = "DSP48">   --->   Core 116 'DSP48' <Latency = 3> <II = 1> <Delay = 2.15> <IPBlock> <Opcode : 'add' 'sub' 'mul' 'select'> <InPorts = 0> <OutPorts = 1> <Sync> <CReg>
ST_19 : Operation 808 [2/2] (2.10ns) (root node of the DSP)   --->   "%add_ln23_94 = add i16 %add_ln23_93, i16 %mul_ln23_119" [../source/tut3B_Function_Reshape/matrix_mult.cpp:23]   --->   Operation 808 'add' 'add_ln23_94' <Predicate = true> <Delay = 2.10> <CoreInst = "DSP48">   --->   Core 116 'DSP48' <Latency = 3> <II = 1> <Delay = 2.15> <IPBlock> <Opcode : 'add' 'sub' 'mul' 'select'> <InPorts = 0> <OutPorts = 1> <Sync> <CReg>
ST_19 : Operation 809 [1/3] (0.00ns) (grouped into DSP with root node add_ln23_96)   --->   "%mul_ln23_120 = mul i16 %sext_ln23_45, i16 %sext_ln23_25" [../source/tut3B_Function_Reshape/matrix_mult.cpp:23]   --->   Operation 809 'mul' 'mul_ln23_120' <Predicate = true> <Delay = 0.00> <CoreInst = "DSP48">   --->   Core 116 'DSP48' <Latency = 3> <II = 1> <Delay = 2.15> <IPBlock> <Opcode : 'add' 'sub' 'mul' 'select'> <InPorts = 0> <OutPorts = 1> <Sync> <CReg>
ST_19 : Operation 810 [2/3] (1.05ns) (grouped into DSP with root node add_ln23_98)   --->   "%mul_ln23_124 = mul i16 %sext_ln23_47, i16 %sext_ln23_27" [../source/tut3B_Function_Reshape/matrix_mult.cpp:23]   --->   Operation 810 'mul' 'mul_ln23_124' <Predicate = true> <Delay = 1.05> <CoreInst = "DSP48">   --->   Core 116 'DSP48' <Latency = 3> <II = 1> <Delay = 2.15> <IPBlock> <Opcode : 'add' 'sub' 'mul' 'select'> <InPorts = 0> <OutPorts = 1> <Sync> <CReg>
ST_19 : Operation 811 [2/2] (2.10ns) (root node of the DSP)   --->   "%add_ln23_96 = add i16 %mul_ln23_121, i16 %mul_ln23_120" [../source/tut3B_Function_Reshape/matrix_mult.cpp:23]   --->   Operation 811 'add' 'add_ln23_96' <Predicate = true> <Delay = 2.10> <CoreInst = "DSP48">   --->   Core 116 'DSP48' <Latency = 3> <II = 1> <Delay = 2.15> <IPBlock> <Opcode : 'add' 'sub' 'mul' 'select'> <InPorts = 0> <OutPorts = 1> <Sync> <CReg>

State 20 <SV = 19> <Delay = 2.10>
ST_20 : Operation 812 [1/1] (0.00ns)   --->   "%prod_addr_10 = getelementptr i16 %prod, i64 0, i64 10" [../source/tut3B_Function_Reshape/matrix_mult.cpp:23]   --->   Operation 812 'getelementptr' 'prod_addr_10' <Predicate = true> <Delay = 0.00>
ST_20 : Operation 813 [1/1] (0.00ns)   --->   "%prod_addr_11 = getelementptr i16 %prod, i64 0, i64 11" [../source/tut3B_Function_Reshape/matrix_mult.cpp:23]   --->   Operation 813 'getelementptr' 'prod_addr_11' <Predicate = true> <Delay = 0.00>
ST_20 : Operation 814 [1/1] ( I:0.00ns O:0.00ns )   --->   "%store_ln23 = store i16 %add_ln23_43, i5 %prod_addr_10" [../source/tut3B_Function_Reshape/matrix_mult.cpp:23]   --->   Operation 814 'store' 'store_ln23' <Predicate = true> <Delay = 0.00> <CoreInst = "RAM">   --->   Core 81 'RAM' <Latency = 0> <II = 1> <Delay = 1.86> <Storage> <Opcode : 'load' 'store'> <Ports = 2> <Width = 16> <Depth = 25> <RAM>
ST_20 : Operation 815 [1/1] ( I:0.00ns O:0.00ns )   --->   "%store_ln23 = store i16 %add_ln23_47, i5 %prod_addr_11" [../source/tut3B_Function_Reshape/matrix_mult.cpp:23]   --->   Operation 815 'store' 'store_ln23' <Predicate = true> <Delay = 0.00> <CoreInst = "RAM">   --->   Core 81 'RAM' <Latency = 0> <II = 1> <Delay = 1.86> <Storage> <Opcode : 'load' 'store'> <Ports = 2> <Width = 16> <Depth = 25> <RAM>
ST_20 : Operation 816 [1/1] (2.07ns)   --->   "%add_ln23_75 = add i16 %add_ln23_74, i16 %add_ln23_72" [../source/tut3B_Function_Reshape/matrix_mult.cpp:23]   --->   Operation 816 'add' 'add_ln23_75' <Predicate = true> <Delay = 2.07> <CoreInst = "Adder">   --->   Core 1 'Adder' <Latency = 0> <II = 1> <Delay = 2.07> <FuncUnit> <Opcode : 'add' 'sub'> <InPorts = 2> <OutPorts = 1>
ST_20 : Operation 817 [1/1] (2.07ns)   --->   "%add_ln23_79 = add i16 %add_ln23_78, i16 %add_ln23_76" [../source/tut3B_Function_Reshape/matrix_mult.cpp:23]   --->   Operation 817 'add' 'add_ln23_79' <Predicate = true> <Delay = 2.07> <CoreInst = "Adder">   --->   Core 1 'Adder' <Latency = 0> <II = 1> <Delay = 2.07> <FuncUnit> <Opcode : 'add' 'sub'> <InPorts = 2> <OutPorts = 1>
ST_20 : Operation 818 [1/2] (2.10ns) (root node of the DSP)   --->   "%add_ln23_82 = add i16 %add_ln23_81, i16 %mul_ln23_104" [../source/tut3B_Function_Reshape/matrix_mult.cpp:23]   --->   Operation 818 'add' 'add_ln23_82' <Predicate = true> <Delay = 2.10> <CoreInst = "DSP48">   --->   Core 116 'DSP48' <Latency = 3> <II = 1> <Delay = 2.15> <IPBlock> <Opcode : 'add' 'sub' 'mul' 'select'> <InPorts = 0> <OutPorts = 1> <Sync> <CReg>
ST_20 : Operation 819 [1/2] (2.10ns) (root node of the DSP)   --->   "%add_ln23_86 = add i16 %add_ln23_85, i16 %mul_ln23_109" [../source/tut3B_Function_Reshape/matrix_mult.cpp:23]   --->   Operation 819 'add' 'add_ln23_86' <Predicate = true> <Delay = 2.10> <CoreInst = "DSP48">   --->   Core 116 'DSP48' <Latency = 3> <II = 1> <Delay = 2.15> <IPBlock> <Opcode : 'add' 'sub' 'mul' 'select'> <InPorts = 0> <OutPorts = 1> <Sync> <CReg>
ST_20 : Operation 820 [1/2] (2.10ns) (root node of the DSP)   --->   "%add_ln23_90 = add i16 %add_ln23_89, i16 %mul_ln23_114" [../source/tut3B_Function_Reshape/matrix_mult.cpp:23]   --->   Operation 820 'add' 'add_ln23_90' <Predicate = true> <Delay = 2.10> <CoreInst = "DSP48">   --->   Core 116 'DSP48' <Latency = 3> <II = 1> <Delay = 2.15> <IPBlock> <Opcode : 'add' 'sub' 'mul' 'select'> <InPorts = 0> <OutPorts = 1> <Sync> <CReg>
ST_20 : Operation 821 [1/2] (2.10ns) (root node of the DSP)   --->   "%add_ln23_92 = add i16 %mul_ln23_116, i16 %mul_ln23_115" [../source/tut3B_Function_Reshape/matrix_mult.cpp:23]   --->   Operation 821 'add' 'add_ln23_92' <Predicate = true> <Delay = 2.10> <CoreInst = "DSP48">   --->   Core 116 'DSP48' <Latency = 3> <II = 1> <Delay = 2.15> <IPBlock> <Opcode : 'add' 'sub' 'mul' 'select'> <InPorts = 0> <OutPorts = 1> <Sync> <CReg>
ST_20 : Operation 822 [1/2] (2.10ns) (root node of the DSP)   --->   "%add_ln23_94 = add i16 %add_ln23_93, i16 %mul_ln23_119" [../source/tut3B_Function_Reshape/matrix_mult.cpp:23]   --->   Operation 822 'add' 'add_ln23_94' <Predicate = true> <Delay = 2.10> <CoreInst = "DSP48">   --->   Core 116 'DSP48' <Latency = 3> <II = 1> <Delay = 2.15> <IPBlock> <Opcode : 'add' 'sub' 'mul' 'select'> <InPorts = 0> <OutPorts = 1> <Sync> <CReg>
ST_20 : Operation 823 [1/3] (0.00ns) (grouped into DSP with root node add_ln23_98)   --->   "%mul_ln23_124 = mul i16 %sext_ln23_47, i16 %sext_ln23_27" [../source/tut3B_Function_Reshape/matrix_mult.cpp:23]   --->   Operation 823 'mul' 'mul_ln23_124' <Predicate = true> <Delay = 0.00> <CoreInst = "DSP48">   --->   Core 116 'DSP48' <Latency = 3> <II = 1> <Delay = 2.15> <IPBlock> <Opcode : 'add' 'sub' 'mul' 'select'> <InPorts = 0> <OutPorts = 1> <Sync> <CReg>
ST_20 : Operation 824 [1/2] (2.10ns) (root node of the DSP)   --->   "%add_ln23_96 = add i16 %mul_ln23_121, i16 %mul_ln23_120" [../source/tut3B_Function_Reshape/matrix_mult.cpp:23]   --->   Operation 824 'add' 'add_ln23_96' <Predicate = true> <Delay = 2.10> <CoreInst = "DSP48">   --->   Core 116 'DSP48' <Latency = 3> <II = 1> <Delay = 2.15> <IPBlock> <Opcode : 'add' 'sub' 'mul' 'select'> <InPorts = 0> <OutPorts = 1> <Sync> <CReg>
ST_20 : Operation 825 [2/2] (2.10ns) (root node of the DSP)   --->   "%add_ln23_98 = add i16 %add_ln23_97, i16 %mul_ln23_124" [../source/tut3B_Function_Reshape/matrix_mult.cpp:23]   --->   Operation 825 'add' 'add_ln23_98' <Predicate = true> <Delay = 2.10> <CoreInst = "DSP48">   --->   Core 116 'DSP48' <Latency = 3> <II = 1> <Delay = 2.15> <IPBlock> <Opcode : 'add' 'sub' 'mul' 'select'> <InPorts = 0> <OutPorts = 1> <Sync> <CReg>

State 21 <SV = 20> <Delay = 2.10>
ST_21 : Operation 826 [1/1] (0.00ns)   --->   "%prod_addr_12 = getelementptr i16 %prod, i64 0, i64 12" [../source/tut3B_Function_Reshape/matrix_mult.cpp:23]   --->   Operation 826 'getelementptr' 'prod_addr_12' <Predicate = true> <Delay = 0.00>
ST_21 : Operation 827 [1/1] (0.00ns)   --->   "%prod_addr_13 = getelementptr i16 %prod, i64 0, i64 13" [../source/tut3B_Function_Reshape/matrix_mult.cpp:23]   --->   Operation 827 'getelementptr' 'prod_addr_13' <Predicate = true> <Delay = 0.00>
ST_21 : Operation 828 [1/1] ( I:0.00ns O:0.00ns )   --->   "%store_ln23 = store i16 %add_ln23_51, i5 %prod_addr_12" [../source/tut3B_Function_Reshape/matrix_mult.cpp:23]   --->   Operation 828 'store' 'store_ln23' <Predicate = true> <Delay = 0.00> <CoreInst = "RAM">   --->   Core 81 'RAM' <Latency = 0> <II = 1> <Delay = 1.86> <Storage> <Opcode : 'load' 'store'> <Ports = 2> <Width = 16> <Depth = 25> <RAM>
ST_21 : Operation 829 [1/1] ( I:0.00ns O:0.00ns )   --->   "%store_ln23 = store i16 %add_ln23_55, i5 %prod_addr_13" [../source/tut3B_Function_Reshape/matrix_mult.cpp:23]   --->   Operation 829 'store' 'store_ln23' <Predicate = true> <Delay = 0.00> <CoreInst = "RAM">   --->   Core 81 'RAM' <Latency = 0> <II = 1> <Delay = 1.86> <Storage> <Opcode : 'load' 'store'> <Ports = 2> <Width = 16> <Depth = 25> <RAM>
ST_21 : Operation 830 [1/1] (2.07ns)   --->   "%add_ln23_83 = add i16 %add_ln23_82, i16 %add_ln23_80" [../source/tut3B_Function_Reshape/matrix_mult.cpp:23]   --->   Operation 830 'add' 'add_ln23_83' <Predicate = true> <Delay = 2.07> <CoreInst = "Adder">   --->   Core 1 'Adder' <Latency = 0> <II = 1> <Delay = 2.07> <FuncUnit> <Opcode : 'add' 'sub'> <InPorts = 2> <OutPorts = 1>
ST_21 : Operation 831 [1/1] (2.07ns)   --->   "%add_ln23_87 = add i16 %add_ln23_86, i16 %add_ln23_84" [../source/tut3B_Function_Reshape/matrix_mult.cpp:23]   --->   Operation 831 'add' 'add_ln23_87' <Predicate = true> <Delay = 2.07> <CoreInst = "Adder">   --->   Core 1 'Adder' <Latency = 0> <II = 1> <Delay = 2.07> <FuncUnit> <Opcode : 'add' 'sub'> <InPorts = 2> <OutPorts = 1>
ST_21 : Operation 832 [1/1] (2.07ns)   --->   "%add_ln23_91 = add i16 %add_ln23_90, i16 %add_ln23_88" [../source/tut3B_Function_Reshape/matrix_mult.cpp:23]   --->   Operation 832 'add' 'add_ln23_91' <Predicate = true> <Delay = 2.07> <CoreInst = "Adder">   --->   Core 1 'Adder' <Latency = 0> <II = 1> <Delay = 2.07> <FuncUnit> <Opcode : 'add' 'sub'> <InPorts = 2> <OutPorts = 1>
ST_21 : Operation 833 [1/1] (2.07ns)   --->   "%add_ln23_95 = add i16 %add_ln23_94, i16 %add_ln23_92" [../source/tut3B_Function_Reshape/matrix_mult.cpp:23]   --->   Operation 833 'add' 'add_ln23_95' <Predicate = true> <Delay = 2.07> <CoreInst = "Adder">   --->   Core 1 'Adder' <Latency = 0> <II = 1> <Delay = 2.07> <FuncUnit> <Opcode : 'add' 'sub'> <InPorts = 2> <OutPorts = 1>
ST_21 : Operation 834 [1/2] (2.10ns) (root node of the DSP)   --->   "%add_ln23_98 = add i16 %add_ln23_97, i16 %mul_ln23_124" [../source/tut3B_Function_Reshape/matrix_mult.cpp:23]   --->   Operation 834 'add' 'add_ln23_98' <Predicate = true> <Delay = 2.10> <CoreInst = "DSP48">   --->   Core 116 'DSP48' <Latency = 3> <II = 1> <Delay = 2.15> <IPBlock> <Opcode : 'add' 'sub' 'mul' 'select'> <InPorts = 0> <OutPorts = 1> <Sync> <CReg>

State 22 <SV = 21> <Delay = 2.07>
ST_22 : Operation 835 [1/1] (0.00ns)   --->   "%prod_addr_14 = getelementptr i16 %prod, i64 0, i64 14" [../source/tut3B_Function_Reshape/matrix_mult.cpp:23]   --->   Operation 835 'getelementptr' 'prod_addr_14' <Predicate = true> <Delay = 0.00>
ST_22 : Operation 836 [1/1] (0.00ns)   --->   "%prod_addr_15 = getelementptr i16 %prod, i64 0, i64 15" [../source/tut3B_Function_Reshape/matrix_mult.cpp:23]   --->   Operation 836 'getelementptr' 'prod_addr_15' <Predicate = true> <Delay = 0.00>
ST_22 : Operation 837 [1/1] ( I:0.00ns O:0.00ns )   --->   "%store_ln23 = store i16 %add_ln23_59, i5 %prod_addr_14" [../source/tut3B_Function_Reshape/matrix_mult.cpp:23]   --->   Operation 837 'store' 'store_ln23' <Predicate = true> <Delay = 0.00> <CoreInst = "RAM">   --->   Core 81 'RAM' <Latency = 0> <II = 1> <Delay = 1.86> <Storage> <Opcode : 'load' 'store'> <Ports = 2> <Width = 16> <Depth = 25> <RAM>
ST_22 : Operation 838 [1/1] ( I:0.00ns O:0.00ns )   --->   "%store_ln23 = store i16 %add_ln23_63, i5 %prod_addr_15" [../source/tut3B_Function_Reshape/matrix_mult.cpp:23]   --->   Operation 838 'store' 'store_ln23' <Predicate = true> <Delay = 0.00> <CoreInst = "RAM">   --->   Core 81 'RAM' <Latency = 0> <II = 1> <Delay = 1.86> <Storage> <Opcode : 'load' 'store'> <Ports = 2> <Width = 16> <Depth = 25> <RAM>
ST_22 : Operation 839 [1/1] (2.07ns)   --->   "%add_ln23_99 = add i16 %add_ln23_98, i16 %add_ln23_96" [../source/tut3B_Function_Reshape/matrix_mult.cpp:23]   --->   Operation 839 'add' 'add_ln23_99' <Predicate = true> <Delay = 2.07> <CoreInst = "Adder">   --->   Core 1 'Adder' <Latency = 0> <II = 1> <Delay = 2.07> <FuncUnit> <Opcode : 'add' 'sub'> <InPorts = 2> <OutPorts = 1>

State 23 <SV = 22> <Delay = 0.00>
ST_23 : Operation 840 [1/1] (0.00ns)   --->   "%prod_addr_16 = getelementptr i16 %prod, i64 0, i64 16" [../source/tut3B_Function_Reshape/matrix_mult.cpp:23]   --->   Operation 840 'getelementptr' 'prod_addr_16' <Predicate = true> <Delay = 0.00>
ST_23 : Operation 841 [1/1] (0.00ns)   --->   "%prod_addr_17 = getelementptr i16 %prod, i64 0, i64 17" [../source/tut3B_Function_Reshape/matrix_mult.cpp:23]   --->   Operation 841 'getelementptr' 'prod_addr_17' <Predicate = true> <Delay = 0.00>
ST_23 : Operation 842 [1/1] ( I:0.00ns O:0.00ns )   --->   "%store_ln23 = store i16 %add_ln23_67, i5 %prod_addr_16" [../source/tut3B_Function_Reshape/matrix_mult.cpp:23]   --->   Operation 842 'store' 'store_ln23' <Predicate = true> <Delay = 0.00> <CoreInst = "RAM">   --->   Core 81 'RAM' <Latency = 0> <II = 1> <Delay = 1.86> <Storage> <Opcode : 'load' 'store'> <Ports = 2> <Width = 16> <Depth = 25> <RAM>
ST_23 : Operation 843 [1/1] ( I:0.00ns O:0.00ns )   --->   "%store_ln23 = store i16 %add_ln23_71, i5 %prod_addr_17" [../source/tut3B_Function_Reshape/matrix_mult.cpp:23]   --->   Operation 843 'store' 'store_ln23' <Predicate = true> <Delay = 0.00> <CoreInst = "RAM">   --->   Core 81 'RAM' <Latency = 0> <II = 1> <Delay = 1.86> <Storage> <Opcode : 'load' 'store'> <Ports = 2> <Width = 16> <Depth = 25> <RAM>

State 24 <SV = 23> <Delay = 0.00>
ST_24 : Operation 844 [1/1] (0.00ns)   --->   "%prod_addr_18 = getelementptr i16 %prod, i64 0, i64 18" [../source/tut3B_Function_Reshape/matrix_mult.cpp:23]   --->   Operation 844 'getelementptr' 'prod_addr_18' <Predicate = true> <Delay = 0.00>
ST_24 : Operation 845 [1/1] (0.00ns)   --->   "%prod_addr_19 = getelementptr i16 %prod, i64 0, i64 19" [../source/tut3B_Function_Reshape/matrix_mult.cpp:23]   --->   Operation 845 'getelementptr' 'prod_addr_19' <Predicate = true> <Delay = 0.00>
ST_24 : Operation 846 [1/1] ( I:0.00ns O:0.00ns )   --->   "%store_ln23 = store i16 %add_ln23_75, i5 %prod_addr_18" [../source/tut3B_Function_Reshape/matrix_mult.cpp:23]   --->   Operation 846 'store' 'store_ln23' <Predicate = true> <Delay = 0.00> <CoreInst = "RAM">   --->   Core 81 'RAM' <Latency = 0> <II = 1> <Delay = 1.86> <Storage> <Opcode : 'load' 'store'> <Ports = 2> <Width = 16> <Depth = 25> <RAM>
ST_24 : Operation 847 [1/1] ( I:0.00ns O:0.00ns )   --->   "%store_ln23 = store i16 %add_ln23_79, i5 %prod_addr_19" [../source/tut3B_Function_Reshape/matrix_mult.cpp:23]   --->   Operation 847 'store' 'store_ln23' <Predicate = true> <Delay = 0.00> <CoreInst = "RAM">   --->   Core 81 'RAM' <Latency = 0> <II = 1> <Delay = 1.86> <Storage> <Opcode : 'load' 'store'> <Ports = 2> <Width = 16> <Depth = 25> <RAM>

State 25 <SV = 24> <Delay = 0.00>
ST_25 : Operation 848 [1/1] (0.00ns)   --->   "%prod_addr_20 = getelementptr i16 %prod, i64 0, i64 20" [../source/tut3B_Function_Reshape/matrix_mult.cpp:23]   --->   Operation 848 'getelementptr' 'prod_addr_20' <Predicate = true> <Delay = 0.00>
ST_25 : Operation 849 [1/1] (0.00ns)   --->   "%prod_addr_21 = getelementptr i16 %prod, i64 0, i64 21" [../source/tut3B_Function_Reshape/matrix_mult.cpp:23]   --->   Operation 849 'getelementptr' 'prod_addr_21' <Predicate = true> <Delay = 0.00>
ST_25 : Operation 850 [1/1] ( I:0.00ns O:0.00ns )   --->   "%store_ln23 = store i16 %add_ln23_83, i5 %prod_addr_20" [../source/tut3B_Function_Reshape/matrix_mult.cpp:23]   --->   Operation 850 'store' 'store_ln23' <Predicate = true> <Delay = 0.00> <CoreInst = "RAM">   --->   Core 81 'RAM' <Latency = 0> <II = 1> <Delay = 1.86> <Storage> <Opcode : 'load' 'store'> <Ports = 2> <Width = 16> <Depth = 25> <RAM>
ST_25 : Operation 851 [1/1] ( I:0.00ns O:0.00ns )   --->   "%store_ln23 = store i16 %add_ln23_87, i5 %prod_addr_21" [../source/tut3B_Function_Reshape/matrix_mult.cpp:23]   --->   Operation 851 'store' 'store_ln23' <Predicate = true> <Delay = 0.00> <CoreInst = "RAM">   --->   Core 81 'RAM' <Latency = 0> <II = 1> <Delay = 1.86> <Storage> <Opcode : 'load' 'store'> <Ports = 2> <Width = 16> <Depth = 25> <RAM>

State 26 <SV = 25> <Delay = 0.00>
ST_26 : Operation 852 [1/1] (0.00ns)   --->   "%prod_addr_22 = getelementptr i16 %prod, i64 0, i64 22" [../source/tut3B_Function_Reshape/matrix_mult.cpp:23]   --->   Operation 852 'getelementptr' 'prod_addr_22' <Predicate = true> <Delay = 0.00>
ST_26 : Operation 853 [1/1] (0.00ns)   --->   "%prod_addr_23 = getelementptr i16 %prod, i64 0, i64 23" [../source/tut3B_Function_Reshape/matrix_mult.cpp:23]   --->   Operation 853 'getelementptr' 'prod_addr_23' <Predicate = true> <Delay = 0.00>
ST_26 : Operation 854 [1/1] ( I:0.00ns O:0.00ns )   --->   "%store_ln23 = store i16 %add_ln23_91, i5 %prod_addr_22" [../source/tut3B_Function_Reshape/matrix_mult.cpp:23]   --->   Operation 854 'store' 'store_ln23' <Predicate = true> <Delay = 0.00> <CoreInst = "RAM">   --->   Core 81 'RAM' <Latency = 0> <II = 1> <Delay = 1.86> <Storage> <Opcode : 'load' 'store'> <Ports = 2> <Width = 16> <Depth = 25> <RAM>
ST_26 : Operation 855 [1/1] ( I:0.00ns O:0.00ns )   --->   "%store_ln23 = store i16 %add_ln23_95, i5 %prod_addr_23" [../source/tut3B_Function_Reshape/matrix_mult.cpp:23]   --->   Operation 855 'store' 'store_ln23' <Predicate = true> <Delay = 0.00> <CoreInst = "RAM">   --->   Core 81 'RAM' <Latency = 0> <II = 1> <Delay = 1.86> <Storage> <Opcode : 'load' 'store'> <Ports = 2> <Width = 16> <Depth = 25> <RAM>

State 27 <SV = 26> <Delay = 0.00>
ST_27 : Operation 856 [1/1] (0.00ns)   --->   "%prod_addr_24 = getelementptr i16 %prod, i64 0, i64 24" [../source/tut3B_Function_Reshape/matrix_mult.cpp:23]   --->   Operation 856 'getelementptr' 'prod_addr_24' <Predicate = true> <Delay = 0.00>
ST_27 : Operation 857 [1/1] (0.00ns)   --->   "%specpipeline_ln0 = specpipeline void @_ssdm_op_SpecPipeline, i32 1, i32 0, i32 0, i32 0, i32 4294967295, void @empty_0"   --->   Operation 857 'specpipeline' 'specpipeline_ln0' <Predicate = true> <Delay = 0.00>
ST_27 : Operation 858 [1/1] (0.00ns)   --->   "%spectopmodule_ln0 = spectopmodule void @_ssdm_op_SpecTopModule, void @empty_1"   --->   Operation 858 'spectopmodule' 'spectopmodule_ln0' <Predicate = true> <Delay = 0.00>
ST_27 : Operation 859 [1/1] (0.00ns)   --->   "%specinterface_ln0 = specinterface void @_ssdm_op_SpecInterface, i40 %a, void @empty, i32 0, i32 0, void @empty_0, i32 4294967295, i32 0, void @empty_0, void @empty_0, void @empty_0, i32 0, i32 0, i32 0, i32 0, void @empty_0, void @empty_0, i32 4294967295, i32 0, i32 0, i32 0"   --->   Operation 859 'specinterface' 'specinterface_ln0' <Predicate = true> <Delay = 0.00>
ST_27 : Operation 860 [1/1] (0.00ns)   --->   "%specbitsmap_ln0 = specbitsmap void @_ssdm_op_SpecBitsMap, i40 %a"   --->   Operation 860 'specbitsmap' 'specbitsmap_ln0' <Predicate = true> <Delay = 0.00>
ST_27 : Operation 861 [1/1] (0.00ns)   --->   "%specinterface_ln0 = specinterface void @_ssdm_op_SpecInterface, i40 %b, void @empty, i32 0, i32 0, void @empty_0, i32 4294967295, i32 0, void @empty_0, void @empty_0, void @empty_0, i32 0, i32 0, i32 0, i32 0, void @empty_0, void @empty_0, i32 4294967295, i32 0, i32 0, i32 0"   --->   Operation 861 'specinterface' 'specinterface_ln0' <Predicate = true> <Delay = 0.00>
ST_27 : Operation 862 [1/1] (0.00ns)   --->   "%specbitsmap_ln0 = specbitsmap void @_ssdm_op_SpecBitsMap, i40 %b"   --->   Operation 862 'specbitsmap' 'specbitsmap_ln0' <Predicate = true> <Delay = 0.00>
ST_27 : Operation 863 [1/1] (0.00ns)   --->   "%specinterface_ln0 = specinterface void @_ssdm_op_SpecInterface, i16 %prod, void @empty, i32 0, i32 0, void @empty_0, i32 4294967295, i32 0, void @empty_0, void @empty_0, void @empty_0, i32 0, i32 0, i32 0, i32 0, void @empty_0, void @empty_0, i32 4294967295, i32 0, i32 0, i32 0"   --->   Operation 863 'specinterface' 'specinterface_ln0' <Predicate = true> <Delay = 0.00>
ST_27 : Operation 864 [1/1] (0.00ns)   --->   "%specbitsmap_ln0 = specbitsmap void @_ssdm_op_SpecBitsMap, i16 %prod"   --->   Operation 864 'specbitsmap' 'specbitsmap_ln0' <Predicate = true> <Delay = 0.00>
ST_27 : Operation 865 [1/1] ( I:0.00ns O:0.00ns )   --->   "%store_ln23 = store i16 %add_ln23_99, i5 %prod_addr_24" [../source/tut3B_Function_Reshape/matrix_mult.cpp:23]   --->   Operation 865 'store' 'store_ln23' <Predicate = true> <Delay = 0.00> <CoreInst = "RAM">   --->   Core 81 'RAM' <Latency = 0> <II = 1> <Delay = 1.86> <Storage> <Opcode : 'load' 'store'> <Ports = 2> <Width = 16> <Depth = 25> <RAM>
ST_27 : Operation 866 [1/1] (0.00ns)   --->   "%ret_ln27 = ret" [../source/tut3B_Function_Reshape/matrix_mult.cpp:27]   --->   Operation 866 'ret' 'ret_ln27' <Predicate = true> <Delay = 0.00>


============================================================
+ Verbose Summary: Binding
============================================================
STG Binding: 
---------------- STG Properties BEGIN ----------------
- Is combinational: 0
- Is one-state seq: 0
- Is datapath-only: 0
- Is pipelined: 1
- Is top level: 1
Port [ Return ] is wired: 1; IO mode=ap_ctrl_hs:ce=0
Port [ a]:  wired=1; compound=1; hidden=0; nouse=0; global=0; static=0; extern=0; dir=0; type=1; pingpong=0; private_global=0; MemPort=[11]; IO mode=ap_memory:ce=0
Port [ b]:  wired=1; compound=1; hidden=0; nouse=0; global=0; static=0; extern=0; dir=0; type=1; pingpong=0; private_global=0; MemPort=[11]; IO mode=ap_memory:ce=0
Port [ prod]:  wired=1; compound=1; hidden=0; nouse=0; global=0; static=0; extern=0; dir=1; type=1; pingpong=0; private_global=0; MemPort=[00]; IO mode=ap_memory:ce=0
---------------- STG Properties END ------------------

---------------- Datapath Model BEGIN ----------------

<LifeTime>
<method=bitvector/>
a_addr            (getelementptr) [ 0010000000000000000000000000]
b_addr            (getelementptr) [ 0010000000000000000000000000]
b_addr_1          (getelementptr) [ 0010000000000000000000000000]
a_addr_1          (getelementptr) [ 0010000000000000000000000000]
a_load            (load         ) [ 0000000000000000000000000000]
trunc_ln23        (trunc        ) [ 0001111111110000000000000000]
b_load            (load         ) [ 0000000000000000000000000000]
trunc_ln23_1      (trunc        ) [ 0001111111110000000000000000]
tmp               (partselect   ) [ 0001111110000000000000000000]
tmp_1             (partselect   ) [ 0001111110000000000000000000]
tmp_2             (partselect   ) [ 0001111100000000000000000000]
tmp_3             (partselect   ) [ 0001111100000000000000000000]
tmp_4             (partselect   ) [ 0000000000000000000000000000]
sext_ln23_6       (sext         ) [ 0001111110000000000000000000]
tmp_5             (partselect   ) [ 0000000000000000000000000000]
sext_ln23_7       (sext         ) [ 0001111111110000000000000000]
tmp_6             (partselect   ) [ 0001110000000000000000000000]
tmp_7             (partselect   ) [ 0001110000000000000000000000]
b_load_1          (load         ) [ 0000000000000000000000000000]
trunc_ln23_2      (trunc        ) [ 0001111111110000000000000000]
tmp_8             (partselect   ) [ 0001111110000000000000000000]
tmp_9             (partselect   ) [ 0001111100000000000000000000]
tmp_s             (partselect   ) [ 0000000000000000000000000000]
sext_ln23_13      (sext         ) [ 0001111111110000000000000000]
tmp_10            (partselect   ) [ 0001110000000000000000000000]
b_addr_2          (getelementptr) [ 0001000000000000000000000000]
b_addr_3          (getelementptr) [ 0001000000000000000000000000]
a_load_1          (load         ) [ 0000000000000000000000000000]
trunc_ln23_6      (trunc        ) [ 0001111111111000000000000000]
tmp_23            (partselect   ) [ 0001111111000000000000000000]
tmp_24            (partselect   ) [ 0001111111000000000000000000]
tmp_25            (partselect   ) [ 0000000000000000000000000000]
sext_ln23_33      (sext         ) [ 0001111110000000000000000000]
tmp_26            (partselect   ) [ 0001110000000000000000000000]
a_addr_2          (getelementptr) [ 0001000000000000000000000000]
a_addr_3          (getelementptr) [ 0001000000000000000000000000]
b_load_2          (load         ) [ 0000000000000000000000000000]
trunc_ln23_3      (trunc        ) [ 0000111111110000000000000000]
tmp_11            (partselect   ) [ 0000111110000000000000000000]
tmp_12            (partselect   ) [ 0000111110000000000000000000]
tmp_13            (partselect   ) [ 0000000000000000000000000000]
sext_ln23_18      (sext         ) [ 0000111111110000000000000000]
tmp_14            (partselect   ) [ 0000111000000000000000000000]
b_load_3          (load         ) [ 0000000000000000000000000000]
trunc_ln23_4      (trunc        ) [ 0000111111111000000000000000]
tmp_15            (partselect   ) [ 0000111111000000000000000000]
tmp_16            (partselect   ) [ 0000111110000000000000000000]
tmp_17            (partselect   ) [ 0000000000000000000000000000]
sext_ln23_23      (sext         ) [ 0000111111110000000000000000]
tmp_18            (partselect   ) [ 0000111000000000000000000000]
b_addr_4          (getelementptr) [ 0000100000000000000000000000]
a_load_2          (load         ) [ 0000000000000000000000000000]
trunc_ln23_7      (trunc        ) [ 0000111111111100000000000000]
tmp_27            (partselect   ) [ 0000111111100000000000000000]
tmp_28            (partselect   ) [ 0000111111111000000000000000]
tmp_29            (partselect   ) [ 0000100000000000000000000000]
tmp_30            (partselect   ) [ 0000111100000000000000000000]
a_load_3          (load         ) [ 0000000000000000000000000000]
trunc_ln23_8      (trunc        ) [ 0110111111111111000000000000]
tmp_31            (partselect   ) [ 0000111111111000000000000000]
tmp_32            (partselect   ) [ 0100111111111110000000000000]
tmp_33            (partselect   ) [ 0000110000000000000000000000]
tmp_34            (partselect   ) [ 0000111110000000000000000000]
a_addr_4          (getelementptr) [ 0000100000000000000000000000]
b_load_4          (load         ) [ 0000000000000000000000000000]
trunc_ln23_5      (trunc        ) [ 0000011111111000000000000000]
tmp_19            (partselect   ) [ 0000011111000000000000000000]
tmp_20            (partselect   ) [ 0000011111000000000000000000]
tmp_21            (partselect   ) [ 0000000000000000000000000000]
sext_ln23_28      (sext         ) [ 0000011111111000000000000000]
tmp_22            (partselect   ) [ 0000011100000000000000000000]
sext_ln23_38      (sext         ) [ 0000011111000000000000000000]
a_load_4          (load         ) [ 0000000000000000000000000000]
trunc_ln23_9      (trunc        ) [ 0111011111111111100000000000]
tmp_35            (partselect   ) [ 0000011111111100000000000000]
tmp_36            (partselect   ) [ 0111111111111111110000000000]
tmp_37            (partselect   ) [ 0000011100000000000000000000]
tmp_38            (partselect   ) [ 0000011111100000000000000000]
sext_ln23_8       (sext         ) [ 0000001111000000000000000000]
sext_ln23_9       (sext         ) [ 0000001111111000000000000000]
sext_ln23_14      (sext         ) [ 0000001111111000000000000000]
sext_ln23_34      (sext         ) [ 0000001111000000000000000000]
sext_ln23_43      (sext         ) [ 0000001111100000000000000000]
mul_ln23_3        (mul          ) [ 0000000110000000000000000000]
mul_ln23_8        (mul          ) [ 0000000110000000000000000000]
sext_ln23_19      (sext         ) [ 0000000111111000000000000000]
sext_ln23_24      (sext         ) [ 0000000111111000000000000000]
mul_ln23_28       (mul          ) [ 0000000110000000000000000000]
mul_ln23_33       (mul          ) [ 0000000110000000000000000000]
sext_ln23_4       (sext         ) [ 0000000011110000000000000000]
sext_ln23_5       (sext         ) [ 0111111011111111111100000000]
mul_ln23_2        (mul          ) [ 0000000010000000000000000000]
sext_ln23_12      (sext         ) [ 0111111011111111111100000000]
mul_ln23_7        (mul          ) [ 0000000010000000000000000000]
mul_ln23_13       (mul          ) [ 0000000011000000000000000000]
mul_ln23_18       (mul          ) [ 0000000011000000000000000000]
sext_ln23_29      (sext         ) [ 0000000011111100000000000000]
mul_ln23_27       (mul          ) [ 0000000010000000000000000000]
mul_ln23_32       (mul          ) [ 0000000010000000000000000000]
mul_ln23_38       (mul          ) [ 0000000011000000000000000000]
mul_ln23_43       (mul          ) [ 0000000011000000000000000000]
sext_ln23_39      (sext         ) [ 0000000011100000000000000000]
sext_ln23_48      (sext         ) [ 0000000011111000000000000000]
sext_ln23_2       (sext         ) [ 0000000001111100000000000000]
sext_ln23_3       (sext         ) [ 0111100001111111110000000000]
add_ln23_1        (add          ) [ 0000000001100000000000000000]
sext_ln23_11      (sext         ) [ 0111100001111111110000000000]
add_ln23_5        (add          ) [ 0000000001100000000000000000]
sext_ln23_16      (sext         ) [ 0111100001111111110000000000]
sext_ln23_17      (sext         ) [ 0111111001111111111100000000]
mul_ln23_12       (mul          ) [ 0000000001000000000000000000]
sext_ln23_22      (sext         ) [ 0111111001111111111100000000]
mul_ln23_17       (mul          ) [ 0000000001000000000000000000]
mul_ln23_23       (mul          ) [ 0000000001100000000000000000]
add_ln23_21       (add          ) [ 0000000001111000000000000000]
add_ln23_25       (add          ) [ 0000000001111100000000000000]
mul_ln23_37       (mul          ) [ 0000000001000000000000000000]
mul_ln23_42       (mul          ) [ 0000000001000000000000000000]
mul_ln23_48       (mul          ) [ 0000000001100000000000000000]
mul_ln23_53       (mul          ) [ 0000000001100000000000000000]
mul_ln23_58       (mul          ) [ 0000000001100000000000000000]
sext_ln23_44      (sext         ) [ 0000000001110000000000000000]
mul_ln23_4        (mul          ) [ 0000000000100000000000000000]
mul_ln23_9        (mul          ) [ 0000000000100000000000000000]
add_ln23_9        (add          ) [ 0000000000110000000000000000]
sext_ln23_21      (sext         ) [ 0111110000111111111000000000]
add_ln23_13       (add          ) [ 0000000000110000000000000000]
sext_ln23_26      (sext         ) [ 0111110000111111111000000000]
sext_ln23_27      (sext         ) [ 0111111100111111111110000000]
mul_ln23_22       (mul          ) [ 0000000000100000000000000000]
sext_ln23_31      (sext         ) [ 0100000000111110000000000000]
sext_ln23_32      (sext         ) [ 0000000000111100000000000000]
add_ln23_29       (add          ) [ 0000000000111100000000000000]
add_ln23_33       (add          ) [ 0100000000111110000000000000]
mul_ln23_47       (mul          ) [ 0000000000100000000000000000]
mul_ln23_52       (mul          ) [ 0000000000100000000000000000]
mul_ln23_57       (mul          ) [ 0000000000100000000000000000]
mul_ln23_63       (mul          ) [ 0000000000110000000000000000]
mul_ln23_68       (mul          ) [ 0000000000110000000000000000]
mul_ln23_73       (mul          ) [ 0000000000110000000000000000]
mul_ln23_78       (mul          ) [ 0000000000110000000000000000]
add_ln23_2        (add          ) [ 0110000000011111000000000000]
add_ln23_6        (add          ) [ 0110000000011111000000000000]
mul_ln23_14       (mul          ) [ 0000000000010000000000000000]
mul_ln23_19       (mul          ) [ 0000000000010000000000000000]
add_ln23_17       (add          ) [ 0000000000011000000000000000]
add_ln23_37       (add          ) [ 0100000000011110000000000000]
sext_ln23_36      (sext         ) [ 0110000000011111000000000000]
add_ln23_41       (add          ) [ 0110000000011111000000000000]
add_ln23_45       (add          ) [ 0110000000011111000000000000]
mul_ln23_62       (mul          ) [ 0000000000010000000000000000]
mul_ln23_67       (mul          ) [ 0000000000010000000000000000]
mul_ln23_72       (mul          ) [ 0000000000010000000000000000]
mul_ln23_77       (mul          ) [ 0000000000010000000000000000]
mul_ln23_83       (mul          ) [ 0000000000011000000000000000]
mul_ln23_88       (mul          ) [ 0000000000011000000000000000]
mul_ln23_93       (mul          ) [ 0000000000011000000000000000]
mul_ln23_98       (mul          ) [ 0000000000011000000000000000]
sext_ln23_49      (sext         ) [ 0000000000011100000000000000]
sext_ln23         (sext         ) [ 0100000000001110000000000000]
sext_ln23_1       (sext         ) [ 0111110000001111111000000000]
sext_ln23_10      (sext         ) [ 0111110000001111111000000000]
sext_ln23_15      (sext         ) [ 0111110000001111111000000000]
add_ln23_10       (add          ) [ 0110000000001111000000000000]
add_ln23_14       (add          ) [ 0111000000001111100000000000]
mul_ln23_24       (mul          ) [ 0000000000001000000000000000]
mul_ln23_29       (mul          ) [ 0000000000001000000000000000]
add_ln23_49       (add          ) [ 0111000000001111100000000000]
add_ln23_53       (add          ) [ 0111000000001111100000000000]
add_ln23_57       (add          ) [ 0111100000001111110000000000]
add_ln23_61       (add          ) [ 0111100000001111110000000000]
mul_ln23_82       (mul          ) [ 0000000000001000000000000000]
mul_ln23_87       (mul          ) [ 0000000000001000000000000000]
mul_ln23_92       (mul          ) [ 0000000000001000000000000000]
mul_ln23_97       (mul          ) [ 0000000000001000000000000000]
mul_ln23_103      (mul          ) [ 0000000000001100000000000000]
mul_ln23_108      (mul          ) [ 0000000000001100000000000000]
mul_ln23_113      (mul          ) [ 0000000000001100000000000000]
mul_ln23_118      (mul          ) [ 0000000000001100000000000000]
mul_ln23_1        (mul          ) [ 0100000000000110000000000000]
mul_ln23_6        (mul          ) [ 0100000000000110000000000000]
mul_ln23_11       (mul          ) [ 0100000000000110000000000000]
sext_ln23_20      (sext         ) [ 0111111000000111111100000000]
sext_ln23_25      (sext         ) [ 0111111000000111111100000000]
add_ln23_18       (add          ) [ 0111000000000111100000000000]
sext_ln23_30      (sext         ) [ 0110000000000111000000000000]
add_ln23_22       (add          ) [ 0111000000000111100000000000]
mul_ln23_34       (mul          ) [ 0000000000000100000000000000]
mul_ln23_39       (mul          ) [ 0000000000000100000000000000]
sext_ln23_37      (sext         ) [ 0111000000000111100000000000]
sext_ln23_41      (sext         ) [ 0111100000000111110000000000]
add_ln23_65       (add          ) [ 0111110000000111111000000000]
add_ln23_69       (add          ) [ 0111110000000111111000000000]
add_ln23_73       (add          ) [ 0111111000000111111100000000]
add_ln23_77       (add          ) [ 0111111000000111111100000000]
mul_ln23_102      (mul          ) [ 0000000000000100000000000000]
mul_ln23_107      (mul          ) [ 0000000000000100000000000000]
mul_ln23_112      (mul          ) [ 0000000000000100000000000000]
mul_ln23_117      (mul          ) [ 0000000000000100000000000000]
mul_ln23_123      (mul          ) [ 0100000000000110000000000000]
mul_ln23          (mul          ) [ 0100000000000010000000000000]
mul_ln23_5        (mul          ) [ 0100000000000010000000000000]
mul_ln23_10       (mul          ) [ 0100000000000010000000000000]
mul_ln23_16       (mul          ) [ 0110000000000011000000000000]
mul_ln23_21       (mul          ) [ 0110000000000011000000000000]
mul_ln23_26       (mul          ) [ 0110000000000011000000000000]
mul_ln23_31       (mul          ) [ 0110000000000011000000000000]
add_ln23_26       (add          ) [ 0111000000000011100000000000]
add_ln23_30       (add          ) [ 0111100000000011110000000000]
mul_ln23_44       (mul          ) [ 0100000000000010000000000000]
mul_ln23_49       (mul          ) [ 0100000000000010000000000000]
sext_ln23_35      (sext         ) [ 0111000000000011100000000000]
sext_ln23_46      (sext         ) [ 0111110000000011111000000000]
add_ln23_81       (add          ) [ 0111111100000011111110000000]
add_ln23_85       (add          ) [ 0111111100000011111110000000]
add_ln23_89       (add          ) [ 0111111100000011111110000000]
add_ln23_93       (add          ) [ 0111111100000011111110000000]
mul_ln23_122      (mul          ) [ 0100000000000010000000000000]
add_ln23          (add          ) [ 0010000000000001000000000000]
add_ln23_4        (add          ) [ 0010000000000001000000000000]
add_ln23_8        (add          ) [ 0010000000000001000000000000]
mul_ln23_15       (mul          ) [ 0010000000000001000000000000]
mul_ln23_20       (mul          ) [ 0010000000000001000000000000]
mul_ln23_25       (mul          ) [ 0010000000000001000000000000]
mul_ln23_30       (mul          ) [ 0010000000000001000000000000]
mul_ln23_36       (mul          ) [ 0011000000000001100000000000]
mul_ln23_41       (mul          ) [ 0011000000000001100000000000]
add_ln23_34       (add          ) [ 0011100000000001110000000000]
mul_ln23_46       (mul          ) [ 0011000000000001100000000000]
add_ln23_38       (add          ) [ 0011100000000001110000000000]
mul_ln23_51       (mul          ) [ 0011000000000001100000000000]
mul_ln23_54       (mul          ) [ 0010000000000001000000000000]
mul_ln23_59       (mul          ) [ 0010000000000001000000000000]
sext_ln23_42      (sext         ) [ 0011110000000001111000000000]
add_ln23_97       (add          ) [ 0011111110000001111111000000]
prod_addr         (getelementptr) [ 0000000000000000000000000000]
prod_addr_1       (getelementptr) [ 0000000000000000000000000000]
add_ln23_3        (add          ) [ 0000000000000000000000000000]
store_ln23        (store        ) [ 0000000000000000000000000000]
add_ln23_7        (add          ) [ 0000000000000000000000000000]
store_ln23        (store        ) [ 0000000000000000000000000000]
add_ln23_11       (add          ) [ 0001000000000000100000000000]
add_ln23_12       (add          ) [ 0001000000000000100000000000]
add_ln23_16       (add          ) [ 0001000000000000100000000000]
add_ln23_20       (add          ) [ 0001000000000000100000000000]
add_ln23_24       (add          ) [ 0001000000000000100000000000]
mul_ln23_35       (mul          ) [ 0001000000000000100000000000]
mul_ln23_40       (mul          ) [ 0001000000000000100000000000]
mul_ln23_45       (mul          ) [ 0001000000000000100000000000]
mul_ln23_50       (mul          ) [ 0001000000000000100000000000]
add_ln23_42       (add          ) [ 0001100000000000110000000000]
mul_ln23_56       (mul          ) [ 0001100000000000110000000000]
add_ln23_46       (add          ) [ 0001110000000000111000000000]
mul_ln23_61       (mul          ) [ 0001100000000000110000000000]
mul_ln23_64       (mul          ) [ 0001000000000000100000000000]
mul_ln23_66       (mul          ) [ 0001100000000000110000000000]
mul_ln23_69       (mul          ) [ 0001000000000000100000000000]
mul_ln23_71       (mul          ) [ 0001100000000000110000000000]
sext_ln23_40      (sext         ) [ 0001110000000000111000000000]
prod_addr_2       (getelementptr) [ 0000000000000000000000000000]
prod_addr_3       (getelementptr) [ 0000000000000000000000000000]
store_ln23        (store        ) [ 0000000000000000000000000000]
add_ln23_15       (add          ) [ 0000000000000000000000000000]
store_ln23        (store        ) [ 0000000000000000000000000000]
add_ln23_19       (add          ) [ 0000100000000000010000000000]
add_ln23_23       (add          ) [ 0000100000000000010000000000]
add_ln23_27       (add          ) [ 0000110000000000011000000000]
add_ln23_28       (add          ) [ 0000100000000000010000000000]
add_ln23_32       (add          ) [ 0000100000000000010000000000]
add_ln23_36       (add          ) [ 0000100000000000010000000000]
add_ln23_40       (add          ) [ 0000100000000000010000000000]
mul_ln23_55       (mul          ) [ 0000100000000000010000000000]
mul_ln23_60       (mul          ) [ 0000100000000000010000000000]
add_ln23_50       (add          ) [ 0000110000000000011000000000]
mul_ln23_65       (mul          ) [ 0000100000000000010000000000]
add_ln23_54       (add          ) [ 0000110000000000011000000000]
mul_ln23_70       (mul          ) [ 0000100000000000010000000000]
mul_ln23_74       (mul          ) [ 0000100000000000010000000000]
mul_ln23_76       (mul          ) [ 0000110000000000011000000000]
mul_ln23_79       (mul          ) [ 0000100000000000010000000000]
mul_ln23_81       (mul          ) [ 0000110000000000011000000000]
mul_ln23_86       (mul          ) [ 0000110000000000011000000000]
mul_ln23_91       (mul          ) [ 0000110000000000011000000000]
sext_ln23_45      (sext         ) [ 0000111000000000011100000000]
prod_addr_4       (getelementptr) [ 0000000000000000000000000000]
prod_addr_5       (getelementptr) [ 0000000000000000000000000000]
store_ln23        (store        ) [ 0000000000000000000000000000]
store_ln23        (store        ) [ 0000000000000000000000000000]
add_ln23_31       (add          ) [ 0000010000000000001000000000]
add_ln23_35       (add          ) [ 0000011000000000001100000000]
add_ln23_39       (add          ) [ 0000011000000000001100000000]
add_ln23_43       (add          ) [ 0000011100000000001110000000]
add_ln23_44       (add          ) [ 0000010000000000001000000000]
add_ln23_48       (add          ) [ 0000010000000000001000000000]
add_ln23_52       (add          ) [ 0000010000000000001000000000]
add_ln23_56       (add          ) [ 0000010000000000001000000000]
add_ln23_58       (add          ) [ 0000010000000000001000000000]
mul_ln23_75       (mul          ) [ 0000010000000000001000000000]
add_ln23_62       (add          ) [ 0000011000000000001100000000]
mul_ln23_80       (mul          ) [ 0000010000000000001000000000]
mul_ln23_84       (mul          ) [ 0000010000000000001000000000]
mul_ln23_85       (mul          ) [ 0000010000000000001000000000]
mul_ln23_89       (mul          ) [ 0000010000000000001000000000]
mul_ln23_90       (mul          ) [ 0000010000000000001000000000]
mul_ln23_96       (mul          ) [ 0000011000000000001100000000]
sext_ln23_47      (sext         ) [ 0000011100000000001110000000]
mul_ln23_101      (mul          ) [ 0000011000000000001100000000]
mul_ln23_106      (mul          ) [ 0000011000000000001100000000]
mul_ln23_111      (mul          ) [ 0000011000000000001100000000]
prod_addr_6       (getelementptr) [ 0000000000000000000000000000]
prod_addr_7       (getelementptr) [ 0000000000000000000000000000]
store_ln23        (store        ) [ 0000000000000000000000000000]
store_ln23        (store        ) [ 0000000000000000000000000000]
add_ln23_47       (add          ) [ 0000001100000000000110000000]
add_ln23_51       (add          ) [ 0000001110000000000111000000]
add_ln23_55       (add          ) [ 0000001110000000000111000000]
add_ln23_59       (add          ) [ 0000001111000000000111100000]
add_ln23_60       (add          ) [ 0000001000000000000100000000]
add_ln23_64       (add          ) [ 0000001000000000000100000000]
add_ln23_66       (add          ) [ 0000001000000000000100000000]
add_ln23_68       (add          ) [ 0000001000000000000100000000]
add_ln23_70       (add          ) [ 0000001000000000000100000000]
mul_ln23_94       (mul          ) [ 0000001000000000000100000000]
add_ln23_72       (add          ) [ 0000001100000000000110000000]
mul_ln23_95       (mul          ) [ 0000001000000000000100000000]
mul_ln23_99       (mul          ) [ 0000001000000000000100000000]
mul_ln23_100      (mul          ) [ 0000001000000000000100000000]
mul_ln23_105      (mul          ) [ 0000001000000000000100000000]
mul_ln23_110      (mul          ) [ 0000001000000000000100000000]
mul_ln23_116      (mul          ) [ 0000001100000000000110000000]
mul_ln23_121      (mul          ) [ 0000001100000000000110000000]
prod_addr_8       (getelementptr) [ 0000000000000000000000000000]
prod_addr_9       (getelementptr) [ 0000000000000000000000000000]
store_ln23        (store        ) [ 0000000000000000000000000000]
store_ln23        (store        ) [ 0000000000000000000000000000]
add_ln23_63       (add          ) [ 0000000111000000000011100000]
add_ln23_67       (add          ) [ 0000000111100000000011110000]
add_ln23_71       (add          ) [ 0000000111100000000011110000]
add_ln23_74       (add          ) [ 0000000100000000000010000000]
add_ln23_76       (add          ) [ 0000000100000000000010000000]
add_ln23_78       (add          ) [ 0000000100000000000010000000]
mul_ln23_104      (mul          ) [ 0000000100000000000010000000]
add_ln23_80       (add          ) [ 0000000110000000000011000000]
mul_ln23_109      (mul          ) [ 0000000100000000000010000000]
add_ln23_84       (add          ) [ 0000000110000000000011000000]
mul_ln23_114      (mul          ) [ 0000000100000000000010000000]
add_ln23_88       (add          ) [ 0000000110000000000011000000]
mul_ln23_115      (mul          ) [ 0000000100000000000010000000]
mul_ln23_119      (mul          ) [ 0000000100000000000010000000]
mul_ln23_120      (mul          ) [ 0000000100000000000010000000]
prod_addr_10      (getelementptr) [ 0000000000000000000000000000]
prod_addr_11      (getelementptr) [ 0000000000000000000000000000]
store_ln23        (store        ) [ 0000000000000000000000000000]
store_ln23        (store        ) [ 0000000000000000000000000000]
add_ln23_75       (add          ) [ 0000000011110000000001111000]
add_ln23_79       (add          ) [ 0000000011110000000001111000]
add_ln23_82       (add          ) [ 0000000010000000000001000000]
add_ln23_86       (add          ) [ 0000000010000000000001000000]
add_ln23_90       (add          ) [ 0000000010000000000001000000]
add_ln23_92       (add          ) [ 0000000010000000000001000000]
add_ln23_94       (add          ) [ 0000000010000000000001000000]
mul_ln23_124      (mul          ) [ 0000000010000000000001000000]
add_ln23_96       (add          ) [ 0000000011000000000001100000]
prod_addr_12      (getelementptr) [ 0000000000000000000000000000]
prod_addr_13      (getelementptr) [ 0000000000000000000000000000]
store_ln23        (store        ) [ 0000000000000000000000000000]
store_ln23        (store        ) [ 0000000000000000000000000000]
add_ln23_83       (add          ) [ 0000000001111000000000111100]
add_ln23_87       (add          ) [ 0000000001111000000000111100]
add_ln23_91       (add          ) [ 0000000001111100000000111110]
add_ln23_95       (add          ) [ 0000000001111100000000111110]
add_ln23_98       (add          ) [ 0000000001000000000000100000]
prod_addr_14      (getelementptr) [ 0000000000000000000000000000]
prod_addr_15      (getelementptr) [ 0000000000000000000000000000]
store_ln23        (store        ) [ 0000000000000000000000000000]
store_ln23        (store        ) [ 0000000000000000000000000000]
add_ln23_99       (add          ) [ 0100000000111100000000011111]
prod_addr_16      (getelementptr) [ 0000000000000000000000000000]
prod_addr_17      (getelementptr) [ 0000000000000000000000000000]
store_ln23        (store        ) [ 0000000000000000000000000000]
store_ln23        (store        ) [ 0000000000000000000000000000]
prod_addr_18      (getelementptr) [ 0000000000000000000000000000]
prod_addr_19      (getelementptr) [ 0000000000000000000000000000]
store_ln23        (store        ) [ 0000000000000000000000000000]
store_ln23        (store        ) [ 0000000000000000000000000000]
prod_addr_20      (getelementptr) [ 0000000000000000000000000000]
prod_addr_21      (getelementptr) [ 0000000000000000000000000000]
store_ln23        (store        ) [ 0000000000000000000000000000]
store_ln23        (store        ) [ 0000000000000000000000000000]
prod_addr_22      (getelementptr) [ 0000000000000000000000000000]
prod_addr_23      (getelementptr) [ 0000000000000000000000000000]
store_ln23        (store        ) [ 0000000000000000000000000000]
store_ln23        (store        ) [ 0000000000000000000000000000]
prod_addr_24      (getelementptr) [ 0000000000000000000000000000]
specpipeline_ln0  (specpipeline ) [ 0000000000000000000000000000]
spectopmodule_ln0 (spectopmodule) [ 0000000000000000000000000000]
specinterface_ln0 (specinterface) [ 0000000000000000000000000000]
specbitsmap_ln0   (specbitsmap  ) [ 0000000000000000000000000000]
specinterface_ln0 (specinterface) [ 0000000000000000000000000000]
specbitsmap_ln0   (specbitsmap  ) [ 0000000000000000000000000000]
specinterface_ln0 (specinterface) [ 0000000000000000000000000000]
specbitsmap_ln0   (specbitsmap  ) [ 0000000000000000000000000000]
store_ln23        (store        ) [ 0000000000000000000000000000]
ret_ln27          (ret          ) [ 0000000000000000000000000000]
</LifeTime>

<model>

<comp_list>
<comp id="0" class="1000" name="a">
<pin_list>
<pin id="1" dir="1" index="0" bw="1" slack="0"/>
</pin_list>
<bind>
<StgValue><ssdm name="a"/><MemPortTyVec>1 1 </MemPortTyVec>
</StgValue>
</bind>
</comp>

<comp id="2" class="1000" name="b">
<pin_list>
<pin id="3" dir="1" index="0" bw="1" slack="0"/>
</pin_list>
<bind>
<StgValue><ssdm name="b"/><MemPortTyVec>1 1 </MemPortTyVec>
</StgValue>
</bind>
</comp>

<comp id="4" class="1000" name="prod">
<pin_list>
<pin id="5" dir="1" index="0" bw="1" slack="0"/>
</pin_list>
<bind>
<StgValue><ssdm name="prod"/><MemPortTyVec>0 0 </MemPortTyVec>
</StgValue>
</bind>
</comp>

<comp id="6" class="1001" name="const_6">
<pin_list>
<pin id="7" dir="1" index="0" bw="1" slack="0"/>
</pin_list>
<bind>
<StgValue><ssdm name=""/></StgValue>
</bind>
</comp>

<comp id="8" class="1001" name="const_8">
<pin_list>
<pin id="9" dir="1" index="0" bw="1" slack="0"/>
</pin_list>
<bind>
<StgValue><ssdm name=""/></StgValue>
</bind>
</comp>

<comp id="10" class="1001" name="const_10">
<pin_list>
<pin id="11" dir="1" index="0" bw="1" slack="0"/>
</pin_list>
<bind>
<StgValue><ssdm name="_ssdm_op_PartSelect.i8.i40.i40"/></StgValue>
</bind>
</comp>

<comp id="12" class="1001" name="const_12">
<pin_list>
<pin id="13" dir="1" index="0" bw="1" slack="0"/>
</pin_list>
<bind>
<StgValue><ssdm name=""/></StgValue>
</bind>
</comp>

<comp id="14" class="1001" name="const_14">
<pin_list>
<pin id="15" dir="1" index="0" bw="1" slack="0"/>
</pin_list>
<bind>
<StgValue><ssdm name=""/></StgValue>
</bind>
</comp>

<comp id="16" class="1001" name="const_16">
<pin_list>
<pin id="17" dir="1" index="0" bw="1" slack="0"/>
</pin_list>
<bind>
<StgValue><ssdm name=""/></StgValue>
</bind>
</comp>

<comp id="18" class="1001" name="const_18">
<pin_list>
<pin id="19" dir="1" index="0" bw="1" slack="0"/>
</pin_list>
<bind>
<StgValue><ssdm name=""/></StgValue>
</bind>
</comp>

<comp id="20" class="1001" name="const_20">
<pin_list>
<pin id="21" dir="1" index="0" bw="1" slack="0"/>
</pin_list>
<bind>
<StgValue><ssdm name=""/></StgValue>
</bind>
</comp>

<comp id="22" class="1001" name="const_22">
<pin_list>
<pin id="23" dir="1" index="0" bw="1" slack="0"/>
</pin_list>
<bind>
<StgValue><ssdm name=""/></StgValue>
</bind>
</comp>

<comp id="24" class="1001" name="const_24">
<pin_list>
<pin id="25" dir="1" index="0" bw="1" slack="0"/>
</pin_list>
<bind>
<StgValue><ssdm name=""/></StgValue>
</bind>
</comp>

<comp id="26" class="1001" name="const_26">
<pin_list>
<pin id="27" dir="1" index="0" bw="1" slack="0"/>
</pin_list>
<bind>
<StgValue><ssdm name=""/></StgValue>
</bind>
</comp>

<comp id="28" class="1001" name="const_28">
<pin_list>
<pin id="29" dir="1" index="0" bw="1" slack="0"/>
</pin_list>
<bind>
<StgValue><ssdm name=""/></StgValue>
</bind>
</comp>

<comp id="30" class="1001" name="const_30">
<pin_list>
<pin id="31" dir="1" index="0" bw="1" slack="0"/>
</pin_list>
<bind>
<StgValue><ssdm name=""/></StgValue>
</bind>
</comp>

<comp id="32" class="1001" name="const_32">
<pin_list>
<pin id="33" dir="1" index="0" bw="1" slack="0"/>
</pin_list>
<bind>
<StgValue><ssdm name=""/></StgValue>
</bind>
</comp>

<comp id="34" class="1001" name="const_34">
<pin_list>
<pin id="35" dir="1" index="0" bw="1" slack="0"/>
</pin_list>
<bind>
<StgValue><ssdm name=""/></StgValue>
</bind>
</comp>

<comp id="36" class="1001" name="const_36">
<pin_list>
<pin id="37" dir="1" index="0" bw="1" slack="0"/>
</pin_list>
<bind>
<StgValue><ssdm name=""/></StgValue>
</bind>
</comp>

<comp id="38" class="1001" name="const_38">
<pin_list>
<pin id="39" dir="1" index="0" bw="1" slack="0"/>
</pin_list>
<bind>
<StgValue><ssdm name=""/></StgValue>
</bind>
</comp>

<comp id="40" class="1001" name="const_40">
<pin_list>
<pin id="41" dir="1" index="0" bw="1" slack="0"/>
</pin_list>
<bind>
<StgValue><ssdm name=""/></StgValue>
</bind>
</comp>

<comp id="42" class="1001" name="const_42">
<pin_list>
<pin id="43" dir="1" index="0" bw="1" slack="0"/>
</pin_list>
<bind>
<StgValue><ssdm name=""/></StgValue>
</bind>
</comp>

<comp id="44" class="1001" name="const_44">
<pin_list>
<pin id="45" dir="1" index="0" bw="1" slack="0"/>
</pin_list>
<bind>
<StgValue><ssdm name=""/></StgValue>
</bind>
</comp>

<comp id="46" class="1001" name="const_46">
<pin_list>
<pin id="47" dir="1" index="0" bw="1" slack="0"/>
</pin_list>
<bind>
<StgValue><ssdm name=""/></StgValue>
</bind>
</comp>

<comp id="48" class="1001" name="const_48">
<pin_list>
<pin id="49" dir="1" index="0" bw="1" slack="0"/>
</pin_list>
<bind>
<StgValue><ssdm name=""/></StgValue>
</bind>
</comp>

<comp id="50" class="1001" name="const_50">
<pin_list>
<pin id="51" dir="1" index="0" bw="1" slack="0"/>
</pin_list>
<bind>
<StgValue><ssdm name=""/></StgValue>
</bind>
</comp>

<comp id="52" class="1001" name="const_52">
<pin_list>
<pin id="53" dir="1" index="0" bw="1" slack="0"/>
</pin_list>
<bind>
<StgValue><ssdm name=""/></StgValue>
</bind>
</comp>

<comp id="54" class="1001" name="const_54">
<pin_list>
<pin id="55" dir="1" index="0" bw="1" slack="0"/>
</pin_list>
<bind>
<StgValue><ssdm name=""/></StgValue>
</bind>
</comp>

<comp id="56" class="1001" name="const_56">
<pin_list>
<pin id="57" dir="1" index="0" bw="1" slack="0"/>
</pin_list>
<bind>
<StgValue><ssdm name=""/></StgValue>
</bind>
</comp>

<comp id="58" class="1001" name="const_58">
<pin_list>
<pin id="59" dir="1" index="0" bw="1" slack="0"/>
</pin_list>
<bind>
<StgValue><ssdm name=""/></StgValue>
</bind>
</comp>

<comp id="60" class="1001" name="const_60">
<pin_list>
<pin id="61" dir="1" index="0" bw="1" slack="0"/>
</pin_list>
<bind>
<StgValue><ssdm name=""/></StgValue>
</bind>
</comp>

<comp id="62" class="1001" name="const_62">
<pin_list>
<pin id="63" dir="1" index="0" bw="1" slack="0"/>
</pin_list>
<bind>
<StgValue><ssdm name=""/></StgValue>
</bind>
</comp>

<comp id="64" class="1001" name="const_64">
<pin_list>
<pin id="65" dir="1" index="0" bw="1" slack="0"/>
</pin_list>
<bind>
<StgValue><ssdm name=""/></StgValue>
</bind>
</comp>

<comp id="66" class="1001" name="const_66">
<pin_list>
<pin id="67" dir="1" index="0" bw="1" slack="2147483647"/>
</pin_list>
<bind>
<StgValue><ssdm name="_ssdm_op_SpecPipeline"/></StgValue>
</bind>
</comp>

<comp id="68" class="1001" name="const_68">
<pin_list>
<pin id="69" dir="1" index="0" bw="1" slack="2147483647"/>
</pin_list>
<bind>
<StgValue><ssdm name=""/></StgValue>
</bind>
</comp>

<comp id="70" class="1001" name="const_70">
<pin_list>
<pin id="71" dir="1" index="0" bw="1" slack="2147483647"/>
</pin_list>
<bind>
<StgValue><ssdm name=""/></StgValue>
</bind>
</comp>

<comp id="72" class="1001" name="const_72">
<pin_list>
<pin id="73" dir="1" index="0" bw="1" slack="2147483647"/>
</pin_list>
<bind>
<StgValue><ssdm name=""/></StgValue>
</bind>
</comp>

<comp id="74" class="1001" name="const_74">
<pin_list>
<pin id="75" dir="1" index="0" bw="1" slack="2147483647"/>
</pin_list>
<bind>
<StgValue><ssdm name="empty_0"/></StgValue>
</bind>
</comp>

<comp id="76" class="1001" name="const_76">
<pin_list>
<pin id="77" dir="1" index="0" bw="1" slack="2147483647"/>
</pin_list>
<bind>
<StgValue><ssdm name="_ssdm_op_SpecTopModule"/></StgValue>
</bind>
</comp>

<comp id="78" class="1001" name="const_78">
<pin_list>
<pin id="79" dir="1" index="0" bw="1" slack="2147483647"/>
</pin_list>
<bind>
<StgValue><ssdm name="empty_1"/></StgValue>
</bind>
</comp>

<comp id="80" class="1001" name="const_80">
<pin_list>
<pin id="81" dir="1" index="0" bw="1" slack="2147483647"/>
</pin_list>
<bind>
<StgValue><ssdm name="_ssdm_op_SpecInterface"/></StgValue>
</bind>
</comp>

<comp id="82" class="1001" name="const_82">
<pin_list>
<pin id="83" dir="1" index="0" bw="1" slack="2147483647"/>
</pin_list>
<bind>
<StgValue><ssdm name="empty"/></StgValue>
</bind>
</comp>

<comp id="84" class="1001" name="const_84">
<pin_list>
<pin id="85" dir="1" index="0" bw="1" slack="2147483647"/>
</pin_list>
<bind>
<StgValue><ssdm name="_ssdm_op_SpecBitsMap"/></StgValue>
</bind>
</comp>

<comp id="86" class="1004" name="a_addr_gep_fu_86">
<pin_list>
<pin id="87" dir="0" index="0" bw="40" slack="0"/>
<pin id="88" dir="0" index="1" bw="1" slack="0"/>
<pin id="89" dir="0" index="2" bw="1" slack="0"/>
<pin id="90" dir="1" index="3" bw="3" slack="0"/>
</pin_list>
<bind>
<opcode="getelementptr(29) " fcode="getelementptr"/>
<opset="a_addr/1 "/>
</bind>
</comp>

<comp id="94" class="1004" name="grp_access_fu_94">
<pin_list>
<pin id="95" dir="0" index="0" bw="3" slack="0"/>
<pin id="96" dir="0" index="1" bw="40" slack="2147483647"/>
<pin id="97" dir="0" index="2" bw="0" slack="0"/>
<pin id="99" dir="0" index="4" bw="3" slack="2147483647"/>
<pin id="100" dir="0" index="5" bw="40" slack="2147483647"/>
<pin id="101" dir="0" index="6" bw="0" slack="2147483647"/>
<pin id="98" dir="1" index="3" bw="40" slack="0"/>
<pin id="102" dir="1" index="7" bw="40" slack="0"/>
</pin_list>
<bind>
<opcode="load(27) " fcode="load"/>
<opset="a_load/1 a_load_1/1 a_load_2/2 a_load_3/2 a_load_4/3 "/>
</bind>
</comp>

<comp id="104" class="1004" name="b_addr_gep_fu_104">
<pin_list>
<pin id="105" dir="0" index="0" bw="40" slack="0"/>
<pin id="106" dir="0" index="1" bw="1" slack="0"/>
<pin id="107" dir="0" index="2" bw="1" slack="0"/>
<pin id="108" dir="1" index="3" bw="3" slack="0"/>
</pin_list>
<bind>
<opcode="getelementptr(29) " fcode="getelementptr"/>
<opset="b_addr/1 "/>
</bind>
</comp>

<comp id="112" class="1004" name="grp_access_fu_112">
<pin_list>
<pin id="113" dir="0" index="0" bw="3" slack="0"/>
<pin id="114" dir="0" index="1" bw="40" slack="2147483647"/>
<pin id="115" dir="0" index="2" bw="0" slack="0"/>
<pin id="117" dir="0" index="4" bw="3" slack="2147483647"/>
<pin id="118" dir="0" index="5" bw="40" slack="2147483647"/>
<pin id="119" dir="0" index="6" bw="0" slack="2147483647"/>
<pin id="116" dir="1" index="3" bw="40" slack="0"/>
<pin id="120" dir="1" index="7" bw="40" slack="0"/>
</pin_list>
<bind>
<opcode="load(27) " fcode="load"/>
<opset="b_load/1 b_load_1/1 b_load_2/2 b_load_3/2 b_load_4/3 "/>
</bind>
</comp>

<comp id="122" class="1004" name="b_addr_1_gep_fu_122">
<pin_list>
<pin id="123" dir="0" index="0" bw="40" slack="0"/>
<pin id="124" dir="0" index="1" bw="1" slack="0"/>
<pin id="125" dir="0" index="2" bw="1" slack="0"/>
<pin id="126" dir="1" index="3" bw="3" slack="0"/>
</pin_list>
<bind>
<opcode="getelementptr(29) " fcode="getelementptr"/>
<opset="b_addr_1/1 "/>
</bind>
</comp>

<comp id="131" class="1004" name="a_addr_1_gep_fu_131">
<pin_list>
<pin id="132" dir="0" index="0" bw="40" slack="0"/>
<pin id="133" dir="0" index="1" bw="1" slack="0"/>
<pin id="134" dir="0" index="2" bw="1" slack="0"/>
<pin id="135" dir="1" index="3" bw="3" slack="0"/>
</pin_list>
<bind>
<opcode="getelementptr(29) " fcode="getelementptr"/>
<opset="a_addr_1/1 "/>
</bind>
</comp>

<comp id="140" class="1004" name="b_addr_2_gep_fu_140">
<pin_list>
<pin id="141" dir="0" index="0" bw="40" slack="0"/>
<pin id="142" dir="0" index="1" bw="1" slack="0"/>
<pin id="143" dir="0" index="2" bw="3" slack="0"/>
<pin id="144" dir="1" index="3" bw="3" slack="0"/>
</pin_list>
<bind>
<opcode="getelementptr(29) " fcode="getelementptr"/>
<opset="b_addr_2/2 "/>
</bind>
</comp>

<comp id="149" class="1004" name="b_addr_3_gep_fu_149">
<pin_list>
<pin id="150" dir="0" index="0" bw="40" slack="0"/>
<pin id="151" dir="0" index="1" bw="1" slack="0"/>
<pin id="152" dir="0" index="2" bw="3" slack="0"/>
<pin id="153" dir="1" index="3" bw="3" slack="0"/>
</pin_list>
<bind>
<opcode="getelementptr(29) " fcode="getelementptr"/>
<opset="b_addr_3/2 "/>
</bind>
</comp>

<comp id="158" class="1004" name="a_addr_2_gep_fu_158">
<pin_list>
<pin id="159" dir="0" index="0" bw="40" slack="0"/>
<pin id="160" dir="0" index="1" bw="1" slack="0"/>
<pin id="161" dir="0" index="2" bw="3" slack="0"/>
<pin id="162" dir="1" index="3" bw="3" slack="0"/>
</pin_list>
<bind>
<opcode="getelementptr(29) " fcode="getelementptr"/>
<opset="a_addr_2/2 "/>
</bind>
</comp>

<comp id="167" class="1004" name="a_addr_3_gep_fu_167">
<pin_list>
<pin id="168" dir="0" index="0" bw="40" slack="0"/>
<pin id="169" dir="0" index="1" bw="1" slack="0"/>
<pin id="170" dir="0" index="2" bw="3" slack="0"/>
<pin id="171" dir="1" index="3" bw="3" slack="0"/>
</pin_list>
<bind>
<opcode="getelementptr(29) " fcode="getelementptr"/>
<opset="a_addr_3/2 "/>
</bind>
</comp>

<comp id="176" class="1004" name="b_addr_4_gep_fu_176">
<pin_list>
<pin id="177" dir="0" index="0" bw="40" slack="0"/>
<pin id="178" dir="0" index="1" bw="1" slack="0"/>
<pin id="179" dir="0" index="2" bw="4" slack="0"/>
<pin id="180" dir="1" index="3" bw="3" slack="0"/>
</pin_list>
<bind>
<opcode="getelementptr(29) " fcode="getelementptr"/>
<opset="b_addr_4/3 "/>
</bind>
</comp>

<comp id="185" class="1004" name="a_addr_4_gep_fu_185">
<pin_list>
<pin id="186" dir="0" index="0" bw="40" slack="0"/>
<pin id="187" dir="0" index="1" bw="1" slack="0"/>
<pin id="188" dir="0" index="2" bw="4" slack="0"/>
<pin id="189" dir="1" index="3" bw="3" slack="0"/>
</pin_list>
<bind>
<opcode="getelementptr(29) " fcode="getelementptr"/>
<opset="a_addr_4/3 "/>
</bind>
</comp>

<comp id="194" class="1004" name="prod_addr_gep_fu_194">
<pin_list>
<pin id="195" dir="0" index="0" bw="16" slack="0"/>
<pin id="196" dir="0" index="1" bw="1" slack="0"/>
<pin id="197" dir="0" index="2" bw="1" slack="0"/>
<pin id="198" dir="1" index="3" bw="5" slack="0"/>
</pin_list>
<bind>
<opcode="getelementptr(29) " fcode="getelementptr"/>
<opset="prod_addr/15 "/>
</bind>
</comp>

<comp id="202" class="1004" name="prod_addr_1_gep_fu_202">
<pin_list>
<pin id="203" dir="0" index="0" bw="16" slack="0"/>
<pin id="204" dir="0" index="1" bw="1" slack="0"/>
<pin id="205" dir="0" index="2" bw="1" slack="0"/>
<pin id="206" dir="1" index="3" bw="5" slack="0"/>
</pin_list>
<bind>
<opcode="getelementptr(29) " fcode="getelementptr"/>
<opset="prod_addr_1/15 "/>
</bind>
</comp>

<comp id="210" class="1004" name="grp_access_fu_210">
<pin_list>
<pin id="211" dir="0" index="0" bw="5" slack="0"/>
<pin id="212" dir="0" index="1" bw="16" slack="0"/>
<pin id="213" dir="0" index="2" bw="0" slack="0"/>
<pin id="215" dir="0" index="4" bw="5" slack="0"/>
<pin id="216" dir="0" index="5" bw="16" slack="2147483647"/>
<pin id="217" dir="0" index="6" bw="0" slack="2147483647"/>
<pin id="214" dir="1" index="3" bw="16" slack="2147483647"/>
<pin id="218" dir="1" index="7" bw="16" slack="2147483647"/>
</pin_list>
<bind>
<opcode="store(28) " fcode="store"/>
<opset="store_ln23/15 store_ln23/15 store_ln23/16 store_ln23/16 store_ln23/17 store_ln23/17 store_ln23/18 store_ln23/18 store_ln23/19 store_ln23/19 store_ln23/20 store_ln23/20 store_ln23/21 store_ln23/21 store_ln23/22 store_ln23/22 store_ln23/23 store_ln23/23 store_ln23/24 store_ln23/24 store_ln23/25 store_ln23/25 store_ln23/26 store_ln23/26 store_ln23/27 "/>
</bind>
</comp>

<comp id="221" class="1004" name="prod_addr_2_gep_fu_221">
<pin_list>
<pin id="222" dir="0" index="0" bw="16" slack="0"/>
<pin id="223" dir="0" index="1" bw="1" slack="0"/>
<pin id="224" dir="0" index="2" bw="3" slack="0"/>
<pin id="225" dir="1" index="3" bw="5" slack="0"/>
</pin_list>
<bind>
<opcode="getelementptr(29) " fcode="getelementptr"/>
<opset="prod_addr_2/16 "/>
</bind>
</comp>

<comp id="229" class="1004" name="prod_addr_3_gep_fu_229">
<pin_list>
<pin id="230" dir="0" index="0" bw="16" slack="0"/>
<pin id="231" dir="0" index="1" bw="1" slack="0"/>
<pin id="232" dir="0" index="2" bw="3" slack="0"/>
<pin id="233" dir="1" index="3" bw="5" slack="0"/>
</pin_list>
<bind>
<opcode="getelementptr(29) " fcode="getelementptr"/>
<opset="prod_addr_3/16 "/>
</bind>
</comp>

<comp id="239" class="1004" name="prod_addr_4_gep_fu_239">
<pin_list>
<pin id="240" dir="0" index="0" bw="16" slack="0"/>
<pin id="241" dir="0" index="1" bw="1" slack="0"/>
<pin id="242" dir="0" index="2" bw="4" slack="0"/>
<pin id="243" dir="1" index="3" bw="5" slack="0"/>
</pin_list>
<bind>
<opcode="getelementptr(29) " fcode="getelementptr"/>
<opset="prod_addr_4/17 "/>
</bind>
</comp>

<comp id="247" class="1004" name="prod_addr_5_gep_fu_247">
<pin_list>
<pin id="248" dir="0" index="0" bw="16" slack="0"/>
<pin id="249" dir="0" index="1" bw="1" slack="0"/>
<pin id="250" dir="0" index="2" bw="4" slack="0"/>
<pin id="251" dir="1" index="3" bw="5" slack="0"/>
</pin_list>
<bind>
<opcode="getelementptr(29) " fcode="getelementptr"/>
<opset="prod_addr_5/17 "/>
</bind>
</comp>

<comp id="257" class="1004" name="prod_addr_6_gep_fu_257">
<pin_list>
<pin id="258" dir="0" index="0" bw="16" slack="0"/>
<pin id="259" dir="0" index="1" bw="1" slack="0"/>
<pin id="260" dir="0" index="2" bw="4" slack="0"/>
<pin id="261" dir="1" index="3" bw="5" slack="0"/>
</pin_list>
<bind>
<opcode="getelementptr(29) " fcode="getelementptr"/>
<opset="prod_addr_6/18 "/>
</bind>
</comp>

<comp id="265" class="1004" name="prod_addr_7_gep_fu_265">
<pin_list>
<pin id="266" dir="0" index="0" bw="16" slack="0"/>
<pin id="267" dir="0" index="1" bw="1" slack="0"/>
<pin id="268" dir="0" index="2" bw="4" slack="0"/>
<pin id="269" dir="1" index="3" bw="5" slack="0"/>
</pin_list>
<bind>
<opcode="getelementptr(29) " fcode="getelementptr"/>
<opset="prod_addr_7/18 "/>
</bind>
</comp>

<comp id="275" class="1004" name="prod_addr_8_gep_fu_275">
<pin_list>
<pin id="276" dir="0" index="0" bw="16" slack="0"/>
<pin id="277" dir="0" index="1" bw="1" slack="0"/>
<pin id="278" dir="0" index="2" bw="5" slack="0"/>
<pin id="279" dir="1" index="3" bw="5" slack="0"/>
</pin_list>
<bind>
<opcode="getelementptr(29) " fcode="getelementptr"/>
<opset="prod_addr_8/19 "/>
</bind>
</comp>

<comp id="283" class="1004" name="prod_addr_9_gep_fu_283">
<pin_list>
<pin id="284" dir="0" index="0" bw="16" slack="0"/>
<pin id="285" dir="0" index="1" bw="1" slack="0"/>
<pin id="286" dir="0" index="2" bw="5" slack="0"/>
<pin id="287" dir="1" index="3" bw="5" slack="0"/>
</pin_list>
<bind>
<opcode="getelementptr(29) " fcode="getelementptr"/>
<opset="prod_addr_9/19 "/>
</bind>
</comp>

<comp id="293" class="1004" name="prod_addr_10_gep_fu_293">
<pin_list>
<pin id="294" dir="0" index="0" bw="16" slack="0"/>
<pin id="295" dir="0" index="1" bw="1" slack="0"/>
<pin id="296" dir="0" index="2" bw="5" slack="0"/>
<pin id="297" dir="1" index="3" bw="5" slack="0"/>
</pin_list>
<bind>
<opcode="getelementptr(29) " fcode="getelementptr"/>
<opset="prod_addr_10/20 "/>
</bind>
</comp>

<comp id="301" class="1004" name="prod_addr_11_gep_fu_301">
<pin_list>
<pin id="302" dir="0" index="0" bw="16" slack="0"/>
<pin id="303" dir="0" index="1" bw="1" slack="0"/>
<pin id="304" dir="0" index="2" bw="5" slack="0"/>
<pin id="305" dir="1" index="3" bw="5" slack="0"/>
</pin_list>
<bind>
<opcode="getelementptr(29) " fcode="getelementptr"/>
<opset="prod_addr_11/20 "/>
</bind>
</comp>

<comp id="311" class="1004" name="prod_addr_12_gep_fu_311">
<pin_list>
<pin id="312" dir="0" index="0" bw="16" slack="0"/>
<pin id="313" dir="0" index="1" bw="1" slack="0"/>
<pin id="314" dir="0" index="2" bw="5" slack="0"/>
<pin id="315" dir="1" index="3" bw="5" slack="0"/>
</pin_list>
<bind>
<opcode="getelementptr(29) " fcode="getelementptr"/>
<opset="prod_addr_12/21 "/>
</bind>
</comp>

<comp id="319" class="1004" name="prod_addr_13_gep_fu_319">
<pin_list>
<pin id="320" dir="0" index="0" bw="16" slack="0"/>
<pin id="321" dir="0" index="1" bw="1" slack="0"/>
<pin id="322" dir="0" index="2" bw="5" slack="0"/>
<pin id="323" dir="1" index="3" bw="5" slack="0"/>
</pin_list>
<bind>
<opcode="getelementptr(29) " fcode="getelementptr"/>
<opset="prod_addr_13/21 "/>
</bind>
</comp>

<comp id="329" class="1004" name="prod_addr_14_gep_fu_329">
<pin_list>
<pin id="330" dir="0" index="0" bw="16" slack="0"/>
<pin id="331" dir="0" index="1" bw="1" slack="0"/>
<pin id="332" dir="0" index="2" bw="5" slack="0"/>
<pin id="333" dir="1" index="3" bw="5" slack="0"/>
</pin_list>
<bind>
<opcode="getelementptr(29) " fcode="getelementptr"/>
<opset="prod_addr_14/22 "/>
</bind>
</comp>

<comp id="337" class="1004" name="prod_addr_15_gep_fu_337">
<pin_list>
<pin id="338" dir="0" index="0" bw="16" slack="0"/>
<pin id="339" dir="0" index="1" bw="1" slack="0"/>
<pin id="340" dir="0" index="2" bw="5" slack="0"/>
<pin id="341" dir="1" index="3" bw="5" slack="0"/>
</pin_list>
<bind>
<opcode="getelementptr(29) " fcode="getelementptr"/>
<opset="prod_addr_15/22 "/>
</bind>
</comp>

<comp id="347" class="1004" name="prod_addr_16_gep_fu_347">
<pin_list>
<pin id="348" dir="0" index="0" bw="16" slack="0"/>
<pin id="349" dir="0" index="1" bw="1" slack="0"/>
<pin id="350" dir="0" index="2" bw="6" slack="0"/>
<pin id="351" dir="1" index="3" bw="5" slack="0"/>
</pin_list>
<bind>
<opcode="getelementptr(29) " fcode="getelementptr"/>
<opset="prod_addr_16/23 "/>
</bind>
</comp>

<comp id="355" class="1004" name="prod_addr_17_gep_fu_355">
<pin_list>
<pin id="356" dir="0" index="0" bw="16" slack="0"/>
<pin id="357" dir="0" index="1" bw="1" slack="0"/>
<pin id="358" dir="0" index="2" bw="6" slack="0"/>
<pin id="359" dir="1" index="3" bw="5" slack="0"/>
</pin_list>
<bind>
<opcode="getelementptr(29) " fcode="getelementptr"/>
<opset="prod_addr_17/23 "/>
</bind>
</comp>

<comp id="365" class="1004" name="prod_addr_18_gep_fu_365">
<pin_list>
<pin id="366" dir="0" index="0" bw="16" slack="0"/>
<pin id="367" dir="0" index="1" bw="1" slack="0"/>
<pin id="368" dir="0" index="2" bw="6" slack="0"/>
<pin id="369" dir="1" index="3" bw="5" slack="0"/>
</pin_list>
<bind>
<opcode="getelementptr(29) " fcode="getelementptr"/>
<opset="prod_addr_18/24 "/>
</bind>
</comp>

<comp id="373" class="1004" name="prod_addr_19_gep_fu_373">
<pin_list>
<pin id="374" dir="0" index="0" bw="16" slack="0"/>
<pin id="375" dir="0" index="1" bw="1" slack="0"/>
<pin id="376" dir="0" index="2" bw="6" slack="0"/>
<pin id="377" dir="1" index="3" bw="5" slack="0"/>
</pin_list>
<bind>
<opcode="getelementptr(29) " fcode="getelementptr"/>
<opset="prod_addr_19/24 "/>
</bind>
</comp>

<comp id="383" class="1004" name="prod_addr_20_gep_fu_383">
<pin_list>
<pin id="384" dir="0" index="0" bw="16" slack="0"/>
<pin id="385" dir="0" index="1" bw="1" slack="0"/>
<pin id="386" dir="0" index="2" bw="6" slack="0"/>
<pin id="387" dir="1" index="3" bw="5" slack="0"/>
</pin_list>
<bind>
<opcode="getelementptr(29) " fcode="getelementptr"/>
<opset="prod_addr_20/25 "/>
</bind>
</comp>

<comp id="391" class="1004" name="prod_addr_21_gep_fu_391">
<pin_list>
<pin id="392" dir="0" index="0" bw="16" slack="0"/>
<pin id="393" dir="0" index="1" bw="1" slack="0"/>
<pin id="394" dir="0" index="2" bw="6" slack="0"/>
<pin id="395" dir="1" index="3" bw="5" slack="0"/>
</pin_list>
<bind>
<opcode="getelementptr(29) " fcode="getelementptr"/>
<opset="prod_addr_21/25 "/>
</bind>
</comp>

<comp id="401" class="1004" name="prod_addr_22_gep_fu_401">
<pin_list>
<pin id="402" dir="0" index="0" bw="16" slack="0"/>
<pin id="403" dir="0" index="1" bw="1" slack="0"/>
<pin id="404" dir="0" index="2" bw="6" slack="0"/>
<pin id="405" dir="1" index="3" bw="5" slack="0"/>
</pin_list>
<bind>
<opcode="getelementptr(29) " fcode="getelementptr"/>
<opset="prod_addr_22/26 "/>
</bind>
</comp>

<comp id="409" class="1004" name="prod_addr_23_gep_fu_409">
<pin_list>
<pin id="410" dir="0" index="0" bw="16" slack="0"/>
<pin id="411" dir="0" index="1" bw="1" slack="0"/>
<pin id="412" dir="0" index="2" bw="6" slack="0"/>
<pin id="413" dir="1" index="3" bw="5" slack="0"/>
</pin_list>
<bind>
<opcode="getelementptr(29) " fcode="getelementptr"/>
<opset="prod_addr_23/26 "/>
</bind>
</comp>

<comp id="419" class="1004" name="prod_addr_24_gep_fu_419">
<pin_list>
<pin id="420" dir="0" index="0" bw="16" slack="0"/>
<pin id="421" dir="0" index="1" bw="1" slack="0"/>
<pin id="422" dir="0" index="2" bw="6" slack="0"/>
<pin id="423" dir="1" index="3" bw="5" slack="0"/>
</pin_list>
<bind>
<opcode="getelementptr(29) " fcode="getelementptr"/>
<opset="prod_addr_24/27 "/>
</bind>
</comp>

<comp id="428" class="1004" name="grp_fu_428">
<pin_list>
<pin id="429" dir="0" index="0" bw="8" slack="0"/>
<pin id="430" dir="0" index="1" bw="40" slack="0"/>
<pin id="431" dir="0" index="2" bw="5" slack="0"/>
<pin id="432" dir="1" index="3" bw="8" slack="6"/>
</pin_list>
<bind>
<opcode="partselect(1002) " fcode="partselect"/>
<opset="tmp/2 tmp_27/3 "/>
</bind>
</comp>

<comp id="436" class="1004" name="grp_fu_436">
<pin_list>
<pin id="437" dir="0" index="0" bw="8" slack="0"/>
<pin id="438" dir="0" index="1" bw="40" slack="0"/>
<pin id="439" dir="0" index="2" bw="5" slack="0"/>
<pin id="440" dir="1" index="3" bw="8" slack="5"/>
</pin_list>
<bind>
<opcode="partselect(1002) " fcode="partselect"/>
<opset="tmp_1/2 tmp_11/3 "/>
</bind>
</comp>

<comp id="444" class="1004" name="grp_fu_444">
<pin_list>
<pin id="445" dir="0" index="0" bw="8" slack="0"/>
<pin id="446" dir="0" index="1" bw="40" slack="0"/>
<pin id="447" dir="0" index="2" bw="6" slack="0"/>
<pin id="448" dir="1" index="3" bw="8" slack="5"/>
</pin_list>
<bind>
<opcode="partselect(1002) " fcode="partselect"/>
<opset="tmp_2/2 tmp_28/3 "/>
</bind>
</comp>

<comp id="452" class="1004" name="grp_fu_452">
<pin_list>
<pin id="453" dir="0" index="0" bw="8" slack="0"/>
<pin id="454" dir="0" index="1" bw="40" slack="0"/>
<pin id="455" dir="0" index="2" bw="6" slack="0"/>
<pin id="456" dir="1" index="3" bw="8" slack="5"/>
</pin_list>
<bind>
<opcode="partselect(1002) " fcode="partselect"/>
<opset="tmp_3/2 tmp_12/3 "/>
</bind>
</comp>

<comp id="460" class="1004" name="grp_fu_460">
<pin_list>
<pin id="461" dir="0" index="0" bw="8" slack="0"/>
<pin id="462" dir="0" index="1" bw="40" slack="0"/>
<pin id="463" dir="0" index="2" bw="6" slack="0"/>
<pin id="464" dir="1" index="3" bw="8" slack="0"/>
</pin_list>
<bind>
<opcode="partselect(1002) " fcode="partselect"/>
<opset="tmp_4/2 tmp_29/3 "/>
</bind>
</comp>

<comp id="468" class="1004" name="grp_fu_468">
<pin_list>
<pin id="469" dir="0" index="0" bw="8" slack="0"/>
<pin id="470" dir="0" index="1" bw="40" slack="0"/>
<pin id="471" dir="0" index="2" bw="6" slack="0"/>
<pin id="472" dir="1" index="3" bw="8" slack="0"/>
</pin_list>
<bind>
<opcode="partselect(1002) " fcode="partselect"/>
<opset="tmp_5/2 tmp_13/3 "/>
</bind>
</comp>

<comp id="476" class="1004" name="grp_fu_476">
<pin_list>
<pin id="477" dir="0" index="0" bw="8" slack="0"/>
<pin id="478" dir="0" index="1" bw="40" slack="0"/>
<pin id="479" dir="0" index="2" bw="7" slack="0"/>
<pin id="480" dir="1" index="3" bw="8" slack="3"/>
</pin_list>
<bind>
<opcode="partselect(1002) " fcode="partselect"/>
<opset="tmp_6/2 tmp_30/3 "/>
</bind>
</comp>

<comp id="484" class="1004" name="grp_fu_484">
<pin_list>
<pin id="485" dir="0" index="0" bw="8" slack="0"/>
<pin id="486" dir="0" index="1" bw="40" slack="0"/>
<pin id="487" dir="0" index="2" bw="7" slack="0"/>
<pin id="488" dir="1" index="3" bw="8" slack="3"/>
</pin_list>
<bind>
<opcode="partselect(1002) " fcode="partselect"/>
<opset="tmp_7/2 tmp_14/3 "/>
</bind>
</comp>

<comp id="492" class="1004" name="grp_fu_492">
<pin_list>
<pin id="493" dir="0" index="0" bw="8" slack="0"/>
<pin id="494" dir="0" index="1" bw="40" slack="0"/>
<pin id="495" dir="0" index="2" bw="5" slack="0"/>
<pin id="496" dir="1" index="3" bw="8" slack="5"/>
</pin_list>
<bind>
<opcode="partselect(1002) " fcode="partselect"/>
<opset="tmp_8/2 tmp_15/3 tmp_19/4 "/>
</bind>
</comp>

<comp id="500" class="1004" name="grp_fu_500">
<pin_list>
<pin id="501" dir="0" index="0" bw="8" slack="0"/>
<pin id="502" dir="0" index="1" bw="40" slack="0"/>
<pin id="503" dir="0" index="2" bw="6" slack="0"/>
<pin id="504" dir="1" index="3" bw="8" slack="5"/>
</pin_list>
<bind>
<opcode="partselect(1002) " fcode="partselect"/>
<opset="tmp_9/2 tmp_16/3 tmp_20/4 "/>
</bind>
</comp>

<comp id="508" class="1004" name="grp_fu_508">
<pin_list>
<pin id="509" dir="0" index="0" bw="8" slack="0"/>
<pin id="510" dir="0" index="1" bw="40" slack="0"/>
<pin id="511" dir="0" index="2" bw="6" slack="0"/>
<pin id="512" dir="1" index="3" bw="8" slack="0"/>
</pin_list>
<bind>
<opcode="partselect(1002) " fcode="partselect"/>
<opset="tmp_s/2 tmp_17/3 tmp_21/4 "/>
</bind>
</comp>

<comp id="516" class="1004" name="grp_fu_516">
<pin_list>
<pin id="517" dir="0" index="0" bw="8" slack="0"/>
<pin id="518" dir="0" index="1" bw="40" slack="0"/>
<pin id="519" dir="0" index="2" bw="7" slack="0"/>
<pin id="520" dir="1" index="3" bw="8" slack="3"/>
</pin_list>
<bind>
<opcode="partselect(1002) " fcode="partselect"/>
<opset="tmp_10/2 tmp_18/3 tmp_22/4 "/>
</bind>
</comp>

<comp id="524" class="1004" name="grp_fu_524">
<pin_list>
<pin id="525" dir="0" index="0" bw="8" slack="0"/>
<pin id="526" dir="0" index="1" bw="40" slack="0"/>
<pin id="527" dir="0" index="2" bw="5" slack="0"/>
<pin id="528" dir="1" index="3" bw="8" slack="7"/>
</pin_list>
<bind>
<opcode="partselect(1002) " fcode="partselect"/>
<opset="tmp_23/2 tmp_31/3 tmp_35/4 "/>
</bind>
</comp>

<comp id="532" class="1004" name="grp_fu_532">
<pin_list>
<pin id="533" dir="0" index="0" bw="8" slack="0"/>
<pin id="534" dir="0" index="1" bw="40" slack="0"/>
<pin id="535" dir="0" index="2" bw="6" slack="0"/>
<pin id="536" dir="1" index="3" bw="8" slack="7"/>
</pin_list>
<bind>
<opcode="partselect(1002) " fcode="partselect"/>
<opset="tmp_24/2 tmp_32/3 tmp_36/4 "/>
</bind>
</comp>

<comp id="540" class="1004" name="grp_fu_540">
<pin_list>
<pin id="541" dir="0" index="0" bw="8" slack="0"/>
<pin id="542" dir="0" index="1" bw="40" slack="0"/>
<pin id="543" dir="0" index="2" bw="6" slack="0"/>
<pin id="544" dir="1" index="3" bw="8" slack="0"/>
</pin_list>
<bind>
<opcode="partselect(1002) " fcode="partselect"/>
<opset="tmp_25/2 tmp_33/3 tmp_37/4 "/>
</bind>
</comp>

<comp id="548" class="1004" name="grp_fu_548">
<pin_list>
<pin id="549" dir="0" index="0" bw="8" slack="0"/>
<pin id="550" dir="0" index="1" bw="40" slack="0"/>
<pin id="551" dir="0" index="2" bw="7" slack="0"/>
<pin id="552" dir="1" index="3" bw="8" slack="3"/>
</pin_list>
<bind>
<opcode="partselect(1002) " fcode="partselect"/>
<opset="tmp_26/2 tmp_34/3 tmp_38/4 "/>
</bind>
</comp>

<comp id="556" class="1004" name="trunc_ln23_fu_556">
<pin_list>
<pin id="557" dir="0" index="0" bw="40" slack="0"/>
<pin id="558" dir="1" index="1" bw="8" slack="9"/>
</pin_list>
<bind>
<opcode="trunc(33) " fcode="trunc"/>
<opset="trunc_ln23/2 "/>
</bind>
</comp>

<comp id="560" class="1004" name="trunc_ln23_1_fu_560">
<pin_list>
<pin id="561" dir="0" index="0" bw="40" slack="0"/>
<pin id="562" dir="1" index="1" bw="8" slack="9"/>
</pin_list>
<bind>
<opcode="trunc(33) " fcode="trunc"/>
<opset="trunc_ln23_1/2 "/>
</bind>
</comp>

<comp id="564" class="1004" name="sext_ln23_6_fu_564">
<pin_list>
<pin id="565" dir="0" index="0" bw="8" slack="0"/>
<pin id="566" dir="1" index="1" bw="16" slack="0"/>
</pin_list>
<bind>
<opcode="sext(35) " fcode="sext"/>
<opset="sext_ln23_6/2 "/>
</bind>
</comp>

<comp id="568" class="1004" name="sext_ln23_7_fu_568">
<pin_list>
<pin id="569" dir="0" index="0" bw="8" slack="0"/>
<pin id="570" dir="1" index="1" bw="16" slack="0"/>
</pin_list>
<bind>
<opcode="sext(35) " fcode="sext"/>
<opset="sext_ln23_7/2 "/>
</bind>
</comp>

<comp id="572" class="1004" name="grp_fu_572">
<pin_list>
<pin id="573" dir="0" index="0" bw="8" slack="0"/>
<pin id="574" dir="0" index="1" bw="8" slack="0"/>
<pin id="575" dir="1" index="2" bw="16" slack="1"/>
</pin_list>
<bind>
<opcode="mul(12) " fcode="mul"/>
<opset="mul_ln23_3/2 "/>
</bind>
</comp>

<comp id="578" class="1004" name="trunc_ln23_2_fu_578">
<pin_list>
<pin id="579" dir="0" index="0" bw="40" slack="0"/>
<pin id="580" dir="1" index="1" bw="8" slack="9"/>
</pin_list>
<bind>
<opcode="trunc(33) " fcode="trunc"/>
<opset="trunc_ln23_2/2 "/>
</bind>
</comp>

<comp id="582" class="1004" name="sext_ln23_13_fu_582">
<pin_list>
<pin id="583" dir="0" index="0" bw="8" slack="0"/>
<pin id="584" dir="1" index="1" bw="16" slack="0"/>
</pin_list>
<bind>
<opcode="sext(35) " fcode="sext"/>
<opset="sext_ln23_13/2 "/>
</bind>
</comp>

<comp id="586" class="1004" name="grp_fu_586">
<pin_list>
<pin id="587" dir="0" index="0" bw="8" slack="0"/>
<pin id="588" dir="0" index="1" bw="8" slack="0"/>
<pin id="589" dir="1" index="2" bw="16" slack="1"/>
</pin_list>
<bind>
<opcode="mul(12) " fcode="mul"/>
<opset="mul_ln23_8/2 "/>
</bind>
</comp>

<comp id="592" class="1004" name="trunc_ln23_6_fu_592">
<pin_list>
<pin id="593" dir="0" index="0" bw="40" slack="0"/>
<pin id="594" dir="1" index="1" bw="8" slack="10"/>
</pin_list>
<bind>
<opcode="trunc(33) " fcode="trunc"/>
<opset="trunc_ln23_6/2 "/>
</bind>
</comp>

<comp id="596" class="1004" name="sext_ln23_33_fu_596">
<pin_list>
<pin id="597" dir="0" index="0" bw="8" slack="0"/>
<pin id="598" dir="1" index="1" bw="16" slack="0"/>
</pin_list>
<bind>
<opcode="sext(35) " fcode="sext"/>
<opset="sext_ln23_33/2 "/>
</bind>
</comp>

<comp id="600" class="1004" name="grp_fu_600">
<pin_list>
<pin id="601" dir="0" index="0" bw="8" slack="0"/>
<pin id="602" dir="0" index="1" bw="8" slack="0"/>
<pin id="603" dir="1" index="2" bw="16" slack="1"/>
</pin_list>
<bind>
<opcode="mul(12) " fcode="mul"/>
<opset="mul_ln23_28/2 "/>
</bind>
</comp>

<comp id="606" class="1004" name="grp_fu_606">
<pin_list>
<pin id="607" dir="0" index="0" bw="8" slack="0"/>
<pin id="608" dir="0" index="1" bw="8" slack="0"/>
<pin id="609" dir="1" index="2" bw="16" slack="1"/>
</pin_list>
<bind>
<opcode="mul(12) " fcode="mul"/>
<opset="mul_ln23_33/2 "/>
</bind>
</comp>

<comp id="612" class="1004" name="trunc_ln23_3_fu_612">
<pin_list>
<pin id="613" dir="0" index="0" bw="40" slack="0"/>
<pin id="614" dir="1" index="1" bw="8" slack="8"/>
</pin_list>
<bind>
<opcode="trunc(33) " fcode="trunc"/>
<opset="trunc_ln23_3/3 "/>
</bind>
</comp>

<comp id="616" class="1004" name="sext_ln23_18_fu_616">
<pin_list>
<pin id="617" dir="0" index="0" bw="8" slack="0"/>
<pin id="618" dir="1" index="1" bw="16" slack="0"/>
</pin_list>
<bind>
<opcode="sext(35) " fcode="sext"/>
<opset="sext_ln23_18/3 "/>
</bind>
</comp>

<comp id="620" class="1004" name="grp_fu_620">
<pin_list>
<pin id="621" dir="0" index="0" bw="8" slack="0"/>
<pin id="622" dir="0" index="1" bw="8" slack="1"/>
<pin id="623" dir="1" index="2" bw="16" slack="1"/>
</pin_list>
<bind>
<opcode="mul(12) " fcode="mul"/>
<opset="mul_ln23_13/3 "/>
</bind>
</comp>

<comp id="625" class="1004" name="trunc_ln23_4_fu_625">
<pin_list>
<pin id="626" dir="0" index="0" bw="40" slack="0"/>
<pin id="627" dir="1" index="1" bw="8" slack="9"/>
</pin_list>
<bind>
<opcode="trunc(33) " fcode="trunc"/>
<opset="trunc_ln23_4/3 "/>
</bind>
</comp>

<comp id="629" class="1004" name="sext_ln23_23_fu_629">
<pin_list>
<pin id="630" dir="0" index="0" bw="8" slack="0"/>
<pin id="631" dir="1" index="1" bw="16" slack="0"/>
</pin_list>
<bind>
<opcode="sext(35) " fcode="sext"/>
<opset="sext_ln23_23/3 "/>
</bind>
</comp>

<comp id="633" class="1004" name="grp_fu_633">
<pin_list>
<pin id="634" dir="0" index="0" bw="8" slack="0"/>
<pin id="635" dir="0" index="1" bw="8" slack="1"/>
<pin id="636" dir="1" index="2" bw="16" slack="1"/>
</pin_list>
<bind>
<opcode="mul(12) " fcode="mul"/>
<opset="mul_ln23_18/3 "/>
</bind>
</comp>

<comp id="638" class="1004" name="grp_fu_638">
<pin_list>
<pin id="639" dir="0" index="0" bw="8" slack="1"/>
<pin id="640" dir="0" index="1" bw="8" slack="0"/>
<pin id="641" dir="1" index="2" bw="16" slack="1"/>
</pin_list>
<bind>
<opcode="mul(12) " fcode="mul"/>
<opset="mul_ln23_38/3 "/>
</bind>
</comp>

<comp id="643" class="1004" name="grp_fu_643">
<pin_list>
<pin id="644" dir="0" index="0" bw="8" slack="1"/>
<pin id="645" dir="0" index="1" bw="8" slack="0"/>
<pin id="646" dir="1" index="2" bw="16" slack="1"/>
</pin_list>
<bind>
<opcode="mul(12) " fcode="mul"/>
<opset="mul_ln23_43/3 "/>
</bind>
</comp>

<comp id="648" class="1004" name="trunc_ln23_7_fu_648">
<pin_list>
<pin id="649" dir="0" index="0" bw="40" slack="0"/>
<pin id="650" dir="1" index="1" bw="8" slack="10"/>
</pin_list>
<bind>
<opcode="trunc(33) " fcode="trunc"/>
<opset="trunc_ln23_7/3 "/>
</bind>
</comp>

<comp id="652" class="1004" name="trunc_ln23_8_fu_652">
<pin_list>
<pin id="653" dir="0" index="0" bw="40" slack="0"/>
<pin id="654" dir="1" index="1" bw="8" slack="12"/>
</pin_list>
<bind>
<opcode="trunc(33) " fcode="trunc"/>
<opset="trunc_ln23_8/3 "/>
</bind>
</comp>

<comp id="656" class="1004" name="trunc_ln23_5_fu_656">
<pin_list>
<pin id="657" dir="0" index="0" bw="40" slack="0"/>
<pin id="658" dir="1" index="1" bw="8" slack="8"/>
</pin_list>
<bind>
<opcode="trunc(33) " fcode="trunc"/>
<opset="trunc_ln23_5/4 "/>
</bind>
</comp>

<comp id="660" class="1004" name="sext_ln23_28_fu_660">
<pin_list>
<pin id="661" dir="0" index="0" bw="8" slack="0"/>
<pin id="662" dir="1" index="1" bw="16" slack="0"/>
</pin_list>
<bind>
<opcode="sext(35) " fcode="sext"/>
<opset="sext_ln23_28/4 "/>
</bind>
</comp>

<comp id="664" class="1004" name="grp_fu_664">
<pin_list>
<pin id="665" dir="0" index="0" bw="8" slack="0"/>
<pin id="666" dir="0" index="1" bw="8" slack="2"/>
<pin id="667" dir="1" index="2" bw="16" slack="1"/>
</pin_list>
<bind>
<opcode="mul(12) " fcode="mul"/>
<opset="mul_ln23_23/4 "/>
</bind>
</comp>

<comp id="669" class="1004" name="grp_fu_669">
<pin_list>
<pin id="670" dir="0" index="0" bw="8" slack="2"/>
<pin id="671" dir="0" index="1" bw="8" slack="0"/>
<pin id="672" dir="1" index="2" bw="16" slack="1"/>
</pin_list>
<bind>
<opcode="mul(12) " fcode="mul"/>
<opset="mul_ln23_48/4 "/>
</bind>
</comp>

<comp id="674" class="1004" name="sext_ln23_38_fu_674">
<pin_list>
<pin id="675" dir="0" index="0" bw="8" slack="1"/>
<pin id="676" dir="1" index="1" bw="16" slack="0"/>
</pin_list>
<bind>
<opcode="sext(35) " fcode="sext"/>
<opset="sext_ln23_38/4 "/>
</bind>
</comp>

<comp id="677" class="1004" name="grp_fu_677">
<pin_list>
<pin id="678" dir="0" index="0" bw="8" slack="0"/>
<pin id="679" dir="0" index="1" bw="8" slack="2"/>
<pin id="680" dir="1" index="2" bw="16" slack="1"/>
</pin_list>
<bind>
<opcode="mul(12) " fcode="mul"/>
<opset="mul_ln23_53/4 "/>
</bind>
</comp>

<comp id="682" class="1004" name="grp_fu_682">
<pin_list>
<pin id="683" dir="0" index="0" bw="8" slack="0"/>
<pin id="684" dir="0" index="1" bw="8" slack="2"/>
<pin id="685" dir="1" index="2" bw="16" slack="1"/>
</pin_list>
<bind>
<opcode="mul(12) " fcode="mul"/>
<opset="mul_ln23_58/4 "/>
</bind>
</comp>

<comp id="687" class="1004" name="trunc_ln23_9_fu_687">
<pin_list>
<pin id="688" dir="0" index="0" bw="40" slack="0"/>
<pin id="689" dir="1" index="1" bw="8" slack="12"/>
</pin_list>
<bind>
<opcode="trunc(33) " fcode="trunc"/>
<opset="trunc_ln23_9/4 "/>
</bind>
</comp>

<comp id="691" class="1004" name="sext_ln23_8_fu_691">
<pin_list>
<pin id="692" dir="0" index="0" bw="8" slack="3"/>
<pin id="693" dir="1" index="1" bw="16" slack="0"/>
</pin_list>
<bind>
<opcode="sext(35) " fcode="sext"/>
<opset="sext_ln23_8/5 "/>
</bind>
</comp>

<comp id="694" class="1004" name="sext_ln23_9_fu_694">
<pin_list>
<pin id="695" dir="0" index="0" bw="8" slack="3"/>
<pin id="696" dir="1" index="1" bw="16" slack="0"/>
</pin_list>
<bind>
<opcode="sext(35) " fcode="sext"/>
<opset="sext_ln23_9/5 "/>
</bind>
</comp>

<comp id="697" class="1004" name="sext_ln23_14_fu_697">
<pin_list>
<pin id="698" dir="0" index="0" bw="8" slack="3"/>
<pin id="699" dir="1" index="1" bw="16" slack="0"/>
</pin_list>
<bind>
<opcode="sext(35) " fcode="sext"/>
<opset="sext_ln23_14/5 "/>
</bind>
</comp>

<comp id="700" class="1004" name="sext_ln23_34_fu_700">
<pin_list>
<pin id="701" dir="0" index="0" bw="8" slack="3"/>
<pin id="702" dir="1" index="1" bw="16" slack="0"/>
</pin_list>
<bind>
<opcode="sext(35) " fcode="sext"/>
<opset="sext_ln23_34/5 "/>
</bind>
</comp>

<comp id="703" class="1004" name="grp_fu_703">
<pin_list>
<pin id="704" dir="0" index="0" bw="8" slack="1"/>
<pin id="705" dir="0" index="1" bw="8" slack="2"/>
<pin id="706" dir="1" index="2" bw="16" slack="1"/>
</pin_list>
<bind>
<opcode="mul(12) " fcode="mul"/>
<opset="mul_ln23_63/5 "/>
</bind>
</comp>

<comp id="707" class="1004" name="grp_fu_707">
<pin_list>
<pin id="708" dir="0" index="0" bw="8" slack="1"/>
<pin id="709" dir="0" index="1" bw="8" slack="2"/>
<pin id="710" dir="1" index="2" bw="16" slack="1"/>
</pin_list>
<bind>
<opcode="mul(12) " fcode="mul"/>
<opset="mul_ln23_68/5 "/>
</bind>
</comp>

<comp id="711" class="1004" name="grp_fu_711">
<pin_list>
<pin id="712" dir="0" index="0" bw="8" slack="1"/>
<pin id="713" dir="0" index="1" bw="8" slack="1"/>
<pin id="714" dir="1" index="2" bw="16" slack="1"/>
</pin_list>
<bind>
<opcode="mul(12) " fcode="mul"/>
<opset="mul_ln23_73/5 "/>
</bind>
</comp>

<comp id="715" class="1004" name="sext_ln23_43_fu_715">
<pin_list>
<pin id="716" dir="0" index="0" bw="8" slack="2"/>
<pin id="717" dir="1" index="1" bw="16" slack="0"/>
</pin_list>
<bind>
<opcode="sext(35) " fcode="sext"/>
<opset="sext_ln23_43/5 "/>
</bind>
</comp>

<comp id="718" class="1004" name="grp_fu_718">
<pin_list>
<pin id="719" dir="0" index="0" bw="8" slack="0"/>
<pin id="720" dir="0" index="1" bw="8" slack="3"/>
<pin id="721" dir="1" index="2" bw="16" slack="1"/>
</pin_list>
<bind>
<opcode="mul(12) " fcode="mul"/>
<opset="mul_ln23_78/5 "/>
</bind>
</comp>

<comp id="723" class="1004" name="sext_ln23_19_fu_723">
<pin_list>
<pin id="724" dir="0" index="0" bw="8" slack="3"/>
<pin id="725" dir="1" index="1" bw="16" slack="0"/>
</pin_list>
<bind>
<opcode="sext(35) " fcode="sext"/>
<opset="sext_ln23_19/6 "/>
</bind>
</comp>

<comp id="726" class="1004" name="sext_ln23_24_fu_726">
<pin_list>
<pin id="727" dir="0" index="0" bw="8" slack="3"/>
<pin id="728" dir="1" index="1" bw="16" slack="0"/>
</pin_list>
<bind>
<opcode="sext(35) " fcode="sext"/>
<opset="sext_ln23_24/6 "/>
</bind>
</comp>

<comp id="729" class="1004" name="grp_fu_729">
<pin_list>
<pin id="730" dir="0" index="0" bw="8" slack="1"/>
<pin id="731" dir="0" index="1" bw="8" slack="4"/>
<pin id="732" dir="1" index="2" bw="16" slack="1"/>
</pin_list>
<bind>
<opcode="mul(12) " fcode="mul"/>
<opset="mul_ln23_83/6 "/>
</bind>
</comp>

<comp id="733" class="1004" name="grp_fu_733">
<pin_list>
<pin id="734" dir="0" index="0" bw="8" slack="1"/>
<pin id="735" dir="0" index="1" bw="8" slack="3"/>
<pin id="736" dir="1" index="2" bw="16" slack="1"/>
</pin_list>
<bind>
<opcode="mul(12) " fcode="mul"/>
<opset="mul_ln23_88/6 "/>
</bind>
</comp>

<comp id="737" class="1004" name="grp_fu_737">
<pin_list>
<pin id="738" dir="0" index="0" bw="8" slack="1"/>
<pin id="739" dir="0" index="1" bw="8" slack="3"/>
<pin id="740" dir="1" index="2" bw="16" slack="1"/>
</pin_list>
<bind>
<opcode="mul(12) " fcode="mul"/>
<opset="mul_ln23_93/6 "/>
</bind>
</comp>

<comp id="741" class="1004" name="grp_fu_741">
<pin_list>
<pin id="742" dir="0" index="0" bw="8" slack="1"/>
<pin id="743" dir="0" index="1" bw="8" slack="2"/>
<pin id="744" dir="1" index="2" bw="16" slack="1"/>
</pin_list>
<bind>
<opcode="mul(12) " fcode="mul"/>
<opset="mul_ln23_98/6 "/>
</bind>
</comp>

<comp id="745" class="1004" name="sext_ln23_4_fu_745">
<pin_list>
<pin id="746" dir="0" index="0" bw="8" slack="5"/>
<pin id="747" dir="1" index="1" bw="16" slack="0"/>
</pin_list>
<bind>
<opcode="sext(35) " fcode="sext"/>
<opset="sext_ln23_4/7 "/>
</bind>
</comp>

<comp id="748" class="1004" name="sext_ln23_5_fu_748">
<pin_list>
<pin id="749" dir="0" index="0" bw="8" slack="5"/>
<pin id="750" dir="1" index="1" bw="16" slack="0"/>
</pin_list>
<bind>
<opcode="sext(35) " fcode="sext"/>
<opset="sext_ln23_5/7 "/>
</bind>
</comp>

<comp id="751" class="1004" name="sext_ln23_12_fu_751">
<pin_list>
<pin id="752" dir="0" index="0" bw="8" slack="5"/>
<pin id="753" dir="1" index="1" bw="16" slack="0"/>
</pin_list>
<bind>
<opcode="sext(35) " fcode="sext"/>
<opset="sext_ln23_12/7 "/>
</bind>
</comp>

<comp id="754" class="1004" name="sext_ln23_29_fu_754">
<pin_list>
<pin id="755" dir="0" index="0" bw="8" slack="3"/>
<pin id="756" dir="1" index="1" bw="16" slack="0"/>
</pin_list>
<bind>
<opcode="sext(35) " fcode="sext"/>
<opset="sext_ln23_29/7 "/>
</bind>
</comp>

<comp id="757" class="1004" name="sext_ln23_39_fu_757">
<pin_list>
<pin id="758" dir="0" index="0" bw="8" slack="4"/>
<pin id="759" dir="1" index="1" bw="16" slack="0"/>
</pin_list>
<bind>
<opcode="sext(35) " fcode="sext"/>
<opset="sext_ln23_39/7 "/>
</bind>
</comp>

<comp id="760" class="1004" name="sext_ln23_48_fu_760">
<pin_list>
<pin id="761" dir="0" index="0" bw="8" slack="3"/>
<pin id="762" dir="1" index="1" bw="16" slack="0"/>
</pin_list>
<bind>
<opcode="sext(35) " fcode="sext"/>
<opset="sext_ln23_48/7 "/>
</bind>
</comp>

<comp id="763" class="1004" name="grp_fu_763">
<pin_list>
<pin id="764" dir="0" index="0" bw="8" slack="0"/>
<pin id="765" dir="0" index="1" bw="8" slack="5"/>
<pin id="766" dir="1" index="2" bw="16" slack="1"/>
</pin_list>
<bind>
<opcode="mul(12) " fcode="mul"/>
<opset="mul_ln23_103/7 "/>
</bind>
</comp>

<comp id="768" class="1004" name="grp_fu_768">
<pin_list>
<pin id="769" dir="0" index="0" bw="8" slack="0"/>
<pin id="770" dir="0" index="1" bw="8" slack="5"/>
<pin id="771" dir="1" index="2" bw="16" slack="1"/>
</pin_list>
<bind>
<opcode="mul(12) " fcode="mul"/>
<opset="mul_ln23_108/7 "/>
</bind>
</comp>

<comp id="773" class="1004" name="grp_fu_773">
<pin_list>
<pin id="774" dir="0" index="0" bw="8" slack="0"/>
<pin id="775" dir="0" index="1" bw="8" slack="4"/>
<pin id="776" dir="1" index="2" bw="16" slack="1"/>
</pin_list>
<bind>
<opcode="mul(12) " fcode="mul"/>
<opset="mul_ln23_113/7 "/>
</bind>
</comp>

<comp id="778" class="1004" name="grp_fu_778">
<pin_list>
<pin id="779" dir="0" index="0" bw="8" slack="0"/>
<pin id="780" dir="0" index="1" bw="8" slack="4"/>
<pin id="781" dir="1" index="2" bw="16" slack="1"/>
</pin_list>
<bind>
<opcode="mul(12) " fcode="mul"/>
<opset="mul_ln23_118/7 "/>
</bind>
</comp>

<comp id="783" class="1004" name="sext_ln23_2_fu_783">
<pin_list>
<pin id="784" dir="0" index="0" bw="8" slack="6"/>
<pin id="785" dir="1" index="1" bw="16" slack="0"/>
</pin_list>
<bind>
<opcode="sext(35) " fcode="sext"/>
<opset="sext_ln23_2/8 "/>
</bind>
</comp>

<comp id="786" class="1004" name="sext_ln23_3_fu_786">
<pin_list>
<pin id="787" dir="0" index="0" bw="8" slack="6"/>
<pin id="788" dir="1" index="1" bw="16" slack="0"/>
</pin_list>
<bind>
<opcode="sext(35) " fcode="sext"/>
<opset="sext_ln23_3/8 "/>
</bind>
</comp>

<comp id="789" class="1004" name="grp_fu_789">
<pin_list>
<pin id="790" dir="0" index="0" bw="8" slack="0"/>
<pin id="791" dir="0" index="1" bw="8" slack="0"/>
<pin id="792" dir="1" index="2" bw="16" slack="1"/>
</pin_list>
<bind>
<opcode="mul(12) " fcode="mul"/>
<opset="mul_ln23_1/8 "/>
</bind>
</comp>

<comp id="795" class="1004" name="sext_ln23_11_fu_795">
<pin_list>
<pin id="796" dir="0" index="0" bw="8" slack="6"/>
<pin id="797" dir="1" index="1" bw="16" slack="0"/>
</pin_list>
<bind>
<opcode="sext(35) " fcode="sext"/>
<opset="sext_ln23_11/8 "/>
</bind>
</comp>

<comp id="798" class="1004" name="grp_fu_798">
<pin_list>
<pin id="799" dir="0" index="0" bw="8" slack="0"/>
<pin id="800" dir="0" index="1" bw="8" slack="0"/>
<pin id="801" dir="1" index="2" bw="16" slack="1"/>
</pin_list>
<bind>
<opcode="mul(12) " fcode="mul"/>
<opset="mul_ln23_6/8 "/>
</bind>
</comp>

<comp id="804" class="1004" name="sext_ln23_16_fu_804">
<pin_list>
<pin id="805" dir="0" index="0" bw="8" slack="5"/>
<pin id="806" dir="1" index="1" bw="16" slack="0"/>
</pin_list>
<bind>
<opcode="sext(35) " fcode="sext"/>
<opset="sext_ln23_16/8 "/>
</bind>
</comp>

<comp id="807" class="1004" name="sext_ln23_17_fu_807">
<pin_list>
<pin id="808" dir="0" index="0" bw="8" slack="5"/>
<pin id="809" dir="1" index="1" bw="16" slack="0"/>
</pin_list>
<bind>
<opcode="sext(35) " fcode="sext"/>
<opset="sext_ln23_17/8 "/>
</bind>
</comp>

<comp id="810" class="1004" name="grp_fu_810">
<pin_list>
<pin id="811" dir="0" index="0" bw="8" slack="0"/>
<pin id="812" dir="0" index="1" bw="8" slack="0"/>
<pin id="813" dir="1" index="2" bw="16" slack="1"/>
</pin_list>
<bind>
<opcode="mul(12) " fcode="mul"/>
<opset="mul_ln23_11/8 "/>
</bind>
</comp>

<comp id="816" class="1004" name="sext_ln23_22_fu_816">
<pin_list>
<pin id="817" dir="0" index="0" bw="8" slack="5"/>
<pin id="818" dir="1" index="1" bw="16" slack="0"/>
</pin_list>
<bind>
<opcode="sext(35) " fcode="sext"/>
<opset="sext_ln23_22/8 "/>
</bind>
</comp>

<comp id="819" class="1004" name="sext_ln23_44_fu_819">
<pin_list>
<pin id="820" dir="0" index="0" bw="8" slack="5"/>
<pin id="821" dir="1" index="1" bw="16" slack="0"/>
</pin_list>
<bind>
<opcode="sext(35) " fcode="sext"/>
<opset="sext_ln23_44/8 "/>
</bind>
</comp>

<comp id="822" class="1004" name="grp_fu_822">
<pin_list>
<pin id="823" dir="0" index="0" bw="8" slack="1"/>
<pin id="824" dir="0" index="1" bw="8" slack="4"/>
<pin id="825" dir="1" index="2" bw="16" slack="1"/>
</pin_list>
<bind>
<opcode="mul(12) " fcode="mul"/>
<opset="mul_ln23_123/8 "/>
</bind>
</comp>

<comp id="826" class="1004" name="sext_ln23_21_fu_826">
<pin_list>
<pin id="827" dir="0" index="0" bw="8" slack="6"/>
<pin id="828" dir="1" index="1" bw="16" slack="0"/>
</pin_list>
<bind>
<opcode="sext(35) " fcode="sext"/>
<opset="sext_ln23_21/9 "/>
</bind>
</comp>

<comp id="829" class="1004" name="grp_fu_829">
<pin_list>
<pin id="830" dir="0" index="0" bw="8" slack="0"/>
<pin id="831" dir="0" index="1" bw="8" slack="1"/>
<pin id="832" dir="1" index="2" bw="16" slack="1"/>
</pin_list>
<bind>
<opcode="mul(12) " fcode="mul"/>
<opset="mul_ln23_16/9 "/>
</bind>
</comp>

<comp id="834" class="1004" name="sext_ln23_26_fu_834">
<pin_list>
<pin id="835" dir="0" index="0" bw="8" slack="5"/>
<pin id="836" dir="1" index="1" bw="16" slack="0"/>
</pin_list>
<bind>
<opcode="sext(35) " fcode="sext"/>
<opset="sext_ln23_26/9 "/>
</bind>
</comp>

<comp id="837" class="1004" name="sext_ln23_27_fu_837">
<pin_list>
<pin id="838" dir="0" index="0" bw="8" slack="5"/>
<pin id="839" dir="1" index="1" bw="16" slack="0"/>
</pin_list>
<bind>
<opcode="sext(35) " fcode="sext"/>
<opset="sext_ln23_27/9 "/>
</bind>
</comp>

<comp id="840" class="1004" name="grp_fu_840">
<pin_list>
<pin id="841" dir="0" index="0" bw="8" slack="0"/>
<pin id="842" dir="0" index="1" bw="8" slack="1"/>
<pin id="843" dir="1" index="2" bw="16" slack="1"/>
</pin_list>
<bind>
<opcode="mul(12) " fcode="mul"/>
<opset="mul_ln23_21/9 "/>
</bind>
</comp>

<comp id="845" class="1004" name="sext_ln23_31_fu_845">
<pin_list>
<pin id="846" dir="0" index="0" bw="8" slack="7"/>
<pin id="847" dir="1" index="1" bw="16" slack="0"/>
</pin_list>
<bind>
<opcode="sext(35) " fcode="sext"/>
<opset="sext_ln23_31/9 "/>
</bind>
</comp>

<comp id="848" class="1004" name="sext_ln23_32_fu_848">
<pin_list>
<pin id="849" dir="0" index="0" bw="8" slack="7"/>
<pin id="850" dir="1" index="1" bw="16" slack="0"/>
</pin_list>
<bind>
<opcode="sext(35) " fcode="sext"/>
<opset="sext_ln23_32/9 "/>
</bind>
</comp>

<comp id="851" class="1004" name="grp_fu_851">
<pin_list>
<pin id="852" dir="0" index="0" bw="8" slack="0"/>
<pin id="853" dir="0" index="1" bw="8" slack="1"/>
<pin id="854" dir="1" index="2" bw="16" slack="1"/>
</pin_list>
<bind>
<opcode="mul(12) " fcode="mul"/>
<opset="mul_ln23_26/9 "/>
</bind>
</comp>

<comp id="856" class="1004" name="grp_fu_856">
<pin_list>
<pin id="857" dir="0" index="0" bw="8" slack="0"/>
<pin id="858" dir="0" index="1" bw="8" slack="1"/>
<pin id="859" dir="1" index="2" bw="16" slack="1"/>
</pin_list>
<bind>
<opcode="mul(12) " fcode="mul"/>
<opset="mul_ln23_31/9 "/>
</bind>
</comp>

<comp id="861" class="1004" name="grp_fu_861">
<pin_list>
<pin id="862" dir="0" index="0" bw="8" slack="1"/>
<pin id="863" dir="0" index="1" bw="8" slack="2"/>
<pin id="864" dir="1" index="2" bw="16" slack="1"/>
</pin_list>
<bind>
<opcode="mul(12) " fcode="mul"/>
<opset="mul_ln23_36/10 "/>
</bind>
</comp>

<comp id="865" class="1004" name="grp_fu_865">
<pin_list>
<pin id="866" dir="0" index="0" bw="8" slack="1"/>
<pin id="867" dir="0" index="1" bw="8" slack="1"/>
<pin id="868" dir="1" index="2" bw="16" slack="1"/>
</pin_list>
<bind>
<opcode="mul(12) " fcode="mul"/>
<opset="mul_ln23_41/10 "/>
</bind>
</comp>

<comp id="869" class="1004" name="grp_fu_869">
<pin_list>
<pin id="870" dir="0" index="0" bw="8" slack="1"/>
<pin id="871" dir="0" index="1" bw="8" slack="1"/>
<pin id="872" dir="1" index="2" bw="16" slack="1"/>
</pin_list>
<bind>
<opcode="mul(12) " fcode="mul"/>
<opset="mul_ln23_46/10 "/>
</bind>
</comp>

<comp id="873" class="1004" name="sext_ln23_36_fu_873">
<pin_list>
<pin id="874" dir="0" index="0" bw="8" slack="7"/>
<pin id="875" dir="1" index="1" bw="16" slack="0"/>
</pin_list>
<bind>
<opcode="sext(35) " fcode="sext"/>
<opset="sext_ln23_36/10 "/>
</bind>
</comp>

<comp id="876" class="1004" name="grp_fu_876">
<pin_list>
<pin id="877" dir="0" index="0" bw="8" slack="0"/>
<pin id="878" dir="0" index="1" bw="8" slack="2"/>
<pin id="879" dir="1" index="2" bw="16" slack="1"/>
</pin_list>
<bind>
<opcode="mul(12) " fcode="mul"/>
<opset="mul_ln23_51/10 "/>
</bind>
</comp>

<comp id="881" class="1004" name="sext_ln23_49_fu_881">
<pin_list>
<pin id="882" dir="0" index="0" bw="8" slack="6"/>
<pin id="883" dir="1" index="1" bw="16" slack="0"/>
</pin_list>
<bind>
<opcode="sext(35) " fcode="sext"/>
<opset="sext_ln23_49/10 "/>
</bind>
</comp>

<comp id="884" class="1004" name="sext_ln23_fu_884">
<pin_list>
<pin id="885" dir="0" index="0" bw="8" slack="9"/>
<pin id="886" dir="1" index="1" bw="16" slack="0"/>
</pin_list>
<bind>
<opcode="sext(35) " fcode="sext"/>
<opset="sext_ln23/11 "/>
</bind>
</comp>

<comp id="887" class="1004" name="sext_ln23_1_fu_887">
<pin_list>
<pin id="888" dir="0" index="0" bw="8" slack="9"/>
<pin id="889" dir="1" index="1" bw="16" slack="0"/>
</pin_list>
<bind>
<opcode="sext(35) " fcode="sext"/>
<opset="sext_ln23_1/11 "/>
</bind>
</comp>

<comp id="890" class="1004" name="sext_ln23_10_fu_890">
<pin_list>
<pin id="891" dir="0" index="0" bw="8" slack="9"/>
<pin id="892" dir="1" index="1" bw="16" slack="0"/>
</pin_list>
<bind>
<opcode="sext(35) " fcode="sext"/>
<opset="sext_ln23_10/11 "/>
</bind>
</comp>

<comp id="893" class="1004" name="sext_ln23_15_fu_893">
<pin_list>
<pin id="894" dir="0" index="0" bw="8" slack="8"/>
<pin id="895" dir="1" index="1" bw="16" slack="0"/>
</pin_list>
<bind>
<opcode="sext(35) " fcode="sext"/>
<opset="sext_ln23_15/11 "/>
</bind>
</comp>

<comp id="896" class="1004" name="grp_fu_896">
<pin_list>
<pin id="897" dir="0" index="0" bw="8" slack="1"/>
<pin id="898" dir="0" index="1" bw="8" slack="3"/>
<pin id="899" dir="1" index="2" bw="16" slack="1"/>
</pin_list>
<bind>
<opcode="mul(12) " fcode="mul"/>
<opset="mul_ln23_56/11 "/>
</bind>
</comp>

<comp id="900" class="1004" name="grp_fu_900">
<pin_list>
<pin id="901" dir="0" index="0" bw="8" slack="1"/>
<pin id="902" dir="0" index="1" bw="8" slack="3"/>
<pin id="903" dir="1" index="2" bw="16" slack="1"/>
</pin_list>
<bind>
<opcode="mul(12) " fcode="mul"/>
<opset="mul_ln23_61/11 "/>
</bind>
</comp>

<comp id="904" class="1004" name="grp_fu_904">
<pin_list>
<pin id="905" dir="0" index="0" bw="8" slack="1"/>
<pin id="906" dir="0" index="1" bw="8" slack="2"/>
<pin id="907" dir="1" index="2" bw="16" slack="1"/>
</pin_list>
<bind>
<opcode="mul(12) " fcode="mul"/>
<opset="mul_ln23_66/11 "/>
</bind>
</comp>

<comp id="908" class="1004" name="grp_fu_908">
<pin_list>
<pin id="909" dir="0" index="0" bw="8" slack="1"/>
<pin id="910" dir="0" index="1" bw="8" slack="2"/>
<pin id="911" dir="1" index="2" bw="16" slack="1"/>
</pin_list>
<bind>
<opcode="mul(12) " fcode="mul"/>
<opset="mul_ln23_71/11 "/>
</bind>
</comp>

<comp id="912" class="1004" name="sext_ln23_20_fu_912">
<pin_list>
<pin id="913" dir="0" index="0" bw="8" slack="9"/>
<pin id="914" dir="1" index="1" bw="16" slack="0"/>
</pin_list>
<bind>
<opcode="sext(35) " fcode="sext"/>
<opset="sext_ln23_20/12 "/>
</bind>
</comp>

<comp id="915" class="1004" name="sext_ln23_25_fu_915">
<pin_list>
<pin id="916" dir="0" index="0" bw="8" slack="8"/>
<pin id="917" dir="1" index="1" bw="16" slack="0"/>
</pin_list>
<bind>
<opcode="sext(35) " fcode="sext"/>
<opset="sext_ln23_25/12 "/>
</bind>
</comp>

<comp id="918" class="1004" name="sext_ln23_30_fu_918">
<pin_list>
<pin id="919" dir="0" index="0" bw="8" slack="10"/>
<pin id="920" dir="1" index="1" bw="16" slack="0"/>
</pin_list>
<bind>
<opcode="sext(35) " fcode="sext"/>
<opset="sext_ln23_30/12 "/>
</bind>
</comp>

<comp id="921" class="1004" name="sext_ln23_37_fu_921">
<pin_list>
<pin id="922" dir="0" index="0" bw="8" slack="9"/>
<pin id="923" dir="1" index="1" bw="16" slack="0"/>
</pin_list>
<bind>
<opcode="sext(35) " fcode="sext"/>
<opset="sext_ln23_37/12 "/>
</bind>
</comp>

<comp id="924" class="1004" name="sext_ln23_41_fu_924">
<pin_list>
<pin id="925" dir="0" index="0" bw="8" slack="9"/>
<pin id="926" dir="1" index="1" bw="16" slack="0"/>
</pin_list>
<bind>
<opcode="sext(35) " fcode="sext"/>
<opset="sext_ln23_41/12 "/>
</bind>
</comp>

<comp id="927" class="1004" name="grp_fu_927">
<pin_list>
<pin id="928" dir="0" index="0" bw="8" slack="0"/>
<pin id="929" dir="0" index="1" bw="8" slack="4"/>
<pin id="930" dir="1" index="2" bw="16" slack="1"/>
</pin_list>
<bind>
<opcode="mul(12) " fcode="mul"/>
<opset="mul_ln23_76/12 "/>
</bind>
</comp>

<comp id="932" class="1004" name="grp_fu_932">
<pin_list>
<pin id="933" dir="0" index="0" bw="8" slack="0"/>
<pin id="934" dir="0" index="1" bw="8" slack="4"/>
<pin id="935" dir="1" index="2" bw="16" slack="1"/>
</pin_list>
<bind>
<opcode="mul(12) " fcode="mul"/>
<opset="mul_ln23_81/12 "/>
</bind>
</comp>

<comp id="937" class="1004" name="grp_fu_937">
<pin_list>
<pin id="938" dir="0" index="0" bw="8" slack="0"/>
<pin id="939" dir="0" index="1" bw="8" slack="4"/>
<pin id="940" dir="1" index="2" bw="16" slack="1"/>
</pin_list>
<bind>
<opcode="mul(12) " fcode="mul"/>
<opset="mul_ln23_86/12 "/>
</bind>
</comp>

<comp id="942" class="1004" name="grp_fu_942">
<pin_list>
<pin id="943" dir="0" index="0" bw="8" slack="0"/>
<pin id="944" dir="0" index="1" bw="8" slack="3"/>
<pin id="945" dir="1" index="2" bw="16" slack="1"/>
</pin_list>
<bind>
<opcode="mul(12) " fcode="mul"/>
<opset="mul_ln23_91/12 "/>
</bind>
</comp>

<comp id="947" class="1004" name="sext_ln23_35_fu_947">
<pin_list>
<pin id="948" dir="0" index="0" bw="8" slack="10"/>
<pin id="949" dir="1" index="1" bw="16" slack="0"/>
</pin_list>
<bind>
<opcode="sext(35) " fcode="sext"/>
<opset="sext_ln23_35/13 "/>
</bind>
</comp>

<comp id="950" class="1004" name="grp_fu_950">
<pin_list>
<pin id="951" dir="0" index="0" bw="8" slack="1"/>
<pin id="952" dir="0" index="1" bw="8" slack="4"/>
<pin id="953" dir="1" index="2" bw="16" slack="1"/>
</pin_list>
<bind>
<opcode="mul(12) " fcode="mul"/>
<opset="mul_ln23_96/13 "/>
</bind>
</comp>

<comp id="954" class="1004" name="sext_ln23_46_fu_954">
<pin_list>
<pin id="955" dir="0" index="0" bw="8" slack="9"/>
<pin id="956" dir="1" index="1" bw="16" slack="0"/>
</pin_list>
<bind>
<opcode="sext(35) " fcode="sext"/>
<opset="sext_ln23_46/13 "/>
</bind>
</comp>

<comp id="957" class="1004" name="grp_fu_957">
<pin_list>
<pin id="958" dir="0" index="0" bw="8" slack="0"/>
<pin id="959" dir="0" index="1" bw="8" slack="5"/>
<pin id="960" dir="1" index="2" bw="16" slack="1"/>
</pin_list>
<bind>
<opcode="mul(12) " fcode="mul"/>
<opset="mul_ln23_101/13 "/>
</bind>
</comp>

<comp id="962" class="1004" name="grp_fu_962">
<pin_list>
<pin id="963" dir="0" index="0" bw="8" slack="0"/>
<pin id="964" dir="0" index="1" bw="8" slack="5"/>
<pin id="965" dir="1" index="2" bw="16" slack="1"/>
</pin_list>
<bind>
<opcode="mul(12) " fcode="mul"/>
<opset="mul_ln23_106/13 "/>
</bind>
</comp>

<comp id="967" class="1004" name="grp_fu_967">
<pin_list>
<pin id="968" dir="0" index="0" bw="8" slack="0"/>
<pin id="969" dir="0" index="1" bw="8" slack="5"/>
<pin id="970" dir="1" index="2" bw="16" slack="1"/>
</pin_list>
<bind>
<opcode="mul(12) " fcode="mul"/>
<opset="mul_ln23_111/13 "/>
</bind>
</comp>

<comp id="972" class="1004" name="sext_ln23_42_fu_972">
<pin_list>
<pin id="973" dir="0" index="0" bw="8" slack="11"/>
<pin id="974" dir="1" index="1" bw="16" slack="0"/>
</pin_list>
<bind>
<opcode="sext(35) " fcode="sext"/>
<opset="sext_ln23_42/14 "/>
</bind>
</comp>

<comp id="975" class="1004" name="grp_fu_975">
<pin_list>
<pin id="976" dir="0" index="0" bw="8" slack="1"/>
<pin id="977" dir="0" index="1" bw="8" slack="5"/>
<pin id="978" dir="1" index="2" bw="16" slack="1"/>
</pin_list>
<bind>
<opcode="mul(12) " fcode="mul"/>
<opset="mul_ln23_116/14 "/>
</bind>
</comp>

<comp id="979" class="1004" name="grp_fu_979">
<pin_list>
<pin id="980" dir="0" index="0" bw="8" slack="1"/>
<pin id="981" dir="0" index="1" bw="8" slack="5"/>
<pin id="982" dir="1" index="2" bw="16" slack="1"/>
</pin_list>
<bind>
<opcode="mul(12) " fcode="mul"/>
<opset="mul_ln23_121/14 "/>
</bind>
</comp>

<comp id="983" class="1004" name="add_ln23_3_fu_983">
<pin_list>
<pin id="984" dir="0" index="0" bw="16" slack="5"/>
<pin id="985" dir="0" index="1" bw="16" slack="1"/>
<pin id="986" dir="1" index="2" bw="16" slack="0"/>
</pin_list>
<bind>
<opcode="add(8) " fcode="add"/>
<opset="add_ln23_3/15 "/>
</bind>
</comp>

<comp id="988" class="1004" name="add_ln23_7_fu_988">
<pin_list>
<pin id="989" dir="0" index="0" bw="16" slack="5"/>
<pin id="990" dir="0" index="1" bw="16" slack="1"/>
<pin id="991" dir="1" index="2" bw="16" slack="0"/>
</pin_list>
<bind>
<opcode="add(8) " fcode="add"/>
<opset="add_ln23_7/15 "/>
</bind>
</comp>

<comp id="993" class="1004" name="add_ln23_11_fu_993">
<pin_list>
<pin id="994" dir="0" index="0" bw="16" slack="4"/>
<pin id="995" dir="0" index="1" bw="16" slack="1"/>
<pin id="996" dir="1" index="2" bw="16" slack="1"/>
</pin_list>
<bind>
<opcode="add(8) " fcode="add"/>
<opset="add_ln23_11/15 "/>
</bind>
</comp>

<comp id="997" class="1004" name="sext_ln23_40_fu_997">
<pin_list>
<pin id="998" dir="0" index="0" bw="8" slack="12"/>
<pin id="999" dir="1" index="1" bw="16" slack="0"/>
</pin_list>
<bind>
<opcode="sext(35) " fcode="sext"/>
<opset="sext_ln23_40/15 "/>
</bind>
</comp>

<comp id="1000" class="1004" name="add_ln23_15_fu_1000">
<pin_list>
<pin id="1001" dir="0" index="0" bw="16" slack="5"/>
<pin id="1002" dir="0" index="1" bw="16" slack="1"/>
<pin id="1003" dir="1" index="2" bw="16" slack="0"/>
</pin_list>
<bind>
<opcode="add(8) " fcode="add"/>
<opset="add_ln23_15/16 "/>
</bind>
</comp>

<comp id="1005" class="1004" name="add_ln23_19_fu_1005">
<pin_list>
<pin id="1006" dir="0" index="0" bw="16" slack="4"/>
<pin id="1007" dir="0" index="1" bw="16" slack="1"/>
<pin id="1008" dir="1" index="2" bw="16" slack="1"/>
</pin_list>
<bind>
<opcode="add(8) " fcode="add"/>
<opset="add_ln23_19/16 "/>
</bind>
</comp>

<comp id="1009" class="1004" name="add_ln23_23_fu_1009">
<pin_list>
<pin id="1010" dir="0" index="0" bw="16" slack="4"/>
<pin id="1011" dir="0" index="1" bw="16" slack="1"/>
<pin id="1012" dir="1" index="2" bw="16" slack="1"/>
</pin_list>
<bind>
<opcode="add(8) " fcode="add"/>
<opset="add_ln23_23/16 "/>
</bind>
</comp>

<comp id="1013" class="1004" name="add_ln23_27_fu_1013">
<pin_list>
<pin id="1014" dir="0" index="0" bw="16" slack="3"/>
<pin id="1015" dir="0" index="1" bw="16" slack="1"/>
<pin id="1016" dir="1" index="2" bw="16" slack="2"/>
</pin_list>
<bind>
<opcode="add(8) " fcode="add"/>
<opset="add_ln23_27/16 "/>
</bind>
</comp>

<comp id="1017" class="1004" name="sext_ln23_45_fu_1017">
<pin_list>
<pin id="1018" dir="0" index="0" bw="8" slack="12"/>
<pin id="1019" dir="1" index="1" bw="16" slack="0"/>
</pin_list>
<bind>
<opcode="sext(35) " fcode="sext"/>
<opset="sext_ln23_45/16 "/>
</bind>
</comp>

<comp id="1020" class="1004" name="add_ln23_31_fu_1020">
<pin_list>
<pin id="1021" dir="0" index="0" bw="16" slack="4"/>
<pin id="1022" dir="0" index="1" bw="16" slack="1"/>
<pin id="1023" dir="1" index="2" bw="16" slack="1"/>
</pin_list>
<bind>
<opcode="add(8) " fcode="add"/>
<opset="add_ln23_31/17 "/>
</bind>
</comp>

<comp id="1024" class="1004" name="add_ln23_35_fu_1024">
<pin_list>
<pin id="1025" dir="0" index="0" bw="16" slack="3"/>
<pin id="1026" dir="0" index="1" bw="16" slack="1"/>
<pin id="1027" dir="1" index="2" bw="16" slack="2"/>
</pin_list>
<bind>
<opcode="add(8) " fcode="add"/>
<opset="add_ln23_35/17 "/>
</bind>
</comp>

<comp id="1028" class="1004" name="add_ln23_39_fu_1028">
<pin_list>
<pin id="1029" dir="0" index="0" bw="16" slack="3"/>
<pin id="1030" dir="0" index="1" bw="16" slack="1"/>
<pin id="1031" dir="1" index="2" bw="16" slack="2"/>
</pin_list>
<bind>
<opcode="add(8) " fcode="add"/>
<opset="add_ln23_39/17 "/>
</bind>
</comp>

<comp id="1032" class="1004" name="add_ln23_43_fu_1032">
<pin_list>
<pin id="1033" dir="0" index="0" bw="16" slack="2"/>
<pin id="1034" dir="0" index="1" bw="16" slack="1"/>
<pin id="1035" dir="1" index="2" bw="16" slack="3"/>
</pin_list>
<bind>
<opcode="add(8) " fcode="add"/>
<opset="add_ln23_43/17 "/>
</bind>
</comp>

<comp id="1036" class="1004" name="sext_ln23_47_fu_1036">
<pin_list>
<pin id="1037" dir="0" index="0" bw="8" slack="13"/>
<pin id="1038" dir="1" index="1" bw="16" slack="0"/>
</pin_list>
<bind>
<opcode="sext(35) " fcode="sext"/>
<opset="sext_ln23_47/17 "/>
</bind>
</comp>

<comp id="1039" class="1004" name="add_ln23_47_fu_1039">
<pin_list>
<pin id="1040" dir="0" index="0" bw="16" slack="3"/>
<pin id="1041" dir="0" index="1" bw="16" slack="1"/>
<pin id="1042" dir="1" index="2" bw="16" slack="2"/>
</pin_list>
<bind>
<opcode="add(8) " fcode="add"/>
<opset="add_ln23_47/18 "/>
</bind>
</comp>

<comp id="1043" class="1004" name="add_ln23_51_fu_1043">
<pin_list>
<pin id="1044" dir="0" index="0" bw="16" slack="2"/>
<pin id="1045" dir="0" index="1" bw="16" slack="1"/>
<pin id="1046" dir="1" index="2" bw="16" slack="3"/>
</pin_list>
<bind>
<opcode="add(8) " fcode="add"/>
<opset="add_ln23_51/18 "/>
</bind>
</comp>

<comp id="1047" class="1004" name="add_ln23_55_fu_1047">
<pin_list>
<pin id="1048" dir="0" index="0" bw="16" slack="2"/>
<pin id="1049" dir="0" index="1" bw="16" slack="1"/>
<pin id="1050" dir="1" index="2" bw="16" slack="3"/>
</pin_list>
<bind>
<opcode="add(8) " fcode="add"/>
<opset="add_ln23_55/18 "/>
</bind>
</comp>

<comp id="1051" class="1004" name="add_ln23_59_fu_1051">
<pin_list>
<pin id="1052" dir="0" index="0" bw="16" slack="1"/>
<pin id="1053" dir="0" index="1" bw="16" slack="1"/>
<pin id="1054" dir="1" index="2" bw="16" slack="4"/>
</pin_list>
<bind>
<opcode="add(8) " fcode="add"/>
<opset="add_ln23_59/18 "/>
</bind>
</comp>

<comp id="1055" class="1004" name="add_ln23_63_fu_1055">
<pin_list>
<pin id="1056" dir="0" index="0" bw="16" slack="2"/>
<pin id="1057" dir="0" index="1" bw="16" slack="1"/>
<pin id="1058" dir="1" index="2" bw="16" slack="3"/>
</pin_list>
<bind>
<opcode="add(8) " fcode="add"/>
<opset="add_ln23_63/19 "/>
</bind>
</comp>

<comp id="1059" class="1004" name="add_ln23_67_fu_1059">
<pin_list>
<pin id="1060" dir="0" index="0" bw="16" slack="1"/>
<pin id="1061" dir="0" index="1" bw="16" slack="1"/>
<pin id="1062" dir="1" index="2" bw="16" slack="4"/>
</pin_list>
<bind>
<opcode="add(8) " fcode="add"/>
<opset="add_ln23_67/19 "/>
</bind>
</comp>

<comp id="1063" class="1004" name="add_ln23_71_fu_1063">
<pin_list>
<pin id="1064" dir="0" index="0" bw="16" slack="1"/>
<pin id="1065" dir="0" index="1" bw="16" slack="1"/>
<pin id="1066" dir="1" index="2" bw="16" slack="4"/>
</pin_list>
<bind>
<opcode="add(8) " fcode="add"/>
<opset="add_ln23_71/19 "/>
</bind>
</comp>

<comp id="1067" class="1004" name="add_ln23_75_fu_1067">
<pin_list>
<pin id="1068" dir="0" index="0" bw="16" slack="1"/>
<pin id="1069" dir="0" index="1" bw="16" slack="2"/>
<pin id="1070" dir="1" index="2" bw="16" slack="4"/>
</pin_list>
<bind>
<opcode="add(8) " fcode="add"/>
<opset="add_ln23_75/20 "/>
</bind>
</comp>

<comp id="1071" class="1004" name="add_ln23_79_fu_1071">
<pin_list>
<pin id="1072" dir="0" index="0" bw="16" slack="1"/>
<pin id="1073" dir="0" index="1" bw="16" slack="1"/>
<pin id="1074" dir="1" index="2" bw="16" slack="4"/>
</pin_list>
<bind>
<opcode="add(8) " fcode="add"/>
<opset="add_ln23_79/20 "/>
</bind>
</comp>

<comp id="1075" class="1004" name="add_ln23_83_fu_1075">
<pin_list>
<pin id="1076" dir="0" index="0" bw="16" slack="1"/>
<pin id="1077" dir="0" index="1" bw="16" slack="2"/>
<pin id="1078" dir="1" index="2" bw="16" slack="4"/>
</pin_list>
<bind>
<opcode="add(8) " fcode="add"/>
<opset="add_ln23_83/21 "/>
</bind>
</comp>

<comp id="1079" class="1004" name="add_ln23_87_fu_1079">
<pin_list>
<pin id="1080" dir="0" index="0" bw="16" slack="1"/>
<pin id="1081" dir="0" index="1" bw="16" slack="2"/>
<pin id="1082" dir="1" index="2" bw="16" slack="4"/>
</pin_list>
<bind>
<opcode="add(8) " fcode="add"/>
<opset="add_ln23_87/21 "/>
</bind>
</comp>

<comp id="1083" class="1004" name="add_ln23_91_fu_1083">
<pin_list>
<pin id="1084" dir="0" index="0" bw="16" slack="1"/>
<pin id="1085" dir="0" index="1" bw="16" slack="2"/>
<pin id="1086" dir="1" index="2" bw="16" slack="5"/>
</pin_list>
<bind>
<opcode="add(8) " fcode="add"/>
<opset="add_ln23_91/21 "/>
</bind>
</comp>

<comp id="1087" class="1004" name="add_ln23_95_fu_1087">
<pin_list>
<pin id="1088" dir="0" index="0" bw="16" slack="1"/>
<pin id="1089" dir="0" index="1" bw="16" slack="1"/>
<pin id="1090" dir="1" index="2" bw="16" slack="5"/>
</pin_list>
<bind>
<opcode="add(8) " fcode="add"/>
<opset="add_ln23_95/21 "/>
</bind>
</comp>

<comp id="1091" class="1004" name="add_ln23_99_fu_1091">
<pin_list>
<pin id="1092" dir="0" index="0" bw="16" slack="1"/>
<pin id="1093" dir="0" index="1" bw="16" slack="2"/>
<pin id="1094" dir="1" index="2" bw="16" slack="5"/>
</pin_list>
<bind>
<opcode="add(8) " fcode="add"/>
<opset="add_ln23_99/22 "/>
</bind>
</comp>

<comp id="1095" class="1007" name="grp_fu_1095">
<pin_list>
<pin id="1096" dir="0" index="0" bw="8" slack="0"/>
<pin id="1097" dir="0" index="1" bw="8" slack="0"/>
<pin id="1098" dir="0" index="2" bw="16" slack="2147483647"/>
<pin id="1099" dir="1" index="3" bw="16" slack="1"/>
</pin_list>
<bind>
<opcode="muladd(1172) " fcode="muladd"/>
<opset="mul_ln23_2/5 add_ln23_1/7 "/>
</bind>
</comp>

<comp id="1102" class="1007" name="grp_fu_1102">
<pin_list>
<pin id="1103" dir="0" index="0" bw="8" slack="0"/>
<pin id="1104" dir="0" index="1" bw="8" slack="0"/>
<pin id="1105" dir="0" index="2" bw="16" slack="2147483647"/>
<pin id="1106" dir="1" index="3" bw="16" slack="1"/>
</pin_list>
<bind>
<opcode="muladd(1172) " fcode="muladd"/>
<opset="mul_ln23_7/5 add_ln23_5/7 "/>
</bind>
</comp>

<comp id="1109" class="1007" name="grp_fu_1109">
<pin_list>
<pin id="1110" dir="0" index="0" bw="8" slack="0"/>
<pin id="1111" dir="0" index="1" bw="8" slack="0"/>
<pin id="1112" dir="0" index="2" bw="16" slack="2147483647"/>
<pin id="1113" dir="1" index="3" bw="16" slack="3"/>
</pin_list>
<bind>
<opcode="muladd(1172) " fcode="muladd"/>
<opset="mul_ln23_27/5 add_ln23_21/7 "/>
</bind>
</comp>

<comp id="1116" class="1007" name="grp_fu_1116">
<pin_list>
<pin id="1117" dir="0" index="0" bw="8" slack="0"/>
<pin id="1118" dir="0" index="1" bw="8" slack="0"/>
<pin id="1119" dir="0" index="2" bw="16" slack="2147483647"/>
<pin id="1120" dir="1" index="3" bw="16" slack="4"/>
</pin_list>
<bind>
<opcode="muladd(1172) " fcode="muladd"/>
<opset="mul_ln23_32/5 add_ln23_25/7 "/>
</bind>
</comp>

<comp id="1123" class="1007" name="grp_fu_1123">
<pin_list>
<pin id="1124" dir="0" index="0" bw="8" slack="0"/>
<pin id="1125" dir="0" index="1" bw="8" slack="1"/>
<pin id="1126" dir="0" index="2" bw="16" slack="2147483647"/>
<pin id="1127" dir="1" index="3" bw="16" slack="1"/>
</pin_list>
<bind>
<opcode="muladd(1172) " fcode="muladd"/>
<opset="mul_ln23_12/6 add_ln23_9/8 "/>
</bind>
</comp>

<comp id="1129" class="1007" name="grp_fu_1129">
<pin_list>
<pin id="1130" dir="0" index="0" bw="8" slack="0"/>
<pin id="1131" dir="0" index="1" bw="8" slack="1"/>
<pin id="1132" dir="0" index="2" bw="16" slack="2147483647"/>
<pin id="1133" dir="1" index="3" bw="16" slack="1"/>
</pin_list>
<bind>
<opcode="muladd(1172) " fcode="muladd"/>
<opset="mul_ln23_17/6 add_ln23_13/8 "/>
</bind>
</comp>

<comp id="1135" class="1007" name="grp_fu_1135">
<pin_list>
<pin id="1136" dir="0" index="0" bw="8" slack="1"/>
<pin id="1137" dir="0" index="1" bw="8" slack="0"/>
<pin id="1138" dir="0" index="2" bw="16" slack="2147483647"/>
<pin id="1139" dir="1" index="3" bw="16" slack="3"/>
</pin_list>
<bind>
<opcode="muladd(1172) " fcode="muladd"/>
<opset="mul_ln23_37/6 add_ln23_29/8 "/>
</bind>
</comp>

<comp id="1141" class="1007" name="grp_fu_1141">
<pin_list>
<pin id="1142" dir="0" index="0" bw="8" slack="1"/>
<pin id="1143" dir="0" index="1" bw="8" slack="0"/>
<pin id="1144" dir="0" index="2" bw="16" slack="2147483647"/>
<pin id="1145" dir="1" index="3" bw="16" slack="4"/>
</pin_list>
<bind>
<opcode="muladd(1172) " fcode="muladd"/>
<opset="mul_ln23_42/6 add_ln23_33/8 "/>
</bind>
</comp>

<comp id="1147" class="1007" name="grp_fu_1147">
<pin_list>
<pin id="1148" dir="0" index="0" bw="8" slack="0"/>
<pin id="1149" dir="0" index="1" bw="8" slack="0"/>
<pin id="1150" dir="0" index="2" bw="16" slack="2147483647"/>
<pin id="1151" dir="1" index="3" bw="16" slack="5"/>
</pin_list>
<bind>
<opcode="muladd(1172) " fcode="muladd"/>
<opset="mul_ln23_4/7 add_ln23_2/9 "/>
</bind>
</comp>

<comp id="1154" class="1007" name="grp_fu_1154">
<pin_list>
<pin id="1155" dir="0" index="0" bw="8" slack="0"/>
<pin id="1156" dir="0" index="1" bw="8" slack="0"/>
<pin id="1157" dir="0" index="2" bw="16" slack="2147483647"/>
<pin id="1158" dir="1" index="3" bw="16" slack="5"/>
</pin_list>
<bind>
<opcode="muladd(1172) " fcode="muladd"/>
<opset="mul_ln23_9/7 add_ln23_6/9 "/>
</bind>
</comp>

<comp id="1161" class="1007" name="grp_fu_1161">
<pin_list>
<pin id="1162" dir="0" index="0" bw="8" slack="0"/>
<pin id="1163" dir="0" index="1" bw="8" slack="2"/>
<pin id="1164" dir="0" index="2" bw="16" slack="2147483647"/>
<pin id="1165" dir="1" index="3" bw="16" slack="1"/>
</pin_list>
<bind>
<opcode="muladd(1172) " fcode="muladd"/>
<opset="mul_ln23_22/7 add_ln23_17/9 "/>
</bind>
</comp>

<comp id="1167" class="1007" name="grp_fu_1167">
<pin_list>
<pin id="1168" dir="0" index="0" bw="8" slack="1"/>
<pin id="1169" dir="0" index="1" bw="8" slack="0"/>
<pin id="1170" dir="0" index="2" bw="16" slack="2147483647"/>
<pin id="1171" dir="1" index="3" bw="16" slack="3"/>
</pin_list>
<bind>
<opcode="muladd(1172) " fcode="muladd"/>
<opset="mul_ln23_47/7 add_ln23_37/9 "/>
</bind>
</comp>

<comp id="1173" class="1007" name="grp_fu_1173">
<pin_list>
<pin id="1174" dir="0" index="0" bw="8" slack="0"/>
<pin id="1175" dir="0" index="1" bw="8" slack="2"/>
<pin id="1176" dir="0" index="2" bw="16" slack="2147483647"/>
<pin id="1177" dir="1" index="3" bw="16" slack="4"/>
</pin_list>
<bind>
<opcode="muladd(1172) " fcode="muladd"/>
<opset="mul_ln23_52/7 add_ln23_41/9 "/>
</bind>
</comp>

<comp id="1179" class="1007" name="grp_fu_1179">
<pin_list>
<pin id="1180" dir="0" index="0" bw="8" slack="0"/>
<pin id="1181" dir="0" index="1" bw="8" slack="2"/>
<pin id="1182" dir="0" index="2" bw="16" slack="2147483647"/>
<pin id="1183" dir="1" index="3" bw="16" slack="4"/>
</pin_list>
<bind>
<opcode="muladd(1172) " fcode="muladd"/>
<opset="mul_ln23_57/7 add_ln23_45/9 "/>
</bind>
</comp>

<comp id="1185" class="1007" name="grp_fu_1185">
<pin_list>
<pin id="1186" dir="0" index="0" bw="8" slack="0"/>
<pin id="1187" dir="0" index="1" bw="8" slack="1"/>
<pin id="1188" dir="0" index="2" bw="16" slack="2147483647"/>
<pin id="1189" dir="1" index="3" bw="16" slack="4"/>
</pin_list>
<bind>
<opcode="muladd(1172) " fcode="muladd"/>
<opset="mul_ln23_14/8 add_ln23_10/10 "/>
</bind>
</comp>

<comp id="1191" class="1007" name="grp_fu_1191">
<pin_list>
<pin id="1192" dir="0" index="0" bw="8" slack="0"/>
<pin id="1193" dir="0" index="1" bw="8" slack="1"/>
<pin id="1194" dir="0" index="2" bw="16" slack="2147483647"/>
<pin id="1195" dir="1" index="3" bw="16" slack="5"/>
</pin_list>
<bind>
<opcode="muladd(1172) " fcode="muladd"/>
<opset="mul_ln23_19/8 add_ln23_14/10 "/>
</bind>
</comp>

<comp id="1197" class="1007" name="grp_fu_1197">
<pin_list>
<pin id="1198" dir="0" index="0" bw="8" slack="1"/>
<pin id="1199" dir="0" index="1" bw="8" slack="2"/>
<pin id="1200" dir="0" index="2" bw="16" slack="2147483647"/>
<pin id="1201" dir="1" index="3" bw="16" slack="4"/>
</pin_list>
<bind>
<opcode="muladd(1172) " fcode="muladd"/>
<opset="mul_ln23_62/8 add_ln23_49/10 "/>
</bind>
</comp>

<comp id="1202" class="1007" name="grp_fu_1202">
<pin_list>
<pin id="1203" dir="0" index="0" bw="8" slack="1"/>
<pin id="1204" dir="0" index="1" bw="8" slack="2"/>
<pin id="1205" dir="0" index="2" bw="16" slack="2147483647"/>
<pin id="1206" dir="1" index="3" bw="16" slack="4"/>
</pin_list>
<bind>
<opcode="muladd(1172) " fcode="muladd"/>
<opset="mul_ln23_67/8 add_ln23_53/10 "/>
</bind>
</comp>

<comp id="1207" class="1007" name="grp_fu_1207">
<pin_list>
<pin id="1208" dir="0" index="0" bw="8" slack="1"/>
<pin id="1209" dir="0" index="1" bw="8" slack="1"/>
<pin id="1210" dir="0" index="2" bw="16" slack="2147483647"/>
<pin id="1211" dir="1" index="3" bw="16" slack="5"/>
</pin_list>
<bind>
<opcode="muladd(1172) " fcode="muladd"/>
<opset="mul_ln23_72/8 add_ln23_57/10 "/>
</bind>
</comp>

<comp id="1212" class="1007" name="grp_fu_1212">
<pin_list>
<pin id="1213" dir="0" index="0" bw="8" slack="0"/>
<pin id="1214" dir="0" index="1" bw="8" slack="3"/>
<pin id="1215" dir="0" index="2" bw="16" slack="2147483647"/>
<pin id="1216" dir="1" index="3" bw="16" slack="5"/>
</pin_list>
<bind>
<opcode="muladd(1172) " fcode="muladd"/>
<opset="mul_ln23_77/8 add_ln23_61/10 "/>
</bind>
</comp>

<comp id="1218" class="1007" name="grp_fu_1218">
<pin_list>
<pin id="1219" dir="0" index="0" bw="8" slack="0"/>
<pin id="1220" dir="0" index="1" bw="8" slack="2"/>
<pin id="1221" dir="0" index="2" bw="16" slack="2147483647"/>
<pin id="1222" dir="1" index="3" bw="16" slack="4"/>
</pin_list>
<bind>
<opcode="muladd(1172) " fcode="muladd"/>
<opset="mul_ln23_24/9 add_ln23_18/11 "/>
</bind>
</comp>

<comp id="1224" class="1007" name="grp_fu_1224">
<pin_list>
<pin id="1225" dir="0" index="0" bw="8" slack="0"/>
<pin id="1226" dir="0" index="1" bw="8" slack="2"/>
<pin id="1227" dir="0" index="2" bw="16" slack="2147483647"/>
<pin id="1228" dir="1" index="3" bw="16" slack="4"/>
</pin_list>
<bind>
<opcode="muladd(1172) " fcode="muladd"/>
<opset="mul_ln23_29/9 add_ln23_22/11 "/>
</bind>
</comp>

<comp id="1230" class="1007" name="grp_fu_1230">
<pin_list>
<pin id="1231" dir="0" index="0" bw="8" slack="1"/>
<pin id="1232" dir="0" index="1" bw="8" slack="4"/>
<pin id="1233" dir="0" index="2" bw="16" slack="2147483647"/>
<pin id="1234" dir="1" index="3" bw="16" slack="5"/>
</pin_list>
<bind>
<opcode="muladd(1172) " fcode="muladd"/>
<opset="mul_ln23_82/9 add_ln23_65/11 "/>
</bind>
</comp>

<comp id="1235" class="1007" name="grp_fu_1235">
<pin_list>
<pin id="1236" dir="0" index="0" bw="8" slack="1"/>
<pin id="1237" dir="0" index="1" bw="8" slack="3"/>
<pin id="1238" dir="0" index="2" bw="16" slack="2147483647"/>
<pin id="1239" dir="1" index="3" bw="16" slack="5"/>
</pin_list>
<bind>
<opcode="muladd(1172) " fcode="muladd"/>
<opset="mul_ln23_87/9 add_ln23_69/11 "/>
</bind>
</comp>

<comp id="1240" class="1007" name="grp_fu_1240">
<pin_list>
<pin id="1241" dir="0" index="0" bw="8" slack="1"/>
<pin id="1242" dir="0" index="1" bw="8" slack="3"/>
<pin id="1243" dir="0" index="2" bw="16" slack="2147483647"/>
<pin id="1244" dir="1" index="3" bw="16" slack="6"/>
</pin_list>
<bind>
<opcode="muladd(1172) " fcode="muladd"/>
<opset="mul_ln23_92/9 add_ln23_73/11 "/>
</bind>
</comp>

<comp id="1245" class="1007" name="grp_fu_1245">
<pin_list>
<pin id="1246" dir="0" index="0" bw="8" slack="1"/>
<pin id="1247" dir="0" index="1" bw="8" slack="2"/>
<pin id="1248" dir="0" index="2" bw="16" slack="2147483647"/>
<pin id="1249" dir="1" index="3" bw="16" slack="6"/>
</pin_list>
<bind>
<opcode="muladd(1172) " fcode="muladd"/>
<opset="mul_ln23_97/9 add_ln23_77/11 "/>
</bind>
</comp>

<comp id="1250" class="1007" name="grp_fu_1250">
<pin_list>
<pin id="1251" dir="0" index="0" bw="8" slack="1"/>
<pin id="1252" dir="0" index="1" bw="8" slack="3"/>
<pin id="1253" dir="0" index="2" bw="16" slack="2147483647"/>
<pin id="1254" dir="1" index="3" bw="16" slack="3"/>
</pin_list>
<bind>
<opcode="muladd(1172) " fcode="muladd"/>
<opset="mul_ln23_34/10 add_ln23_26/12 "/>
</bind>
</comp>

<comp id="1255" class="1007" name="grp_fu_1255">
<pin_list>
<pin id="1256" dir="0" index="0" bw="8" slack="1"/>
<pin id="1257" dir="0" index="1" bw="8" slack="2"/>
<pin id="1258" dir="0" index="2" bw="16" slack="2147483647"/>
<pin id="1259" dir="1" index="3" bw="16" slack="4"/>
</pin_list>
<bind>
<opcode="muladd(1172) " fcode="muladd"/>
<opset="mul_ln23_39/10 add_ln23_30/12 "/>
</bind>
</comp>

<comp id="1260" class="1007" name="grp_fu_1260">
<pin_list>
<pin id="1261" dir="0" index="0" bw="8" slack="0"/>
<pin id="1262" dir="0" index="1" bw="8" slack="5"/>
<pin id="1263" dir="0" index="2" bw="16" slack="2147483647"/>
<pin id="1264" dir="1" index="3" bw="16" slack="6"/>
</pin_list>
<bind>
<opcode="muladd(1172) " fcode="muladd"/>
<opset="mul_ln23_102/10 add_ln23_81/12 "/>
</bind>
</comp>

<comp id="1266" class="1007" name="grp_fu_1266">
<pin_list>
<pin id="1267" dir="0" index="0" bw="8" slack="0"/>
<pin id="1268" dir="0" index="1" bw="8" slack="5"/>
<pin id="1269" dir="0" index="2" bw="16" slack="2147483647"/>
<pin id="1270" dir="1" index="3" bw="16" slack="6"/>
</pin_list>
<bind>
<opcode="muladd(1172) " fcode="muladd"/>
<opset="mul_ln23_107/10 add_ln23_85/12 "/>
</bind>
</comp>

<comp id="1272" class="1007" name="grp_fu_1272">
<pin_list>
<pin id="1273" dir="0" index="0" bw="8" slack="0"/>
<pin id="1274" dir="0" index="1" bw="8" slack="4"/>
<pin id="1275" dir="0" index="2" bw="16" slack="2147483647"/>
<pin id="1276" dir="1" index="3" bw="16" slack="6"/>
</pin_list>
<bind>
<opcode="muladd(1172) " fcode="muladd"/>
<opset="mul_ln23_112/10 add_ln23_89/12 "/>
</bind>
</comp>

<comp id="1278" class="1007" name="grp_fu_1278">
<pin_list>
<pin id="1279" dir="0" index="0" bw="8" slack="0"/>
<pin id="1280" dir="0" index="1" bw="8" slack="4"/>
<pin id="1281" dir="0" index="2" bw="16" slack="2147483647"/>
<pin id="1282" dir="1" index="3" bw="16" slack="6"/>
</pin_list>
<bind>
<opcode="muladd(1172) " fcode="muladd"/>
<opset="mul_ln23_117/10 add_ln23_93/12 "/>
</bind>
</comp>

<comp id="1284" class="1007" name="grp_fu_1284">
<pin_list>
<pin id="1285" dir="0" index="0" bw="8" slack="0"/>
<pin id="1286" dir="0" index="1" bw="8" slack="0"/>
<pin id="1287" dir="0" index="2" bw="16" slack="2147483647"/>
<pin id="1288" dir="1" index="3" bw="16" slack="1"/>
</pin_list>
<bind>
<opcode="muladd(1172) " fcode="muladd"/>
<opset="mul_ln23/11 add_ln23/13 "/>
</bind>
</comp>

<comp id="1291" class="1007" name="grp_fu_1291">
<pin_list>
<pin id="1292" dir="0" index="0" bw="8" slack="0"/>
<pin id="1293" dir="0" index="1" bw="8" slack="0"/>
<pin id="1294" dir="0" index="2" bw="16" slack="2147483647"/>
<pin id="1295" dir="1" index="3" bw="16" slack="1"/>
</pin_list>
<bind>
<opcode="muladd(1172) " fcode="muladd"/>
<opset="mul_ln23_5/11 add_ln23_4/13 "/>
</bind>
</comp>

<comp id="1298" class="1007" name="grp_fu_1298">
<pin_list>
<pin id="1299" dir="0" index="0" bw="8" slack="0"/>
<pin id="1300" dir="0" index="1" bw="8" slack="0"/>
<pin id="1301" dir="0" index="2" bw="16" slack="2147483647"/>
<pin id="1302" dir="1" index="3" bw="16" slack="1"/>
</pin_list>
<bind>
<opcode="muladd(1172) " fcode="muladd"/>
<opset="mul_ln23_10/11 add_ln23_8/13 "/>
</bind>
</comp>

<comp id="1305" class="1007" name="grp_fu_1305">
<pin_list>
<pin id="1306" dir="0" index="0" bw="8" slack="2"/>
<pin id="1307" dir="0" index="1" bw="8" slack="3"/>
<pin id="1308" dir="0" index="2" bw="16" slack="2147483647"/>
<pin id="1309" dir="1" index="3" bw="16" slack="3"/>
</pin_list>
<bind>
<opcode="muladd(1172) " fcode="muladd"/>
<opset="mul_ln23_44/11 add_ln23_34/13 "/>
</bind>
</comp>

<comp id="1310" class="1007" name="grp_fu_1310">
<pin_list>
<pin id="1311" dir="0" index="0" bw="8" slack="2"/>
<pin id="1312" dir="0" index="1" bw="8" slack="2"/>
<pin id="1313" dir="0" index="2" bw="16" slack="2147483647"/>
<pin id="1314" dir="1" index="3" bw="16" slack="3"/>
</pin_list>
<bind>
<opcode="muladd(1172) " fcode="muladd"/>
<opset="mul_ln23_49/11 add_ln23_38/13 "/>
</bind>
</comp>

<comp id="1315" class="1007" name="grp_fu_1315">
<pin_list>
<pin id="1316" dir="0" index="0" bw="8" slack="1"/>
<pin id="1317" dir="0" index="1" bw="8" slack="4"/>
<pin id="1318" dir="0" index="2" bw="16" slack="2147483647"/>
<pin id="1319" dir="1" index="3" bw="16" slack="6"/>
</pin_list>
<bind>
<opcode="muladd(1172) " fcode="muladd"/>
<opset="mul_ln23_122/11 add_ln23_97/13 "/>
</bind>
</comp>

<comp id="1320" class="1007" name="grp_fu_1320">
<pin_list>
<pin id="1321" dir="0" index="0" bw="8" slack="0"/>
<pin id="1322" dir="0" index="1" bw="8" slack="1"/>
<pin id="1323" dir="0" index="2" bw="16" slack="2147483647"/>
<pin id="1324" dir="1" index="3" bw="16" slack="1"/>
</pin_list>
<bind>
<opcode="muladd(1172) " fcode="muladd"/>
<opset="mul_ln23_15/12 add_ln23_12/14 "/>
</bind>
</comp>

<comp id="1326" class="1007" name="grp_fu_1326">
<pin_list>
<pin id="1327" dir="0" index="0" bw="8" slack="0"/>
<pin id="1328" dir="0" index="1" bw="8" slack="1"/>
<pin id="1329" dir="0" index="2" bw="16" slack="2147483647"/>
<pin id="1330" dir="1" index="3" bw="16" slack="1"/>
</pin_list>
<bind>
<opcode="muladd(1172) " fcode="muladd"/>
<opset="mul_ln23_20/12 add_ln23_16/14 "/>
</bind>
</comp>

<comp id="1332" class="1007" name="grp_fu_1332">
<pin_list>
<pin id="1333" dir="0" index="0" bw="8" slack="0"/>
<pin id="1334" dir="0" index="1" bw="8" slack="1"/>
<pin id="1335" dir="0" index="2" bw="16" slack="2147483647"/>
<pin id="1336" dir="1" index="3" bw="16" slack="1"/>
</pin_list>
<bind>
<opcode="muladd(1172) " fcode="muladd"/>
<opset="mul_ln23_25/12 add_ln23_20/14 "/>
</bind>
</comp>

<comp id="1338" class="1007" name="grp_fu_1338">
<pin_list>
<pin id="1339" dir="0" index="0" bw="8" slack="0"/>
<pin id="1340" dir="0" index="1" bw="8" slack="1"/>
<pin id="1341" dir="0" index="2" bw="16" slack="2147483647"/>
<pin id="1342" dir="1" index="3" bw="16" slack="1"/>
</pin_list>
<bind>
<opcode="muladd(1172) " fcode="muladd"/>
<opset="mul_ln23_30/12 add_ln23_24/14 "/>
</bind>
</comp>

<comp id="1344" class="1007" name="grp_fu_1344">
<pin_list>
<pin id="1345" dir="0" index="0" bw="8" slack="0"/>
<pin id="1346" dir="0" index="1" bw="8" slack="5"/>
<pin id="1347" dir="0" index="2" bw="16" slack="2147483647"/>
<pin id="1348" dir="1" index="3" bw="16" slack="2"/>
</pin_list>
<bind>
<opcode="muladd(1172) " fcode="muladd"/>
<opset="mul_ln23_54/12 add_ln23_42/14 "/>
</bind>
</comp>

<comp id="1350" class="1007" name="grp_fu_1350">
<pin_list>
<pin id="1351" dir="0" index="0" bw="8" slack="0"/>
<pin id="1352" dir="0" index="1" bw="8" slack="5"/>
<pin id="1353" dir="0" index="2" bw="16" slack="2147483647"/>
<pin id="1354" dir="1" index="3" bw="16" slack="3"/>
</pin_list>
<bind>
<opcode="muladd(1172) " fcode="muladd"/>
<opset="mul_ln23_59/12 add_ln23_46/14 "/>
</bind>
</comp>

<comp id="1356" class="1007" name="grp_fu_1356">
<pin_list>
<pin id="1357" dir="0" index="0" bw="8" slack="1"/>
<pin id="1358" dir="0" index="1" bw="8" slack="2"/>
<pin id="1359" dir="0" index="2" bw="16" slack="2147483647"/>
<pin id="1360" dir="1" index="3" bw="16" slack="1"/>
</pin_list>
<bind>
<opcode="muladd(1172) " fcode="muladd"/>
<opset="mul_ln23_35/13 add_ln23_28/15 "/>
</bind>
</comp>

<comp id="1361" class="1007" name="grp_fu_1361">
<pin_list>
<pin id="1362" dir="0" index="0" bw="8" slack="1"/>
<pin id="1363" dir="0" index="1" bw="8" slack="1"/>
<pin id="1364" dir="0" index="2" bw="16" slack="2147483647"/>
<pin id="1365" dir="1" index="3" bw="16" slack="1"/>
</pin_list>
<bind>
<opcode="muladd(1172) " fcode="muladd"/>
<opset="mul_ln23_40/13 add_ln23_32/15 "/>
</bind>
</comp>

<comp id="1366" class="1007" name="grp_fu_1366">
<pin_list>
<pin id="1367" dir="0" index="0" bw="8" slack="1"/>
<pin id="1368" dir="0" index="1" bw="8" slack="1"/>
<pin id="1369" dir="0" index="2" bw="16" slack="2147483647"/>
<pin id="1370" dir="1" index="3" bw="16" slack="1"/>
</pin_list>
<bind>
<opcode="muladd(1172) " fcode="muladd"/>
<opset="mul_ln23_45/13 add_ln23_36/15 "/>
</bind>
</comp>

<comp id="1371" class="1007" name="grp_fu_1371">
<pin_list>
<pin id="1372" dir="0" index="0" bw="8" slack="0"/>
<pin id="1373" dir="0" index="1" bw="8" slack="2"/>
<pin id="1374" dir="0" index="2" bw="16" slack="2147483647"/>
<pin id="1375" dir="1" index="3" bw="16" slack="1"/>
</pin_list>
<bind>
<opcode="muladd(1172) " fcode="muladd"/>
<opset="mul_ln23_50/13 add_ln23_40/15 "/>
</bind>
</comp>

<comp id="1377" class="1007" name="grp_fu_1377">
<pin_list>
<pin id="1378" dir="0" index="0" bw="8" slack="1"/>
<pin id="1379" dir="0" index="1" bw="8" slack="5"/>
<pin id="1380" dir="0" index="2" bw="16" slack="2147483647"/>
<pin id="1381" dir="1" index="3" bw="16" slack="2"/>
</pin_list>
<bind>
<opcode="muladd(1172) " fcode="muladd"/>
<opset="mul_ln23_64/13 add_ln23_50/15 "/>
</bind>
</comp>

<comp id="1382" class="1007" name="grp_fu_1382">
<pin_list>
<pin id="1383" dir="0" index="0" bw="8" slack="1"/>
<pin id="1384" dir="0" index="1" bw="8" slack="5"/>
<pin id="1385" dir="0" index="2" bw="16" slack="2147483647"/>
<pin id="1386" dir="1" index="3" bw="16" slack="2"/>
</pin_list>
<bind>
<opcode="muladd(1172) " fcode="muladd"/>
<opset="mul_ln23_69/13 add_ln23_54/15 "/>
</bind>
</comp>

<comp id="1387" class="1007" name="grp_fu_1387">
<pin_list>
<pin id="1388" dir="0" index="0" bw="8" slack="1"/>
<pin id="1389" dir="0" index="1" bw="8" slack="3"/>
<pin id="1390" dir="0" index="2" bw="16" slack="2147483647"/>
<pin id="1391" dir="1" index="3" bw="16" slack="1"/>
</pin_list>
<bind>
<opcode="muladd(1172) " fcode="muladd"/>
<opset="mul_ln23_55/14 add_ln23_44/16 "/>
</bind>
</comp>

<comp id="1392" class="1007" name="grp_fu_1392">
<pin_list>
<pin id="1393" dir="0" index="0" bw="8" slack="1"/>
<pin id="1394" dir="0" index="1" bw="8" slack="3"/>
<pin id="1395" dir="0" index="2" bw="16" slack="2147483647"/>
<pin id="1396" dir="1" index="3" bw="16" slack="1"/>
</pin_list>
<bind>
<opcode="muladd(1172) " fcode="muladd"/>
<opset="mul_ln23_60/14 add_ln23_48/16 "/>
</bind>
</comp>

<comp id="1397" class="1007" name="grp_fu_1397">
<pin_list>
<pin id="1398" dir="0" index="0" bw="8" slack="1"/>
<pin id="1399" dir="0" index="1" bw="8" slack="2"/>
<pin id="1400" dir="0" index="2" bw="16" slack="2147483647"/>
<pin id="1401" dir="1" index="3" bw="16" slack="1"/>
</pin_list>
<bind>
<opcode="muladd(1172) " fcode="muladd"/>
<opset="mul_ln23_65/14 add_ln23_52/16 "/>
</bind>
</comp>

<comp id="1402" class="1007" name="grp_fu_1402">
<pin_list>
<pin id="1403" dir="0" index="0" bw="8" slack="1"/>
<pin id="1404" dir="0" index="1" bw="8" slack="2"/>
<pin id="1405" dir="0" index="2" bw="16" slack="2147483647"/>
<pin id="1406" dir="1" index="3" bw="16" slack="1"/>
</pin_list>
<bind>
<opcode="muladd(1172) " fcode="muladd"/>
<opset="mul_ln23_70/14 add_ln23_56/16 "/>
</bind>
</comp>

<comp id="1407" class="1007" name="grp_fu_1407">
<pin_list>
<pin id="1408" dir="0" index="0" bw="8" slack="2"/>
<pin id="1409" dir="0" index="1" bw="8" slack="5"/>
<pin id="1410" dir="0" index="2" bw="16" slack="2147483647"/>
<pin id="1411" dir="1" index="3" bw="16" slack="1"/>
</pin_list>
<bind>
<opcode="muladd(1172) " fcode="muladd"/>
<opset="mul_ln23_74/14 add_ln23_58/16 "/>
</bind>
</comp>

<comp id="1412" class="1007" name="grp_fu_1412">
<pin_list>
<pin id="1413" dir="0" index="0" bw="8" slack="0"/>
<pin id="1414" dir="0" index="1" bw="8" slack="7"/>
<pin id="1415" dir="0" index="2" bw="16" slack="2147483647"/>
<pin id="1416" dir="1" index="3" bw="16" slack="2"/>
</pin_list>
<bind>
<opcode="muladd(1172) " fcode="muladd"/>
<opset="mul_ln23_79/14 add_ln23_62/16 "/>
</bind>
</comp>

<comp id="1418" class="1007" name="grp_fu_1418">
<pin_list>
<pin id="1419" dir="0" index="0" bw="8" slack="0"/>
<pin id="1420" dir="0" index="1" bw="8" slack="4"/>
<pin id="1421" dir="0" index="2" bw="16" slack="2147483647"/>
<pin id="1422" dir="1" index="3" bw="16" slack="1"/>
</pin_list>
<bind>
<opcode="muladd(1172) " fcode="muladd"/>
<opset="mul_ln23_75/15 add_ln23_60/17 "/>
</bind>
</comp>

<comp id="1424" class="1007" name="grp_fu_1424">
<pin_list>
<pin id="1425" dir="0" index="0" bw="8" slack="0"/>
<pin id="1426" dir="0" index="1" bw="8" slack="4"/>
<pin id="1427" dir="0" index="2" bw="16" slack="2147483647"/>
<pin id="1428" dir="1" index="3" bw="16" slack="1"/>
</pin_list>
<bind>
<opcode="muladd(1172) " fcode="muladd"/>
<opset="mul_ln23_80/15 add_ln23_64/17 "/>
</bind>
</comp>

<comp id="1430" class="1007" name="grp_fu_1430">
<pin_list>
<pin id="1431" dir="0" index="0" bw="8" slack="1"/>
<pin id="1432" dir="0" index="1" bw="8" slack="8"/>
<pin id="1433" dir="0" index="2" bw="16" slack="2147483647"/>
<pin id="1434" dir="1" index="3" bw="16" slack="1"/>
</pin_list>
<bind>
<opcode="muladd(1172) " fcode="muladd"/>
<opset="mul_ln23_84/15 add_ln23_66/17 "/>
</bind>
</comp>

<comp id="1435" class="1007" name="grp_fu_1435">
<pin_list>
<pin id="1436" dir="0" index="0" bw="8" slack="0"/>
<pin id="1437" dir="0" index="1" bw="8" slack="4"/>
<pin id="1438" dir="0" index="2" bw="16" slack="2147483647"/>
<pin id="1439" dir="1" index="3" bw="16" slack="1"/>
</pin_list>
<bind>
<opcode="muladd(1172) " fcode="muladd"/>
<opset="mul_ln23_85/15 add_ln23_68/17 "/>
</bind>
</comp>

<comp id="1441" class="1007" name="grp_fu_1441">
<pin_list>
<pin id="1442" dir="0" index="0" bw="8" slack="1"/>
<pin id="1443" dir="0" index="1" bw="8" slack="7"/>
<pin id="1444" dir="0" index="2" bw="16" slack="2147483647"/>
<pin id="1445" dir="1" index="3" bw="16" slack="1"/>
</pin_list>
<bind>
<opcode="muladd(1172) " fcode="muladd"/>
<opset="mul_ln23_89/15 add_ln23_70/17 "/>
</bind>
</comp>

<comp id="1446" class="1007" name="grp_fu_1446">
<pin_list>
<pin id="1447" dir="0" index="0" bw="8" slack="0"/>
<pin id="1448" dir="0" index="1" bw="8" slack="3"/>
<pin id="1449" dir="0" index="2" bw="16" slack="2147483647"/>
<pin id="1450" dir="1" index="3" bw="16" slack="2"/>
</pin_list>
<bind>
<opcode="muladd(1172) " fcode="muladd"/>
<opset="mul_ln23_90/15 add_ln23_72/17 "/>
</bind>
</comp>

<comp id="1452" class="1007" name="grp_fu_1452">
<pin_list>
<pin id="1453" dir="0" index="0" bw="8" slack="2"/>
<pin id="1454" dir="0" index="1" bw="8" slack="8"/>
<pin id="1455" dir="0" index="2" bw="16" slack="2147483647"/>
<pin id="1456" dir="1" index="3" bw="16" slack="1"/>
</pin_list>
<bind>
<opcode="muladd(1172) " fcode="muladd"/>
<opset="mul_ln23_94/16 add_ln23_74/18 "/>
</bind>
</comp>

<comp id="1457" class="1007" name="grp_fu_1457">
<pin_list>
<pin id="1458" dir="0" index="0" bw="8" slack="1"/>
<pin id="1459" dir="0" index="1" bw="8" slack="4"/>
<pin id="1460" dir="0" index="2" bw="16" slack="2147483647"/>
<pin id="1461" dir="1" index="3" bw="16" slack="1"/>
</pin_list>
<bind>
<opcode="muladd(1172) " fcode="muladd"/>
<opset="mul_ln23_95/16 add_ln23_76/18 "/>
</bind>
</comp>

<comp id="1462" class="1007" name="grp_fu_1462">
<pin_list>
<pin id="1463" dir="0" index="0" bw="8" slack="2"/>
<pin id="1464" dir="0" index="1" bw="8" slack="7"/>
<pin id="1465" dir="0" index="2" bw="16" slack="2147483647"/>
<pin id="1466" dir="1" index="3" bw="16" slack="1"/>
</pin_list>
<bind>
<opcode="muladd(1172) " fcode="muladd"/>
<opset="mul_ln23_99/16 add_ln23_78/18 "/>
</bind>
</comp>

<comp id="1467" class="1007" name="grp_fu_1467">
<pin_list>
<pin id="1468" dir="0" index="0" bw="8" slack="0"/>
<pin id="1469" dir="0" index="1" bw="8" slack="5"/>
<pin id="1470" dir="0" index="2" bw="16" slack="2147483647"/>
<pin id="1471" dir="1" index="3" bw="16" slack="2"/>
</pin_list>
<bind>
<opcode="muladd(1172) " fcode="muladd"/>
<opset="mul_ln23_100/16 add_ln23_80/18 "/>
</bind>
</comp>

<comp id="1473" class="1007" name="grp_fu_1473">
<pin_list>
<pin id="1474" dir="0" index="0" bw="8" slack="0"/>
<pin id="1475" dir="0" index="1" bw="8" slack="5"/>
<pin id="1476" dir="0" index="2" bw="16" slack="2147483647"/>
<pin id="1477" dir="1" index="3" bw="16" slack="2"/>
</pin_list>
<bind>
<opcode="muladd(1172) " fcode="muladd"/>
<opset="mul_ln23_105/16 add_ln23_84/18 "/>
</bind>
</comp>

<comp id="1479" class="1007" name="grp_fu_1479">
<pin_list>
<pin id="1480" dir="0" index="0" bw="8" slack="0"/>
<pin id="1481" dir="0" index="1" bw="8" slack="5"/>
<pin id="1482" dir="0" index="2" bw="16" slack="2147483647"/>
<pin id="1483" dir="1" index="3" bw="16" slack="2"/>
</pin_list>
<bind>
<opcode="muladd(1172) " fcode="muladd"/>
<opset="mul_ln23_110/16 add_ln23_88/18 "/>
</bind>
</comp>

<comp id="1485" class="1007" name="grp_fu_1485">
<pin_list>
<pin id="1486" dir="0" index="0" bw="8" slack="0"/>
<pin id="1487" dir="0" index="1" bw="8" slack="10"/>
<pin id="1488" dir="0" index="2" bw="16" slack="2147483647"/>
<pin id="1489" dir="1" index="3" bw="16" slack="1"/>
</pin_list>
<bind>
<opcode="muladd(1172) " fcode="muladd"/>
<opset="mul_ln23_104/17 add_ln23_82/19 "/>
</bind>
</comp>

<comp id="1491" class="1007" name="grp_fu_1491">
<pin_list>
<pin id="1492" dir="0" index="0" bw="8" slack="0"/>
<pin id="1493" dir="0" index="1" bw="8" slack="10"/>
<pin id="1494" dir="0" index="2" bw="16" slack="2147483647"/>
<pin id="1495" dir="1" index="3" bw="16" slack="1"/>
</pin_list>
<bind>
<opcode="muladd(1172) " fcode="muladd"/>
<opset="mul_ln23_109/17 add_ln23_86/19 "/>
</bind>
</comp>

<comp id="1497" class="1007" name="grp_fu_1497">
<pin_list>
<pin id="1498" dir="0" index="0" bw="8" slack="0"/>
<pin id="1499" dir="0" index="1" bw="8" slack="9"/>
<pin id="1500" dir="0" index="2" bw="16" slack="2147483647"/>
<pin id="1501" dir="1" index="3" bw="16" slack="1"/>
</pin_list>
<bind>
<opcode="muladd(1172) " fcode="muladd"/>
<opset="mul_ln23_114/17 add_ln23_90/19 "/>
</bind>
</comp>

<comp id="1503" class="1007" name="grp_fu_1503">
<pin_list>
<pin id="1504" dir="0" index="0" bw="8" slack="1"/>
<pin id="1505" dir="0" index="1" bw="8" slack="5"/>
<pin id="1506" dir="0" index="2" bw="16" slack="2147483647"/>
<pin id="1507" dir="1" index="3" bw="16" slack="1"/>
</pin_list>
<bind>
<opcode="muladd(1172) " fcode="muladd"/>
<opset="mul_ln23_115/17 add_ln23_92/19 "/>
</bind>
</comp>

<comp id="1508" class="1007" name="grp_fu_1508">
<pin_list>
<pin id="1509" dir="0" index="0" bw="8" slack="0"/>
<pin id="1510" dir="0" index="1" bw="8" slack="9"/>
<pin id="1511" dir="0" index="2" bw="16" slack="2147483647"/>
<pin id="1512" dir="1" index="3" bw="16" slack="1"/>
</pin_list>
<bind>
<opcode="muladd(1172) " fcode="muladd"/>
<opset="mul_ln23_119/17 add_ln23_94/19 "/>
</bind>
</comp>

<comp id="1514" class="1007" name="grp_fu_1514">
<pin_list>
<pin id="1515" dir="0" index="0" bw="8" slack="1"/>
<pin id="1516" dir="0" index="1" bw="8" slack="5"/>
<pin id="1517" dir="0" index="2" bw="16" slack="2147483647"/>
<pin id="1518" dir="1" index="3" bw="16" slack="2"/>
</pin_list>
<bind>
<opcode="muladd(1172) " fcode="muladd"/>
<opset="mul_ln23_120/17 add_ln23_96/19 "/>
</bind>
</comp>

<comp id="1519" class="1007" name="grp_fu_1519">
<pin_list>
<pin id="1520" dir="0" index="0" bw="8" slack="1"/>
<pin id="1521" dir="0" index="1" bw="8" slack="9"/>
<pin id="1522" dir="0" index="2" bw="16" slack="2147483647"/>
<pin id="1523" dir="1" index="3" bw="16" slack="1"/>
</pin_list>
<bind>
<opcode="muladd(1172) " fcode="muladd"/>
<opset="mul_ln23_124/18 add_ln23_98/20 "/>
</bind>
</comp>

<comp id="1524" class="1005" name="a_addr_reg_1524">
<pin_list>
<pin id="1525" dir="0" index="0" bw="3" slack="1"/>
<pin id="1526" dir="1" index="1" bw="3" slack="1"/>
</pin_list>
<bind>
<opset="a_addr "/>
</bind>
</comp>

<comp id="1529" class="1005" name="b_addr_reg_1529">
<pin_list>
<pin id="1530" dir="0" index="0" bw="3" slack="1"/>
<pin id="1531" dir="1" index="1" bw="3" slack="1"/>
</pin_list>
<bind>
<opset="b_addr "/>
</bind>
</comp>

<comp id="1534" class="1005" name="b_addr_1_reg_1534">
<pin_list>
<pin id="1535" dir="0" index="0" bw="3" slack="1"/>
<pin id="1536" dir="1" index="1" bw="3" slack="1"/>
</pin_list>
<bind>
<opset="b_addr_1 "/>
</bind>
</comp>

<comp id="1539" class="1005" name="a_addr_1_reg_1539">
<pin_list>
<pin id="1540" dir="0" index="0" bw="3" slack="1"/>
<pin id="1541" dir="1" index="1" bw="3" slack="1"/>
</pin_list>
<bind>
<opset="a_addr_1 "/>
</bind>
</comp>

<comp id="1544" class="1005" name="trunc_ln23_reg_1544">
<pin_list>
<pin id="1545" dir="0" index="0" bw="8" slack="9"/>
<pin id="1546" dir="1" index="1" bw="8" slack="9"/>
</pin_list>
<bind>
<opset="trunc_ln23 "/>
</bind>
</comp>

<comp id="1549" class="1005" name="trunc_ln23_1_reg_1549">
<pin_list>
<pin id="1550" dir="0" index="0" bw="8" slack="9"/>
<pin id="1551" dir="1" index="1" bw="8" slack="9"/>
</pin_list>
<bind>
<opset="trunc_ln23_1 "/>
</bind>
</comp>

<comp id="1554" class="1005" name="tmp_reg_1554">
<pin_list>
<pin id="1555" dir="0" index="0" bw="8" slack="6"/>
<pin id="1556" dir="1" index="1" bw="8" slack="6"/>
</pin_list>
<bind>
<opset="tmp "/>
</bind>
</comp>

<comp id="1559" class="1005" name="tmp_1_reg_1559">
<pin_list>
<pin id="1560" dir="0" index="0" bw="8" slack="6"/>
<pin id="1561" dir="1" index="1" bw="8" slack="6"/>
</pin_list>
<bind>
<opset="tmp_1 "/>
</bind>
</comp>

<comp id="1564" class="1005" name="tmp_2_reg_1564">
<pin_list>
<pin id="1565" dir="0" index="0" bw="8" slack="5"/>
<pin id="1566" dir="1" index="1" bw="8" slack="5"/>
</pin_list>
<bind>
<opset="tmp_2 "/>
</bind>
</comp>

<comp id="1569" class="1005" name="tmp_3_reg_1569">
<pin_list>
<pin id="1570" dir="0" index="0" bw="8" slack="5"/>
<pin id="1571" dir="1" index="1" bw="8" slack="5"/>
</pin_list>
<bind>
<opset="tmp_3 "/>
</bind>
</comp>

<comp id="1574" class="1005" name="sext_ln23_6_reg_1574">
<pin_list>
<pin id="1575" dir="0" index="0" bw="16" slack="1"/>
<pin id="1576" dir="1" index="1" bw="16" slack="1"/>
</pin_list>
<bind>
<opset="sext_ln23_6 "/>
</bind>
</comp>

<comp id="1583" class="1005" name="sext_ln23_7_reg_1583">
<pin_list>
<pin id="1584" dir="0" index="0" bw="16" slack="1"/>
<pin id="1585" dir="1" index="1" bw="16" slack="1"/>
</pin_list>
<bind>
<opset="sext_ln23_7 "/>
</bind>
</comp>

<comp id="1592" class="1005" name="tmp_6_reg_1592">
<pin_list>
<pin id="1593" dir="0" index="0" bw="8" slack="3"/>
<pin id="1594" dir="1" index="1" bw="8" slack="3"/>
</pin_list>
<bind>
<opset="tmp_6 "/>
</bind>
</comp>

<comp id="1597" class="1005" name="tmp_7_reg_1597">
<pin_list>
<pin id="1598" dir="0" index="0" bw="8" slack="3"/>
<pin id="1599" dir="1" index="1" bw="8" slack="3"/>
</pin_list>
<bind>
<opset="tmp_7 "/>
</bind>
</comp>

<comp id="1602" class="1005" name="trunc_ln23_2_reg_1602">
<pin_list>
<pin id="1603" dir="0" index="0" bw="8" slack="9"/>
<pin id="1604" dir="1" index="1" bw="8" slack="9"/>
</pin_list>
<bind>
<opset="trunc_ln23_2 "/>
</bind>
</comp>

<comp id="1607" class="1005" name="tmp_8_reg_1607">
<pin_list>
<pin id="1608" dir="0" index="0" bw="8" slack="6"/>
<pin id="1609" dir="1" index="1" bw="8" slack="6"/>
</pin_list>
<bind>
<opset="tmp_8 "/>
</bind>
</comp>

<comp id="1612" class="1005" name="tmp_9_reg_1612">
<pin_list>
<pin id="1613" dir="0" index="0" bw="8" slack="5"/>
<pin id="1614" dir="1" index="1" bw="8" slack="5"/>
</pin_list>
<bind>
<opset="tmp_9 "/>
</bind>
</comp>

<comp id="1617" class="1005" name="sext_ln23_13_reg_1617">
<pin_list>
<pin id="1618" dir="0" index="0" bw="16" slack="1"/>
<pin id="1619" dir="1" index="1" bw="16" slack="1"/>
</pin_list>
<bind>
<opset="sext_ln23_13 "/>
</bind>
</comp>

<comp id="1626" class="1005" name="tmp_10_reg_1626">
<pin_list>
<pin id="1627" dir="0" index="0" bw="8" slack="3"/>
<pin id="1628" dir="1" index="1" bw="8" slack="3"/>
</pin_list>
<bind>
<opset="tmp_10 "/>
</bind>
</comp>

<comp id="1631" class="1005" name="b_addr_2_reg_1631">
<pin_list>
<pin id="1632" dir="0" index="0" bw="3" slack="1"/>
<pin id="1633" dir="1" index="1" bw="3" slack="1"/>
</pin_list>
<bind>
<opset="b_addr_2 "/>
</bind>
</comp>

<comp id="1636" class="1005" name="b_addr_3_reg_1636">
<pin_list>
<pin id="1637" dir="0" index="0" bw="3" slack="1"/>
<pin id="1638" dir="1" index="1" bw="3" slack="1"/>
</pin_list>
<bind>
<opset="b_addr_3 "/>
</bind>
</comp>

<comp id="1641" class="1005" name="trunc_ln23_6_reg_1641">
<pin_list>
<pin id="1642" dir="0" index="0" bw="8" slack="10"/>
<pin id="1643" dir="1" index="1" bw="8" slack="10"/>
</pin_list>
<bind>
<opset="trunc_ln23_6 "/>
</bind>
</comp>

<comp id="1646" class="1005" name="tmp_23_reg_1646">
<pin_list>
<pin id="1647" dir="0" index="0" bw="8" slack="7"/>
<pin id="1648" dir="1" index="1" bw="8" slack="7"/>
</pin_list>
<bind>
<opset="tmp_23 "/>
</bind>
</comp>

<comp id="1651" class="1005" name="tmp_24_reg_1651">
<pin_list>
<pin id="1652" dir="0" index="0" bw="8" slack="7"/>
<pin id="1653" dir="1" index="1" bw="8" slack="7"/>
</pin_list>
<bind>
<opset="tmp_24 "/>
</bind>
</comp>

<comp id="1656" class="1005" name="sext_ln23_33_reg_1656">
<pin_list>
<pin id="1657" dir="0" index="0" bw="16" slack="1"/>
<pin id="1658" dir="1" index="1" bw="16" slack="1"/>
</pin_list>
<bind>
<opset="sext_ln23_33 "/>
</bind>
</comp>

<comp id="1665" class="1005" name="tmp_26_reg_1665">
<pin_list>
<pin id="1666" dir="0" index="0" bw="8" slack="3"/>
<pin id="1667" dir="1" index="1" bw="8" slack="3"/>
</pin_list>
<bind>
<opset="tmp_26 "/>
</bind>
</comp>

<comp id="1670" class="1005" name="a_addr_2_reg_1670">
<pin_list>
<pin id="1671" dir="0" index="0" bw="3" slack="1"/>
<pin id="1672" dir="1" index="1" bw="3" slack="1"/>
</pin_list>
<bind>
<opset="a_addr_2 "/>
</bind>
</comp>

<comp id="1675" class="1005" name="a_addr_3_reg_1675">
<pin_list>
<pin id="1676" dir="0" index="0" bw="3" slack="1"/>
<pin id="1677" dir="1" index="1" bw="3" slack="1"/>
</pin_list>
<bind>
<opset="a_addr_3 "/>
</bind>
</comp>

<comp id="1680" class="1005" name="trunc_ln23_3_reg_1680">
<pin_list>
<pin id="1681" dir="0" index="0" bw="8" slack="8"/>
<pin id="1682" dir="1" index="1" bw="8" slack="8"/>
</pin_list>
<bind>
<opset="trunc_ln23_3 "/>
</bind>
</comp>

<comp id="1685" class="1005" name="tmp_11_reg_1685">
<pin_list>
<pin id="1686" dir="0" index="0" bw="8" slack="5"/>
<pin id="1687" dir="1" index="1" bw="8" slack="5"/>
</pin_list>
<bind>
<opset="tmp_11 "/>
</bind>
</comp>

<comp id="1690" class="1005" name="tmp_12_reg_1690">
<pin_list>
<pin id="1691" dir="0" index="0" bw="8" slack="5"/>
<pin id="1692" dir="1" index="1" bw="8" slack="5"/>
</pin_list>
<bind>
<opset="tmp_12 "/>
</bind>
</comp>

<comp id="1695" class="1005" name="sext_ln23_18_reg_1695">
<pin_list>
<pin id="1696" dir="0" index="0" bw="16" slack="1"/>
<pin id="1697" dir="1" index="1" bw="16" slack="1"/>
</pin_list>
<bind>
<opset="sext_ln23_18 "/>
</bind>
</comp>

<comp id="1704" class="1005" name="tmp_14_reg_1704">
<pin_list>
<pin id="1705" dir="0" index="0" bw="8" slack="3"/>
<pin id="1706" dir="1" index="1" bw="8" slack="3"/>
</pin_list>
<bind>
<opset="tmp_14 "/>
</bind>
</comp>

<comp id="1709" class="1005" name="trunc_ln23_4_reg_1709">
<pin_list>
<pin id="1710" dir="0" index="0" bw="8" slack="9"/>
<pin id="1711" dir="1" index="1" bw="8" slack="9"/>
</pin_list>
<bind>
<opset="trunc_ln23_4 "/>
</bind>
</comp>

<comp id="1714" class="1005" name="tmp_15_reg_1714">
<pin_list>
<pin id="1715" dir="0" index="0" bw="8" slack="6"/>
<pin id="1716" dir="1" index="1" bw="8" slack="6"/>
</pin_list>
<bind>
<opset="tmp_15 "/>
</bind>
</comp>

<comp id="1719" class="1005" name="tmp_16_reg_1719">
<pin_list>
<pin id="1720" dir="0" index="0" bw="8" slack="5"/>
<pin id="1721" dir="1" index="1" bw="8" slack="5"/>
</pin_list>
<bind>
<opset="tmp_16 "/>
</bind>
</comp>

<comp id="1724" class="1005" name="sext_ln23_23_reg_1724">
<pin_list>
<pin id="1725" dir="0" index="0" bw="16" slack="1"/>
<pin id="1726" dir="1" index="1" bw="16" slack="1"/>
</pin_list>
<bind>
<opset="sext_ln23_23 "/>
</bind>
</comp>

<comp id="1733" class="1005" name="tmp_18_reg_1733">
<pin_list>
<pin id="1734" dir="0" index="0" bw="8" slack="3"/>
<pin id="1735" dir="1" index="1" bw="8" slack="3"/>
</pin_list>
<bind>
<opset="tmp_18 "/>
</bind>
</comp>

<comp id="1738" class="1005" name="b_addr_4_reg_1738">
<pin_list>
<pin id="1739" dir="0" index="0" bw="3" slack="1"/>
<pin id="1740" dir="1" index="1" bw="3" slack="1"/>
</pin_list>
<bind>
<opset="b_addr_4 "/>
</bind>
</comp>

<comp id="1743" class="1005" name="trunc_ln23_7_reg_1743">
<pin_list>
<pin id="1744" dir="0" index="0" bw="8" slack="10"/>
<pin id="1745" dir="1" index="1" bw="8" slack="10"/>
</pin_list>
<bind>
<opset="trunc_ln23_7 "/>
</bind>
</comp>

<comp id="1748" class="1005" name="tmp_27_reg_1748">
<pin_list>
<pin id="1749" dir="0" index="0" bw="8" slack="7"/>
<pin id="1750" dir="1" index="1" bw="8" slack="7"/>
</pin_list>
<bind>
<opset="tmp_27 "/>
</bind>
</comp>

<comp id="1753" class="1005" name="tmp_28_reg_1753">
<pin_list>
<pin id="1754" dir="0" index="0" bw="8" slack="9"/>
<pin id="1755" dir="1" index="1" bw="8" slack="9"/>
</pin_list>
<bind>
<opset="tmp_28 "/>
</bind>
</comp>

<comp id="1758" class="1005" name="tmp_29_reg_1758">
<pin_list>
<pin id="1759" dir="0" index="0" bw="8" slack="1"/>
<pin id="1760" dir="1" index="1" bw="8" slack="1"/>
</pin_list>
<bind>
<opset="tmp_29 "/>
</bind>
</comp>

<comp id="1763" class="1005" name="tmp_30_reg_1763">
<pin_list>
<pin id="1764" dir="0" index="0" bw="8" slack="4"/>
<pin id="1765" dir="1" index="1" bw="8" slack="4"/>
</pin_list>
<bind>
<opset="tmp_30 "/>
</bind>
</comp>

<comp id="1768" class="1005" name="trunc_ln23_8_reg_1768">
<pin_list>
<pin id="1769" dir="0" index="0" bw="8" slack="12"/>
<pin id="1770" dir="1" index="1" bw="8" slack="12"/>
</pin_list>
<bind>
<opset="trunc_ln23_8 "/>
</bind>
</comp>

<comp id="1773" class="1005" name="tmp_31_reg_1773">
<pin_list>
<pin id="1774" dir="0" index="0" bw="8" slack="9"/>
<pin id="1775" dir="1" index="1" bw="8" slack="9"/>
</pin_list>
<bind>
<opset="tmp_31 "/>
</bind>
</comp>

<comp id="1778" class="1005" name="tmp_32_reg_1778">
<pin_list>
<pin id="1779" dir="0" index="0" bw="8" slack="11"/>
<pin id="1780" dir="1" index="1" bw="8" slack="11"/>
</pin_list>
<bind>
<opset="tmp_32 "/>
</bind>
</comp>

<comp id="1783" class="1005" name="tmp_33_reg_1783">
<pin_list>
<pin id="1784" dir="0" index="0" bw="8" slack="2"/>
<pin id="1785" dir="1" index="1" bw="8" slack="2"/>
</pin_list>
<bind>
<opset="tmp_33 "/>
</bind>
</comp>

<comp id="1788" class="1005" name="tmp_34_reg_1788">
<pin_list>
<pin id="1789" dir="0" index="0" bw="8" slack="5"/>
<pin id="1790" dir="1" index="1" bw="8" slack="5"/>
</pin_list>
<bind>
<opset="tmp_34 "/>
</bind>
</comp>

<comp id="1793" class="1005" name="a_addr_4_reg_1793">
<pin_list>
<pin id="1794" dir="0" index="0" bw="3" slack="1"/>
<pin id="1795" dir="1" index="1" bw="3" slack="1"/>
</pin_list>
<bind>
<opset="a_addr_4 "/>
</bind>
</comp>

<comp id="1798" class="1005" name="trunc_ln23_5_reg_1798">
<pin_list>
<pin id="1799" dir="0" index="0" bw="8" slack="8"/>
<pin id="1800" dir="1" index="1" bw="8" slack="8"/>
</pin_list>
<bind>
<opset="trunc_ln23_5 "/>
</bind>
</comp>

<comp id="1803" class="1005" name="tmp_19_reg_1803">
<pin_list>
<pin id="1804" dir="0" index="0" bw="8" slack="5"/>
<pin id="1805" dir="1" index="1" bw="8" slack="5"/>
</pin_list>
<bind>
<opset="tmp_19 "/>
</bind>
</comp>

<comp id="1808" class="1005" name="tmp_20_reg_1808">
<pin_list>
<pin id="1809" dir="0" index="0" bw="8" slack="5"/>
<pin id="1810" dir="1" index="1" bw="8" slack="5"/>
</pin_list>
<bind>
<opset="tmp_20 "/>
</bind>
</comp>

<comp id="1813" class="1005" name="sext_ln23_28_reg_1813">
<pin_list>
<pin id="1814" dir="0" index="0" bw="16" slack="1"/>
<pin id="1815" dir="1" index="1" bw="16" slack="1"/>
</pin_list>
<bind>
<opset="sext_ln23_28 "/>
</bind>
</comp>

<comp id="1822" class="1005" name="tmp_22_reg_1822">
<pin_list>
<pin id="1823" dir="0" index="0" bw="8" slack="3"/>
<pin id="1824" dir="1" index="1" bw="8" slack="3"/>
</pin_list>
<bind>
<opset="tmp_22 "/>
</bind>
</comp>

<comp id="1827" class="1005" name="sext_ln23_38_reg_1827">
<pin_list>
<pin id="1828" dir="0" index="0" bw="16" slack="1"/>
<pin id="1829" dir="1" index="1" bw="16" slack="1"/>
</pin_list>
<bind>
<opset="sext_ln23_38 "/>
</bind>
</comp>

<comp id="1836" class="1005" name="trunc_ln23_9_reg_1836">
<pin_list>
<pin id="1837" dir="0" index="0" bw="8" slack="12"/>
<pin id="1838" dir="1" index="1" bw="8" slack="12"/>
</pin_list>
<bind>
<opset="trunc_ln23_9 "/>
</bind>
</comp>

<comp id="1841" class="1005" name="tmp_35_reg_1841">
<pin_list>
<pin id="1842" dir="0" index="0" bw="8" slack="9"/>
<pin id="1843" dir="1" index="1" bw="8" slack="9"/>
</pin_list>
<bind>
<opset="tmp_35 "/>
</bind>
</comp>

<comp id="1846" class="1005" name="tmp_36_reg_1846">
<pin_list>
<pin id="1847" dir="0" index="0" bw="8" slack="13"/>
<pin id="1848" dir="1" index="1" bw="8" slack="13"/>
</pin_list>
<bind>
<opset="tmp_36 "/>
</bind>
</comp>

<comp id="1851" class="1005" name="tmp_37_reg_1851">
<pin_list>
<pin id="1852" dir="0" index="0" bw="8" slack="3"/>
<pin id="1853" dir="1" index="1" bw="8" slack="3"/>
</pin_list>
<bind>
<opset="tmp_37 "/>
</bind>
</comp>

<comp id="1856" class="1005" name="tmp_38_reg_1856">
<pin_list>
<pin id="1857" dir="0" index="0" bw="8" slack="6"/>
<pin id="1858" dir="1" index="1" bw="8" slack="6"/>
</pin_list>
<bind>
<opset="tmp_38 "/>
</bind>
</comp>

<comp id="1861" class="1005" name="sext_ln23_8_reg_1861">
<pin_list>
<pin id="1862" dir="0" index="0" bw="16" slack="1"/>
<pin id="1863" dir="1" index="1" bw="16" slack="1"/>
</pin_list>
<bind>
<opset="sext_ln23_8 "/>
</bind>
</comp>

<comp id="1870" class="1005" name="sext_ln23_9_reg_1870">
<pin_list>
<pin id="1871" dir="0" index="0" bw="16" slack="1"/>
<pin id="1872" dir="1" index="1" bw="16" slack="1"/>
</pin_list>
<bind>
<opset="sext_ln23_9 "/>
</bind>
</comp>

<comp id="1879" class="1005" name="sext_ln23_14_reg_1879">
<pin_list>
<pin id="1880" dir="0" index="0" bw="16" slack="1"/>
<pin id="1881" dir="1" index="1" bw="16" slack="1"/>
</pin_list>
<bind>
<opset="sext_ln23_14 "/>
</bind>
</comp>

<comp id="1888" class="1005" name="sext_ln23_34_reg_1888">
<pin_list>
<pin id="1889" dir="0" index="0" bw="16" slack="1"/>
<pin id="1890" dir="1" index="1" bw="16" slack="1"/>
</pin_list>
<bind>
<opset="sext_ln23_34 "/>
</bind>
</comp>

<comp id="1897" class="1005" name="sext_ln23_43_reg_1897">
<pin_list>
<pin id="1898" dir="0" index="0" bw="16" slack="1"/>
<pin id="1899" dir="1" index="1" bw="16" slack="1"/>
</pin_list>
<bind>
<opset="sext_ln23_43 "/>
</bind>
</comp>

<comp id="1906" class="1005" name="mul_ln23_3_reg_1906">
<pin_list>
<pin id="1907" dir="0" index="0" bw="16" slack="1"/>
<pin id="1908" dir="1" index="1" bw="16" slack="1"/>
</pin_list>
<bind>
<opset="mul_ln23_3 "/>
</bind>
</comp>

<comp id="1911" class="1005" name="mul_ln23_8_reg_1911">
<pin_list>
<pin id="1912" dir="0" index="0" bw="16" slack="1"/>
<pin id="1913" dir="1" index="1" bw="16" slack="1"/>
</pin_list>
<bind>
<opset="mul_ln23_8 "/>
</bind>
</comp>

<comp id="1916" class="1005" name="sext_ln23_19_reg_1916">
<pin_list>
<pin id="1917" dir="0" index="0" bw="16" slack="1"/>
<pin id="1918" dir="1" index="1" bw="16" slack="1"/>
</pin_list>
<bind>
<opset="sext_ln23_19 "/>
</bind>
</comp>

<comp id="1925" class="1005" name="sext_ln23_24_reg_1925">
<pin_list>
<pin id="1926" dir="0" index="0" bw="16" slack="1"/>
<pin id="1927" dir="1" index="1" bw="16" slack="1"/>
</pin_list>
<bind>
<opset="sext_ln23_24 "/>
</bind>
</comp>

<comp id="1934" class="1005" name="mul_ln23_28_reg_1934">
<pin_list>
<pin id="1935" dir="0" index="0" bw="16" slack="1"/>
<pin id="1936" dir="1" index="1" bw="16" slack="1"/>
</pin_list>
<bind>
<opset="mul_ln23_28 "/>
</bind>
</comp>

<comp id="1939" class="1005" name="mul_ln23_33_reg_1939">
<pin_list>
<pin id="1940" dir="0" index="0" bw="16" slack="1"/>
<pin id="1941" dir="1" index="1" bw="16" slack="1"/>
</pin_list>
<bind>
<opset="mul_ln23_33 "/>
</bind>
</comp>

<comp id="1944" class="1005" name="sext_ln23_4_reg_1944">
<pin_list>
<pin id="1945" dir="0" index="0" bw="16" slack="1"/>
<pin id="1946" dir="1" index="1" bw="16" slack="1"/>
</pin_list>
<bind>
<opset="sext_ln23_4 "/>
</bind>
</comp>

<comp id="1953" class="1005" name="sext_ln23_5_reg_1953">
<pin_list>
<pin id="1954" dir="0" index="0" bw="16" slack="1"/>
<pin id="1955" dir="1" index="1" bw="16" slack="1"/>
</pin_list>
<bind>
<opset="sext_ln23_5 "/>
</bind>
</comp>

<comp id="1962" class="1005" name="sext_ln23_12_reg_1962">
<pin_list>
<pin id="1963" dir="0" index="0" bw="16" slack="1"/>
<pin id="1964" dir="1" index="1" bw="16" slack="1"/>
</pin_list>
<bind>
<opset="sext_ln23_12 "/>
</bind>
</comp>

<comp id="1971" class="1005" name="mul_ln23_13_reg_1971">
<pin_list>
<pin id="1972" dir="0" index="0" bw="16" slack="1"/>
<pin id="1973" dir="1" index="1" bw="16" slack="1"/>
</pin_list>
<bind>
<opset="mul_ln23_13 "/>
</bind>
</comp>

<comp id="1976" class="1005" name="mul_ln23_18_reg_1976">
<pin_list>
<pin id="1977" dir="0" index="0" bw="16" slack="1"/>
<pin id="1978" dir="1" index="1" bw="16" slack="1"/>
</pin_list>
<bind>
<opset="mul_ln23_18 "/>
</bind>
</comp>

<comp id="1981" class="1005" name="sext_ln23_29_reg_1981">
<pin_list>
<pin id="1982" dir="0" index="0" bw="16" slack="1"/>
<pin id="1983" dir="1" index="1" bw="16" slack="1"/>
</pin_list>
<bind>
<opset="sext_ln23_29 "/>
</bind>
</comp>

<comp id="1990" class="1005" name="mul_ln23_38_reg_1990">
<pin_list>
<pin id="1991" dir="0" index="0" bw="16" slack="1"/>
<pin id="1992" dir="1" index="1" bw="16" slack="1"/>
</pin_list>
<bind>
<opset="mul_ln23_38 "/>
</bind>
</comp>

<comp id="1995" class="1005" name="mul_ln23_43_reg_1995">
<pin_list>
<pin id="1996" dir="0" index="0" bw="16" slack="1"/>
<pin id="1997" dir="1" index="1" bw="16" slack="1"/>
</pin_list>
<bind>
<opset="mul_ln23_43 "/>
</bind>
</comp>

<comp id="2000" class="1005" name="sext_ln23_39_reg_2000">
<pin_list>
<pin id="2001" dir="0" index="0" bw="16" slack="1"/>
<pin id="2002" dir="1" index="1" bw="16" slack="1"/>
</pin_list>
<bind>
<opset="sext_ln23_39 "/>
</bind>
</comp>

<comp id="2009" class="1005" name="sext_ln23_48_reg_2009">
<pin_list>
<pin id="2010" dir="0" index="0" bw="16" slack="1"/>
<pin id="2011" dir="1" index="1" bw="16" slack="1"/>
</pin_list>
<bind>
<opset="sext_ln23_48 "/>
</bind>
</comp>

<comp id="2018" class="1005" name="sext_ln23_2_reg_2018">
<pin_list>
<pin id="2019" dir="0" index="0" bw="16" slack="1"/>
<pin id="2020" dir="1" index="1" bw="16" slack="1"/>
</pin_list>
<bind>
<opset="sext_ln23_2 "/>
</bind>
</comp>

<comp id="2027" class="1005" name="sext_ln23_3_reg_2027">
<pin_list>
<pin id="2028" dir="0" index="0" bw="16" slack="1"/>
<pin id="2029" dir="1" index="1" bw="16" slack="1"/>
</pin_list>
<bind>
<opset="sext_ln23_3 "/>
</bind>
</comp>

<comp id="2036" class="1005" name="add_ln23_1_reg_2036">
<pin_list>
<pin id="2037" dir="0" index="0" bw="16" slack="1"/>
<pin id="2038" dir="1" index="1" bw="16" slack="1"/>
</pin_list>
<bind>
<opset="add_ln23_1 "/>
</bind>
</comp>

<comp id="2041" class="1005" name="sext_ln23_11_reg_2041">
<pin_list>
<pin id="2042" dir="0" index="0" bw="16" slack="1"/>
<pin id="2043" dir="1" index="1" bw="16" slack="1"/>
</pin_list>
<bind>
<opset="sext_ln23_11 "/>
</bind>
</comp>

<comp id="2050" class="1005" name="add_ln23_5_reg_2050">
<pin_list>
<pin id="2051" dir="0" index="0" bw="16" slack="1"/>
<pin id="2052" dir="1" index="1" bw="16" slack="1"/>
</pin_list>
<bind>
<opset="add_ln23_5 "/>
</bind>
</comp>

<comp id="2055" class="1005" name="sext_ln23_16_reg_2055">
<pin_list>
<pin id="2056" dir="0" index="0" bw="16" slack="1"/>
<pin id="2057" dir="1" index="1" bw="16" slack="1"/>
</pin_list>
<bind>
<opset="sext_ln23_16 "/>
</bind>
</comp>

<comp id="2064" class="1005" name="sext_ln23_17_reg_2064">
<pin_list>
<pin id="2065" dir="0" index="0" bw="16" slack="1"/>
<pin id="2066" dir="1" index="1" bw="16" slack="1"/>
</pin_list>
<bind>
<opset="sext_ln23_17 "/>
</bind>
</comp>

<comp id="2073" class="1005" name="sext_ln23_22_reg_2073">
<pin_list>
<pin id="2074" dir="0" index="0" bw="16" slack="1"/>
<pin id="2075" dir="1" index="1" bw="16" slack="1"/>
</pin_list>
<bind>
<opset="sext_ln23_22 "/>
</bind>
</comp>

<comp id="2082" class="1005" name="mul_ln23_23_reg_2082">
<pin_list>
<pin id="2083" dir="0" index="0" bw="16" slack="1"/>
<pin id="2084" dir="1" index="1" bw="16" slack="1"/>
</pin_list>
<bind>
<opset="mul_ln23_23 "/>
</bind>
</comp>

<comp id="2087" class="1005" name="add_ln23_21_reg_2087">
<pin_list>
<pin id="2088" dir="0" index="0" bw="16" slack="3"/>
<pin id="2089" dir="1" index="1" bw="16" slack="3"/>
</pin_list>
<bind>
<opset="add_ln23_21 "/>
</bind>
</comp>

<comp id="2092" class="1005" name="add_ln23_25_reg_2092">
<pin_list>
<pin id="2093" dir="0" index="0" bw="16" slack="4"/>
<pin id="2094" dir="1" index="1" bw="16" slack="4"/>
</pin_list>
<bind>
<opset="add_ln23_25 "/>
</bind>
</comp>

<comp id="2097" class="1005" name="mul_ln23_48_reg_2097">
<pin_list>
<pin id="2098" dir="0" index="0" bw="16" slack="1"/>
<pin id="2099" dir="1" index="1" bw="16" slack="1"/>
</pin_list>
<bind>
<opset="mul_ln23_48 "/>
</bind>
</comp>

<comp id="2102" class="1005" name="mul_ln23_53_reg_2102">
<pin_list>
<pin id="2103" dir="0" index="0" bw="16" slack="1"/>
<pin id="2104" dir="1" index="1" bw="16" slack="1"/>
</pin_list>
<bind>
<opset="mul_ln23_53 "/>
</bind>
</comp>

<comp id="2107" class="1005" name="mul_ln23_58_reg_2107">
<pin_list>
<pin id="2108" dir="0" index="0" bw="16" slack="1"/>
<pin id="2109" dir="1" index="1" bw="16" slack="1"/>
</pin_list>
<bind>
<opset="mul_ln23_58 "/>
</bind>
</comp>

<comp id="2112" class="1005" name="sext_ln23_44_reg_2112">
<pin_list>
<pin id="2113" dir="0" index="0" bw="16" slack="1"/>
<pin id="2114" dir="1" index="1" bw="16" slack="1"/>
</pin_list>
<bind>
<opset="sext_ln23_44 "/>
</bind>
</comp>

<comp id="2121" class="1005" name="add_ln23_9_reg_2121">
<pin_list>
<pin id="2122" dir="0" index="0" bw="16" slack="1"/>
<pin id="2123" dir="1" index="1" bw="16" slack="1"/>
</pin_list>
<bind>
<opset="add_ln23_9 "/>
</bind>
</comp>

<comp id="2126" class="1005" name="sext_ln23_21_reg_2126">
<pin_list>
<pin id="2127" dir="0" index="0" bw="16" slack="1"/>
<pin id="2128" dir="1" index="1" bw="16" slack="1"/>
</pin_list>
<bind>
<opset="sext_ln23_21 "/>
</bind>
</comp>

<comp id="2135" class="1005" name="add_ln23_13_reg_2135">
<pin_list>
<pin id="2136" dir="0" index="0" bw="16" slack="1"/>
<pin id="2137" dir="1" index="1" bw="16" slack="1"/>
</pin_list>
<bind>
<opset="add_ln23_13 "/>
</bind>
</comp>

<comp id="2140" class="1005" name="sext_ln23_26_reg_2140">
<pin_list>
<pin id="2141" dir="0" index="0" bw="16" slack="1"/>
<pin id="2142" dir="1" index="1" bw="16" slack="1"/>
</pin_list>
<bind>
<opset="sext_ln23_26 "/>
</bind>
</comp>

<comp id="2149" class="1005" name="sext_ln23_27_reg_2149">
<pin_list>
<pin id="2150" dir="0" index="0" bw="16" slack="1"/>
<pin id="2151" dir="1" index="1" bw="16" slack="1"/>
</pin_list>
<bind>
<opset="sext_ln23_27 "/>
</bind>
</comp>

<comp id="2158" class="1005" name="sext_ln23_31_reg_2158">
<pin_list>
<pin id="2159" dir="0" index="0" bw="16" slack="1"/>
<pin id="2160" dir="1" index="1" bw="16" slack="1"/>
</pin_list>
<bind>
<opset="sext_ln23_31 "/>
</bind>
</comp>

<comp id="2167" class="1005" name="sext_ln23_32_reg_2167">
<pin_list>
<pin id="2168" dir="0" index="0" bw="16" slack="1"/>
<pin id="2169" dir="1" index="1" bw="16" slack="1"/>
</pin_list>
<bind>
<opset="sext_ln23_32 "/>
</bind>
</comp>

<comp id="2176" class="1005" name="add_ln23_29_reg_2176">
<pin_list>
<pin id="2177" dir="0" index="0" bw="16" slack="3"/>
<pin id="2178" dir="1" index="1" bw="16" slack="3"/>
</pin_list>
<bind>
<opset="add_ln23_29 "/>
</bind>
</comp>

<comp id="2181" class="1005" name="add_ln23_33_reg_2181">
<pin_list>
<pin id="2182" dir="0" index="0" bw="16" slack="4"/>
<pin id="2183" dir="1" index="1" bw="16" slack="4"/>
</pin_list>
<bind>
<opset="add_ln23_33 "/>
</bind>
</comp>

<comp id="2186" class="1005" name="mul_ln23_63_reg_2186">
<pin_list>
<pin id="2187" dir="0" index="0" bw="16" slack="1"/>
<pin id="2188" dir="1" index="1" bw="16" slack="1"/>
</pin_list>
<bind>
<opset="mul_ln23_63 "/>
</bind>
</comp>

<comp id="2191" class="1005" name="mul_ln23_68_reg_2191">
<pin_list>
<pin id="2192" dir="0" index="0" bw="16" slack="1"/>
<pin id="2193" dir="1" index="1" bw="16" slack="1"/>
</pin_list>
<bind>
<opset="mul_ln23_68 "/>
</bind>
</comp>

<comp id="2196" class="1005" name="mul_ln23_73_reg_2196">
<pin_list>
<pin id="2197" dir="0" index="0" bw="16" slack="1"/>
<pin id="2198" dir="1" index="1" bw="16" slack="1"/>
</pin_list>
<bind>
<opset="mul_ln23_73 "/>
</bind>
</comp>

<comp id="2201" class="1005" name="mul_ln23_78_reg_2201">
<pin_list>
<pin id="2202" dir="0" index="0" bw="16" slack="1"/>
<pin id="2203" dir="1" index="1" bw="16" slack="1"/>
</pin_list>
<bind>
<opset="mul_ln23_78 "/>
</bind>
</comp>

<comp id="2206" class="1005" name="add_ln23_2_reg_2206">
<pin_list>
<pin id="2207" dir="0" index="0" bw="16" slack="5"/>
<pin id="2208" dir="1" index="1" bw="16" slack="5"/>
</pin_list>
<bind>
<opset="add_ln23_2 "/>
</bind>
</comp>

<comp id="2211" class="1005" name="add_ln23_6_reg_2211">
<pin_list>
<pin id="2212" dir="0" index="0" bw="16" slack="5"/>
<pin id="2213" dir="1" index="1" bw="16" slack="5"/>
</pin_list>
<bind>
<opset="add_ln23_6 "/>
</bind>
</comp>

<comp id="2216" class="1005" name="add_ln23_17_reg_2216">
<pin_list>
<pin id="2217" dir="0" index="0" bw="16" slack="1"/>
<pin id="2218" dir="1" index="1" bw="16" slack="1"/>
</pin_list>
<bind>
<opset="add_ln23_17 "/>
</bind>
</comp>

<comp id="2221" class="1005" name="add_ln23_37_reg_2221">
<pin_list>
<pin id="2222" dir="0" index="0" bw="16" slack="3"/>
<pin id="2223" dir="1" index="1" bw="16" slack="3"/>
</pin_list>
<bind>
<opset="add_ln23_37 "/>
</bind>
</comp>

<comp id="2226" class="1005" name="sext_ln23_36_reg_2226">
<pin_list>
<pin id="2227" dir="0" index="0" bw="16" slack="1"/>
<pin id="2228" dir="1" index="1" bw="16" slack="1"/>
</pin_list>
<bind>
<opset="sext_ln23_36 "/>
</bind>
</comp>

<comp id="2235" class="1005" name="add_ln23_41_reg_2235">
<pin_list>
<pin id="2236" dir="0" index="0" bw="16" slack="4"/>
<pin id="2237" dir="1" index="1" bw="16" slack="4"/>
</pin_list>
<bind>
<opset="add_ln23_41 "/>
</bind>
</comp>

<comp id="2240" class="1005" name="add_ln23_45_reg_2240">
<pin_list>
<pin id="2241" dir="0" index="0" bw="16" slack="4"/>
<pin id="2242" dir="1" index="1" bw="16" slack="4"/>
</pin_list>
<bind>
<opset="add_ln23_45 "/>
</bind>
</comp>

<comp id="2245" class="1005" name="mul_ln23_83_reg_2245">
<pin_list>
<pin id="2246" dir="0" index="0" bw="16" slack="1"/>
<pin id="2247" dir="1" index="1" bw="16" slack="1"/>
</pin_list>
<bind>
<opset="mul_ln23_83 "/>
</bind>
</comp>

<comp id="2250" class="1005" name="mul_ln23_88_reg_2250">
<pin_list>
<pin id="2251" dir="0" index="0" bw="16" slack="1"/>
<pin id="2252" dir="1" index="1" bw="16" slack="1"/>
</pin_list>
<bind>
<opset="mul_ln23_88 "/>
</bind>
</comp>

<comp id="2255" class="1005" name="mul_ln23_93_reg_2255">
<pin_list>
<pin id="2256" dir="0" index="0" bw="16" slack="1"/>
<pin id="2257" dir="1" index="1" bw="16" slack="1"/>
</pin_list>
<bind>
<opset="mul_ln23_93 "/>
</bind>
</comp>

<comp id="2260" class="1005" name="mul_ln23_98_reg_2260">
<pin_list>
<pin id="2261" dir="0" index="0" bw="16" slack="1"/>
<pin id="2262" dir="1" index="1" bw="16" slack="1"/>
</pin_list>
<bind>
<opset="mul_ln23_98 "/>
</bind>
</comp>

<comp id="2265" class="1005" name="sext_ln23_49_reg_2265">
<pin_list>
<pin id="2266" dir="0" index="0" bw="16" slack="1"/>
<pin id="2267" dir="1" index="1" bw="16" slack="1"/>
</pin_list>
<bind>
<opset="sext_ln23_49 "/>
</bind>
</comp>

<comp id="2274" class="1005" name="sext_ln23_reg_2274">
<pin_list>
<pin id="2275" dir="0" index="0" bw="16" slack="1"/>
<pin id="2276" dir="1" index="1" bw="16" slack="1"/>
</pin_list>
<bind>
<opset="sext_ln23 "/>
</bind>
</comp>

<comp id="2283" class="1005" name="sext_ln23_1_reg_2283">
<pin_list>
<pin id="2284" dir="0" index="0" bw="16" slack="1"/>
<pin id="2285" dir="1" index="1" bw="16" slack="1"/>
</pin_list>
<bind>
<opset="sext_ln23_1 "/>
</bind>
</comp>

<comp id="2292" class="1005" name="sext_ln23_10_reg_2292">
<pin_list>
<pin id="2293" dir="0" index="0" bw="16" slack="1"/>
<pin id="2294" dir="1" index="1" bw="16" slack="1"/>
</pin_list>
<bind>
<opset="sext_ln23_10 "/>
</bind>
</comp>

<comp id="2301" class="1005" name="sext_ln23_15_reg_2301">
<pin_list>
<pin id="2302" dir="0" index="0" bw="16" slack="1"/>
<pin id="2303" dir="1" index="1" bw="16" slack="1"/>
</pin_list>
<bind>
<opset="sext_ln23_15 "/>
</bind>
</comp>

<comp id="2310" class="1005" name="add_ln23_10_reg_2310">
<pin_list>
<pin id="2311" dir="0" index="0" bw="16" slack="4"/>
<pin id="2312" dir="1" index="1" bw="16" slack="4"/>
</pin_list>
<bind>
<opset="add_ln23_10 "/>
</bind>
</comp>

<comp id="2315" class="1005" name="add_ln23_14_reg_2315">
<pin_list>
<pin id="2316" dir="0" index="0" bw="16" slack="5"/>
<pin id="2317" dir="1" index="1" bw="16" slack="5"/>
</pin_list>
<bind>
<opset="add_ln23_14 "/>
</bind>
</comp>

<comp id="2320" class="1005" name="add_ln23_49_reg_2320">
<pin_list>
<pin id="2321" dir="0" index="0" bw="16" slack="4"/>
<pin id="2322" dir="1" index="1" bw="16" slack="4"/>
</pin_list>
<bind>
<opset="add_ln23_49 "/>
</bind>
</comp>

<comp id="2325" class="1005" name="add_ln23_53_reg_2325">
<pin_list>
<pin id="2326" dir="0" index="0" bw="16" slack="4"/>
<pin id="2327" dir="1" index="1" bw="16" slack="4"/>
</pin_list>
<bind>
<opset="add_ln23_53 "/>
</bind>
</comp>

<comp id="2330" class="1005" name="add_ln23_57_reg_2330">
<pin_list>
<pin id="2331" dir="0" index="0" bw="16" slack="5"/>
<pin id="2332" dir="1" index="1" bw="16" slack="5"/>
</pin_list>
<bind>
<opset="add_ln23_57 "/>
</bind>
</comp>

<comp id="2335" class="1005" name="add_ln23_61_reg_2335">
<pin_list>
<pin id="2336" dir="0" index="0" bw="16" slack="5"/>
<pin id="2337" dir="1" index="1" bw="16" slack="5"/>
</pin_list>
<bind>
<opset="add_ln23_61 "/>
</bind>
</comp>

<comp id="2340" class="1005" name="mul_ln23_103_reg_2340">
<pin_list>
<pin id="2341" dir="0" index="0" bw="16" slack="1"/>
<pin id="2342" dir="1" index="1" bw="16" slack="1"/>
</pin_list>
<bind>
<opset="mul_ln23_103 "/>
</bind>
</comp>

<comp id="2345" class="1005" name="mul_ln23_108_reg_2345">
<pin_list>
<pin id="2346" dir="0" index="0" bw="16" slack="1"/>
<pin id="2347" dir="1" index="1" bw="16" slack="1"/>
</pin_list>
<bind>
<opset="mul_ln23_108 "/>
</bind>
</comp>

<comp id="2350" class="1005" name="mul_ln23_113_reg_2350">
<pin_list>
<pin id="2351" dir="0" index="0" bw="16" slack="1"/>
<pin id="2352" dir="1" index="1" bw="16" slack="1"/>
</pin_list>
<bind>
<opset="mul_ln23_113 "/>
</bind>
</comp>

<comp id="2355" class="1005" name="mul_ln23_118_reg_2355">
<pin_list>
<pin id="2356" dir="0" index="0" bw="16" slack="1"/>
<pin id="2357" dir="1" index="1" bw="16" slack="1"/>
</pin_list>
<bind>
<opset="mul_ln23_118 "/>
</bind>
</comp>

<comp id="2360" class="1005" name="mul_ln23_1_reg_2360">
<pin_list>
<pin id="2361" dir="0" index="0" bw="16" slack="1"/>
<pin id="2362" dir="1" index="1" bw="16" slack="1"/>
</pin_list>
<bind>
<opset="mul_ln23_1 "/>
</bind>
</comp>

<comp id="2365" class="1005" name="mul_ln23_6_reg_2365">
<pin_list>
<pin id="2366" dir="0" index="0" bw="16" slack="1"/>
<pin id="2367" dir="1" index="1" bw="16" slack="1"/>
</pin_list>
<bind>
<opset="mul_ln23_6 "/>
</bind>
</comp>

<comp id="2370" class="1005" name="mul_ln23_11_reg_2370">
<pin_list>
<pin id="2371" dir="0" index="0" bw="16" slack="1"/>
<pin id="2372" dir="1" index="1" bw="16" slack="1"/>
</pin_list>
<bind>
<opset="mul_ln23_11 "/>
</bind>
</comp>

<comp id="2375" class="1005" name="sext_ln23_20_reg_2375">
<pin_list>
<pin id="2376" dir="0" index="0" bw="16" slack="1"/>
<pin id="2377" dir="1" index="1" bw="16" slack="1"/>
</pin_list>
<bind>
<opset="sext_ln23_20 "/>
</bind>
</comp>

<comp id="2384" class="1005" name="sext_ln23_25_reg_2384">
<pin_list>
<pin id="2385" dir="0" index="0" bw="16" slack="1"/>
<pin id="2386" dir="1" index="1" bw="16" slack="1"/>
</pin_list>
<bind>
<opset="sext_ln23_25 "/>
</bind>
</comp>

<comp id="2393" class="1005" name="add_ln23_18_reg_2393">
<pin_list>
<pin id="2394" dir="0" index="0" bw="16" slack="4"/>
<pin id="2395" dir="1" index="1" bw="16" slack="4"/>
</pin_list>
<bind>
<opset="add_ln23_18 "/>
</bind>
</comp>

<comp id="2398" class="1005" name="sext_ln23_30_reg_2398">
<pin_list>
<pin id="2399" dir="0" index="0" bw="16" slack="1"/>
<pin id="2400" dir="1" index="1" bw="16" slack="1"/>
</pin_list>
<bind>
<opset="sext_ln23_30 "/>
</bind>
</comp>

<comp id="2407" class="1005" name="add_ln23_22_reg_2407">
<pin_list>
<pin id="2408" dir="0" index="0" bw="16" slack="4"/>
<pin id="2409" dir="1" index="1" bw="16" slack="4"/>
</pin_list>
<bind>
<opset="add_ln23_22 "/>
</bind>
</comp>

<comp id="2412" class="1005" name="sext_ln23_37_reg_2412">
<pin_list>
<pin id="2413" dir="0" index="0" bw="16" slack="1"/>
<pin id="2414" dir="1" index="1" bw="16" slack="1"/>
</pin_list>
<bind>
<opset="sext_ln23_37 "/>
</bind>
</comp>

<comp id="2421" class="1005" name="sext_ln23_41_reg_2421">
<pin_list>
<pin id="2422" dir="0" index="0" bw="16" slack="1"/>
<pin id="2423" dir="1" index="1" bw="16" slack="1"/>
</pin_list>
<bind>
<opset="sext_ln23_41 "/>
</bind>
</comp>

<comp id="2430" class="1005" name="add_ln23_65_reg_2430">
<pin_list>
<pin id="2431" dir="0" index="0" bw="16" slack="5"/>
<pin id="2432" dir="1" index="1" bw="16" slack="5"/>
</pin_list>
<bind>
<opset="add_ln23_65 "/>
</bind>
</comp>

<comp id="2435" class="1005" name="add_ln23_69_reg_2435">
<pin_list>
<pin id="2436" dir="0" index="0" bw="16" slack="5"/>
<pin id="2437" dir="1" index="1" bw="16" slack="5"/>
</pin_list>
<bind>
<opset="add_ln23_69 "/>
</bind>
</comp>

<comp id="2440" class="1005" name="add_ln23_73_reg_2440">
<pin_list>
<pin id="2441" dir="0" index="0" bw="16" slack="6"/>
<pin id="2442" dir="1" index="1" bw="16" slack="6"/>
</pin_list>
<bind>
<opset="add_ln23_73 "/>
</bind>
</comp>

<comp id="2445" class="1005" name="add_ln23_77_reg_2445">
<pin_list>
<pin id="2446" dir="0" index="0" bw="16" slack="6"/>
<pin id="2447" dir="1" index="1" bw="16" slack="6"/>
</pin_list>
<bind>
<opset="add_ln23_77 "/>
</bind>
</comp>

<comp id="2450" class="1005" name="mul_ln23_123_reg_2450">
<pin_list>
<pin id="2451" dir="0" index="0" bw="16" slack="1"/>
<pin id="2452" dir="1" index="1" bw="16" slack="1"/>
</pin_list>
<bind>
<opset="mul_ln23_123 "/>
</bind>
</comp>

<comp id="2455" class="1005" name="mul_ln23_16_reg_2455">
<pin_list>
<pin id="2456" dir="0" index="0" bw="16" slack="1"/>
<pin id="2457" dir="1" index="1" bw="16" slack="1"/>
</pin_list>
<bind>
<opset="mul_ln23_16 "/>
</bind>
</comp>

<comp id="2460" class="1005" name="mul_ln23_21_reg_2460">
<pin_list>
<pin id="2461" dir="0" index="0" bw="16" slack="1"/>
<pin id="2462" dir="1" index="1" bw="16" slack="1"/>
</pin_list>
<bind>
<opset="mul_ln23_21 "/>
</bind>
</comp>

<comp id="2465" class="1005" name="mul_ln23_26_reg_2465">
<pin_list>
<pin id="2466" dir="0" index="0" bw="16" slack="1"/>
<pin id="2467" dir="1" index="1" bw="16" slack="1"/>
</pin_list>
<bind>
<opset="mul_ln23_26 "/>
</bind>
</comp>

<comp id="2470" class="1005" name="mul_ln23_31_reg_2470">
<pin_list>
<pin id="2471" dir="0" index="0" bw="16" slack="1"/>
<pin id="2472" dir="1" index="1" bw="16" slack="1"/>
</pin_list>
<bind>
<opset="mul_ln23_31 "/>
</bind>
</comp>

<comp id="2475" class="1005" name="add_ln23_26_reg_2475">
<pin_list>
<pin id="2476" dir="0" index="0" bw="16" slack="3"/>
<pin id="2477" dir="1" index="1" bw="16" slack="3"/>
</pin_list>
<bind>
<opset="add_ln23_26 "/>
</bind>
</comp>

<comp id="2480" class="1005" name="add_ln23_30_reg_2480">
<pin_list>
<pin id="2481" dir="0" index="0" bw="16" slack="4"/>
<pin id="2482" dir="1" index="1" bw="16" slack="4"/>
</pin_list>
<bind>
<opset="add_ln23_30 "/>
</bind>
</comp>

<comp id="2485" class="1005" name="sext_ln23_35_reg_2485">
<pin_list>
<pin id="2486" dir="0" index="0" bw="16" slack="1"/>
<pin id="2487" dir="1" index="1" bw="16" slack="1"/>
</pin_list>
<bind>
<opset="sext_ln23_35 "/>
</bind>
</comp>

<comp id="2494" class="1005" name="sext_ln23_46_reg_2494">
<pin_list>
<pin id="2495" dir="0" index="0" bw="16" slack="1"/>
<pin id="2496" dir="1" index="1" bw="16" slack="1"/>
</pin_list>
<bind>
<opset="sext_ln23_46 "/>
</bind>
</comp>

<comp id="2503" class="1005" name="add_ln23_81_reg_2503">
<pin_list>
<pin id="2504" dir="0" index="0" bw="16" slack="6"/>
<pin id="2505" dir="1" index="1" bw="16" slack="6"/>
</pin_list>
<bind>
<opset="add_ln23_81 "/>
</bind>
</comp>

<comp id="2508" class="1005" name="add_ln23_85_reg_2508">
<pin_list>
<pin id="2509" dir="0" index="0" bw="16" slack="6"/>
<pin id="2510" dir="1" index="1" bw="16" slack="6"/>
</pin_list>
<bind>
<opset="add_ln23_85 "/>
</bind>
</comp>

<comp id="2513" class="1005" name="add_ln23_89_reg_2513">
<pin_list>
<pin id="2514" dir="0" index="0" bw="16" slack="6"/>
<pin id="2515" dir="1" index="1" bw="16" slack="6"/>
</pin_list>
<bind>
<opset="add_ln23_89 "/>
</bind>
</comp>

<comp id="2518" class="1005" name="add_ln23_93_reg_2518">
<pin_list>
<pin id="2519" dir="0" index="0" bw="16" slack="6"/>
<pin id="2520" dir="1" index="1" bw="16" slack="6"/>
</pin_list>
<bind>
<opset="add_ln23_93 "/>
</bind>
</comp>

<comp id="2523" class="1005" name="add_ln23_reg_2523">
<pin_list>
<pin id="2524" dir="0" index="0" bw="16" slack="1"/>
<pin id="2525" dir="1" index="1" bw="16" slack="1"/>
</pin_list>
<bind>
<opset="add_ln23 "/>
</bind>
</comp>

<comp id="2528" class="1005" name="add_ln23_4_reg_2528">
<pin_list>
<pin id="2529" dir="0" index="0" bw="16" slack="1"/>
<pin id="2530" dir="1" index="1" bw="16" slack="1"/>
</pin_list>
<bind>
<opset="add_ln23_4 "/>
</bind>
</comp>

<comp id="2533" class="1005" name="add_ln23_8_reg_2533">
<pin_list>
<pin id="2534" dir="0" index="0" bw="16" slack="1"/>
<pin id="2535" dir="1" index="1" bw="16" slack="1"/>
</pin_list>
<bind>
<opset="add_ln23_8 "/>
</bind>
</comp>

<comp id="2538" class="1005" name="mul_ln23_36_reg_2538">
<pin_list>
<pin id="2539" dir="0" index="0" bw="16" slack="1"/>
<pin id="2540" dir="1" index="1" bw="16" slack="1"/>
</pin_list>
<bind>
<opset="mul_ln23_36 "/>
</bind>
</comp>

<comp id="2543" class="1005" name="mul_ln23_41_reg_2543">
<pin_list>
<pin id="2544" dir="0" index="0" bw="16" slack="1"/>
<pin id="2545" dir="1" index="1" bw="16" slack="1"/>
</pin_list>
<bind>
<opset="mul_ln23_41 "/>
</bind>
</comp>

<comp id="2548" class="1005" name="add_ln23_34_reg_2548">
<pin_list>
<pin id="2549" dir="0" index="0" bw="16" slack="3"/>
<pin id="2550" dir="1" index="1" bw="16" slack="3"/>
</pin_list>
<bind>
<opset="add_ln23_34 "/>
</bind>
</comp>

<comp id="2553" class="1005" name="mul_ln23_46_reg_2553">
<pin_list>
<pin id="2554" dir="0" index="0" bw="16" slack="1"/>
<pin id="2555" dir="1" index="1" bw="16" slack="1"/>
</pin_list>
<bind>
<opset="mul_ln23_46 "/>
</bind>
</comp>

<comp id="2558" class="1005" name="add_ln23_38_reg_2558">
<pin_list>
<pin id="2559" dir="0" index="0" bw="16" slack="3"/>
<pin id="2560" dir="1" index="1" bw="16" slack="3"/>
</pin_list>
<bind>
<opset="add_ln23_38 "/>
</bind>
</comp>

<comp id="2563" class="1005" name="mul_ln23_51_reg_2563">
<pin_list>
<pin id="2564" dir="0" index="0" bw="16" slack="1"/>
<pin id="2565" dir="1" index="1" bw="16" slack="1"/>
</pin_list>
<bind>
<opset="mul_ln23_51 "/>
</bind>
</comp>

<comp id="2568" class="1005" name="sext_ln23_42_reg_2568">
<pin_list>
<pin id="2569" dir="0" index="0" bw="16" slack="1"/>
<pin id="2570" dir="1" index="1" bw="16" slack="1"/>
</pin_list>
<bind>
<opset="sext_ln23_42 "/>
</bind>
</comp>

<comp id="2577" class="1005" name="add_ln23_97_reg_2577">
<pin_list>
<pin id="2578" dir="0" index="0" bw="16" slack="6"/>
<pin id="2579" dir="1" index="1" bw="16" slack="6"/>
</pin_list>
<bind>
<opset="add_ln23_97 "/>
</bind>
</comp>

<comp id="2582" class="1005" name="add_ln23_11_reg_2582">
<pin_list>
<pin id="2583" dir="0" index="0" bw="16" slack="1"/>
<pin id="2584" dir="1" index="1" bw="16" slack="1"/>
</pin_list>
<bind>
<opset="add_ln23_11 "/>
</bind>
</comp>

<comp id="2587" class="1005" name="add_ln23_12_reg_2587">
<pin_list>
<pin id="2588" dir="0" index="0" bw="16" slack="1"/>
<pin id="2589" dir="1" index="1" bw="16" slack="1"/>
</pin_list>
<bind>
<opset="add_ln23_12 "/>
</bind>
</comp>

<comp id="2592" class="1005" name="add_ln23_16_reg_2592">
<pin_list>
<pin id="2593" dir="0" index="0" bw="16" slack="1"/>
<pin id="2594" dir="1" index="1" bw="16" slack="1"/>
</pin_list>
<bind>
<opset="add_ln23_16 "/>
</bind>
</comp>

<comp id="2597" class="1005" name="add_ln23_20_reg_2597">
<pin_list>
<pin id="2598" dir="0" index="0" bw="16" slack="1"/>
<pin id="2599" dir="1" index="1" bw="16" slack="1"/>
</pin_list>
<bind>
<opset="add_ln23_20 "/>
</bind>
</comp>

<comp id="2602" class="1005" name="add_ln23_24_reg_2602">
<pin_list>
<pin id="2603" dir="0" index="0" bw="16" slack="1"/>
<pin id="2604" dir="1" index="1" bw="16" slack="1"/>
</pin_list>
<bind>
<opset="add_ln23_24 "/>
</bind>
</comp>

<comp id="2607" class="1005" name="add_ln23_42_reg_2607">
<pin_list>
<pin id="2608" dir="0" index="0" bw="16" slack="2"/>
<pin id="2609" dir="1" index="1" bw="16" slack="2"/>
</pin_list>
<bind>
<opset="add_ln23_42 "/>
</bind>
</comp>

<comp id="2612" class="1005" name="mul_ln23_56_reg_2612">
<pin_list>
<pin id="2613" dir="0" index="0" bw="16" slack="1"/>
<pin id="2614" dir="1" index="1" bw="16" slack="1"/>
</pin_list>
<bind>
<opset="mul_ln23_56 "/>
</bind>
</comp>

<comp id="2617" class="1005" name="add_ln23_46_reg_2617">
<pin_list>
<pin id="2618" dir="0" index="0" bw="16" slack="3"/>
<pin id="2619" dir="1" index="1" bw="16" slack="3"/>
</pin_list>
<bind>
<opset="add_ln23_46 "/>
</bind>
</comp>

<comp id="2622" class="1005" name="mul_ln23_61_reg_2622">
<pin_list>
<pin id="2623" dir="0" index="0" bw="16" slack="1"/>
<pin id="2624" dir="1" index="1" bw="16" slack="1"/>
</pin_list>
<bind>
<opset="mul_ln23_61 "/>
</bind>
</comp>

<comp id="2627" class="1005" name="mul_ln23_66_reg_2627">
<pin_list>
<pin id="2628" dir="0" index="0" bw="16" slack="1"/>
<pin id="2629" dir="1" index="1" bw="16" slack="1"/>
</pin_list>
<bind>
<opset="mul_ln23_66 "/>
</bind>
</comp>

<comp id="2632" class="1005" name="mul_ln23_71_reg_2632">
<pin_list>
<pin id="2633" dir="0" index="0" bw="16" slack="1"/>
<pin id="2634" dir="1" index="1" bw="16" slack="1"/>
</pin_list>
<bind>
<opset="mul_ln23_71 "/>
</bind>
</comp>

<comp id="2637" class="1005" name="sext_ln23_40_reg_2637">
<pin_list>
<pin id="2638" dir="0" index="0" bw="16" slack="1"/>
<pin id="2639" dir="1" index="1" bw="16" slack="1"/>
</pin_list>
<bind>
<opset="sext_ln23_40 "/>
</bind>
</comp>

<comp id="2646" class="1005" name="add_ln23_19_reg_2646">
<pin_list>
<pin id="2647" dir="0" index="0" bw="16" slack="1"/>
<pin id="2648" dir="1" index="1" bw="16" slack="1"/>
</pin_list>
<bind>
<opset="add_ln23_19 "/>
</bind>
</comp>

<comp id="2651" class="1005" name="add_ln23_23_reg_2651">
<pin_list>
<pin id="2652" dir="0" index="0" bw="16" slack="1"/>
<pin id="2653" dir="1" index="1" bw="16" slack="1"/>
</pin_list>
<bind>
<opset="add_ln23_23 "/>
</bind>
</comp>

<comp id="2656" class="1005" name="add_ln23_27_reg_2656">
<pin_list>
<pin id="2657" dir="0" index="0" bw="16" slack="2"/>
<pin id="2658" dir="1" index="1" bw="16" slack="2"/>
</pin_list>
<bind>
<opset="add_ln23_27 "/>
</bind>
</comp>

<comp id="2661" class="1005" name="add_ln23_28_reg_2661">
<pin_list>
<pin id="2662" dir="0" index="0" bw="16" slack="1"/>
<pin id="2663" dir="1" index="1" bw="16" slack="1"/>
</pin_list>
<bind>
<opset="add_ln23_28 "/>
</bind>
</comp>

<comp id="2666" class="1005" name="add_ln23_32_reg_2666">
<pin_list>
<pin id="2667" dir="0" index="0" bw="16" slack="1"/>
<pin id="2668" dir="1" index="1" bw="16" slack="1"/>
</pin_list>
<bind>
<opset="add_ln23_32 "/>
</bind>
</comp>

<comp id="2671" class="1005" name="add_ln23_36_reg_2671">
<pin_list>
<pin id="2672" dir="0" index="0" bw="16" slack="1"/>
<pin id="2673" dir="1" index="1" bw="16" slack="1"/>
</pin_list>
<bind>
<opset="add_ln23_36 "/>
</bind>
</comp>

<comp id="2676" class="1005" name="add_ln23_40_reg_2676">
<pin_list>
<pin id="2677" dir="0" index="0" bw="16" slack="1"/>
<pin id="2678" dir="1" index="1" bw="16" slack="1"/>
</pin_list>
<bind>
<opset="add_ln23_40 "/>
</bind>
</comp>

<comp id="2681" class="1005" name="add_ln23_50_reg_2681">
<pin_list>
<pin id="2682" dir="0" index="0" bw="16" slack="2"/>
<pin id="2683" dir="1" index="1" bw="16" slack="2"/>
</pin_list>
<bind>
<opset="add_ln23_50 "/>
</bind>
</comp>

<comp id="2686" class="1005" name="add_ln23_54_reg_2686">
<pin_list>
<pin id="2687" dir="0" index="0" bw="16" slack="2"/>
<pin id="2688" dir="1" index="1" bw="16" slack="2"/>
</pin_list>
<bind>
<opset="add_ln23_54 "/>
</bind>
</comp>

<comp id="2691" class="1005" name="mul_ln23_76_reg_2691">
<pin_list>
<pin id="2692" dir="0" index="0" bw="16" slack="1"/>
<pin id="2693" dir="1" index="1" bw="16" slack="1"/>
</pin_list>
<bind>
<opset="mul_ln23_76 "/>
</bind>
</comp>

<comp id="2696" class="1005" name="mul_ln23_81_reg_2696">
<pin_list>
<pin id="2697" dir="0" index="0" bw="16" slack="1"/>
<pin id="2698" dir="1" index="1" bw="16" slack="1"/>
</pin_list>
<bind>
<opset="mul_ln23_81 "/>
</bind>
</comp>

<comp id="2701" class="1005" name="mul_ln23_86_reg_2701">
<pin_list>
<pin id="2702" dir="0" index="0" bw="16" slack="1"/>
<pin id="2703" dir="1" index="1" bw="16" slack="1"/>
</pin_list>
<bind>
<opset="mul_ln23_86 "/>
</bind>
</comp>

<comp id="2706" class="1005" name="mul_ln23_91_reg_2706">
<pin_list>
<pin id="2707" dir="0" index="0" bw="16" slack="1"/>
<pin id="2708" dir="1" index="1" bw="16" slack="1"/>
</pin_list>
<bind>
<opset="mul_ln23_91 "/>
</bind>
</comp>

<comp id="2711" class="1005" name="sext_ln23_45_reg_2711">
<pin_list>
<pin id="2712" dir="0" index="0" bw="16" slack="1"/>
<pin id="2713" dir="1" index="1" bw="16" slack="1"/>
</pin_list>
<bind>
<opset="sext_ln23_45 "/>
</bind>
</comp>

<comp id="2720" class="1005" name="add_ln23_31_reg_2720">
<pin_list>
<pin id="2721" dir="0" index="0" bw="16" slack="1"/>
<pin id="2722" dir="1" index="1" bw="16" slack="1"/>
</pin_list>
<bind>
<opset="add_ln23_31 "/>
</bind>
</comp>

<comp id="2725" class="1005" name="add_ln23_35_reg_2725">
<pin_list>
<pin id="2726" dir="0" index="0" bw="16" slack="2"/>
<pin id="2727" dir="1" index="1" bw="16" slack="2"/>
</pin_list>
<bind>
<opset="add_ln23_35 "/>
</bind>
</comp>

<comp id="2730" class="1005" name="add_ln23_39_reg_2730">
<pin_list>
<pin id="2731" dir="0" index="0" bw="16" slack="2"/>
<pin id="2732" dir="1" index="1" bw="16" slack="2"/>
</pin_list>
<bind>
<opset="add_ln23_39 "/>
</bind>
</comp>

<comp id="2735" class="1005" name="add_ln23_43_reg_2735">
<pin_list>
<pin id="2736" dir="0" index="0" bw="16" slack="3"/>
<pin id="2737" dir="1" index="1" bw="16" slack="3"/>
</pin_list>
<bind>
<opset="add_ln23_43 "/>
</bind>
</comp>

<comp id="2740" class="1005" name="add_ln23_44_reg_2740">
<pin_list>
<pin id="2741" dir="0" index="0" bw="16" slack="1"/>
<pin id="2742" dir="1" index="1" bw="16" slack="1"/>
</pin_list>
<bind>
<opset="add_ln23_44 "/>
</bind>
</comp>

<comp id="2745" class="1005" name="add_ln23_48_reg_2745">
<pin_list>
<pin id="2746" dir="0" index="0" bw="16" slack="1"/>
<pin id="2747" dir="1" index="1" bw="16" slack="1"/>
</pin_list>
<bind>
<opset="add_ln23_48 "/>
</bind>
</comp>

<comp id="2750" class="1005" name="add_ln23_52_reg_2750">
<pin_list>
<pin id="2751" dir="0" index="0" bw="16" slack="1"/>
<pin id="2752" dir="1" index="1" bw="16" slack="1"/>
</pin_list>
<bind>
<opset="add_ln23_52 "/>
</bind>
</comp>

<comp id="2755" class="1005" name="add_ln23_56_reg_2755">
<pin_list>
<pin id="2756" dir="0" index="0" bw="16" slack="1"/>
<pin id="2757" dir="1" index="1" bw="16" slack="1"/>
</pin_list>
<bind>
<opset="add_ln23_56 "/>
</bind>
</comp>

<comp id="2760" class="1005" name="add_ln23_58_reg_2760">
<pin_list>
<pin id="2761" dir="0" index="0" bw="16" slack="1"/>
<pin id="2762" dir="1" index="1" bw="16" slack="1"/>
</pin_list>
<bind>
<opset="add_ln23_58 "/>
</bind>
</comp>

<comp id="2765" class="1005" name="add_ln23_62_reg_2765">
<pin_list>
<pin id="2766" dir="0" index="0" bw="16" slack="2"/>
<pin id="2767" dir="1" index="1" bw="16" slack="2"/>
</pin_list>
<bind>
<opset="add_ln23_62 "/>
</bind>
</comp>

<comp id="2770" class="1005" name="mul_ln23_96_reg_2770">
<pin_list>
<pin id="2771" dir="0" index="0" bw="16" slack="1"/>
<pin id="2772" dir="1" index="1" bw="16" slack="1"/>
</pin_list>
<bind>
<opset="mul_ln23_96 "/>
</bind>
</comp>

<comp id="2775" class="1005" name="sext_ln23_47_reg_2775">
<pin_list>
<pin id="2776" dir="0" index="0" bw="16" slack="1"/>
<pin id="2777" dir="1" index="1" bw="16" slack="1"/>
</pin_list>
<bind>
<opset="sext_ln23_47 "/>
</bind>
</comp>

<comp id="2784" class="1005" name="mul_ln23_101_reg_2784">
<pin_list>
<pin id="2785" dir="0" index="0" bw="16" slack="1"/>
<pin id="2786" dir="1" index="1" bw="16" slack="1"/>
</pin_list>
<bind>
<opset="mul_ln23_101 "/>
</bind>
</comp>

<comp id="2789" class="1005" name="mul_ln23_106_reg_2789">
<pin_list>
<pin id="2790" dir="0" index="0" bw="16" slack="1"/>
<pin id="2791" dir="1" index="1" bw="16" slack="1"/>
</pin_list>
<bind>
<opset="mul_ln23_106 "/>
</bind>
</comp>

<comp id="2794" class="1005" name="mul_ln23_111_reg_2794">
<pin_list>
<pin id="2795" dir="0" index="0" bw="16" slack="1"/>
<pin id="2796" dir="1" index="1" bw="16" slack="1"/>
</pin_list>
<bind>
<opset="mul_ln23_111 "/>
</bind>
</comp>

<comp id="2799" class="1005" name="add_ln23_47_reg_2799">
<pin_list>
<pin id="2800" dir="0" index="0" bw="16" slack="2"/>
<pin id="2801" dir="1" index="1" bw="16" slack="2"/>
</pin_list>
<bind>
<opset="add_ln23_47 "/>
</bind>
</comp>

<comp id="2804" class="1005" name="add_ln23_51_reg_2804">
<pin_list>
<pin id="2805" dir="0" index="0" bw="16" slack="3"/>
<pin id="2806" dir="1" index="1" bw="16" slack="3"/>
</pin_list>
<bind>
<opset="add_ln23_51 "/>
</bind>
</comp>

<comp id="2809" class="1005" name="add_ln23_55_reg_2809">
<pin_list>
<pin id="2810" dir="0" index="0" bw="16" slack="3"/>
<pin id="2811" dir="1" index="1" bw="16" slack="3"/>
</pin_list>
<bind>
<opset="add_ln23_55 "/>
</bind>
</comp>

<comp id="2814" class="1005" name="add_ln23_59_reg_2814">
<pin_list>
<pin id="2815" dir="0" index="0" bw="16" slack="4"/>
<pin id="2816" dir="1" index="1" bw="16" slack="4"/>
</pin_list>
<bind>
<opset="add_ln23_59 "/>
</bind>
</comp>

<comp id="2819" class="1005" name="add_ln23_60_reg_2819">
<pin_list>
<pin id="2820" dir="0" index="0" bw="16" slack="1"/>
<pin id="2821" dir="1" index="1" bw="16" slack="1"/>
</pin_list>
<bind>
<opset="add_ln23_60 "/>
</bind>
</comp>

<comp id="2824" class="1005" name="add_ln23_64_reg_2824">
<pin_list>
<pin id="2825" dir="0" index="0" bw="16" slack="1"/>
<pin id="2826" dir="1" index="1" bw="16" slack="1"/>
</pin_list>
<bind>
<opset="add_ln23_64 "/>
</bind>
</comp>

<comp id="2829" class="1005" name="add_ln23_66_reg_2829">
<pin_list>
<pin id="2830" dir="0" index="0" bw="16" slack="1"/>
<pin id="2831" dir="1" index="1" bw="16" slack="1"/>
</pin_list>
<bind>
<opset="add_ln23_66 "/>
</bind>
</comp>

<comp id="2834" class="1005" name="add_ln23_68_reg_2834">
<pin_list>
<pin id="2835" dir="0" index="0" bw="16" slack="1"/>
<pin id="2836" dir="1" index="1" bw="16" slack="1"/>
</pin_list>
<bind>
<opset="add_ln23_68 "/>
</bind>
</comp>

<comp id="2839" class="1005" name="add_ln23_70_reg_2839">
<pin_list>
<pin id="2840" dir="0" index="0" bw="16" slack="1"/>
<pin id="2841" dir="1" index="1" bw="16" slack="1"/>
</pin_list>
<bind>
<opset="add_ln23_70 "/>
</bind>
</comp>

<comp id="2844" class="1005" name="add_ln23_72_reg_2844">
<pin_list>
<pin id="2845" dir="0" index="0" bw="16" slack="2"/>
<pin id="2846" dir="1" index="1" bw="16" slack="2"/>
</pin_list>
<bind>
<opset="add_ln23_72 "/>
</bind>
</comp>

<comp id="2849" class="1005" name="mul_ln23_116_reg_2849">
<pin_list>
<pin id="2850" dir="0" index="0" bw="16" slack="1"/>
<pin id="2851" dir="1" index="1" bw="16" slack="1"/>
</pin_list>
<bind>
<opset="mul_ln23_116 "/>
</bind>
</comp>

<comp id="2854" class="1005" name="mul_ln23_121_reg_2854">
<pin_list>
<pin id="2855" dir="0" index="0" bw="16" slack="1"/>
<pin id="2856" dir="1" index="1" bw="16" slack="1"/>
</pin_list>
<bind>
<opset="mul_ln23_121 "/>
</bind>
</comp>

<comp id="2859" class="1005" name="add_ln23_63_reg_2859">
<pin_list>
<pin id="2860" dir="0" index="0" bw="16" slack="3"/>
<pin id="2861" dir="1" index="1" bw="16" slack="3"/>
</pin_list>
<bind>
<opset="add_ln23_63 "/>
</bind>
</comp>

<comp id="2864" class="1005" name="add_ln23_67_reg_2864">
<pin_list>
<pin id="2865" dir="0" index="0" bw="16" slack="4"/>
<pin id="2866" dir="1" index="1" bw="16" slack="4"/>
</pin_list>
<bind>
<opset="add_ln23_67 "/>
</bind>
</comp>

<comp id="2869" class="1005" name="add_ln23_71_reg_2869">
<pin_list>
<pin id="2870" dir="0" index="0" bw="16" slack="4"/>
<pin id="2871" dir="1" index="1" bw="16" slack="4"/>
</pin_list>
<bind>
<opset="add_ln23_71 "/>
</bind>
</comp>

<comp id="2874" class="1005" name="add_ln23_74_reg_2874">
<pin_list>
<pin id="2875" dir="0" index="0" bw="16" slack="1"/>
<pin id="2876" dir="1" index="1" bw="16" slack="1"/>
</pin_list>
<bind>
<opset="add_ln23_74 "/>
</bind>
</comp>

<comp id="2879" class="1005" name="add_ln23_76_reg_2879">
<pin_list>
<pin id="2880" dir="0" index="0" bw="16" slack="1"/>
<pin id="2881" dir="1" index="1" bw="16" slack="1"/>
</pin_list>
<bind>
<opset="add_ln23_76 "/>
</bind>
</comp>

<comp id="2884" class="1005" name="add_ln23_78_reg_2884">
<pin_list>
<pin id="2885" dir="0" index="0" bw="16" slack="1"/>
<pin id="2886" dir="1" index="1" bw="16" slack="1"/>
</pin_list>
<bind>
<opset="add_ln23_78 "/>
</bind>
</comp>

<comp id="2889" class="1005" name="add_ln23_80_reg_2889">
<pin_list>
<pin id="2890" dir="0" index="0" bw="16" slack="2"/>
<pin id="2891" dir="1" index="1" bw="16" slack="2"/>
</pin_list>
<bind>
<opset="add_ln23_80 "/>
</bind>
</comp>

<comp id="2894" class="1005" name="add_ln23_84_reg_2894">
<pin_list>
<pin id="2895" dir="0" index="0" bw="16" slack="2"/>
<pin id="2896" dir="1" index="1" bw="16" slack="2"/>
</pin_list>
<bind>
<opset="add_ln23_84 "/>
</bind>
</comp>

<comp id="2899" class="1005" name="add_ln23_88_reg_2899">
<pin_list>
<pin id="2900" dir="0" index="0" bw="16" slack="2"/>
<pin id="2901" dir="1" index="1" bw="16" slack="2"/>
</pin_list>
<bind>
<opset="add_ln23_88 "/>
</bind>
</comp>

<comp id="2904" class="1005" name="add_ln23_75_reg_2904">
<pin_list>
<pin id="2905" dir="0" index="0" bw="16" slack="4"/>
<pin id="2906" dir="1" index="1" bw="16" slack="4"/>
</pin_list>
<bind>
<opset="add_ln23_75 "/>
</bind>
</comp>

<comp id="2909" class="1005" name="add_ln23_79_reg_2909">
<pin_list>
<pin id="2910" dir="0" index="0" bw="16" slack="4"/>
<pin id="2911" dir="1" index="1" bw="16" slack="4"/>
</pin_list>
<bind>
<opset="add_ln23_79 "/>
</bind>
</comp>

<comp id="2914" class="1005" name="add_ln23_82_reg_2914">
<pin_list>
<pin id="2915" dir="0" index="0" bw="16" slack="1"/>
<pin id="2916" dir="1" index="1" bw="16" slack="1"/>
</pin_list>
<bind>
<opset="add_ln23_82 "/>
</bind>
</comp>

<comp id="2919" class="1005" name="add_ln23_86_reg_2919">
<pin_list>
<pin id="2920" dir="0" index="0" bw="16" slack="1"/>
<pin id="2921" dir="1" index="1" bw="16" slack="1"/>
</pin_list>
<bind>
<opset="add_ln23_86 "/>
</bind>
</comp>

<comp id="2924" class="1005" name="add_ln23_90_reg_2924">
<pin_list>
<pin id="2925" dir="0" index="0" bw="16" slack="1"/>
<pin id="2926" dir="1" index="1" bw="16" slack="1"/>
</pin_list>
<bind>
<opset="add_ln23_90 "/>
</bind>
</comp>

<comp id="2929" class="1005" name="add_ln23_92_reg_2929">
<pin_list>
<pin id="2930" dir="0" index="0" bw="16" slack="1"/>
<pin id="2931" dir="1" index="1" bw="16" slack="1"/>
</pin_list>
<bind>
<opset="add_ln23_92 "/>
</bind>
</comp>

<comp id="2934" class="1005" name="add_ln23_94_reg_2934">
<pin_list>
<pin id="2935" dir="0" index="0" bw="16" slack="1"/>
<pin id="2936" dir="1" index="1" bw="16" slack="1"/>
</pin_list>
<bind>
<opset="add_ln23_94 "/>
</bind>
</comp>

<comp id="2939" class="1005" name="add_ln23_96_reg_2939">
<pin_list>
<pin id="2940" dir="0" index="0" bw="16" slack="2"/>
<pin id="2941" dir="1" index="1" bw="16" slack="2"/>
</pin_list>
<bind>
<opset="add_ln23_96 "/>
</bind>
</comp>

<comp id="2944" class="1005" name="add_ln23_83_reg_2944">
<pin_list>
<pin id="2945" dir="0" index="0" bw="16" slack="4"/>
<pin id="2946" dir="1" index="1" bw="16" slack="4"/>
</pin_list>
<bind>
<opset="add_ln23_83 "/>
</bind>
</comp>

<comp id="2949" class="1005" name="add_ln23_87_reg_2949">
<pin_list>
<pin id="2950" dir="0" index="0" bw="16" slack="4"/>
<pin id="2951" dir="1" index="1" bw="16" slack="4"/>
</pin_list>
<bind>
<opset="add_ln23_87 "/>
</bind>
</comp>

<comp id="2954" class="1005" name="add_ln23_91_reg_2954">
<pin_list>
<pin id="2955" dir="0" index="0" bw="16" slack="5"/>
<pin id="2956" dir="1" index="1" bw="16" slack="5"/>
</pin_list>
<bind>
<opset="add_ln23_91 "/>
</bind>
</comp>

<comp id="2959" class="1005" name="add_ln23_95_reg_2959">
<pin_list>
<pin id="2960" dir="0" index="0" bw="16" slack="5"/>
<pin id="2961" dir="1" index="1" bw="16" slack="5"/>
</pin_list>
<bind>
<opset="add_ln23_95 "/>
</bind>
</comp>

<comp id="2964" class="1005" name="add_ln23_98_reg_2964">
<pin_list>
<pin id="2965" dir="0" index="0" bw="16" slack="1"/>
<pin id="2966" dir="1" index="1" bw="16" slack="1"/>
</pin_list>
<bind>
<opset="add_ln23_98 "/>
</bind>
</comp>

<comp id="2969" class="1005" name="add_ln23_99_reg_2969">
<pin_list>
<pin id="2970" dir="0" index="0" bw="16" slack="5"/>
<pin id="2971" dir="1" index="1" bw="16" slack="5"/>
</pin_list>
<bind>
<opset="add_ln23_99 "/>
</bind>
</comp>

</comp_list>

<net_list>
<net id="91"><net_src comp="0" pin="0"/><net_sink comp="86" pin=0"/></net>

<net id="92"><net_src comp="6" pin="0"/><net_sink comp="86" pin=1"/></net>

<net id="93"><net_src comp="6" pin="0"/><net_sink comp="86" pin=2"/></net>

<net id="103"><net_src comp="86" pin="3"/><net_sink comp="94" pin=2"/></net>

<net id="109"><net_src comp="2" pin="0"/><net_sink comp="104" pin=0"/></net>

<net id="110"><net_src comp="6" pin="0"/><net_sink comp="104" pin=1"/></net>

<net id="111"><net_src comp="6" pin="0"/><net_sink comp="104" pin=2"/></net>

<net id="121"><net_src comp="104" pin="3"/><net_sink comp="112" pin=2"/></net>

<net id="127"><net_src comp="2" pin="0"/><net_sink comp="122" pin=0"/></net>

<net id="128"><net_src comp="6" pin="0"/><net_sink comp="122" pin=1"/></net>

<net id="129"><net_src comp="8" pin="0"/><net_sink comp="122" pin=2"/></net>

<net id="130"><net_src comp="122" pin="3"/><net_sink comp="112" pin=0"/></net>

<net id="136"><net_src comp="0" pin="0"/><net_sink comp="131" pin=0"/></net>

<net id="137"><net_src comp="6" pin="0"/><net_sink comp="131" pin=1"/></net>

<net id="138"><net_src comp="8" pin="0"/><net_sink comp="131" pin=2"/></net>

<net id="139"><net_src comp="131" pin="3"/><net_sink comp="94" pin=0"/></net>

<net id="145"><net_src comp="2" pin="0"/><net_sink comp="140" pin=0"/></net>

<net id="146"><net_src comp="6" pin="0"/><net_sink comp="140" pin=1"/></net>

<net id="147"><net_src comp="20" pin="0"/><net_sink comp="140" pin=2"/></net>

<net id="148"><net_src comp="140" pin="3"/><net_sink comp="112" pin=2"/></net>

<net id="154"><net_src comp="2" pin="0"/><net_sink comp="149" pin=0"/></net>

<net id="155"><net_src comp="6" pin="0"/><net_sink comp="149" pin=1"/></net>

<net id="156"><net_src comp="22" pin="0"/><net_sink comp="149" pin=2"/></net>

<net id="157"><net_src comp="149" pin="3"/><net_sink comp="112" pin=0"/></net>

<net id="163"><net_src comp="0" pin="0"/><net_sink comp="158" pin=0"/></net>

<net id="164"><net_src comp="6" pin="0"/><net_sink comp="158" pin=1"/></net>

<net id="165"><net_src comp="20" pin="0"/><net_sink comp="158" pin=2"/></net>

<net id="166"><net_src comp="158" pin="3"/><net_sink comp="94" pin=2"/></net>

<net id="172"><net_src comp="0" pin="0"/><net_sink comp="167" pin=0"/></net>

<net id="173"><net_src comp="6" pin="0"/><net_sink comp="167" pin=1"/></net>

<net id="174"><net_src comp="22" pin="0"/><net_sink comp="167" pin=2"/></net>

<net id="175"><net_src comp="167" pin="3"/><net_sink comp="94" pin=0"/></net>

<net id="181"><net_src comp="2" pin="0"/><net_sink comp="176" pin=0"/></net>

<net id="182"><net_src comp="6" pin="0"/><net_sink comp="176" pin=1"/></net>

<net id="183"><net_src comp="24" pin="0"/><net_sink comp="176" pin=2"/></net>

<net id="184"><net_src comp="176" pin="3"/><net_sink comp="112" pin=0"/></net>

<net id="190"><net_src comp="0" pin="0"/><net_sink comp="185" pin=0"/></net>

<net id="191"><net_src comp="6" pin="0"/><net_sink comp="185" pin=1"/></net>

<net id="192"><net_src comp="24" pin="0"/><net_sink comp="185" pin=2"/></net>

<net id="193"><net_src comp="185" pin="3"/><net_sink comp="94" pin=0"/></net>

<net id="199"><net_src comp="4" pin="0"/><net_sink comp="194" pin=0"/></net>

<net id="200"><net_src comp="6" pin="0"/><net_sink comp="194" pin=1"/></net>

<net id="201"><net_src comp="6" pin="0"/><net_sink comp="194" pin=2"/></net>

<net id="207"><net_src comp="4" pin="0"/><net_sink comp="202" pin=0"/></net>

<net id="208"><net_src comp="6" pin="0"/><net_sink comp="202" pin=1"/></net>

<net id="209"><net_src comp="8" pin="0"/><net_sink comp="202" pin=2"/></net>

<net id="219"><net_src comp="194" pin="3"/><net_sink comp="210" pin=2"/></net>

<net id="220"><net_src comp="202" pin="3"/><net_sink comp="210" pin=0"/></net>

<net id="226"><net_src comp="4" pin="0"/><net_sink comp="221" pin=0"/></net>

<net id="227"><net_src comp="6" pin="0"/><net_sink comp="221" pin=1"/></net>

<net id="228"><net_src comp="20" pin="0"/><net_sink comp="221" pin=2"/></net>

<net id="234"><net_src comp="4" pin="0"/><net_sink comp="229" pin=0"/></net>

<net id="235"><net_src comp="6" pin="0"/><net_sink comp="229" pin=1"/></net>

<net id="236"><net_src comp="22" pin="0"/><net_sink comp="229" pin=2"/></net>

<net id="237"><net_src comp="221" pin="3"/><net_sink comp="210" pin=0"/></net>

<net id="238"><net_src comp="229" pin="3"/><net_sink comp="210" pin=2"/></net>

<net id="244"><net_src comp="4" pin="0"/><net_sink comp="239" pin=0"/></net>

<net id="245"><net_src comp="6" pin="0"/><net_sink comp="239" pin=1"/></net>

<net id="246"><net_src comp="24" pin="0"/><net_sink comp="239" pin=2"/></net>

<net id="252"><net_src comp="4" pin="0"/><net_sink comp="247" pin=0"/></net>

<net id="253"><net_src comp="6" pin="0"/><net_sink comp="247" pin=1"/></net>

<net id="254"><net_src comp="26" pin="0"/><net_sink comp="247" pin=2"/></net>

<net id="255"><net_src comp="239" pin="3"/><net_sink comp="210" pin=0"/></net>

<net id="256"><net_src comp="247" pin="3"/><net_sink comp="210" pin=2"/></net>

<net id="262"><net_src comp="4" pin="0"/><net_sink comp="257" pin=0"/></net>

<net id="263"><net_src comp="6" pin="0"/><net_sink comp="257" pin=1"/></net>

<net id="264"><net_src comp="28" pin="0"/><net_sink comp="257" pin=2"/></net>

<net id="270"><net_src comp="4" pin="0"/><net_sink comp="265" pin=0"/></net>

<net id="271"><net_src comp="6" pin="0"/><net_sink comp="265" pin=1"/></net>

<net id="272"><net_src comp="30" pin="0"/><net_sink comp="265" pin=2"/></net>

<net id="273"><net_src comp="257" pin="3"/><net_sink comp="210" pin=0"/></net>

<net id="274"><net_src comp="265" pin="3"/><net_sink comp="210" pin=2"/></net>

<net id="280"><net_src comp="4" pin="0"/><net_sink comp="275" pin=0"/></net>

<net id="281"><net_src comp="6" pin="0"/><net_sink comp="275" pin=1"/></net>

<net id="282"><net_src comp="32" pin="0"/><net_sink comp="275" pin=2"/></net>

<net id="288"><net_src comp="4" pin="0"/><net_sink comp="283" pin=0"/></net>

<net id="289"><net_src comp="6" pin="0"/><net_sink comp="283" pin=1"/></net>

<net id="290"><net_src comp="34" pin="0"/><net_sink comp="283" pin=2"/></net>

<net id="291"><net_src comp="275" pin="3"/><net_sink comp="210" pin=0"/></net>

<net id="292"><net_src comp="283" pin="3"/><net_sink comp="210" pin=2"/></net>

<net id="298"><net_src comp="4" pin="0"/><net_sink comp="293" pin=0"/></net>

<net id="299"><net_src comp="6" pin="0"/><net_sink comp="293" pin=1"/></net>

<net id="300"><net_src comp="36" pin="0"/><net_sink comp="293" pin=2"/></net>

<net id="306"><net_src comp="4" pin="0"/><net_sink comp="301" pin=0"/></net>

<net id="307"><net_src comp="6" pin="0"/><net_sink comp="301" pin=1"/></net>

<net id="308"><net_src comp="38" pin="0"/><net_sink comp="301" pin=2"/></net>

<net id="309"><net_src comp="293" pin="3"/><net_sink comp="210" pin=0"/></net>

<net id="310"><net_src comp="301" pin="3"/><net_sink comp="210" pin=2"/></net>

<net id="316"><net_src comp="4" pin="0"/><net_sink comp="311" pin=0"/></net>

<net id="317"><net_src comp="6" pin="0"/><net_sink comp="311" pin=1"/></net>

<net id="318"><net_src comp="40" pin="0"/><net_sink comp="311" pin=2"/></net>

<net id="324"><net_src comp="4" pin="0"/><net_sink comp="319" pin=0"/></net>

<net id="325"><net_src comp="6" pin="0"/><net_sink comp="319" pin=1"/></net>

<net id="326"><net_src comp="42" pin="0"/><net_sink comp="319" pin=2"/></net>

<net id="327"><net_src comp="311" pin="3"/><net_sink comp="210" pin=0"/></net>

<net id="328"><net_src comp="319" pin="3"/><net_sink comp="210" pin=2"/></net>

<net id="334"><net_src comp="4" pin="0"/><net_sink comp="329" pin=0"/></net>

<net id="335"><net_src comp="6" pin="0"/><net_sink comp="329" pin=1"/></net>

<net id="336"><net_src comp="44" pin="0"/><net_sink comp="329" pin=2"/></net>

<net id="342"><net_src comp="4" pin="0"/><net_sink comp="337" pin=0"/></net>

<net id="343"><net_src comp="6" pin="0"/><net_sink comp="337" pin=1"/></net>

<net id="344"><net_src comp="46" pin="0"/><net_sink comp="337" pin=2"/></net>

<net id="345"><net_src comp="329" pin="3"/><net_sink comp="210" pin=0"/></net>

<net id="346"><net_src comp="337" pin="3"/><net_sink comp="210" pin=2"/></net>

<net id="352"><net_src comp="4" pin="0"/><net_sink comp="347" pin=0"/></net>

<net id="353"><net_src comp="6" pin="0"/><net_sink comp="347" pin=1"/></net>

<net id="354"><net_src comp="48" pin="0"/><net_sink comp="347" pin=2"/></net>

<net id="360"><net_src comp="4" pin="0"/><net_sink comp="355" pin=0"/></net>

<net id="361"><net_src comp="6" pin="0"/><net_sink comp="355" pin=1"/></net>

<net id="362"><net_src comp="50" pin="0"/><net_sink comp="355" pin=2"/></net>

<net id="363"><net_src comp="347" pin="3"/><net_sink comp="210" pin=0"/></net>

<net id="364"><net_src comp="355" pin="3"/><net_sink comp="210" pin=2"/></net>

<net id="370"><net_src comp="4" pin="0"/><net_sink comp="365" pin=0"/></net>

<net id="371"><net_src comp="6" pin="0"/><net_sink comp="365" pin=1"/></net>

<net id="372"><net_src comp="52" pin="0"/><net_sink comp="365" pin=2"/></net>

<net id="378"><net_src comp="4" pin="0"/><net_sink comp="373" pin=0"/></net>

<net id="379"><net_src comp="6" pin="0"/><net_sink comp="373" pin=1"/></net>

<net id="380"><net_src comp="54" pin="0"/><net_sink comp="373" pin=2"/></net>

<net id="381"><net_src comp="365" pin="3"/><net_sink comp="210" pin=0"/></net>

<net id="382"><net_src comp="373" pin="3"/><net_sink comp="210" pin=2"/></net>

<net id="388"><net_src comp="4" pin="0"/><net_sink comp="383" pin=0"/></net>

<net id="389"><net_src comp="6" pin="0"/><net_sink comp="383" pin=1"/></net>

<net id="390"><net_src comp="56" pin="0"/><net_sink comp="383" pin=2"/></net>

<net id="396"><net_src comp="4" pin="0"/><net_sink comp="391" pin=0"/></net>

<net id="397"><net_src comp="6" pin="0"/><net_sink comp="391" pin=1"/></net>

<net id="398"><net_src comp="58" pin="0"/><net_sink comp="391" pin=2"/></net>

<net id="399"><net_src comp="383" pin="3"/><net_sink comp="210" pin=0"/></net>

<net id="400"><net_src comp="391" pin="3"/><net_sink comp="210" pin=2"/></net>

<net id="406"><net_src comp="4" pin="0"/><net_sink comp="401" pin=0"/></net>

<net id="407"><net_src comp="6" pin="0"/><net_sink comp="401" pin=1"/></net>

<net id="408"><net_src comp="60" pin="0"/><net_sink comp="401" pin=2"/></net>

<net id="414"><net_src comp="4" pin="0"/><net_sink comp="409" pin=0"/></net>

<net id="415"><net_src comp="6" pin="0"/><net_sink comp="409" pin=1"/></net>

<net id="416"><net_src comp="62" pin="0"/><net_sink comp="409" pin=2"/></net>

<net id="417"><net_src comp="401" pin="3"/><net_sink comp="210" pin=0"/></net>

<net id="418"><net_src comp="409" pin="3"/><net_sink comp="210" pin=2"/></net>

<net id="424"><net_src comp="4" pin="0"/><net_sink comp="419" pin=0"/></net>

<net id="425"><net_src comp="6" pin="0"/><net_sink comp="419" pin=1"/></net>

<net id="426"><net_src comp="64" pin="0"/><net_sink comp="419" pin=2"/></net>

<net id="427"><net_src comp="419" pin="3"/><net_sink comp="210" pin=0"/></net>

<net id="433"><net_src comp="10" pin="0"/><net_sink comp="428" pin=0"/></net>

<net id="434"><net_src comp="94" pin="7"/><net_sink comp="428" pin=1"/></net>

<net id="435"><net_src comp="12" pin="0"/><net_sink comp="428" pin=2"/></net>

<net id="441"><net_src comp="10" pin="0"/><net_sink comp="436" pin=0"/></net>

<net id="442"><net_src comp="112" pin="7"/><net_sink comp="436" pin=1"/></net>

<net id="443"><net_src comp="12" pin="0"/><net_sink comp="436" pin=2"/></net>

<net id="449"><net_src comp="10" pin="0"/><net_sink comp="444" pin=0"/></net>

<net id="450"><net_src comp="94" pin="7"/><net_sink comp="444" pin=1"/></net>

<net id="451"><net_src comp="14" pin="0"/><net_sink comp="444" pin=2"/></net>

<net id="457"><net_src comp="10" pin="0"/><net_sink comp="452" pin=0"/></net>

<net id="458"><net_src comp="112" pin="7"/><net_sink comp="452" pin=1"/></net>

<net id="459"><net_src comp="14" pin="0"/><net_sink comp="452" pin=2"/></net>

<net id="465"><net_src comp="10" pin="0"/><net_sink comp="460" pin=0"/></net>

<net id="466"><net_src comp="94" pin="7"/><net_sink comp="460" pin=1"/></net>

<net id="467"><net_src comp="16" pin="0"/><net_sink comp="460" pin=2"/></net>

<net id="473"><net_src comp="10" pin="0"/><net_sink comp="468" pin=0"/></net>

<net id="474"><net_src comp="112" pin="7"/><net_sink comp="468" pin=1"/></net>

<net id="475"><net_src comp="16" pin="0"/><net_sink comp="468" pin=2"/></net>

<net id="481"><net_src comp="10" pin="0"/><net_sink comp="476" pin=0"/></net>

<net id="482"><net_src comp="94" pin="7"/><net_sink comp="476" pin=1"/></net>

<net id="483"><net_src comp="18" pin="0"/><net_sink comp="476" pin=2"/></net>

<net id="489"><net_src comp="10" pin="0"/><net_sink comp="484" pin=0"/></net>

<net id="490"><net_src comp="112" pin="7"/><net_sink comp="484" pin=1"/></net>

<net id="491"><net_src comp="18" pin="0"/><net_sink comp="484" pin=2"/></net>

<net id="497"><net_src comp="10" pin="0"/><net_sink comp="492" pin=0"/></net>

<net id="498"><net_src comp="112" pin="3"/><net_sink comp="492" pin=1"/></net>

<net id="499"><net_src comp="12" pin="0"/><net_sink comp="492" pin=2"/></net>

<net id="505"><net_src comp="10" pin="0"/><net_sink comp="500" pin=0"/></net>

<net id="506"><net_src comp="112" pin="3"/><net_sink comp="500" pin=1"/></net>

<net id="507"><net_src comp="14" pin="0"/><net_sink comp="500" pin=2"/></net>

<net id="513"><net_src comp="10" pin="0"/><net_sink comp="508" pin=0"/></net>

<net id="514"><net_src comp="112" pin="3"/><net_sink comp="508" pin=1"/></net>

<net id="515"><net_src comp="16" pin="0"/><net_sink comp="508" pin=2"/></net>

<net id="521"><net_src comp="10" pin="0"/><net_sink comp="516" pin=0"/></net>

<net id="522"><net_src comp="112" pin="3"/><net_sink comp="516" pin=1"/></net>

<net id="523"><net_src comp="18" pin="0"/><net_sink comp="516" pin=2"/></net>

<net id="529"><net_src comp="10" pin="0"/><net_sink comp="524" pin=0"/></net>

<net id="530"><net_src comp="94" pin="3"/><net_sink comp="524" pin=1"/></net>

<net id="531"><net_src comp="12" pin="0"/><net_sink comp="524" pin=2"/></net>

<net id="537"><net_src comp="10" pin="0"/><net_sink comp="532" pin=0"/></net>

<net id="538"><net_src comp="94" pin="3"/><net_sink comp="532" pin=1"/></net>

<net id="539"><net_src comp="14" pin="0"/><net_sink comp="532" pin=2"/></net>

<net id="545"><net_src comp="10" pin="0"/><net_sink comp="540" pin=0"/></net>

<net id="546"><net_src comp="94" pin="3"/><net_sink comp="540" pin=1"/></net>

<net id="547"><net_src comp="16" pin="0"/><net_sink comp="540" pin=2"/></net>

<net id="553"><net_src comp="10" pin="0"/><net_sink comp="548" pin=0"/></net>

<net id="554"><net_src comp="94" pin="3"/><net_sink comp="548" pin=1"/></net>

<net id="555"><net_src comp="18" pin="0"/><net_sink comp="548" pin=2"/></net>

<net id="559"><net_src comp="94" pin="7"/><net_sink comp="556" pin=0"/></net>

<net id="563"><net_src comp="112" pin="7"/><net_sink comp="560" pin=0"/></net>

<net id="567"><net_src comp="460" pin="3"/><net_sink comp="564" pin=0"/></net>

<net id="571"><net_src comp="468" pin="3"/><net_sink comp="568" pin=0"/></net>

<net id="576"><net_src comp="568" pin="1"/><net_sink comp="572" pin=0"/></net>

<net id="577"><net_src comp="564" pin="1"/><net_sink comp="572" pin=1"/></net>

<net id="581"><net_src comp="112" pin="3"/><net_sink comp="578" pin=0"/></net>

<net id="585"><net_src comp="508" pin="3"/><net_sink comp="582" pin=0"/></net>

<net id="590"><net_src comp="582" pin="1"/><net_sink comp="586" pin=0"/></net>

<net id="591"><net_src comp="564" pin="1"/><net_sink comp="586" pin=1"/></net>

<net id="595"><net_src comp="94" pin="3"/><net_sink comp="592" pin=0"/></net>

<net id="599"><net_src comp="540" pin="3"/><net_sink comp="596" pin=0"/></net>

<net id="604"><net_src comp="596" pin="1"/><net_sink comp="600" pin=0"/></net>

<net id="605"><net_src comp="568" pin="1"/><net_sink comp="600" pin=1"/></net>

<net id="610"><net_src comp="596" pin="1"/><net_sink comp="606" pin=0"/></net>

<net id="611"><net_src comp="582" pin="1"/><net_sink comp="606" pin=1"/></net>

<net id="615"><net_src comp="112" pin="7"/><net_sink comp="612" pin=0"/></net>

<net id="619"><net_src comp="468" pin="3"/><net_sink comp="616" pin=0"/></net>

<net id="624"><net_src comp="616" pin="1"/><net_sink comp="620" pin=0"/></net>

<net id="628"><net_src comp="112" pin="3"/><net_sink comp="625" pin=0"/></net>

<net id="632"><net_src comp="508" pin="3"/><net_sink comp="629" pin=0"/></net>

<net id="637"><net_src comp="629" pin="1"/><net_sink comp="633" pin=0"/></net>

<net id="642"><net_src comp="616" pin="1"/><net_sink comp="638" pin=1"/></net>

<net id="647"><net_src comp="629" pin="1"/><net_sink comp="643" pin=1"/></net>

<net id="651"><net_src comp="94" pin="7"/><net_sink comp="648" pin=0"/></net>

<net id="655"><net_src comp="94" pin="3"/><net_sink comp="652" pin=0"/></net>

<net id="659"><net_src comp="112" pin="3"/><net_sink comp="656" pin=0"/></net>

<net id="663"><net_src comp="508" pin="3"/><net_sink comp="660" pin=0"/></net>

<net id="668"><net_src comp="660" pin="1"/><net_sink comp="664" pin=0"/></net>

<net id="673"><net_src comp="660" pin="1"/><net_sink comp="669" pin=1"/></net>

<net id="681"><net_src comp="674" pin="1"/><net_sink comp="677" pin=0"/></net>

<net id="686"><net_src comp="674" pin="1"/><net_sink comp="682" pin=0"/></net>

<net id="690"><net_src comp="94" pin="3"/><net_sink comp="687" pin=0"/></net>

<net id="722"><net_src comp="715" pin="1"/><net_sink comp="718" pin=0"/></net>

<net id="767"><net_src comp="760" pin="1"/><net_sink comp="763" pin=0"/></net>

<net id="772"><net_src comp="760" pin="1"/><net_sink comp="768" pin=0"/></net>

<net id="777"><net_src comp="760" pin="1"/><net_sink comp="773" pin=0"/></net>

<net id="782"><net_src comp="760" pin="1"/><net_sink comp="778" pin=0"/></net>

<net id="793"><net_src comp="786" pin="1"/><net_sink comp="789" pin=0"/></net>

<net id="794"><net_src comp="783" pin="1"/><net_sink comp="789" pin=1"/></net>

<net id="802"><net_src comp="795" pin="1"/><net_sink comp="798" pin=0"/></net>

<net id="803"><net_src comp="783" pin="1"/><net_sink comp="798" pin=1"/></net>

<net id="814"><net_src comp="804" pin="1"/><net_sink comp="810" pin=0"/></net>

<net id="815"><net_src comp="783" pin="1"/><net_sink comp="810" pin=1"/></net>

<net id="833"><net_src comp="826" pin="1"/><net_sink comp="829" pin=0"/></net>

<net id="844"><net_src comp="834" pin="1"/><net_sink comp="840" pin=0"/></net>

<net id="855"><net_src comp="845" pin="1"/><net_sink comp="851" pin=0"/></net>

<net id="860"><net_src comp="845" pin="1"/><net_sink comp="856" pin=0"/></net>

<net id="880"><net_src comp="873" pin="1"/><net_sink comp="876" pin=0"/></net>

<net id="931"><net_src comp="924" pin="1"/><net_sink comp="927" pin=0"/></net>

<net id="936"><net_src comp="924" pin="1"/><net_sink comp="932" pin=0"/></net>

<net id="941"><net_src comp="924" pin="1"/><net_sink comp="937" pin=0"/></net>

<net id="946"><net_src comp="924" pin="1"/><net_sink comp="942" pin=0"/></net>

<net id="961"><net_src comp="954" pin="1"/><net_sink comp="957" pin=0"/></net>

<net id="966"><net_src comp="954" pin="1"/><net_sink comp="962" pin=0"/></net>

<net id="971"><net_src comp="954" pin="1"/><net_sink comp="967" pin=0"/></net>

<net id="987"><net_src comp="983" pin="2"/><net_sink comp="210" pin=4"/></net>

<net id="992"><net_src comp="988" pin="2"/><net_sink comp="210" pin=1"/></net>

<net id="1004"><net_src comp="1000" pin="2"/><net_sink comp="210" pin=4"/></net>

<net id="1100"><net_src comp="694" pin="1"/><net_sink comp="1095" pin=0"/></net>

<net id="1101"><net_src comp="691" pin="1"/><net_sink comp="1095" pin=1"/></net>

<net id="1107"><net_src comp="697" pin="1"/><net_sink comp="1102" pin=0"/></net>

<net id="1108"><net_src comp="691" pin="1"/><net_sink comp="1102" pin=1"/></net>

<net id="1114"><net_src comp="700" pin="1"/><net_sink comp="1109" pin=0"/></net>

<net id="1115"><net_src comp="694" pin="1"/><net_sink comp="1109" pin=1"/></net>

<net id="1121"><net_src comp="700" pin="1"/><net_sink comp="1116" pin=0"/></net>

<net id="1122"><net_src comp="697" pin="1"/><net_sink comp="1116" pin=1"/></net>

<net id="1128"><net_src comp="723" pin="1"/><net_sink comp="1123" pin=0"/></net>

<net id="1134"><net_src comp="726" pin="1"/><net_sink comp="1129" pin=0"/></net>

<net id="1140"><net_src comp="723" pin="1"/><net_sink comp="1135" pin=1"/></net>

<net id="1146"><net_src comp="726" pin="1"/><net_sink comp="1141" pin=1"/></net>

<net id="1152"><net_src comp="748" pin="1"/><net_sink comp="1147" pin=0"/></net>

<net id="1153"><net_src comp="745" pin="1"/><net_sink comp="1147" pin=1"/></net>

<net id="1159"><net_src comp="751" pin="1"/><net_sink comp="1154" pin=0"/></net>

<net id="1160"><net_src comp="745" pin="1"/><net_sink comp="1154" pin=1"/></net>

<net id="1166"><net_src comp="754" pin="1"/><net_sink comp="1161" pin=0"/></net>

<net id="1172"><net_src comp="754" pin="1"/><net_sink comp="1167" pin=1"/></net>

<net id="1178"><net_src comp="757" pin="1"/><net_sink comp="1173" pin=0"/></net>

<net id="1184"><net_src comp="757" pin="1"/><net_sink comp="1179" pin=0"/></net>

<net id="1190"><net_src comp="807" pin="1"/><net_sink comp="1185" pin=0"/></net>

<net id="1196"><net_src comp="816" pin="1"/><net_sink comp="1191" pin=0"/></net>

<net id="1217"><net_src comp="819" pin="1"/><net_sink comp="1212" pin=0"/></net>

<net id="1223"><net_src comp="837" pin="1"/><net_sink comp="1218" pin=0"/></net>

<net id="1229"><net_src comp="848" pin="1"/><net_sink comp="1224" pin=0"/></net>

<net id="1265"><net_src comp="881" pin="1"/><net_sink comp="1260" pin=0"/></net>

<net id="1271"><net_src comp="881" pin="1"/><net_sink comp="1266" pin=0"/></net>

<net id="1277"><net_src comp="881" pin="1"/><net_sink comp="1272" pin=0"/></net>

<net id="1283"><net_src comp="881" pin="1"/><net_sink comp="1278" pin=0"/></net>

<net id="1289"><net_src comp="887" pin="1"/><net_sink comp="1284" pin=0"/></net>

<net id="1290"><net_src comp="884" pin="1"/><net_sink comp="1284" pin=1"/></net>

<net id="1296"><net_src comp="890" pin="1"/><net_sink comp="1291" pin=0"/></net>

<net id="1297"><net_src comp="884" pin="1"/><net_sink comp="1291" pin=1"/></net>

<net id="1303"><net_src comp="893" pin="1"/><net_sink comp="1298" pin=0"/></net>

<net id="1304"><net_src comp="884" pin="1"/><net_sink comp="1298" pin=1"/></net>

<net id="1325"><net_src comp="912" pin="1"/><net_sink comp="1320" pin=0"/></net>

<net id="1331"><net_src comp="915" pin="1"/><net_sink comp="1326" pin=0"/></net>

<net id="1337"><net_src comp="918" pin="1"/><net_sink comp="1332" pin=0"/></net>

<net id="1343"><net_src comp="918" pin="1"/><net_sink comp="1338" pin=0"/></net>

<net id="1349"><net_src comp="921" pin="1"/><net_sink comp="1344" pin=0"/></net>

<net id="1355"><net_src comp="921" pin="1"/><net_sink comp="1350" pin=0"/></net>

<net id="1376"><net_src comp="947" pin="1"/><net_sink comp="1371" pin=0"/></net>

<net id="1417"><net_src comp="972" pin="1"/><net_sink comp="1412" pin=0"/></net>

<net id="1423"><net_src comp="997" pin="1"/><net_sink comp="1418" pin=0"/></net>

<net id="1429"><net_src comp="997" pin="1"/><net_sink comp="1424" pin=0"/></net>

<net id="1440"><net_src comp="997" pin="1"/><net_sink comp="1435" pin=0"/></net>

<net id="1451"><net_src comp="997" pin="1"/><net_sink comp="1446" pin=0"/></net>

<net id="1472"><net_src comp="1017" pin="1"/><net_sink comp="1467" pin=0"/></net>

<net id="1478"><net_src comp="1017" pin="1"/><net_sink comp="1473" pin=0"/></net>

<net id="1484"><net_src comp="1017" pin="1"/><net_sink comp="1479" pin=0"/></net>

<net id="1490"><net_src comp="1036" pin="1"/><net_sink comp="1485" pin=0"/></net>

<net id="1496"><net_src comp="1036" pin="1"/><net_sink comp="1491" pin=0"/></net>

<net id="1502"><net_src comp="1036" pin="1"/><net_sink comp="1497" pin=0"/></net>

<net id="1513"><net_src comp="1036" pin="1"/><net_sink comp="1508" pin=0"/></net>

<net id="1527"><net_src comp="86" pin="3"/><net_sink comp="1524" pin=0"/></net>

<net id="1528"><net_src comp="1524" pin="1"/><net_sink comp="94" pin=2"/></net>

<net id="1532"><net_src comp="104" pin="3"/><net_sink comp="1529" pin=0"/></net>

<net id="1533"><net_src comp="1529" pin="1"/><net_sink comp="112" pin=2"/></net>

<net id="1537"><net_src comp="122" pin="3"/><net_sink comp="1534" pin=0"/></net>

<net id="1538"><net_src comp="1534" pin="1"/><net_sink comp="112" pin=0"/></net>

<net id="1542"><net_src comp="131" pin="3"/><net_sink comp="1539" pin=0"/></net>

<net id="1543"><net_src comp="1539" pin="1"/><net_sink comp="94" pin=0"/></net>

<net id="1547"><net_src comp="556" pin="1"/><net_sink comp="1544" pin=0"/></net>

<net id="1548"><net_src comp="1544" pin="1"/><net_sink comp="884" pin=0"/></net>

<net id="1552"><net_src comp="560" pin="1"/><net_sink comp="1549" pin=0"/></net>

<net id="1553"><net_src comp="1549" pin="1"/><net_sink comp="887" pin=0"/></net>

<net id="1557"><net_src comp="428" pin="3"/><net_sink comp="1554" pin=0"/></net>

<net id="1558"><net_src comp="1554" pin="1"/><net_sink comp="783" pin=0"/></net>

<net id="1562"><net_src comp="436" pin="3"/><net_sink comp="1559" pin=0"/></net>

<net id="1563"><net_src comp="1559" pin="1"/><net_sink comp="786" pin=0"/></net>

<net id="1567"><net_src comp="444" pin="3"/><net_sink comp="1564" pin=0"/></net>

<net id="1568"><net_src comp="1564" pin="1"/><net_sink comp="745" pin=0"/></net>

<net id="1572"><net_src comp="452" pin="3"/><net_sink comp="1569" pin=0"/></net>

<net id="1573"><net_src comp="1569" pin="1"/><net_sink comp="748" pin=0"/></net>

<net id="1577"><net_src comp="564" pin="1"/><net_sink comp="1574" pin=0"/></net>

<net id="1578"><net_src comp="1574" pin="1"/><net_sink comp="572" pin=1"/></net>

<net id="1579"><net_src comp="1574" pin="1"/><net_sink comp="586" pin=1"/></net>

<net id="1580"><net_src comp="1574" pin="1"/><net_sink comp="620" pin=1"/></net>

<net id="1581"><net_src comp="1574" pin="1"/><net_sink comp="633" pin=1"/></net>

<net id="1582"><net_src comp="1574" pin="1"/><net_sink comp="664" pin=1"/></net>

<net id="1586"><net_src comp="568" pin="1"/><net_sink comp="1583" pin=0"/></net>

<net id="1587"><net_src comp="1583" pin="1"/><net_sink comp="572" pin=0"/></net>

<net id="1588"><net_src comp="1583" pin="1"/><net_sink comp="600" pin=1"/></net>

<net id="1589"><net_src comp="1583" pin="1"/><net_sink comp="677" pin=1"/></net>

<net id="1590"><net_src comp="1583" pin="1"/><net_sink comp="718" pin=1"/></net>

<net id="1591"><net_src comp="1583" pin="1"/><net_sink comp="763" pin=1"/></net>

<net id="1595"><net_src comp="476" pin="3"/><net_sink comp="1592" pin=0"/></net>

<net id="1596"><net_src comp="1592" pin="1"/><net_sink comp="691" pin=0"/></net>

<net id="1600"><net_src comp="484" pin="3"/><net_sink comp="1597" pin=0"/></net>

<net id="1601"><net_src comp="1597" pin="1"/><net_sink comp="694" pin=0"/></net>

<net id="1605"><net_src comp="578" pin="1"/><net_sink comp="1602" pin=0"/></net>

<net id="1606"><net_src comp="1602" pin="1"/><net_sink comp="890" pin=0"/></net>

<net id="1610"><net_src comp="492" pin="3"/><net_sink comp="1607" pin=0"/></net>

<net id="1611"><net_src comp="1607" pin="1"/><net_sink comp="795" pin=0"/></net>

<net id="1615"><net_src comp="500" pin="3"/><net_sink comp="1612" pin=0"/></net>

<net id="1616"><net_src comp="1612" pin="1"/><net_sink comp="751" pin=0"/></net>

<net id="1620"><net_src comp="582" pin="1"/><net_sink comp="1617" pin=0"/></net>

<net id="1621"><net_src comp="1617" pin="1"/><net_sink comp="586" pin=0"/></net>

<net id="1622"><net_src comp="1617" pin="1"/><net_sink comp="606" pin=1"/></net>

<net id="1623"><net_src comp="1617" pin="1"/><net_sink comp="682" pin=1"/></net>

<net id="1624"><net_src comp="1617" pin="1"/><net_sink comp="729" pin=1"/></net>

<net id="1625"><net_src comp="1617" pin="1"/><net_sink comp="768" pin=1"/></net>

<net id="1629"><net_src comp="516" pin="3"/><net_sink comp="1626" pin=0"/></net>

<net id="1630"><net_src comp="1626" pin="1"/><net_sink comp="697" pin=0"/></net>

<net id="1634"><net_src comp="140" pin="3"/><net_sink comp="1631" pin=0"/></net>

<net id="1635"><net_src comp="1631" pin="1"/><net_sink comp="112" pin=2"/></net>

<net id="1639"><net_src comp="149" pin="3"/><net_sink comp="1636" pin=0"/></net>

<net id="1640"><net_src comp="1636" pin="1"/><net_sink comp="112" pin=0"/></net>

<net id="1644"><net_src comp="592" pin="1"/><net_sink comp="1641" pin=0"/></net>

<net id="1645"><net_src comp="1641" pin="1"/><net_sink comp="918" pin=0"/></net>

<net id="1649"><net_src comp="524" pin="3"/><net_sink comp="1646" pin=0"/></net>

<net id="1650"><net_src comp="1646" pin="1"/><net_sink comp="845" pin=0"/></net>

<net id="1654"><net_src comp="532" pin="3"/><net_sink comp="1651" pin=0"/></net>

<net id="1655"><net_src comp="1651" pin="1"/><net_sink comp="848" pin=0"/></net>

<net id="1659"><net_src comp="596" pin="1"/><net_sink comp="1656" pin=0"/></net>

<net id="1660"><net_src comp="1656" pin="1"/><net_sink comp="600" pin=0"/></net>

<net id="1661"><net_src comp="1656" pin="1"/><net_sink comp="606" pin=0"/></net>

<net id="1662"><net_src comp="1656" pin="1"/><net_sink comp="638" pin=0"/></net>

<net id="1663"><net_src comp="1656" pin="1"/><net_sink comp="643" pin=0"/></net>

<net id="1664"><net_src comp="1656" pin="1"/><net_sink comp="669" pin=0"/></net>

<net id="1668"><net_src comp="548" pin="3"/><net_sink comp="1665" pin=0"/></net>

<net id="1669"><net_src comp="1665" pin="1"/><net_sink comp="700" pin=0"/></net>

<net id="1673"><net_src comp="158" pin="3"/><net_sink comp="1670" pin=0"/></net>

<net id="1674"><net_src comp="1670" pin="1"/><net_sink comp="94" pin=2"/></net>

<net id="1678"><net_src comp="167" pin="3"/><net_sink comp="1675" pin=0"/></net>

<net id="1679"><net_src comp="1675" pin="1"/><net_sink comp="94" pin=0"/></net>

<net id="1683"><net_src comp="612" pin="1"/><net_sink comp="1680" pin=0"/></net>

<net id="1684"><net_src comp="1680" pin="1"/><net_sink comp="893" pin=0"/></net>

<net id="1688"><net_src comp="436" pin="3"/><net_sink comp="1685" pin=0"/></net>

<net id="1689"><net_src comp="1685" pin="1"/><net_sink comp="804" pin=0"/></net>

<net id="1693"><net_src comp="452" pin="3"/><net_sink comp="1690" pin=0"/></net>

<net id="1694"><net_src comp="1690" pin="1"/><net_sink comp="807" pin=0"/></net>

<net id="1698"><net_src comp="616" pin="1"/><net_sink comp="1695" pin=0"/></net>

<net id="1699"><net_src comp="1695" pin="1"/><net_sink comp="620" pin=0"/></net>

<net id="1700"><net_src comp="1695" pin="1"/><net_sink comp="638" pin=1"/></net>

<net id="1701"><net_src comp="1695" pin="1"/><net_sink comp="703" pin=1"/></net>

<net id="1702"><net_src comp="1695" pin="1"/><net_sink comp="733" pin=1"/></net>

<net id="1703"><net_src comp="1695" pin="1"/><net_sink comp="773" pin=1"/></net>

<net id="1707"><net_src comp="484" pin="3"/><net_sink comp="1704" pin=0"/></net>

<net id="1708"><net_src comp="1704" pin="1"/><net_sink comp="723" pin=0"/></net>

<net id="1712"><net_src comp="625" pin="1"/><net_sink comp="1709" pin=0"/></net>

<net id="1713"><net_src comp="1709" pin="1"/><net_sink comp="912" pin=0"/></net>

<net id="1717"><net_src comp="492" pin="3"/><net_sink comp="1714" pin=0"/></net>

<net id="1718"><net_src comp="1714" pin="1"/><net_sink comp="826" pin=0"/></net>

<net id="1722"><net_src comp="500" pin="3"/><net_sink comp="1719" pin=0"/></net>

<net id="1723"><net_src comp="1719" pin="1"/><net_sink comp="816" pin=0"/></net>

<net id="1727"><net_src comp="629" pin="1"/><net_sink comp="1724" pin=0"/></net>

<net id="1728"><net_src comp="1724" pin="1"/><net_sink comp="633" pin=0"/></net>

<net id="1729"><net_src comp="1724" pin="1"/><net_sink comp="643" pin=1"/></net>

<net id="1730"><net_src comp="1724" pin="1"/><net_sink comp="707" pin=1"/></net>

<net id="1731"><net_src comp="1724" pin="1"/><net_sink comp="737" pin=1"/></net>

<net id="1732"><net_src comp="1724" pin="1"/><net_sink comp="778" pin=1"/></net>

<net id="1736"><net_src comp="516" pin="3"/><net_sink comp="1733" pin=0"/></net>

<net id="1737"><net_src comp="1733" pin="1"/><net_sink comp="726" pin=0"/></net>

<net id="1741"><net_src comp="176" pin="3"/><net_sink comp="1738" pin=0"/></net>

<net id="1742"><net_src comp="1738" pin="1"/><net_sink comp="112" pin=0"/></net>

<net id="1746"><net_src comp="648" pin="1"/><net_sink comp="1743" pin=0"/></net>

<net id="1747"><net_src comp="1743" pin="1"/><net_sink comp="947" pin=0"/></net>

<net id="1751"><net_src comp="428" pin="3"/><net_sink comp="1748" pin=0"/></net>

<net id="1752"><net_src comp="1748" pin="1"/><net_sink comp="873" pin=0"/></net>

<net id="1756"><net_src comp="444" pin="3"/><net_sink comp="1753" pin=0"/></net>

<net id="1757"><net_src comp="1753" pin="1"/><net_sink comp="921" pin=0"/></net>

<net id="1761"><net_src comp="460" pin="3"/><net_sink comp="1758" pin=0"/></net>

<net id="1762"><net_src comp="1758" pin="1"/><net_sink comp="674" pin=0"/></net>

<net id="1766"><net_src comp="476" pin="3"/><net_sink comp="1763" pin=0"/></net>

<net id="1767"><net_src comp="1763" pin="1"/><net_sink comp="757" pin=0"/></net>

<net id="1771"><net_src comp="652" pin="1"/><net_sink comp="1768" pin=0"/></net>

<net id="1772"><net_src comp="1768" pin="1"/><net_sink comp="997" pin=0"/></net>

<net id="1776"><net_src comp="524" pin="3"/><net_sink comp="1773" pin=0"/></net>

<net id="1777"><net_src comp="1773" pin="1"/><net_sink comp="924" pin=0"/></net>

<net id="1781"><net_src comp="532" pin="3"/><net_sink comp="1778" pin=0"/></net>

<net id="1782"><net_src comp="1778" pin="1"/><net_sink comp="972" pin=0"/></net>

<net id="1786"><net_src comp="540" pin="3"/><net_sink comp="1783" pin=0"/></net>

<net id="1787"><net_src comp="1783" pin="1"/><net_sink comp="715" pin=0"/></net>

<net id="1791"><net_src comp="548" pin="3"/><net_sink comp="1788" pin=0"/></net>

<net id="1792"><net_src comp="1788" pin="1"/><net_sink comp="819" pin=0"/></net>

<net id="1796"><net_src comp="185" pin="3"/><net_sink comp="1793" pin=0"/></net>

<net id="1797"><net_src comp="1793" pin="1"/><net_sink comp="94" pin=0"/></net>

<net id="1801"><net_src comp="656" pin="1"/><net_sink comp="1798" pin=0"/></net>

<net id="1802"><net_src comp="1798" pin="1"/><net_sink comp="915" pin=0"/></net>

<net id="1806"><net_src comp="492" pin="3"/><net_sink comp="1803" pin=0"/></net>

<net id="1807"><net_src comp="1803" pin="1"/><net_sink comp="834" pin=0"/></net>

<net id="1811"><net_src comp="500" pin="3"/><net_sink comp="1808" pin=0"/></net>

<net id="1812"><net_src comp="1808" pin="1"/><net_sink comp="837" pin=0"/></net>

<net id="1816"><net_src comp="660" pin="1"/><net_sink comp="1813" pin=0"/></net>

<net id="1817"><net_src comp="1813" pin="1"/><net_sink comp="664" pin=0"/></net>

<net id="1818"><net_src comp="1813" pin="1"/><net_sink comp="669" pin=1"/></net>

<net id="1819"><net_src comp="1813" pin="1"/><net_sink comp="711" pin=1"/></net>

<net id="1820"><net_src comp="1813" pin="1"/><net_sink comp="741" pin=1"/></net>

<net id="1821"><net_src comp="1813" pin="1"/><net_sink comp="822" pin=1"/></net>

<net id="1825"><net_src comp="516" pin="3"/><net_sink comp="1822" pin=0"/></net>

<net id="1826"><net_src comp="1822" pin="1"/><net_sink comp="754" pin=0"/></net>

<net id="1830"><net_src comp="674" pin="1"/><net_sink comp="1827" pin=0"/></net>

<net id="1831"><net_src comp="1827" pin="1"/><net_sink comp="677" pin=0"/></net>

<net id="1832"><net_src comp="1827" pin="1"/><net_sink comp="682" pin=0"/></net>

<net id="1833"><net_src comp="1827" pin="1"/><net_sink comp="703" pin=0"/></net>

<net id="1834"><net_src comp="1827" pin="1"/><net_sink comp="707" pin=0"/></net>

<net id="1835"><net_src comp="1827" pin="1"/><net_sink comp="711" pin=0"/></net>

<net id="1839"><net_src comp="687" pin="1"/><net_sink comp="1836" pin=0"/></net>

<net id="1840"><net_src comp="1836" pin="1"/><net_sink comp="1017" pin=0"/></net>

<net id="1844"><net_src comp="524" pin="3"/><net_sink comp="1841" pin=0"/></net>

<net id="1845"><net_src comp="1841" pin="1"/><net_sink comp="954" pin=0"/></net>

<net id="1849"><net_src comp="532" pin="3"/><net_sink comp="1846" pin=0"/></net>

<net id="1850"><net_src comp="1846" pin="1"/><net_sink comp="1036" pin=0"/></net>

<net id="1854"><net_src comp="540" pin="3"/><net_sink comp="1851" pin=0"/></net>

<net id="1855"><net_src comp="1851" pin="1"/><net_sink comp="760" pin=0"/></net>

<net id="1859"><net_src comp="548" pin="3"/><net_sink comp="1856" pin=0"/></net>

<net id="1860"><net_src comp="1856" pin="1"/><net_sink comp="881" pin=0"/></net>

<net id="1864"><net_src comp="691" pin="1"/><net_sink comp="1861" pin=0"/></net>

<net id="1865"><net_src comp="1861" pin="1"/><net_sink comp="1095" pin=1"/></net>

<net id="1866"><net_src comp="1861" pin="1"/><net_sink comp="1102" pin=1"/></net>

<net id="1867"><net_src comp="1861" pin="1"/><net_sink comp="1123" pin=1"/></net>

<net id="1868"><net_src comp="1861" pin="1"/><net_sink comp="1129" pin=1"/></net>

<net id="1869"><net_src comp="1861" pin="1"/><net_sink comp="1161" pin=1"/></net>

<net id="1873"><net_src comp="694" pin="1"/><net_sink comp="1870" pin=0"/></net>

<net id="1874"><net_src comp="1870" pin="1"/><net_sink comp="1095" pin=0"/></net>

<net id="1875"><net_src comp="1870" pin="1"/><net_sink comp="1109" pin=1"/></net>

<net id="1876"><net_src comp="1870" pin="1"/><net_sink comp="1173" pin=1"/></net>

<net id="1877"><net_src comp="1870" pin="1"/><net_sink comp="1212" pin=1"/></net>

<net id="1878"><net_src comp="1870" pin="1"/><net_sink comp="1260" pin=1"/></net>

<net id="1882"><net_src comp="697" pin="1"/><net_sink comp="1879" pin=0"/></net>

<net id="1883"><net_src comp="1879" pin="1"/><net_sink comp="1102" pin=0"/></net>

<net id="1884"><net_src comp="1879" pin="1"/><net_sink comp="1116" pin=1"/></net>

<net id="1885"><net_src comp="1879" pin="1"/><net_sink comp="1179" pin=1"/></net>

<net id="1886"><net_src comp="1879" pin="1"/><net_sink comp="1230" pin=1"/></net>

<net id="1887"><net_src comp="1879" pin="1"/><net_sink comp="1266" pin=1"/></net>

<net id="1891"><net_src comp="700" pin="1"/><net_sink comp="1888" pin=0"/></net>

<net id="1892"><net_src comp="1888" pin="1"/><net_sink comp="1109" pin=0"/></net>

<net id="1893"><net_src comp="1888" pin="1"/><net_sink comp="1116" pin=0"/></net>

<net id="1894"><net_src comp="1888" pin="1"/><net_sink comp="1135" pin=0"/></net>

<net id="1895"><net_src comp="1888" pin="1"/><net_sink comp="1141" pin=0"/></net>

<net id="1896"><net_src comp="1888" pin="1"/><net_sink comp="1167" pin=0"/></net>

<net id="1900"><net_src comp="715" pin="1"/><net_sink comp="1897" pin=0"/></net>

<net id="1901"><net_src comp="1897" pin="1"/><net_sink comp="718" pin=0"/></net>

<net id="1902"><net_src comp="1897" pin="1"/><net_sink comp="729" pin=0"/></net>

<net id="1903"><net_src comp="1897" pin="1"/><net_sink comp="733" pin=0"/></net>

<net id="1904"><net_src comp="1897" pin="1"/><net_sink comp="737" pin=0"/></net>

<net id="1905"><net_src comp="1897" pin="1"/><net_sink comp="741" pin=0"/></net>

<net id="1909"><net_src comp="572" pin="2"/><net_sink comp="1906" pin=0"/></net>

<net id="1910"><net_src comp="1906" pin="1"/><net_sink comp="1095" pin=0"/></net>

<net id="1914"><net_src comp="586" pin="2"/><net_sink comp="1911" pin=0"/></net>

<net id="1915"><net_src comp="1911" pin="1"/><net_sink comp="1102" pin=0"/></net>

<net id="1919"><net_src comp="723" pin="1"/><net_sink comp="1916" pin=0"/></net>

<net id="1920"><net_src comp="1916" pin="1"/><net_sink comp="1123" pin=0"/></net>

<net id="1921"><net_src comp="1916" pin="1"/><net_sink comp="1135" pin=1"/></net>

<net id="1922"><net_src comp="1916" pin="1"/><net_sink comp="1197" pin=1"/></net>

<net id="1923"><net_src comp="1916" pin="1"/><net_sink comp="1235" pin=1"/></net>

<net id="1924"><net_src comp="1916" pin="1"/><net_sink comp="1272" pin=1"/></net>

<net id="1928"><net_src comp="726" pin="1"/><net_sink comp="1925" pin=0"/></net>

<net id="1929"><net_src comp="1925" pin="1"/><net_sink comp="1129" pin=0"/></net>

<net id="1930"><net_src comp="1925" pin="1"/><net_sink comp="1141" pin=1"/></net>

<net id="1931"><net_src comp="1925" pin="1"/><net_sink comp="1202" pin=1"/></net>

<net id="1932"><net_src comp="1925" pin="1"/><net_sink comp="1240" pin=1"/></net>

<net id="1933"><net_src comp="1925" pin="1"/><net_sink comp="1278" pin=1"/></net>

<net id="1937"><net_src comp="600" pin="2"/><net_sink comp="1934" pin=0"/></net>

<net id="1938"><net_src comp="1934" pin="1"/><net_sink comp="1109" pin=0"/></net>

<net id="1942"><net_src comp="606" pin="2"/><net_sink comp="1939" pin=0"/></net>

<net id="1943"><net_src comp="1939" pin="1"/><net_sink comp="1116" pin=0"/></net>

<net id="1947"><net_src comp="745" pin="1"/><net_sink comp="1944" pin=0"/></net>

<net id="1948"><net_src comp="1944" pin="1"/><net_sink comp="1147" pin=1"/></net>

<net id="1949"><net_src comp="1944" pin="1"/><net_sink comp="1154" pin=1"/></net>

<net id="1950"><net_src comp="1944" pin="1"/><net_sink comp="1185" pin=1"/></net>

<net id="1951"><net_src comp="1944" pin="1"/><net_sink comp="1191" pin=1"/></net>

<net id="1952"><net_src comp="1944" pin="1"/><net_sink comp="1218" pin=1"/></net>

<net id="1956"><net_src comp="748" pin="1"/><net_sink comp="1953" pin=0"/></net>

<net id="1957"><net_src comp="1953" pin="1"/><net_sink comp="1147" pin=0"/></net>

<net id="1958"><net_src comp="1953" pin="1"/><net_sink comp="1224" pin=1"/></net>

<net id="1959"><net_src comp="1953" pin="1"/><net_sink comp="1344" pin=1"/></net>

<net id="1960"><net_src comp="1953" pin="1"/><net_sink comp="1412" pin=1"/></net>

<net id="1961"><net_src comp="1953" pin="1"/><net_sink comp="1485" pin=1"/></net>

<net id="1965"><net_src comp="751" pin="1"/><net_sink comp="1962" pin=0"/></net>

<net id="1966"><net_src comp="1962" pin="1"/><net_sink comp="1154" pin=0"/></net>

<net id="1967"><net_src comp="1962" pin="1"/><net_sink comp="1250" pin=1"/></net>

<net id="1968"><net_src comp="1962" pin="1"/><net_sink comp="1350" pin=1"/></net>

<net id="1969"><net_src comp="1962" pin="1"/><net_sink comp="1430" pin=1"/></net>

<net id="1970"><net_src comp="1962" pin="1"/><net_sink comp="1491" pin=1"/></net>

<net id="1974"><net_src comp="620" pin="2"/><net_sink comp="1971" pin=0"/></net>

<net id="1975"><net_src comp="1971" pin="1"/><net_sink comp="1123" pin=0"/></net>

<net id="1979"><net_src comp="633" pin="2"/><net_sink comp="1976" pin=0"/></net>

<net id="1980"><net_src comp="1976" pin="1"/><net_sink comp="1129" pin=0"/></net>

<net id="1984"><net_src comp="754" pin="1"/><net_sink comp="1981" pin=0"/></net>

<net id="1985"><net_src comp="1981" pin="1"/><net_sink comp="1161" pin=0"/></net>

<net id="1986"><net_src comp="1981" pin="1"/><net_sink comp="1167" pin=1"/></net>

<net id="1987"><net_src comp="1981" pin="1"/><net_sink comp="1207" pin=1"/></net>

<net id="1988"><net_src comp="1981" pin="1"/><net_sink comp="1245" pin=1"/></net>

<net id="1989"><net_src comp="1981" pin="1"/><net_sink comp="1315" pin=1"/></net>

<net id="1993"><net_src comp="638" pin="2"/><net_sink comp="1990" pin=0"/></net>

<net id="1994"><net_src comp="1990" pin="1"/><net_sink comp="1135" pin=0"/></net>

<net id="1998"><net_src comp="643" pin="2"/><net_sink comp="1995" pin=0"/></net>

<net id="1999"><net_src comp="1995" pin="1"/><net_sink comp="1141" pin=0"/></net>

<net id="2003"><net_src comp="757" pin="1"/><net_sink comp="2000" pin=0"/></net>

<net id="2004"><net_src comp="2000" pin="1"/><net_sink comp="1173" pin=0"/></net>

<net id="2005"><net_src comp="2000" pin="1"/><net_sink comp="1179" pin=0"/></net>

<net id="2006"><net_src comp="2000" pin="1"/><net_sink comp="1197" pin=0"/></net>

<net id="2007"><net_src comp="2000" pin="1"/><net_sink comp="1202" pin=0"/></net>

<net id="2008"><net_src comp="2000" pin="1"/><net_sink comp="1207" pin=0"/></net>

<net id="2012"><net_src comp="760" pin="1"/><net_sink comp="2009" pin=0"/></net>

<net id="2013"><net_src comp="2009" pin="1"/><net_sink comp="763" pin=0"/></net>

<net id="2014"><net_src comp="2009" pin="1"/><net_sink comp="768" pin=0"/></net>

<net id="2015"><net_src comp="2009" pin="1"/><net_sink comp="773" pin=0"/></net>

<net id="2016"><net_src comp="2009" pin="1"/><net_sink comp="778" pin=0"/></net>

<net id="2017"><net_src comp="2009" pin="1"/><net_sink comp="822" pin=0"/></net>

<net id="2021"><net_src comp="783" pin="1"/><net_sink comp="2018" pin=0"/></net>

<net id="2022"><net_src comp="2018" pin="1"/><net_sink comp="789" pin=1"/></net>

<net id="2023"><net_src comp="2018" pin="1"/><net_sink comp="798" pin=1"/></net>

<net id="2024"><net_src comp="2018" pin="1"/><net_sink comp="810" pin=1"/></net>

<net id="2025"><net_src comp="2018" pin="1"/><net_sink comp="829" pin=1"/></net>

<net id="2026"><net_src comp="2018" pin="1"/><net_sink comp="840" pin=1"/></net>

<net id="2030"><net_src comp="786" pin="1"/><net_sink comp="2027" pin=0"/></net>

<net id="2031"><net_src comp="2027" pin="1"/><net_sink comp="789" pin=0"/></net>

<net id="2032"><net_src comp="2027" pin="1"/><net_sink comp="851" pin=1"/></net>

<net id="2033"><net_src comp="2027" pin="1"/><net_sink comp="876" pin=1"/></net>

<net id="2034"><net_src comp="2027" pin="1"/><net_sink comp="927" pin=1"/></net>

<net id="2035"><net_src comp="2027" pin="1"/><net_sink comp="957" pin=1"/></net>

<net id="2039"><net_src comp="1095" pin="3"/><net_sink comp="2036" pin=0"/></net>

<net id="2040"><net_src comp="2036" pin="1"/><net_sink comp="1147" pin=0"/></net>

<net id="2044"><net_src comp="795" pin="1"/><net_sink comp="2041" pin=0"/></net>

<net id="2045"><net_src comp="2041" pin="1"/><net_sink comp="798" pin=0"/></net>

<net id="2046"><net_src comp="2041" pin="1"/><net_sink comp="856" pin=1"/></net>

<net id="2047"><net_src comp="2041" pin="1"/><net_sink comp="896" pin=1"/></net>

<net id="2048"><net_src comp="2041" pin="1"/><net_sink comp="932" pin=1"/></net>

<net id="2049"><net_src comp="2041" pin="1"/><net_sink comp="962" pin=1"/></net>

<net id="2053"><net_src comp="1102" pin="3"/><net_sink comp="2050" pin=0"/></net>

<net id="2054"><net_src comp="2050" pin="1"/><net_sink comp="1154" pin=0"/></net>

<net id="2058"><net_src comp="804" pin="1"/><net_sink comp="2055" pin=0"/></net>

<net id="2059"><net_src comp="2055" pin="1"/><net_sink comp="810" pin=0"/></net>

<net id="2060"><net_src comp="2055" pin="1"/><net_sink comp="861" pin=1"/></net>

<net id="2061"><net_src comp="2055" pin="1"/><net_sink comp="900" pin=1"/></net>

<net id="2062"><net_src comp="2055" pin="1"/><net_sink comp="937" pin=1"/></net>

<net id="2063"><net_src comp="2055" pin="1"/><net_sink comp="967" pin=1"/></net>

<net id="2067"><net_src comp="807" pin="1"/><net_sink comp="2064" pin=0"/></net>

<net id="2068"><net_src comp="2064" pin="1"/><net_sink comp="1185" pin=0"/></net>

<net id="2069"><net_src comp="2064" pin="1"/><net_sink comp="1255" pin=1"/></net>

<net id="2070"><net_src comp="2064" pin="1"/><net_sink comp="1377" pin=1"/></net>

<net id="2071"><net_src comp="2064" pin="1"/><net_sink comp="1441" pin=1"/></net>

<net id="2072"><net_src comp="2064" pin="1"/><net_sink comp="1497" pin=1"/></net>

<net id="2076"><net_src comp="816" pin="1"/><net_sink comp="2073" pin=0"/></net>

<net id="2077"><net_src comp="2073" pin="1"/><net_sink comp="1191" pin=0"/></net>

<net id="2078"><net_src comp="2073" pin="1"/><net_sink comp="1305" pin=1"/></net>

<net id="2079"><net_src comp="2073" pin="1"/><net_sink comp="1382" pin=1"/></net>

<net id="2080"><net_src comp="2073" pin="1"/><net_sink comp="1452" pin=1"/></net>

<net id="2081"><net_src comp="2073" pin="1"/><net_sink comp="1508" pin=1"/></net>

<net id="2085"><net_src comp="664" pin="2"/><net_sink comp="2082" pin=0"/></net>

<net id="2086"><net_src comp="2082" pin="1"/><net_sink comp="1161" pin=0"/></net>

<net id="2090"><net_src comp="1109" pin="3"/><net_sink comp="2087" pin=0"/></net>

<net id="2091"><net_src comp="2087" pin="1"/><net_sink comp="1224" pin=0"/></net>

<net id="2095"><net_src comp="1116" pin="3"/><net_sink comp="2092" pin=0"/></net>

<net id="2096"><net_src comp="2092" pin="1"/><net_sink comp="1250" pin=0"/></net>

<net id="2100"><net_src comp="669" pin="2"/><net_sink comp="2097" pin=0"/></net>

<net id="2101"><net_src comp="2097" pin="1"/><net_sink comp="1167" pin=0"/></net>

<net id="2105"><net_src comp="677" pin="2"/><net_sink comp="2102" pin=0"/></net>

<net id="2106"><net_src comp="2102" pin="1"/><net_sink comp="1173" pin=0"/></net>

<net id="2110"><net_src comp="682" pin="2"/><net_sink comp="2107" pin=0"/></net>

<net id="2111"><net_src comp="2107" pin="1"/><net_sink comp="1179" pin=0"/></net>

<net id="2115"><net_src comp="819" pin="1"/><net_sink comp="2112" pin=0"/></net>

<net id="2116"><net_src comp="2112" pin="1"/><net_sink comp="1212" pin=0"/></net>

<net id="2117"><net_src comp="2112" pin="1"/><net_sink comp="1230" pin=0"/></net>

<net id="2118"><net_src comp="2112" pin="1"/><net_sink comp="1235" pin=0"/></net>

<net id="2119"><net_src comp="2112" pin="1"/><net_sink comp="1240" pin=0"/></net>

<net id="2120"><net_src comp="2112" pin="1"/><net_sink comp="1245" pin=0"/></net>

<net id="2124"><net_src comp="1123" pin="3"/><net_sink comp="2121" pin=0"/></net>

<net id="2125"><net_src comp="2121" pin="1"/><net_sink comp="1185" pin=0"/></net>

<net id="2129"><net_src comp="826" pin="1"/><net_sink comp="2126" pin=0"/></net>

<net id="2130"><net_src comp="2126" pin="1"/><net_sink comp="829" pin=0"/></net>

<net id="2131"><net_src comp="2126" pin="1"/><net_sink comp="865" pin=1"/></net>

<net id="2132"><net_src comp="2126" pin="1"/><net_sink comp="904" pin=1"/></net>

<net id="2133"><net_src comp="2126" pin="1"/><net_sink comp="942" pin=1"/></net>

<net id="2134"><net_src comp="2126" pin="1"/><net_sink comp="975" pin=1"/></net>

<net id="2138"><net_src comp="1129" pin="3"/><net_sink comp="2135" pin=0"/></net>

<net id="2139"><net_src comp="2135" pin="1"/><net_sink comp="1191" pin=0"/></net>

<net id="2143"><net_src comp="834" pin="1"/><net_sink comp="2140" pin=0"/></net>

<net id="2144"><net_src comp="2140" pin="1"/><net_sink comp="840" pin=0"/></net>

<net id="2145"><net_src comp="2140" pin="1"/><net_sink comp="869" pin=1"/></net>

<net id="2146"><net_src comp="2140" pin="1"/><net_sink comp="908" pin=1"/></net>

<net id="2147"><net_src comp="2140" pin="1"/><net_sink comp="950" pin=1"/></net>

<net id="2148"><net_src comp="2140" pin="1"/><net_sink comp="979" pin=1"/></net>

<net id="2152"><net_src comp="837" pin="1"/><net_sink comp="2149" pin=0"/></net>

<net id="2153"><net_src comp="2149" pin="1"/><net_sink comp="1218" pin=0"/></net>

<net id="2154"><net_src comp="2149" pin="1"/><net_sink comp="1310" pin=1"/></net>

<net id="2155"><net_src comp="2149" pin="1"/><net_sink comp="1407" pin=1"/></net>

<net id="2156"><net_src comp="2149" pin="1"/><net_sink comp="1462" pin=1"/></net>

<net id="2157"><net_src comp="2149" pin="1"/><net_sink comp="1519" pin=1"/></net>

<net id="2161"><net_src comp="845" pin="1"/><net_sink comp="2158" pin=0"/></net>

<net id="2162"><net_src comp="2158" pin="1"/><net_sink comp="851" pin=0"/></net>

<net id="2163"><net_src comp="2158" pin="1"/><net_sink comp="856" pin=0"/></net>

<net id="2164"><net_src comp="2158" pin="1"/><net_sink comp="861" pin=0"/></net>

<net id="2165"><net_src comp="2158" pin="1"/><net_sink comp="865" pin=0"/></net>

<net id="2166"><net_src comp="2158" pin="1"/><net_sink comp="869" pin=0"/></net>

<net id="2170"><net_src comp="848" pin="1"/><net_sink comp="2167" pin=0"/></net>

<net id="2171"><net_src comp="2167" pin="1"/><net_sink comp="1224" pin=0"/></net>

<net id="2172"><net_src comp="2167" pin="1"/><net_sink comp="1250" pin=0"/></net>

<net id="2173"><net_src comp="2167" pin="1"/><net_sink comp="1255" pin=0"/></net>

<net id="2174"><net_src comp="2167" pin="1"/><net_sink comp="1305" pin=0"/></net>

<net id="2175"><net_src comp="2167" pin="1"/><net_sink comp="1310" pin=0"/></net>

<net id="2179"><net_src comp="1135" pin="3"/><net_sink comp="2176" pin=0"/></net>

<net id="2180"><net_src comp="2176" pin="1"/><net_sink comp="1255" pin=0"/></net>

<net id="2184"><net_src comp="1141" pin="3"/><net_sink comp="2181" pin=0"/></net>

<net id="2185"><net_src comp="2181" pin="1"/><net_sink comp="1305" pin=0"/></net>

<net id="2189"><net_src comp="703" pin="2"/><net_sink comp="2186" pin=0"/></net>

<net id="2190"><net_src comp="2186" pin="1"/><net_sink comp="1197" pin=0"/></net>

<net id="2194"><net_src comp="707" pin="2"/><net_sink comp="2191" pin=0"/></net>

<net id="2195"><net_src comp="2191" pin="1"/><net_sink comp="1202" pin=0"/></net>

<net id="2199"><net_src comp="711" pin="2"/><net_sink comp="2196" pin=0"/></net>

<net id="2200"><net_src comp="2196" pin="1"/><net_sink comp="1207" pin=0"/></net>

<net id="2204"><net_src comp="718" pin="2"/><net_sink comp="2201" pin=0"/></net>

<net id="2205"><net_src comp="2201" pin="1"/><net_sink comp="1212" pin=0"/></net>

<net id="2209"><net_src comp="1147" pin="3"/><net_sink comp="2206" pin=0"/></net>

<net id="2210"><net_src comp="2206" pin="1"/><net_sink comp="983" pin=0"/></net>

<net id="2214"><net_src comp="1154" pin="3"/><net_sink comp="2211" pin=0"/></net>

<net id="2215"><net_src comp="2211" pin="1"/><net_sink comp="988" pin=0"/></net>

<net id="2219"><net_src comp="1161" pin="3"/><net_sink comp="2216" pin=0"/></net>

<net id="2220"><net_src comp="2216" pin="1"/><net_sink comp="1218" pin=0"/></net>

<net id="2224"><net_src comp="1167" pin="3"/><net_sink comp="2221" pin=0"/></net>

<net id="2225"><net_src comp="2221" pin="1"/><net_sink comp="1310" pin=0"/></net>

<net id="2229"><net_src comp="873" pin="1"/><net_sink comp="2226" pin=0"/></net>

<net id="2230"><net_src comp="2226" pin="1"/><net_sink comp="876" pin=0"/></net>

<net id="2231"><net_src comp="2226" pin="1"/><net_sink comp="896" pin=0"/></net>

<net id="2232"><net_src comp="2226" pin="1"/><net_sink comp="900" pin=0"/></net>

<net id="2233"><net_src comp="2226" pin="1"/><net_sink comp="904" pin=0"/></net>

<net id="2234"><net_src comp="2226" pin="1"/><net_sink comp="908" pin=0"/></net>

<net id="2238"><net_src comp="1173" pin="3"/><net_sink comp="2235" pin=0"/></net>

<net id="2239"><net_src comp="2235" pin="1"/><net_sink comp="1344" pin=0"/></net>

<net id="2243"><net_src comp="1179" pin="3"/><net_sink comp="2240" pin=0"/></net>

<net id="2244"><net_src comp="2240" pin="1"/><net_sink comp="1350" pin=0"/></net>

<net id="2248"><net_src comp="729" pin="2"/><net_sink comp="2245" pin=0"/></net>

<net id="2249"><net_src comp="2245" pin="1"/><net_sink comp="1230" pin=0"/></net>

<net id="2253"><net_src comp="733" pin="2"/><net_sink comp="2250" pin=0"/></net>

<net id="2254"><net_src comp="2250" pin="1"/><net_sink comp="1235" pin=0"/></net>

<net id="2258"><net_src comp="737" pin="2"/><net_sink comp="2255" pin=0"/></net>

<net id="2259"><net_src comp="2255" pin="1"/><net_sink comp="1240" pin=0"/></net>

<net id="2263"><net_src comp="741" pin="2"/><net_sink comp="2260" pin=0"/></net>

<net id="2264"><net_src comp="2260" pin="1"/><net_sink comp="1245" pin=0"/></net>

<net id="2268"><net_src comp="881" pin="1"/><net_sink comp="2265" pin=0"/></net>

<net id="2269"><net_src comp="2265" pin="1"/><net_sink comp="1260" pin=0"/></net>

<net id="2270"><net_src comp="2265" pin="1"/><net_sink comp="1266" pin=0"/></net>

<net id="2271"><net_src comp="2265" pin="1"/><net_sink comp="1272" pin=0"/></net>

<net id="2272"><net_src comp="2265" pin="1"/><net_sink comp="1278" pin=0"/></net>

<net id="2273"><net_src comp="2265" pin="1"/><net_sink comp="1315" pin=0"/></net>

<net id="2277"><net_src comp="884" pin="1"/><net_sink comp="2274" pin=0"/></net>

<net id="2278"><net_src comp="2274" pin="1"/><net_sink comp="1284" pin=1"/></net>

<net id="2279"><net_src comp="2274" pin="1"/><net_sink comp="1291" pin=1"/></net>

<net id="2280"><net_src comp="2274" pin="1"/><net_sink comp="1298" pin=1"/></net>

<net id="2281"><net_src comp="2274" pin="1"/><net_sink comp="1320" pin=1"/></net>

<net id="2282"><net_src comp="2274" pin="1"/><net_sink comp="1326" pin=1"/></net>

<net id="2286"><net_src comp="887" pin="1"/><net_sink comp="2283" pin=0"/></net>

<net id="2287"><net_src comp="2283" pin="1"/><net_sink comp="1284" pin=0"/></net>

<net id="2288"><net_src comp="2283" pin="1"/><net_sink comp="1332" pin=1"/></net>

<net id="2289"><net_src comp="2283" pin="1"/><net_sink comp="1371" pin=1"/></net>

<net id="2290"><net_src comp="2283" pin="1"/><net_sink comp="1418" pin=1"/></net>

<net id="2291"><net_src comp="2283" pin="1"/><net_sink comp="1467" pin=1"/></net>

<net id="2295"><net_src comp="890" pin="1"/><net_sink comp="2292" pin=0"/></net>

<net id="2296"><net_src comp="2292" pin="1"/><net_sink comp="1291" pin=0"/></net>

<net id="2297"><net_src comp="2292" pin="1"/><net_sink comp="1338" pin=1"/></net>

<net id="2298"><net_src comp="2292" pin="1"/><net_sink comp="1387" pin=1"/></net>

<net id="2299"><net_src comp="2292" pin="1"/><net_sink comp="1424" pin=1"/></net>

<net id="2300"><net_src comp="2292" pin="1"/><net_sink comp="1473" pin=1"/></net>

<net id="2304"><net_src comp="893" pin="1"/><net_sink comp="2301" pin=0"/></net>

<net id="2305"><net_src comp="2301" pin="1"/><net_sink comp="1298" pin=0"/></net>

<net id="2306"><net_src comp="2301" pin="1"/><net_sink comp="1356" pin=1"/></net>

<net id="2307"><net_src comp="2301" pin="1"/><net_sink comp="1392" pin=1"/></net>

<net id="2308"><net_src comp="2301" pin="1"/><net_sink comp="1435" pin=1"/></net>

<net id="2309"><net_src comp="2301" pin="1"/><net_sink comp="1479" pin=1"/></net>

<net id="2313"><net_src comp="1185" pin="3"/><net_sink comp="2310" pin=0"/></net>

<net id="2314"><net_src comp="2310" pin="1"/><net_sink comp="993" pin=0"/></net>

<net id="2318"><net_src comp="1191" pin="3"/><net_sink comp="2315" pin=0"/></net>

<net id="2319"><net_src comp="2315" pin="1"/><net_sink comp="1000" pin=0"/></net>

<net id="2323"><net_src comp="1197" pin="3"/><net_sink comp="2320" pin=0"/></net>

<net id="2324"><net_src comp="2320" pin="1"/><net_sink comp="1377" pin=0"/></net>

<net id="2328"><net_src comp="1202" pin="3"/><net_sink comp="2325" pin=0"/></net>

<net id="2329"><net_src comp="2325" pin="1"/><net_sink comp="1382" pin=0"/></net>

<net id="2333"><net_src comp="1207" pin="3"/><net_sink comp="2330" pin=0"/></net>

<net id="2334"><net_src comp="2330" pin="1"/><net_sink comp="1407" pin=0"/></net>

<net id="2338"><net_src comp="1212" pin="3"/><net_sink comp="2335" pin=0"/></net>

<net id="2339"><net_src comp="2335" pin="1"/><net_sink comp="1412" pin=0"/></net>

<net id="2343"><net_src comp="763" pin="2"/><net_sink comp="2340" pin=0"/></net>

<net id="2344"><net_src comp="2340" pin="1"/><net_sink comp="1260" pin=0"/></net>

<net id="2348"><net_src comp="768" pin="2"/><net_sink comp="2345" pin=0"/></net>

<net id="2349"><net_src comp="2345" pin="1"/><net_sink comp="1266" pin=0"/></net>

<net id="2353"><net_src comp="773" pin="2"/><net_sink comp="2350" pin=0"/></net>

<net id="2354"><net_src comp="2350" pin="1"/><net_sink comp="1272" pin=0"/></net>

<net id="2358"><net_src comp="778" pin="2"/><net_sink comp="2355" pin=0"/></net>

<net id="2359"><net_src comp="2355" pin="1"/><net_sink comp="1278" pin=0"/></net>

<net id="2363"><net_src comp="789" pin="2"/><net_sink comp="2360" pin=0"/></net>

<net id="2364"><net_src comp="2360" pin="1"/><net_sink comp="1284" pin=0"/></net>

<net id="2368"><net_src comp="798" pin="2"/><net_sink comp="2365" pin=0"/></net>

<net id="2369"><net_src comp="2365" pin="1"/><net_sink comp="1291" pin=0"/></net>

<net id="2373"><net_src comp="810" pin="2"/><net_sink comp="2370" pin=0"/></net>

<net id="2374"><net_src comp="2370" pin="1"/><net_sink comp="1298" pin=0"/></net>

<net id="2378"><net_src comp="912" pin="1"/><net_sink comp="2375" pin=0"/></net>

<net id="2379"><net_src comp="2375" pin="1"/><net_sink comp="1320" pin=0"/></net>

<net id="2380"><net_src comp="2375" pin="1"/><net_sink comp="1361" pin=1"/></net>

<net id="2381"><net_src comp="2375" pin="1"/><net_sink comp="1397" pin=1"/></net>

<net id="2382"><net_src comp="2375" pin="1"/><net_sink comp="1446" pin=1"/></net>

<net id="2383"><net_src comp="2375" pin="1"/><net_sink comp="1503" pin=1"/></net>

<net id="2387"><net_src comp="915" pin="1"/><net_sink comp="2384" pin=0"/></net>

<net id="2388"><net_src comp="2384" pin="1"/><net_sink comp="1326" pin=0"/></net>

<net id="2389"><net_src comp="2384" pin="1"/><net_sink comp="1366" pin=1"/></net>

<net id="2390"><net_src comp="2384" pin="1"/><net_sink comp="1402" pin=1"/></net>

<net id="2391"><net_src comp="2384" pin="1"/><net_sink comp="1457" pin=1"/></net>

<net id="2392"><net_src comp="2384" pin="1"/><net_sink comp="1514" pin=1"/></net>

<net id="2396"><net_src comp="1218" pin="3"/><net_sink comp="2393" pin=0"/></net>

<net id="2397"><net_src comp="2393" pin="1"/><net_sink comp="1005" pin=0"/></net>

<net id="2401"><net_src comp="918" pin="1"/><net_sink comp="2398" pin=0"/></net>

<net id="2402"><net_src comp="2398" pin="1"/><net_sink comp="1332" pin=0"/></net>

<net id="2403"><net_src comp="2398" pin="1"/><net_sink comp="1338" pin=0"/></net>

<net id="2404"><net_src comp="2398" pin="1"/><net_sink comp="1356" pin=0"/></net>

<net id="2405"><net_src comp="2398" pin="1"/><net_sink comp="1361" pin=0"/></net>

<net id="2406"><net_src comp="2398" pin="1"/><net_sink comp="1366" pin=0"/></net>

<net id="2410"><net_src comp="1224" pin="3"/><net_sink comp="2407" pin=0"/></net>

<net id="2411"><net_src comp="2407" pin="1"/><net_sink comp="1009" pin=0"/></net>

<net id="2415"><net_src comp="921" pin="1"/><net_sink comp="2412" pin=0"/></net>

<net id="2416"><net_src comp="2412" pin="1"/><net_sink comp="1344" pin=0"/></net>

<net id="2417"><net_src comp="2412" pin="1"/><net_sink comp="1350" pin=0"/></net>

<net id="2418"><net_src comp="2412" pin="1"/><net_sink comp="1377" pin=0"/></net>

<net id="2419"><net_src comp="2412" pin="1"/><net_sink comp="1382" pin=0"/></net>

<net id="2420"><net_src comp="2412" pin="1"/><net_sink comp="1407" pin=0"/></net>

<net id="2424"><net_src comp="924" pin="1"/><net_sink comp="2421" pin=0"/></net>

<net id="2425"><net_src comp="2421" pin="1"/><net_sink comp="927" pin=0"/></net>

<net id="2426"><net_src comp="2421" pin="1"/><net_sink comp="932" pin=0"/></net>

<net id="2427"><net_src comp="2421" pin="1"/><net_sink comp="937" pin=0"/></net>

<net id="2428"><net_src comp="2421" pin="1"/><net_sink comp="942" pin=0"/></net>

<net id="2429"><net_src comp="2421" pin="1"/><net_sink comp="950" pin=0"/></net>

<net id="2433"><net_src comp="1230" pin="3"/><net_sink comp="2430" pin=0"/></net>

<net id="2434"><net_src comp="2430" pin="1"/><net_sink comp="1430" pin=0"/></net>

<net id="2438"><net_src comp="1235" pin="3"/><net_sink comp="2435" pin=0"/></net>

<net id="2439"><net_src comp="2435" pin="1"/><net_sink comp="1441" pin=0"/></net>

<net id="2443"><net_src comp="1240" pin="3"/><net_sink comp="2440" pin=0"/></net>

<net id="2444"><net_src comp="2440" pin="1"/><net_sink comp="1452" pin=0"/></net>

<net id="2448"><net_src comp="1245" pin="3"/><net_sink comp="2445" pin=0"/></net>

<net id="2449"><net_src comp="2445" pin="1"/><net_sink comp="1462" pin=0"/></net>

<net id="2453"><net_src comp="822" pin="2"/><net_sink comp="2450" pin=0"/></net>

<net id="2454"><net_src comp="2450" pin="1"/><net_sink comp="1315" pin=0"/></net>

<net id="2458"><net_src comp="829" pin="2"/><net_sink comp="2455" pin=0"/></net>

<net id="2459"><net_src comp="2455" pin="1"/><net_sink comp="1320" pin=0"/></net>

<net id="2463"><net_src comp="840" pin="2"/><net_sink comp="2460" pin=0"/></net>

<net id="2464"><net_src comp="2460" pin="1"/><net_sink comp="1326" pin=0"/></net>

<net id="2468"><net_src comp="851" pin="2"/><net_sink comp="2465" pin=0"/></net>

<net id="2469"><net_src comp="2465" pin="1"/><net_sink comp="1332" pin=0"/></net>

<net id="2473"><net_src comp="856" pin="2"/><net_sink comp="2470" pin=0"/></net>

<net id="2474"><net_src comp="2470" pin="1"/><net_sink comp="1338" pin=0"/></net>

<net id="2478"><net_src comp="1250" pin="3"/><net_sink comp="2475" pin=0"/></net>

<net id="2479"><net_src comp="2475" pin="1"/><net_sink comp="1013" pin=0"/></net>

<net id="2483"><net_src comp="1255" pin="3"/><net_sink comp="2480" pin=0"/></net>

<net id="2484"><net_src comp="2480" pin="1"/><net_sink comp="1020" pin=0"/></net>

<net id="2488"><net_src comp="947" pin="1"/><net_sink comp="2485" pin=0"/></net>

<net id="2489"><net_src comp="2485" pin="1"/><net_sink comp="1371" pin=0"/></net>

<net id="2490"><net_src comp="2485" pin="1"/><net_sink comp="1387" pin=0"/></net>

<net id="2491"><net_src comp="2485" pin="1"/><net_sink comp="1392" pin=0"/></net>

<net id="2492"><net_src comp="2485" pin="1"/><net_sink comp="1397" pin=0"/></net>

<net id="2493"><net_src comp="2485" pin="1"/><net_sink comp="1402" pin=0"/></net>

<net id="2497"><net_src comp="954" pin="1"/><net_sink comp="2494" pin=0"/></net>

<net id="2498"><net_src comp="2494" pin="1"/><net_sink comp="957" pin=0"/></net>

<net id="2499"><net_src comp="2494" pin="1"/><net_sink comp="962" pin=0"/></net>

<net id="2500"><net_src comp="2494" pin="1"/><net_sink comp="967" pin=0"/></net>

<net id="2501"><net_src comp="2494" pin="1"/><net_sink comp="975" pin=0"/></net>

<net id="2502"><net_src comp="2494" pin="1"/><net_sink comp="979" pin=0"/></net>

<net id="2506"><net_src comp="1260" pin="3"/><net_sink comp="2503" pin=0"/></net>

<net id="2507"><net_src comp="2503" pin="1"/><net_sink comp="1485" pin=0"/></net>

<net id="2511"><net_src comp="1266" pin="3"/><net_sink comp="2508" pin=0"/></net>

<net id="2512"><net_src comp="2508" pin="1"/><net_sink comp="1491" pin=0"/></net>

<net id="2516"><net_src comp="1272" pin="3"/><net_sink comp="2513" pin=0"/></net>

<net id="2517"><net_src comp="2513" pin="1"/><net_sink comp="1497" pin=0"/></net>

<net id="2521"><net_src comp="1278" pin="3"/><net_sink comp="2518" pin=0"/></net>

<net id="2522"><net_src comp="2518" pin="1"/><net_sink comp="1508" pin=0"/></net>

<net id="2526"><net_src comp="1284" pin="3"/><net_sink comp="2523" pin=0"/></net>

<net id="2527"><net_src comp="2523" pin="1"/><net_sink comp="983" pin=1"/></net>

<net id="2531"><net_src comp="1291" pin="3"/><net_sink comp="2528" pin=0"/></net>

<net id="2532"><net_src comp="2528" pin="1"/><net_sink comp="988" pin=1"/></net>

<net id="2536"><net_src comp="1298" pin="3"/><net_sink comp="2533" pin=0"/></net>

<net id="2537"><net_src comp="2533" pin="1"/><net_sink comp="993" pin=1"/></net>

<net id="2541"><net_src comp="861" pin="2"/><net_sink comp="2538" pin=0"/></net>

<net id="2542"><net_src comp="2538" pin="1"/><net_sink comp="1356" pin=0"/></net>

<net id="2546"><net_src comp="865" pin="2"/><net_sink comp="2543" pin=0"/></net>

<net id="2547"><net_src comp="2543" pin="1"/><net_sink comp="1361" pin=0"/></net>

<net id="2551"><net_src comp="1305" pin="3"/><net_sink comp="2548" pin=0"/></net>

<net id="2552"><net_src comp="2548" pin="1"/><net_sink comp="1024" pin=0"/></net>

<net id="2556"><net_src comp="869" pin="2"/><net_sink comp="2553" pin=0"/></net>

<net id="2557"><net_src comp="2553" pin="1"/><net_sink comp="1366" pin=0"/></net>

<net id="2561"><net_src comp="1310" pin="3"/><net_sink comp="2558" pin=0"/></net>

<net id="2562"><net_src comp="2558" pin="1"/><net_sink comp="1028" pin=0"/></net>

<net id="2566"><net_src comp="876" pin="2"/><net_sink comp="2563" pin=0"/></net>

<net id="2567"><net_src comp="2563" pin="1"/><net_sink comp="1371" pin=0"/></net>

<net id="2571"><net_src comp="972" pin="1"/><net_sink comp="2568" pin=0"/></net>

<net id="2572"><net_src comp="2568" pin="1"/><net_sink comp="1412" pin=0"/></net>

<net id="2573"><net_src comp="2568" pin="1"/><net_sink comp="1430" pin=0"/></net>

<net id="2574"><net_src comp="2568" pin="1"/><net_sink comp="1441" pin=0"/></net>

<net id="2575"><net_src comp="2568" pin="1"/><net_sink comp="1452" pin=0"/></net>

<net id="2576"><net_src comp="2568" pin="1"/><net_sink comp="1462" pin=0"/></net>

<net id="2580"><net_src comp="1315" pin="3"/><net_sink comp="2577" pin=0"/></net>

<net id="2581"><net_src comp="2577" pin="1"/><net_sink comp="1519" pin=0"/></net>

<net id="2585"><net_src comp="993" pin="2"/><net_sink comp="2582" pin=0"/></net>

<net id="2586"><net_src comp="2582" pin="1"/><net_sink comp="210" pin=1"/></net>

<net id="2590"><net_src comp="1320" pin="3"/><net_sink comp="2587" pin=0"/></net>

<net id="2591"><net_src comp="2587" pin="1"/><net_sink comp="1000" pin=1"/></net>

<net id="2595"><net_src comp="1326" pin="3"/><net_sink comp="2592" pin=0"/></net>

<net id="2596"><net_src comp="2592" pin="1"/><net_sink comp="1005" pin=1"/></net>

<net id="2600"><net_src comp="1332" pin="3"/><net_sink comp="2597" pin=0"/></net>

<net id="2601"><net_src comp="2597" pin="1"/><net_sink comp="1009" pin=1"/></net>

<net id="2605"><net_src comp="1338" pin="3"/><net_sink comp="2602" pin=0"/></net>

<net id="2606"><net_src comp="2602" pin="1"/><net_sink comp="1013" pin=1"/></net>

<net id="2610"><net_src comp="1344" pin="3"/><net_sink comp="2607" pin=0"/></net>

<net id="2611"><net_src comp="2607" pin="1"/><net_sink comp="1032" pin=0"/></net>

<net id="2615"><net_src comp="896" pin="2"/><net_sink comp="2612" pin=0"/></net>

<net id="2616"><net_src comp="2612" pin="1"/><net_sink comp="1387" pin=0"/></net>

<net id="2620"><net_src comp="1350" pin="3"/><net_sink comp="2617" pin=0"/></net>

<net id="2621"><net_src comp="2617" pin="1"/><net_sink comp="1039" pin=0"/></net>

<net id="2625"><net_src comp="900" pin="2"/><net_sink comp="2622" pin=0"/></net>

<net id="2626"><net_src comp="2622" pin="1"/><net_sink comp="1392" pin=0"/></net>

<net id="2630"><net_src comp="904" pin="2"/><net_sink comp="2627" pin=0"/></net>

<net id="2631"><net_src comp="2627" pin="1"/><net_sink comp="1397" pin=0"/></net>

<net id="2635"><net_src comp="908" pin="2"/><net_sink comp="2632" pin=0"/></net>

<net id="2636"><net_src comp="2632" pin="1"/><net_sink comp="1402" pin=0"/></net>

<net id="2640"><net_src comp="997" pin="1"/><net_sink comp="2637" pin=0"/></net>

<net id="2641"><net_src comp="2637" pin="1"/><net_sink comp="1418" pin=0"/></net>

<net id="2642"><net_src comp="2637" pin="1"/><net_sink comp="1424" pin=0"/></net>

<net id="2643"><net_src comp="2637" pin="1"/><net_sink comp="1435" pin=0"/></net>

<net id="2644"><net_src comp="2637" pin="1"/><net_sink comp="1446" pin=0"/></net>

<net id="2645"><net_src comp="2637" pin="1"/><net_sink comp="1457" pin=0"/></net>

<net id="2649"><net_src comp="1005" pin="2"/><net_sink comp="2646" pin=0"/></net>

<net id="2650"><net_src comp="2646" pin="1"/><net_sink comp="210" pin=1"/></net>

<net id="2654"><net_src comp="1009" pin="2"/><net_sink comp="2651" pin=0"/></net>

<net id="2655"><net_src comp="2651" pin="1"/><net_sink comp="210" pin=4"/></net>

<net id="2659"><net_src comp="1013" pin="2"/><net_sink comp="2656" pin=0"/></net>

<net id="2660"><net_src comp="2656" pin="1"/><net_sink comp="210" pin=1"/></net>

<net id="2664"><net_src comp="1356" pin="3"/><net_sink comp="2661" pin=0"/></net>

<net id="2665"><net_src comp="2661" pin="1"/><net_sink comp="1020" pin=1"/></net>

<net id="2669"><net_src comp="1361" pin="3"/><net_sink comp="2666" pin=0"/></net>

<net id="2670"><net_src comp="2666" pin="1"/><net_sink comp="1024" pin=1"/></net>

<net id="2674"><net_src comp="1366" pin="3"/><net_sink comp="2671" pin=0"/></net>

<net id="2675"><net_src comp="2671" pin="1"/><net_sink comp="1028" pin=1"/></net>

<net id="2679"><net_src comp="1371" pin="3"/><net_sink comp="2676" pin=0"/></net>

<net id="2680"><net_src comp="2676" pin="1"/><net_sink comp="1032" pin=1"/></net>

<net id="2684"><net_src comp="1377" pin="3"/><net_sink comp="2681" pin=0"/></net>

<net id="2685"><net_src comp="2681" pin="1"/><net_sink comp="1043" pin=0"/></net>

<net id="2689"><net_src comp="1382" pin="3"/><net_sink comp="2686" pin=0"/></net>

<net id="2690"><net_src comp="2686" pin="1"/><net_sink comp="1047" pin=0"/></net>

<net id="2694"><net_src comp="927" pin="2"/><net_sink comp="2691" pin=0"/></net>

<net id="2695"><net_src comp="2691" pin="1"/><net_sink comp="1418" pin=0"/></net>

<net id="2699"><net_src comp="932" pin="2"/><net_sink comp="2696" pin=0"/></net>

<net id="2700"><net_src comp="2696" pin="1"/><net_sink comp="1424" pin=0"/></net>

<net id="2704"><net_src comp="937" pin="2"/><net_sink comp="2701" pin=0"/></net>

<net id="2705"><net_src comp="2701" pin="1"/><net_sink comp="1435" pin=0"/></net>

<net id="2709"><net_src comp="942" pin="2"/><net_sink comp="2706" pin=0"/></net>

<net id="2710"><net_src comp="2706" pin="1"/><net_sink comp="1446" pin=0"/></net>

<net id="2714"><net_src comp="1017" pin="1"/><net_sink comp="2711" pin=0"/></net>

<net id="2715"><net_src comp="2711" pin="1"/><net_sink comp="1467" pin=0"/></net>

<net id="2716"><net_src comp="2711" pin="1"/><net_sink comp="1473" pin=0"/></net>

<net id="2717"><net_src comp="2711" pin="1"/><net_sink comp="1479" pin=0"/></net>

<net id="2718"><net_src comp="2711" pin="1"/><net_sink comp="1503" pin=0"/></net>

<net id="2719"><net_src comp="2711" pin="1"/><net_sink comp="1514" pin=0"/></net>

<net id="2723"><net_src comp="1020" pin="2"/><net_sink comp="2720" pin=0"/></net>

<net id="2724"><net_src comp="2720" pin="1"/><net_sink comp="210" pin=4"/></net>

<net id="2728"><net_src comp="1024" pin="2"/><net_sink comp="2725" pin=0"/></net>

<net id="2729"><net_src comp="2725" pin="1"/><net_sink comp="210" pin=1"/></net>

<net id="2733"><net_src comp="1028" pin="2"/><net_sink comp="2730" pin=0"/></net>

<net id="2734"><net_src comp="2730" pin="1"/><net_sink comp="210" pin=4"/></net>

<net id="2738"><net_src comp="1032" pin="2"/><net_sink comp="2735" pin=0"/></net>

<net id="2739"><net_src comp="2735" pin="1"/><net_sink comp="210" pin=1"/></net>

<net id="2743"><net_src comp="1387" pin="3"/><net_sink comp="2740" pin=0"/></net>

<net id="2744"><net_src comp="2740" pin="1"/><net_sink comp="1039" pin=1"/></net>

<net id="2748"><net_src comp="1392" pin="3"/><net_sink comp="2745" pin=0"/></net>

<net id="2749"><net_src comp="2745" pin="1"/><net_sink comp="1043" pin=1"/></net>

<net id="2753"><net_src comp="1397" pin="3"/><net_sink comp="2750" pin=0"/></net>

<net id="2754"><net_src comp="2750" pin="1"/><net_sink comp="1047" pin=1"/></net>

<net id="2758"><net_src comp="1402" pin="3"/><net_sink comp="2755" pin=0"/></net>

<net id="2759"><net_src comp="2755" pin="1"/><net_sink comp="1051" pin=1"/></net>

<net id="2763"><net_src comp="1407" pin="3"/><net_sink comp="2760" pin=0"/></net>

<net id="2764"><net_src comp="2760" pin="1"/><net_sink comp="1051" pin=0"/></net>

<net id="2768"><net_src comp="1412" pin="3"/><net_sink comp="2765" pin=0"/></net>

<net id="2769"><net_src comp="2765" pin="1"/><net_sink comp="1055" pin=0"/></net>

<net id="2773"><net_src comp="950" pin="2"/><net_sink comp="2770" pin=0"/></net>

<net id="2774"><net_src comp="2770" pin="1"/><net_sink comp="1457" pin=0"/></net>

<net id="2778"><net_src comp="1036" pin="1"/><net_sink comp="2775" pin=0"/></net>

<net id="2779"><net_src comp="2775" pin="1"/><net_sink comp="1485" pin=0"/></net>

<net id="2780"><net_src comp="2775" pin="1"/><net_sink comp="1491" pin=0"/></net>

<net id="2781"><net_src comp="2775" pin="1"/><net_sink comp="1497" pin=0"/></net>

<net id="2782"><net_src comp="2775" pin="1"/><net_sink comp="1508" pin=0"/></net>

<net id="2783"><net_src comp="2775" pin="1"/><net_sink comp="1519" pin=0"/></net>

<net id="2787"><net_src comp="957" pin="2"/><net_sink comp="2784" pin=0"/></net>

<net id="2788"><net_src comp="2784" pin="1"/><net_sink comp="1467" pin=0"/></net>

<net id="2792"><net_src comp="962" pin="2"/><net_sink comp="2789" pin=0"/></net>

<net id="2793"><net_src comp="2789" pin="1"/><net_sink comp="1473" pin=0"/></net>

<net id="2797"><net_src comp="967" pin="2"/><net_sink comp="2794" pin=0"/></net>

<net id="2798"><net_src comp="2794" pin="1"/><net_sink comp="1479" pin=0"/></net>

<net id="2802"><net_src comp="1039" pin="2"/><net_sink comp="2799" pin=0"/></net>

<net id="2803"><net_src comp="2799" pin="1"/><net_sink comp="210" pin=4"/></net>

<net id="2807"><net_src comp="1043" pin="2"/><net_sink comp="2804" pin=0"/></net>

<net id="2808"><net_src comp="2804" pin="1"/><net_sink comp="210" pin=1"/></net>

<net id="2812"><net_src comp="1047" pin="2"/><net_sink comp="2809" pin=0"/></net>

<net id="2813"><net_src comp="2809" pin="1"/><net_sink comp="210" pin=4"/></net>

<net id="2817"><net_src comp="1051" pin="2"/><net_sink comp="2814" pin=0"/></net>

<net id="2818"><net_src comp="2814" pin="1"/><net_sink comp="210" pin=1"/></net>

<net id="2822"><net_src comp="1418" pin="3"/><net_sink comp="2819" pin=0"/></net>

<net id="2823"><net_src comp="2819" pin="1"/><net_sink comp="1055" pin=1"/></net>

<net id="2827"><net_src comp="1424" pin="3"/><net_sink comp="2824" pin=0"/></net>

<net id="2828"><net_src comp="2824" pin="1"/><net_sink comp="1059" pin=1"/></net>

<net id="2832"><net_src comp="1430" pin="3"/><net_sink comp="2829" pin=0"/></net>

<net id="2833"><net_src comp="2829" pin="1"/><net_sink comp="1059" pin=0"/></net>

<net id="2837"><net_src comp="1435" pin="3"/><net_sink comp="2834" pin=0"/></net>

<net id="2838"><net_src comp="2834" pin="1"/><net_sink comp="1063" pin=1"/></net>

<net id="2842"><net_src comp="1441" pin="3"/><net_sink comp="2839" pin=0"/></net>

<net id="2843"><net_src comp="2839" pin="1"/><net_sink comp="1063" pin=0"/></net>

<net id="2847"><net_src comp="1446" pin="3"/><net_sink comp="2844" pin=0"/></net>

<net id="2848"><net_src comp="2844" pin="1"/><net_sink comp="1067" pin=1"/></net>

<net id="2852"><net_src comp="975" pin="2"/><net_sink comp="2849" pin=0"/></net>

<net id="2853"><net_src comp="2849" pin="1"/><net_sink comp="1503" pin=0"/></net>

<net id="2857"><net_src comp="979" pin="2"/><net_sink comp="2854" pin=0"/></net>

<net id="2858"><net_src comp="2854" pin="1"/><net_sink comp="1514" pin=0"/></net>

<net id="2862"><net_src comp="1055" pin="2"/><net_sink comp="2859" pin=0"/></net>

<net id="2863"><net_src comp="2859" pin="1"/><net_sink comp="210" pin=4"/></net>

<net id="2867"><net_src comp="1059" pin="2"/><net_sink comp="2864" pin=0"/></net>

<net id="2868"><net_src comp="2864" pin="1"/><net_sink comp="210" pin=1"/></net>

<net id="2872"><net_src comp="1063" pin="2"/><net_sink comp="2869" pin=0"/></net>

<net id="2873"><net_src comp="2869" pin="1"/><net_sink comp="210" pin=4"/></net>

<net id="2877"><net_src comp="1452" pin="3"/><net_sink comp="2874" pin=0"/></net>

<net id="2878"><net_src comp="2874" pin="1"/><net_sink comp="1067" pin=0"/></net>

<net id="2882"><net_src comp="1457" pin="3"/><net_sink comp="2879" pin=0"/></net>

<net id="2883"><net_src comp="2879" pin="1"/><net_sink comp="1071" pin=1"/></net>

<net id="2887"><net_src comp="1462" pin="3"/><net_sink comp="2884" pin=0"/></net>

<net id="2888"><net_src comp="2884" pin="1"/><net_sink comp="1071" pin=0"/></net>

<net id="2892"><net_src comp="1467" pin="3"/><net_sink comp="2889" pin=0"/></net>

<net id="2893"><net_src comp="2889" pin="1"/><net_sink comp="1075" pin=1"/></net>

<net id="2897"><net_src comp="1473" pin="3"/><net_sink comp="2894" pin=0"/></net>

<net id="2898"><net_src comp="2894" pin="1"/><net_sink comp="1079" pin=1"/></net>

<net id="2902"><net_src comp="1479" pin="3"/><net_sink comp="2899" pin=0"/></net>

<net id="2903"><net_src comp="2899" pin="1"/><net_sink comp="1083" pin=1"/></net>

<net id="2907"><net_src comp="1067" pin="2"/><net_sink comp="2904" pin=0"/></net>

<net id="2908"><net_src comp="2904" pin="1"/><net_sink comp="210" pin=1"/></net>

<net id="2912"><net_src comp="1071" pin="2"/><net_sink comp="2909" pin=0"/></net>

<net id="2913"><net_src comp="2909" pin="1"/><net_sink comp="210" pin=4"/></net>

<net id="2917"><net_src comp="1485" pin="3"/><net_sink comp="2914" pin=0"/></net>

<net id="2918"><net_src comp="2914" pin="1"/><net_sink comp="1075" pin=0"/></net>

<net id="2922"><net_src comp="1491" pin="3"/><net_sink comp="2919" pin=0"/></net>

<net id="2923"><net_src comp="2919" pin="1"/><net_sink comp="1079" pin=0"/></net>

<net id="2927"><net_src comp="1497" pin="3"/><net_sink comp="2924" pin=0"/></net>

<net id="2928"><net_src comp="2924" pin="1"/><net_sink comp="1083" pin=0"/></net>

<net id="2932"><net_src comp="1503" pin="3"/><net_sink comp="2929" pin=0"/></net>

<net id="2933"><net_src comp="2929" pin="1"/><net_sink comp="1087" pin=1"/></net>

<net id="2937"><net_src comp="1508" pin="3"/><net_sink comp="2934" pin=0"/></net>

<net id="2938"><net_src comp="2934" pin="1"/><net_sink comp="1087" pin=0"/></net>

<net id="2942"><net_src comp="1514" pin="3"/><net_sink comp="2939" pin=0"/></net>

<net id="2943"><net_src comp="2939" pin="1"/><net_sink comp="1091" pin=1"/></net>

<net id="2947"><net_src comp="1075" pin="2"/><net_sink comp="2944" pin=0"/></net>

<net id="2948"><net_src comp="2944" pin="1"/><net_sink comp="210" pin=1"/></net>

<net id="2952"><net_src comp="1079" pin="2"/><net_sink comp="2949" pin=0"/></net>

<net id="2953"><net_src comp="2949" pin="1"/><net_sink comp="210" pin=4"/></net>

<net id="2957"><net_src comp="1083" pin="2"/><net_sink comp="2954" pin=0"/></net>

<net id="2958"><net_src comp="2954" pin="1"/><net_sink comp="210" pin=1"/></net>

<net id="2962"><net_src comp="1087" pin="2"/><net_sink comp="2959" pin=0"/></net>

<net id="2963"><net_src comp="2959" pin="1"/><net_sink comp="210" pin=4"/></net>

<net id="2967"><net_src comp="1519" pin="3"/><net_sink comp="2964" pin=0"/></net>

<net id="2968"><net_src comp="2964" pin="1"/><net_sink comp="1091" pin=0"/></net>

<net id="2972"><net_src comp="1091" pin="2"/><net_sink comp="2969" pin=0"/></net>

<net id="2973"><net_src comp="2969" pin="1"/><net_sink comp="210" pin=1"/></net>

</net_list>

</model> 
---------------- Datapath Model END ------------------

* FSMD analyzer results:
  - Output states:
	Port: prod | {15 16 17 18 19 20 21 22 23 24 25 26 27 }
 - Input state : 
	Port: matrix_mult : a | {1 2 3 4 }
	Port: matrix_mult : b | {1 2 3 4 }
  - Chain level:
	State 1
		a_load : 1
		b_load : 1
		b_load_1 : 1
		a_load_1 : 1
	State 2
		trunc_ln23 : 1
		trunc_ln23_1 : 1
		tmp : 1
		tmp_1 : 1
		tmp_2 : 1
		tmp_3 : 1
		tmp_4 : 1
		sext_ln23_6 : 2
		tmp_5 : 1
		sext_ln23_7 : 2
		tmp_6 : 1
		tmp_7 : 1
		mul_ln23_3 : 3
		trunc_ln23_2 : 1
		tmp_8 : 1
		tmp_9 : 1
		tmp_s : 1
		sext_ln23_13 : 2
		tmp_10 : 1
		mul_ln23_8 : 3
		b_load_2 : 1
		b_load_3 : 1
		trunc_ln23_6 : 1
		tmp_23 : 1
		tmp_24 : 1
		tmp_25 : 1
		sext_ln23_33 : 2
		tmp_26 : 1
		mul_ln23_28 : 3
		mul_ln23_33 : 3
		a_load_2 : 1
		a_load_3 : 1
	State 3
		trunc_ln23_3 : 1
		tmp_11 : 1
		tmp_12 : 1
		tmp_13 : 1
		sext_ln23_18 : 2
		tmp_14 : 1
		mul_ln23_13 : 3
		trunc_ln23_4 : 1
		tmp_15 : 1
		tmp_16 : 1
		tmp_17 : 1
		sext_ln23_23 : 2
		tmp_18 : 1
		mul_ln23_18 : 3
		b_load_4 : 1
		mul_ln23_38 : 3
		mul_ln23_43 : 3
		trunc_ln23_7 : 1
		tmp_27 : 1
		tmp_28 : 1
		tmp_29 : 1
		tmp_30 : 1
		trunc_ln23_8 : 1
		tmp_31 : 1
		tmp_32 : 1
		tmp_33 : 1
		tmp_34 : 1
		a_load_4 : 1
	State 4
		trunc_ln23_5 : 1
		tmp_19 : 1
		tmp_20 : 1
		tmp_21 : 1
		sext_ln23_28 : 2
		tmp_22 : 1
		mul_ln23_23 : 3
		mul_ln23_48 : 3
		mul_ln23_53 : 1
		mul_ln23_58 : 1
		trunc_ln23_9 : 1
		tmp_35 : 1
		tmp_36 : 1
		tmp_37 : 1
		tmp_38 : 1
	State 5
		mul_ln23_2 : 1
		mul_ln23_7 : 1
		mul_ln23_27 : 1
		mul_ln23_32 : 1
		mul_ln23_78 : 1
	State 6
		mul_ln23_12 : 1
		mul_ln23_17 : 1
		mul_ln23_37 : 1
		mul_ln23_42 : 1
	State 7
		mul_ln23_4 : 1
		add_ln23_1 : 1
		mul_ln23_9 : 1
		add_ln23_5 : 1
		mul_ln23_22 : 1
		add_ln23_21 : 1
		add_ln23_25 : 1
		mul_ln23_47 : 1
		mul_ln23_52 : 1
		mul_ln23_57 : 1
		mul_ln23_103 : 1
		mul_ln23_108 : 1
		mul_ln23_113 : 1
		mul_ln23_118 : 1
	State 8
		mul_ln23_1 : 1
		mul_ln23_6 : 1
		mul_ln23_11 : 1
		mul_ln23_14 : 1
		add_ln23_9 : 1
		mul_ln23_19 : 1
		add_ln23_13 : 1
		add_ln23_29 : 1
		add_ln23_33 : 1
		mul_ln23_77 : 1
	State 9
		add_ln23_2 : 1
		add_ln23_6 : 1
		mul_ln23_16 : 1
		mul_ln23_21 : 1
		mul_ln23_24 : 1
		add_ln23_17 : 1
		mul_ln23_26 : 1
		mul_ln23_29 : 1
		mul_ln23_31 : 1
		add_ln23_37 : 1
		add_ln23_41 : 1
		add_ln23_45 : 1
	State 10
		add_ln23_10 : 1
		add_ln23_14 : 1
		mul_ln23_51 : 1
		add_ln23_49 : 1
		add_ln23_53 : 1
		add_ln23_57 : 1
		add_ln23_61 : 1
		mul_ln23_102 : 1
		mul_ln23_107 : 1
		mul_ln23_112 : 1
		mul_ln23_117 : 1
	State 11
		mul_ln23 : 1
		mul_ln23_5 : 1
		mul_ln23_10 : 1
		add_ln23_18 : 1
		add_ln23_22 : 1
		add_ln23_65 : 1
		add_ln23_69 : 1
		add_ln23_73 : 1
		add_ln23_77 : 1
	State 12
		mul_ln23_15 : 1
		mul_ln23_20 : 1
		mul_ln23_25 : 1
		mul_ln23_30 : 1
		add_ln23_26 : 1
		add_ln23_30 : 1
		mul_ln23_54 : 1
		mul_ln23_59 : 1
		mul_ln23_76 : 1
		mul_ln23_81 : 1
		mul_ln23_86 : 1
		mul_ln23_91 : 1
		add_ln23_81 : 1
		add_ln23_85 : 1
		add_ln23_89 : 1
		add_ln23_93 : 1
	State 13
		add_ln23 : 1
		add_ln23_4 : 1
		add_ln23_8 : 1
		add_ln23_34 : 1
		add_ln23_38 : 1
		mul_ln23_50 : 1
		mul_ln23_101 : 1
		mul_ln23_106 : 1
		mul_ln23_111 : 1
		add_ln23_97 : 1
	State 14
		add_ln23_12 : 1
		add_ln23_16 : 1
		add_ln23_20 : 1
		add_ln23_24 : 1
		add_ln23_42 : 1
		add_ln23_46 : 1
		mul_ln23_79 : 1
	State 15
		store_ln23 : 1
		store_ln23 : 1
		add_ln23_28 : 1
		add_ln23_32 : 1
		add_ln23_36 : 1
		add_ln23_40 : 1
		add_ln23_50 : 1
		add_ln23_54 : 1
		mul_ln23_75 : 1
		mul_ln23_80 : 1
		mul_ln23_85 : 1
		mul_ln23_90 : 1
	State 16
		store_ln23 : 1
		store_ln23 : 1
		add_ln23_44 : 1
		add_ln23_48 : 1
		add_ln23_52 : 1
		add_ln23_56 : 1
		add_ln23_58 : 1
		add_ln23_62 : 1
		mul_ln23_100 : 1
		mul_ln23_105 : 1
		mul_ln23_110 : 1
	State 17
		store_ln23 : 1
		store_ln23 : 1
		add_ln23_60 : 1
		add_ln23_64 : 1
		add_ln23_66 : 1
		add_ln23_68 : 1
		add_ln23_70 : 1
		add_ln23_72 : 1
		mul_ln23_104 : 1
		mul_ln23_109 : 1
		mul_ln23_114 : 1
		mul_ln23_119 : 1
	State 18
		store_ln23 : 1
		store_ln23 : 1
		add_ln23_74 : 1
		add_ln23_76 : 1
		add_ln23_78 : 1
		add_ln23_80 : 1
		add_ln23_84 : 1
		add_ln23_88 : 1
	State 19
		store_ln23 : 1
		store_ln23 : 1
		add_ln23_82 : 1
		add_ln23_86 : 1
		add_ln23_90 : 1
		add_ln23_92 : 1
		add_ln23_94 : 1
		add_ln23_96 : 1
	State 20
		store_ln23 : 1
		store_ln23 : 1
		add_ln23_98 : 1
	State 21
		store_ln23 : 1
		store_ln23 : 1
	State 22
		store_ln23 : 1
		store_ln23 : 1
	State 23
		store_ln23 : 1
		store_ln23 : 1
	State 24
		store_ln23 : 1
		store_ln23 : 1
	State 25
		store_ln23 : 1
		store_ln23 : 1
	State 26
		store_ln23 : 1
		store_ln23 : 1
	State 27
		store_ln23 : 1


============================================================
+ Verbose Summary: Datapath Resource usage 
============================================================

* Functional unit list:
|----------|----------------------|---------|---------|---------|
| Operation|    Functional Unit   |   DSP   |    FF   |   LUT   |
|----------|----------------------|---------|---------|---------|
|          |      grp_fu_572      |    0    |   102   |    77   |
|          |      grp_fu_586      |    0    |   102   |    77   |
|          |      grp_fu_600      |    0    |   102   |    77   |
|          |      grp_fu_606      |    0    |   102   |    77   |
|          |      grp_fu_620      |    0    |   102   |    77   |
|          |      grp_fu_633      |    0    |   102   |    77   |
|          |      grp_fu_638      |    0    |   102   |    77   |
|          |      grp_fu_643      |    0    |   102   |    77   |
|          |      grp_fu_664      |    0    |   102   |    77   |
|          |      grp_fu_669      |    0    |   102   |    77   |
|          |      grp_fu_677      |    0    |   102   |    77   |
|          |      grp_fu_682      |    0    |   102   |    77   |
|          |      grp_fu_703      |    0    |   102   |    77   |
|          |      grp_fu_707      |    0    |   102   |    77   |
|          |      grp_fu_711      |    0    |   102   |    77   |
|          |      grp_fu_718      |    0    |   102   |    77   |
|          |      grp_fu_729      |    0    |   102   |    77   |
|          |      grp_fu_733      |    0    |   102   |    77   |
|          |      grp_fu_737      |    0    |   102   |    77   |
|          |      grp_fu_741      |    0    |   102   |    77   |
|          |      grp_fu_763      |    0    |   102   |    77   |
|          |      grp_fu_768      |    0    |   102   |    77   |
|          |      grp_fu_773      |    0    |   102   |    77   |
|          |      grp_fu_778      |    0    |   102   |    77   |
|    mul   |      grp_fu_789      |    0    |   102   |    77   |
|          |      grp_fu_798      |    0    |   102   |    77   |
|          |      grp_fu_810      |    0    |   102   |    77   |
|          |      grp_fu_822      |    0    |   102   |    77   |
|          |      grp_fu_829      |    0    |   102   |    77   |
|          |      grp_fu_840      |    0    |   102   |    77   |
|          |      grp_fu_851      |    0    |   102   |    77   |
|          |      grp_fu_856      |    0    |   102   |    77   |
|          |      grp_fu_861      |    0    |   102   |    77   |
|          |      grp_fu_865      |    0    |   102   |    77   |
|          |      grp_fu_869      |    0    |   102   |    77   |
|          |      grp_fu_876      |    0    |   102   |    77   |
|          |      grp_fu_896      |    0    |   102   |    77   |
|          |      grp_fu_900      |    0    |   102   |    77   |
|          |      grp_fu_904      |    0    |   102   |    77   |
|          |      grp_fu_908      |    0    |   102   |    77   |
|          |      grp_fu_927      |    0    |   102   |    77   |
|          |      grp_fu_932      |    0    |   102   |    77   |
|          |      grp_fu_937      |    0    |   102   |    77   |
|          |      grp_fu_942      |    0    |   102   |    77   |
|          |      grp_fu_950      |    0    |   102   |    77   |
|          |      grp_fu_957      |    0    |   102   |    77   |
|          |      grp_fu_962      |    0    |   102   |    77   |
|          |      grp_fu_967      |    0    |   102   |    77   |
|          |      grp_fu_975      |    0    |   102   |    77   |
|          |      grp_fu_979      |    0    |   102   |    77   |
|----------|----------------------|---------|---------|---------|
|          |   add_ln23_3_fu_983  |    0    |    0    |    23   |
|          |   add_ln23_7_fu_988  |    0    |    0    |    23   |
|          |  add_ln23_11_fu_993  |    0    |    0    |    23   |
|          |  add_ln23_15_fu_1000 |    0    |    0    |    23   |
|          |  add_ln23_19_fu_1005 |    0    |    0    |    23   |
|          |  add_ln23_23_fu_1009 |    0    |    0    |    23   |
|          |  add_ln23_27_fu_1013 |    0    |    0    |    23   |
|          |  add_ln23_31_fu_1020 |    0    |    0    |    23   |
|          |  add_ln23_35_fu_1024 |    0    |    0    |    23   |
|          |  add_ln23_39_fu_1028 |    0    |    0    |    23   |
|          |  add_ln23_43_fu_1032 |    0    |    0    |    23   |
|          |  add_ln23_47_fu_1039 |    0    |    0    |    23   |
|    add   |  add_ln23_51_fu_1043 |    0    |    0    |    23   |
|          |  add_ln23_55_fu_1047 |    0    |    0    |    23   |
|          |  add_ln23_59_fu_1051 |    0    |    0    |    23   |
|          |  add_ln23_63_fu_1055 |    0    |    0    |    23   |
|          |  add_ln23_67_fu_1059 |    0    |    0    |    23   |
|          |  add_ln23_71_fu_1063 |    0    |    0    |    23   |
|          |  add_ln23_75_fu_1067 |    0    |    0    |    23   |
|          |  add_ln23_79_fu_1071 |    0    |    0    |    23   |
|          |  add_ln23_83_fu_1075 |    0    |    0    |    23   |
|          |  add_ln23_87_fu_1079 |    0    |    0    |    23   |
|          |  add_ln23_91_fu_1083 |    0    |    0    |    23   |
|          |  add_ln23_95_fu_1087 |    0    |    0    |    23   |
|          |  add_ln23_99_fu_1091 |    0    |    0    |    23   |
|----------|----------------------|---------|---------|---------|
|          |      grp_fu_1095     |    1    |    0    |    0    |
|          |      grp_fu_1102     |    1    |    0    |    0    |
|          |      grp_fu_1109     |    1    |    0    |    0    |
|          |      grp_fu_1116     |    1    |    0    |    0    |
|          |      grp_fu_1123     |    1    |    0    |    0    |
|          |      grp_fu_1129     |    1    |    0    |    0    |
|          |      grp_fu_1135     |    1    |    0    |    0    |
|          |      grp_fu_1141     |    1    |    0    |    0    |
|          |      grp_fu_1147     |    1    |    0    |    0    |
|          |      grp_fu_1154     |    1    |    0    |    0    |
|          |      grp_fu_1161     |    1    |    0    |    0    |
|          |      grp_fu_1167     |    1    |    0    |    0    |
|          |      grp_fu_1173     |    1    |    0    |    0    |
|          |      grp_fu_1179     |    1    |    0    |    0    |
|          |      grp_fu_1185     |    1    |    0    |    0    |
|          |      grp_fu_1191     |    1    |    0    |    0    |
|          |      grp_fu_1197     |    1    |    0    |    0    |
|          |      grp_fu_1202     |    1    |    0    |    0    |
|          |      grp_fu_1207     |    1    |    0    |    0    |
|          |      grp_fu_1212     |    1    |    0    |    0    |
|          |      grp_fu_1218     |    1    |    0    |    0    |
|          |      grp_fu_1224     |    1    |    0    |    0    |
|          |      grp_fu_1230     |    1    |    0    |    0    |
|          |      grp_fu_1235     |    1    |    0    |    0    |
|          |      grp_fu_1240     |    1    |    0    |    0    |
|          |      grp_fu_1245     |    1    |    0    |    0    |
|          |      grp_fu_1250     |    1    |    0    |    0    |
|          |      grp_fu_1255     |    1    |    0    |    0    |
|          |      grp_fu_1260     |    1    |    0    |    0    |
|          |      grp_fu_1266     |    1    |    0    |    0    |
|          |      grp_fu_1272     |    1    |    0    |    0    |
|          |      grp_fu_1278     |    1    |    0    |    0    |
|          |      grp_fu_1284     |    1    |    0    |    0    |
|          |      grp_fu_1291     |    1    |    0    |    0    |
|          |      grp_fu_1298     |    1    |    0    |    0    |
|          |      grp_fu_1305     |    1    |    0    |    0    |
|          |      grp_fu_1310     |    1    |    0    |    0    |
|  muladd  |      grp_fu_1315     |    1    |    0    |    0    |
|          |      grp_fu_1320     |    1    |    0    |    0    |
|          |      grp_fu_1326     |    1    |    0    |    0    |
|          |      grp_fu_1332     |    1    |    0    |    0    |
|          |      grp_fu_1338     |    1    |    0    |    0    |
|          |      grp_fu_1344     |    1    |    0    |    0    |
|          |      grp_fu_1350     |    1    |    0    |    0    |
|          |      grp_fu_1356     |    1    |    0    |    0    |
|          |      grp_fu_1361     |    1    |    0    |    0    |
|          |      grp_fu_1366     |    1    |    0    |    0    |
|          |      grp_fu_1371     |    1    |    0    |    0    |
|          |      grp_fu_1377     |    1    |    0    |    0    |
|          |      grp_fu_1382     |    1    |    0    |    0    |
|          |      grp_fu_1387     |    1    |    0    |    0    |
|          |      grp_fu_1392     |    1    |    0    |    0    |
|          |      grp_fu_1397     |    1    |    0    |    0    |
|          |      grp_fu_1402     |    1    |    0    |    0    |
|          |      grp_fu_1407     |    1    |    0    |    0    |
|          |      grp_fu_1412     |    1    |    0    |    0    |
|          |      grp_fu_1418     |    1    |    0    |    0    |
|          |      grp_fu_1424     |    1    |    0    |    0    |
|          |      grp_fu_1430     |    1    |    0    |    0    |
|          |      grp_fu_1435     |    1    |    0    |    0    |
|          |      grp_fu_1441     |    1    |    0    |    0    |
|          |      grp_fu_1446     |    1    |    0    |    0    |
|          |      grp_fu_1452     |    1    |    0    |    0    |
|          |      grp_fu_1457     |    1    |    0    |    0    |
|          |      grp_fu_1462     |    1    |    0    |    0    |
|          |      grp_fu_1467     |    1    |    0    |    0    |
|          |      grp_fu_1473     |    1    |    0    |    0    |
|          |      grp_fu_1479     |    1    |    0    |    0    |
|          |      grp_fu_1485     |    1    |    0    |    0    |
|          |      grp_fu_1491     |    1    |    0    |    0    |
|          |      grp_fu_1497     |    1    |    0    |    0    |
|          |      grp_fu_1503     |    1    |    0    |    0    |
|          |      grp_fu_1508     |    1    |    0    |    0    |
|          |      grp_fu_1514     |    1    |    0    |    0    |
|          |      grp_fu_1519     |    1    |    0    |    0    |
|----------|----------------------|---------|---------|---------|
|          |      grp_fu_428      |    0    |    0    |    0    |
|          |      grp_fu_436      |    0    |    0    |    0    |
|          |      grp_fu_444      |    0    |    0    |    0    |
|          |      grp_fu_452      |    0    |    0    |    0    |
|          |      grp_fu_460      |    0    |    0    |    0    |
|          |      grp_fu_468      |    0    |    0    |    0    |
|          |      grp_fu_476      |    0    |    0    |    0    |
|partselect|      grp_fu_484      |    0    |    0    |    0    |
|          |      grp_fu_492      |    0    |    0    |    0    |
|          |      grp_fu_500      |    0    |    0    |    0    |
|          |      grp_fu_508      |    0    |    0    |    0    |
|          |      grp_fu_516      |    0    |    0    |    0    |
|          |      grp_fu_524      |    0    |    0    |    0    |
|          |      grp_fu_532      |    0    |    0    |    0    |
|          |      grp_fu_540      |    0    |    0    |    0    |
|          |      grp_fu_548      |    0    |    0    |    0    |
|----------|----------------------|---------|---------|---------|
|          |   trunc_ln23_fu_556  |    0    |    0    |    0    |
|          |  trunc_ln23_1_fu_560 |    0    |    0    |    0    |
|          |  trunc_ln23_2_fu_578 |    0    |    0    |    0    |
|          |  trunc_ln23_6_fu_592 |    0    |    0    |    0    |
|   trunc  |  trunc_ln23_3_fu_612 |    0    |    0    |    0    |
|          |  trunc_ln23_4_fu_625 |    0    |    0    |    0    |
|          |  trunc_ln23_7_fu_648 |    0    |    0    |    0    |
|          |  trunc_ln23_8_fu_652 |    0    |    0    |    0    |
|          |  trunc_ln23_5_fu_656 |    0    |    0    |    0    |
|          |  trunc_ln23_9_fu_687 |    0    |    0    |    0    |
|----------|----------------------|---------|---------|---------|
|          |  sext_ln23_6_fu_564  |    0    |    0    |    0    |
|          |  sext_ln23_7_fu_568  |    0    |    0    |    0    |
|          |  sext_ln23_13_fu_582 |    0    |    0    |    0    |
|          |  sext_ln23_33_fu_596 |    0    |    0    |    0    |
|          |  sext_ln23_18_fu_616 |    0    |    0    |    0    |
|          |  sext_ln23_23_fu_629 |    0    |    0    |    0    |
|          |  sext_ln23_28_fu_660 |    0    |    0    |    0    |
|          |  sext_ln23_38_fu_674 |    0    |    0    |    0    |
|          |  sext_ln23_8_fu_691  |    0    |    0    |    0    |
|          |  sext_ln23_9_fu_694  |    0    |    0    |    0    |
|          |  sext_ln23_14_fu_697 |    0    |    0    |    0    |
|          |  sext_ln23_34_fu_700 |    0    |    0    |    0    |
|          |  sext_ln23_43_fu_715 |    0    |    0    |    0    |
|          |  sext_ln23_19_fu_723 |    0    |    0    |    0    |
|          |  sext_ln23_24_fu_726 |    0    |    0    |    0    |
|          |  sext_ln23_4_fu_745  |    0    |    0    |    0    |
|          |  sext_ln23_5_fu_748  |    0    |    0    |    0    |
|          |  sext_ln23_12_fu_751 |    0    |    0    |    0    |
|          |  sext_ln23_29_fu_754 |    0    |    0    |    0    |
|          |  sext_ln23_39_fu_757 |    0    |    0    |    0    |
|          |  sext_ln23_48_fu_760 |    0    |    0    |    0    |
|          |  sext_ln23_2_fu_783  |    0    |    0    |    0    |
|          |  sext_ln23_3_fu_786  |    0    |    0    |    0    |
|          |  sext_ln23_11_fu_795 |    0    |    0    |    0    |
|   sext   |  sext_ln23_16_fu_804 |    0    |    0    |    0    |
|          |  sext_ln23_17_fu_807 |    0    |    0    |    0    |
|          |  sext_ln23_22_fu_816 |    0    |    0    |    0    |
|          |  sext_ln23_44_fu_819 |    0    |    0    |    0    |
|          |  sext_ln23_21_fu_826 |    0    |    0    |    0    |
|          |  sext_ln23_26_fu_834 |    0    |    0    |    0    |
|          |  sext_ln23_27_fu_837 |    0    |    0    |    0    |
|          |  sext_ln23_31_fu_845 |    0    |    0    |    0    |
|          |  sext_ln23_32_fu_848 |    0    |    0    |    0    |
|          |  sext_ln23_36_fu_873 |    0    |    0    |    0    |
|          |  sext_ln23_49_fu_881 |    0    |    0    |    0    |
|          |   sext_ln23_fu_884   |    0    |    0    |    0    |
|          |  sext_ln23_1_fu_887  |    0    |    0    |    0    |
|          |  sext_ln23_10_fu_890 |    0    |    0    |    0    |
|          |  sext_ln23_15_fu_893 |    0    |    0    |    0    |
|          |  sext_ln23_20_fu_912 |    0    |    0    |    0    |
|          |  sext_ln23_25_fu_915 |    0    |    0    |    0    |
|          |  sext_ln23_30_fu_918 |    0    |    0    |    0    |
|          |  sext_ln23_37_fu_921 |    0    |    0    |    0    |
|          |  sext_ln23_41_fu_924 |    0    |    0    |    0    |
|          |  sext_ln23_35_fu_947 |    0    |    0    |    0    |
|          |  sext_ln23_46_fu_954 |    0    |    0    |    0    |
|          |  sext_ln23_42_fu_972 |    0    |    0    |    0    |
|          |  sext_ln23_40_fu_997 |    0    |    0    |    0    |
|          | sext_ln23_45_fu_1017 |    0    |    0    |    0    |
|          | sext_ln23_47_fu_1036 |    0    |    0    |    0    |
|----------|----------------------|---------|---------|---------|
|   Total  |                      |    75   |   5100  |   4425  |
|----------|----------------------|---------|---------|---------|

Memories:
N/A

* Register list:
+---------------------+--------+
|                     |   FF   |
+---------------------+--------+
|  a_addr_1_reg_1539  |    3   |
|  a_addr_2_reg_1670  |    3   |
|  a_addr_3_reg_1675  |    3   |
|  a_addr_4_reg_1793  |    3   |
|   a_addr_reg_1524   |    3   |
| add_ln23_10_reg_2310|   16   |
| add_ln23_11_reg_2582|   16   |
| add_ln23_12_reg_2587|   16   |
| add_ln23_13_reg_2135|   16   |
| add_ln23_14_reg_2315|   16   |
| add_ln23_16_reg_2592|   16   |
| add_ln23_17_reg_2216|   16   |
| add_ln23_18_reg_2393|   16   |
| add_ln23_19_reg_2646|   16   |
| add_ln23_1_reg_2036 |   16   |
| add_ln23_20_reg_2597|   16   |
| add_ln23_21_reg_2087|   16   |
| add_ln23_22_reg_2407|   16   |
| add_ln23_23_reg_2651|   16   |
| add_ln23_24_reg_2602|   16   |
| add_ln23_25_reg_2092|   16   |
| add_ln23_26_reg_2475|   16   |
| add_ln23_27_reg_2656|   16   |
| add_ln23_28_reg_2661|   16   |
| add_ln23_29_reg_2176|   16   |
| add_ln23_2_reg_2206 |   16   |
| add_ln23_30_reg_2480|   16   |
| add_ln23_31_reg_2720|   16   |
| add_ln23_32_reg_2666|   16   |
| add_ln23_33_reg_2181|   16   |
| add_ln23_34_reg_2548|   16   |
| add_ln23_35_reg_2725|   16   |
| add_ln23_36_reg_2671|   16   |
| add_ln23_37_reg_2221|   16   |
| add_ln23_38_reg_2558|   16   |
| add_ln23_39_reg_2730|   16   |
| add_ln23_40_reg_2676|   16   |
| add_ln23_41_reg_2235|   16   |
| add_ln23_42_reg_2607|   16   |
| add_ln23_43_reg_2735|   16   |
| add_ln23_44_reg_2740|   16   |
| add_ln23_45_reg_2240|   16   |
| add_ln23_46_reg_2617|   16   |
| add_ln23_47_reg_2799|   16   |
| add_ln23_48_reg_2745|   16   |
| add_ln23_49_reg_2320|   16   |
| add_ln23_4_reg_2528 |   16   |
| add_ln23_50_reg_2681|   16   |
| add_ln23_51_reg_2804|   16   |
| add_ln23_52_reg_2750|   16   |
| add_ln23_53_reg_2325|   16   |
| add_ln23_54_reg_2686|   16   |
| add_ln23_55_reg_2809|   16   |
| add_ln23_56_reg_2755|   16   |
| add_ln23_57_reg_2330|   16   |
| add_ln23_58_reg_2760|   16   |
| add_ln23_59_reg_2814|   16   |
| add_ln23_5_reg_2050 |   16   |
| add_ln23_60_reg_2819|   16   |
| add_ln23_61_reg_2335|   16   |
| add_ln23_62_reg_2765|   16   |
| add_ln23_63_reg_2859|   16   |
| add_ln23_64_reg_2824|   16   |
| add_ln23_65_reg_2430|   16   |
| add_ln23_66_reg_2829|   16   |
| add_ln23_67_reg_2864|   16   |
| add_ln23_68_reg_2834|   16   |
| add_ln23_69_reg_2435|   16   |
| add_ln23_6_reg_2211 |   16   |
| add_ln23_70_reg_2839|   16   |
| add_ln23_71_reg_2869|   16   |
| add_ln23_72_reg_2844|   16   |
| add_ln23_73_reg_2440|   16   |
| add_ln23_74_reg_2874|   16   |
| add_ln23_75_reg_2904|   16   |
| add_ln23_76_reg_2879|   16   |
| add_ln23_77_reg_2445|   16   |
| add_ln23_78_reg_2884|   16   |
| add_ln23_79_reg_2909|   16   |
| add_ln23_80_reg_2889|   16   |
| add_ln23_81_reg_2503|   16   |
| add_ln23_82_reg_2914|   16   |
| add_ln23_83_reg_2944|   16   |
| add_ln23_84_reg_2894|   16   |
| add_ln23_85_reg_2508|   16   |
| add_ln23_86_reg_2919|   16   |
| add_ln23_87_reg_2949|   16   |
| add_ln23_88_reg_2899|   16   |
| add_ln23_89_reg_2513|   16   |
| add_ln23_8_reg_2533 |   16   |
| add_ln23_90_reg_2924|   16   |
| add_ln23_91_reg_2954|   16   |
| add_ln23_92_reg_2929|   16   |
| add_ln23_93_reg_2518|   16   |
| add_ln23_94_reg_2934|   16   |
| add_ln23_95_reg_2959|   16   |
| add_ln23_96_reg_2939|   16   |
| add_ln23_97_reg_2577|   16   |
| add_ln23_98_reg_2964|   16   |
| add_ln23_99_reg_2969|   16   |
| add_ln23_9_reg_2121 |   16   |
|  add_ln23_reg_2523  |   16   |
|  b_addr_1_reg_1534  |    3   |
|  b_addr_2_reg_1631  |    3   |
|  b_addr_3_reg_1636  |    3   |
|  b_addr_4_reg_1738  |    3   |
|   b_addr_reg_1529   |    3   |
|mul_ln23_101_reg_2784|   16   |
|mul_ln23_103_reg_2340|   16   |
|mul_ln23_106_reg_2789|   16   |
|mul_ln23_108_reg_2345|   16   |
|mul_ln23_111_reg_2794|   16   |
|mul_ln23_113_reg_2350|   16   |
|mul_ln23_116_reg_2849|   16   |
|mul_ln23_118_reg_2355|   16   |
| mul_ln23_11_reg_2370|   16   |
|mul_ln23_121_reg_2854|   16   |
|mul_ln23_123_reg_2450|   16   |
| mul_ln23_13_reg_1971|   16   |
| mul_ln23_16_reg_2455|   16   |
| mul_ln23_18_reg_1976|   16   |
| mul_ln23_1_reg_2360 |   16   |
| mul_ln23_21_reg_2460|   16   |
| mul_ln23_23_reg_2082|   16   |
| mul_ln23_26_reg_2465|   16   |
| mul_ln23_28_reg_1934|   16   |
| mul_ln23_31_reg_2470|   16   |
| mul_ln23_33_reg_1939|   16   |
| mul_ln23_36_reg_2538|   16   |
| mul_ln23_38_reg_1990|   16   |
| mul_ln23_3_reg_1906 |   16   |
| mul_ln23_41_reg_2543|   16   |
| mul_ln23_43_reg_1995|   16   |
| mul_ln23_46_reg_2553|   16   |
| mul_ln23_48_reg_2097|   16   |
| mul_ln23_51_reg_2563|   16   |
| mul_ln23_53_reg_2102|   16   |
| mul_ln23_56_reg_2612|   16   |
| mul_ln23_58_reg_2107|   16   |
| mul_ln23_61_reg_2622|   16   |
| mul_ln23_63_reg_2186|   16   |
| mul_ln23_66_reg_2627|   16   |
| mul_ln23_68_reg_2191|   16   |
| mul_ln23_6_reg_2365 |   16   |
| mul_ln23_71_reg_2632|   16   |
| mul_ln23_73_reg_2196|   16   |
| mul_ln23_76_reg_2691|   16   |
| mul_ln23_78_reg_2201|   16   |
| mul_ln23_81_reg_2696|   16   |
| mul_ln23_83_reg_2245|   16   |
| mul_ln23_86_reg_2701|   16   |
| mul_ln23_88_reg_2250|   16   |
| mul_ln23_8_reg_1911 |   16   |
| mul_ln23_91_reg_2706|   16   |
| mul_ln23_93_reg_2255|   16   |
| mul_ln23_96_reg_2770|   16   |
| mul_ln23_98_reg_2260|   16   |
|sext_ln23_10_reg_2292|   16   |
|sext_ln23_11_reg_2041|   16   |
|sext_ln23_12_reg_1962|   16   |
|sext_ln23_13_reg_1617|   16   |
|sext_ln23_14_reg_1879|   16   |
|sext_ln23_15_reg_2301|   16   |
|sext_ln23_16_reg_2055|   16   |
|sext_ln23_17_reg_2064|   16   |
|sext_ln23_18_reg_1695|   16   |
|sext_ln23_19_reg_1916|   16   |
| sext_ln23_1_reg_2283|   16   |
|sext_ln23_20_reg_2375|   16   |
|sext_ln23_21_reg_2126|   16   |
|sext_ln23_22_reg_2073|   16   |
|sext_ln23_23_reg_1724|   16   |
|sext_ln23_24_reg_1925|   16   |
|sext_ln23_25_reg_2384|   16   |
|sext_ln23_26_reg_2140|   16   |
|sext_ln23_27_reg_2149|   16   |
|sext_ln23_28_reg_1813|   16   |
|sext_ln23_29_reg_1981|   16   |
| sext_ln23_2_reg_2018|   16   |
|sext_ln23_30_reg_2398|   16   |
|sext_ln23_31_reg_2158|   16   |
|sext_ln23_32_reg_2167|   16   |
|sext_ln23_33_reg_1656|   16   |
|sext_ln23_34_reg_1888|   16   |
|sext_ln23_35_reg_2485|   16   |
|sext_ln23_36_reg_2226|   16   |
|sext_ln23_37_reg_2412|   16   |
|sext_ln23_38_reg_1827|   16   |
|sext_ln23_39_reg_2000|   16   |
| sext_ln23_3_reg_2027|   16   |
|sext_ln23_40_reg_2637|   16   |
|sext_ln23_41_reg_2421|   16   |
|sext_ln23_42_reg_2568|   16   |
|sext_ln23_43_reg_1897|   16   |
|sext_ln23_44_reg_2112|   16   |
|sext_ln23_45_reg_2711|   16   |
|sext_ln23_46_reg_2494|   16   |
|sext_ln23_47_reg_2775|   16   |
|sext_ln23_48_reg_2009|   16   |
|sext_ln23_49_reg_2265|   16   |
| sext_ln23_4_reg_1944|   16   |
| sext_ln23_5_reg_1953|   16   |
| sext_ln23_6_reg_1574|   16   |
| sext_ln23_7_reg_1583|   16   |
| sext_ln23_8_reg_1861|   16   |
| sext_ln23_9_reg_1870|   16   |
|  sext_ln23_reg_2274 |   16   |
|   tmp_10_reg_1626   |    8   |
|   tmp_11_reg_1685   |    8   |
|   tmp_12_reg_1690   |    8   |
|   tmp_14_reg_1704   |    8   |
|   tmp_15_reg_1714   |    8   |
|   tmp_16_reg_1719   |    8   |
|   tmp_18_reg_1733   |    8   |
|   tmp_19_reg_1803   |    8   |
|    tmp_1_reg_1559   |    8   |
|   tmp_20_reg_1808   |    8   |
|   tmp_22_reg_1822   |    8   |
|   tmp_23_reg_1646   |    8   |
|   tmp_24_reg_1651   |    8   |
|   tmp_26_reg_1665   |    8   |
|   tmp_27_reg_1748   |    8   |
|   tmp_28_reg_1753   |    8   |
|   tmp_29_reg_1758   |    8   |
|    tmp_2_reg_1564   |    8   |
|   tmp_30_reg_1763   |    8   |
|   tmp_31_reg_1773   |    8   |
|   tmp_32_reg_1778   |    8   |
|   tmp_33_reg_1783   |    8   |
|   tmp_34_reg_1788   |    8   |
|   tmp_35_reg_1841   |    8   |
|   tmp_36_reg_1846   |    8   |
|   tmp_37_reg_1851   |    8   |
|   tmp_38_reg_1856   |    8   |
|    tmp_3_reg_1569   |    8   |
|    tmp_6_reg_1592   |    8   |
|    tmp_7_reg_1597   |    8   |
|    tmp_8_reg_1607   |    8   |
|    tmp_9_reg_1612   |    8   |
|     tmp_reg_1554    |    8   |
|trunc_ln23_1_reg_1549|    8   |
|trunc_ln23_2_reg_1602|    8   |
|trunc_ln23_3_reg_1680|    8   |
|trunc_ln23_4_reg_1709|    8   |
|trunc_ln23_5_reg_1798|    8   |
|trunc_ln23_6_reg_1641|    8   |
|trunc_ln23_7_reg_1743|    8   |
|trunc_ln23_8_reg_1768|    8   |
|trunc_ln23_9_reg_1836|    8   |
| trunc_ln23_reg_1544 |    8   |
+---------------------+--------+
|        Total        |  3526  |
+---------------------+--------+

* Multiplexer (MUX) list: 
|-------------------|------|------|------|--------||---------||---------||---------|
|        Comp       |  Pin | Size |  BW  | S x BW ||  Delay  ||    FF   ||   LUT   |
|-------------------|------|------|------|--------||---------||---------||---------|
|  grp_access_fu_94 |  p0  |   6  |   3  |   18   ||    0    ||    31   |
|  grp_access_fu_94 |  p2  |   4  |   0  |    0   ||    0    ||    20   |
| grp_access_fu_112 |  p0  |   6  |   3  |   18   ||    0    ||    31   |
| grp_access_fu_112 |  p2  |   4  |   0  |    0   ||    0    ||    20   |
| grp_access_fu_210 |  p0  |  13  |   5  |   65   ||    0    ||    65   |
| grp_access_fu_210 |  p1  |  13  |  16  |   208  ||    0    ||    65   |
| grp_access_fu_210 |  p2  |  12  |   0  |    0   ||    0    ||    65   |
| grp_access_fu_210 |  p4  |  12  |   5  |   60   ||    0    ||    65   |
|     grp_fu_572    |  p0  |   2  |   8  |   16   ||    0    ||    9    |
|     grp_fu_572    |  p1  |   2  |   8  |   16   ||    0    ||    9    |
|     grp_fu_586    |  p0  |   2  |   8  |   16   ||    0    ||    9    |
|     grp_fu_586    |  p1  |   2  |   8  |   16   ||    0    ||    9    |
|     grp_fu_600    |  p0  |   2  |   8  |   16   ||    0    ||    9    |
|     grp_fu_600    |  p1  |   2  |   8  |   16   ||    0    ||    9    |
|     grp_fu_606    |  p0  |   2  |   8  |   16   ||    0    ||    9    |
|     grp_fu_606    |  p1  |   2  |   8  |   16   ||    0    ||    9    |
|     grp_fu_620    |  p0  |   2  |   8  |   16   ||    0    ||    9    |
|     grp_fu_633    |  p0  |   2  |   8  |   16   ||    0    ||    9    |
|     grp_fu_638    |  p1  |   2  |   8  |   16   ||    0    ||    9    |
|     grp_fu_643    |  p1  |   2  |   8  |   16   ||    0    ||    9    |
|     grp_fu_664    |  p0  |   2  |   8  |   16   ||    0    ||    9    |
|     grp_fu_669    |  p1  |   2  |   8  |   16   ||    0    ||    9    |
|     grp_fu_677    |  p0  |   2  |   8  |   16   ||    0    ||    9    |
|     grp_fu_682    |  p0  |   2  |   8  |   16   ||    0    ||    9    |
|     grp_fu_718    |  p0  |   2  |   8  |   16   ||    0    ||    9    |
|     grp_fu_763    |  p0  |   2  |   8  |   16   ||    0    ||    9    |
|     grp_fu_768    |  p0  |   2  |   8  |   16   ||    0    ||    9    |
|     grp_fu_773    |  p0  |   2  |   8  |   16   ||    0    ||    9    |
|     grp_fu_778    |  p0  |   2  |   8  |   16   ||    0    ||    9    |
|     grp_fu_789    |  p0  |   2  |   8  |   16   ||    0    ||    9    |
|     grp_fu_789    |  p1  |   2  |   8  |   16   ||    0    ||    9    |
|     grp_fu_798    |  p0  |   2  |   8  |   16   ||    0    ||    9    |
|     grp_fu_798    |  p1  |   2  |   8  |   16   ||    0    ||    9    |
|     grp_fu_810    |  p0  |   2  |   8  |   16   ||    0    ||    9    |
|     grp_fu_810    |  p1  |   2  |   8  |   16   ||    0    ||    9    |
|     grp_fu_829    |  p0  |   2  |   8  |   16   ||    0    ||    9    |
|     grp_fu_840    |  p0  |   2  |   8  |   16   ||    0    ||    9    |
|     grp_fu_851    |  p0  |   2  |   8  |   16   ||    0    ||    9    |
|     grp_fu_856    |  p0  |   2  |   8  |   16   ||    0    ||    9    |
|     grp_fu_876    |  p0  |   2  |   8  |   16   ||    0    ||    9    |
|     grp_fu_927    |  p0  |   2  |   8  |   16   ||    0    ||    9    |
|     grp_fu_932    |  p0  |   2  |   8  |   16   ||    0    ||    9    |
|     grp_fu_937    |  p0  |   2  |   8  |   16   ||    0    ||    9    |
|     grp_fu_942    |  p0  |   2  |   8  |   16   ||    0    ||    9    |
|     grp_fu_957    |  p0  |   2  |   8  |   16   ||    0    ||    9    |
|     grp_fu_962    |  p0  |   2  |   8  |   16   ||    0    ||    9    |
|     grp_fu_967    |  p0  |   2  |   8  |   16   ||    0    ||    9    |
|    grp_fu_1095    |  p0  |   3  |   8  |   24   ||    0    ||    14   |
|    grp_fu_1095    |  p1  |   2  |   8  |   16   ||    0    ||    9    |
|    grp_fu_1102    |  p0  |   3  |   8  |   24   ||    0    ||    14   |
|    grp_fu_1102    |  p1  |   2  |   8  |   16   ||    0    ||    9    |
|    grp_fu_1109    |  p0  |   3  |   8  |   24   ||    0    ||    14   |
|    grp_fu_1109    |  p1  |   2  |   8  |   16   ||    0    ||    9    |
|    grp_fu_1116    |  p0  |   3  |   8  |   24   ||    0    ||    14   |
|    grp_fu_1116    |  p1  |   2  |   8  |   16   ||    0    ||    9    |
|    grp_fu_1123    |  p0  |   3  |   8  |   24   ||    0    ||    14   |
|    grp_fu_1129    |  p0  |   3  |   8  |   24   ||    0    ||    14   |
|    grp_fu_1135    |  p0  |   2  |   8  |   16   ||    0    ||    9    |
|    grp_fu_1135    |  p1  |   2  |   8  |   16   ||    0    ||    9    |
|    grp_fu_1141    |  p0  |   2  |   8  |   16   ||    0    ||    9    |
|    grp_fu_1141    |  p1  |   2  |   8  |   16   ||    0    ||    9    |
|    grp_fu_1147    |  p0  |   3  |   8  |   24   ||    0    ||    14   |
|    grp_fu_1147    |  p1  |   2  |   8  |   16   ||    0    ||    9    |
|    grp_fu_1154    |  p0  |   3  |   8  |   24   ||    0    ||    14   |
|    grp_fu_1154    |  p1  |   2  |   8  |   16   ||    0    ||    9    |
|    grp_fu_1161    |  p0  |   3  |   8  |   24   ||    0    ||    14   |
|    grp_fu_1167    |  p0  |   2  |   8  |   16   ||    0    ||    9    |
|    grp_fu_1167    |  p1  |   2  |   8  |   16   ||    0    ||    9    |
|    grp_fu_1173    |  p0  |   3  |   8  |   24   ||    0    ||    14   |
|    grp_fu_1179    |  p0  |   3  |   8  |   24   ||    0    ||    14   |
|    grp_fu_1185    |  p0  |   3  |   8  |   24   ||    0    ||    14   |
|    grp_fu_1191    |  p0  |   3  |   8  |   24   ||    0    ||    14   |
|    grp_fu_1197    |  p0  |   2  |   8  |   16   ||    0    ||    9    |
|    grp_fu_1202    |  p0  |   2  |   8  |   16   ||    0    ||    9    |
|    grp_fu_1207    |  p0  |   2  |   8  |   16   ||    0    ||    9    |
|    grp_fu_1212    |  p0  |   3  |   8  |   24   ||    0    ||    14   |
|    grp_fu_1218    |  p0  |   3  |   8  |   24   ||    0    ||    14   |
|    grp_fu_1224    |  p0  |   3  |   8  |   24   ||    0    ||    14   |
|    grp_fu_1230    |  p0  |   2  |   8  |   16   ||    0    ||    9    |
|    grp_fu_1235    |  p0  |   2  |   8  |   16   ||    0    ||    9    |
|    grp_fu_1240    |  p0  |   2  |   8  |   16   ||    0    ||    9    |
|    grp_fu_1245    |  p0  |   2  |   8  |   16   ||    0    ||    9    |
|    grp_fu_1250    |  p0  |   2  |   8  |   16   ||    0    ||    9    |
|    grp_fu_1255    |  p0  |   2  |   8  |   16   ||    0    ||    9    |
|    grp_fu_1260    |  p0  |   3  |   8  |   24   ||    0    ||    14   |
|    grp_fu_1266    |  p0  |   3  |   8  |   24   ||    0    ||    14   |
|    grp_fu_1272    |  p0  |   3  |   8  |   24   ||    0    ||    14   |
|    grp_fu_1278    |  p0  |   3  |   8  |   24   ||    0    ||    14   |
|    grp_fu_1284    |  p0  |   3  |   8  |   24   ||    0    ||    14   |
|    grp_fu_1284    |  p1  |   2  |   8  |   16   ||    0    ||    9    |
|    grp_fu_1291    |  p0  |   3  |   8  |   24   ||    0    ||    14   |
|    grp_fu_1291    |  p1  |   2  |   8  |   16   ||    0    ||    9    |
|    grp_fu_1298    |  p0  |   3  |   8  |   24   ||    0    ||    14   |
|    grp_fu_1298    |  p1  |   2  |   8  |   16   ||    0    ||    9    |
|    grp_fu_1305    |  p0  |   2  |   8  |   16   ||    0    ||    9    |
|    grp_fu_1310    |  p0  |   2  |   8  |   16   ||    0    ||    9    |
|    grp_fu_1315    |  p0  |   2  |   8  |   16   ||    0    ||    9    |
|    grp_fu_1320    |  p0  |   3  |   8  |   24   ||    0    ||    14   |
|    grp_fu_1326    |  p0  |   3  |   8  |   24   ||    0    ||    14   |
|    grp_fu_1332    |  p0  |   3  |   8  |   24   ||    0    ||    14   |
|    grp_fu_1338    |  p0  |   3  |   8  |   24   ||    0    ||    14   |
|    grp_fu_1344    |  p0  |   3  |   8  |   24   ||    0    ||    14   |
|    grp_fu_1350    |  p0  |   3  |   8  |   24   ||    0    ||    14   |
|    grp_fu_1356    |  p0  |   2  |   8  |   16   ||    0    ||    9    |
|    grp_fu_1361    |  p0  |   2  |   8  |   16   ||    0    ||    9    |
|    grp_fu_1366    |  p0  |   2  |   8  |   16   ||    0    ||    9    |
|    grp_fu_1371    |  p0  |   3  |   8  |   24   ||    0    ||    14   |
|    grp_fu_1377    |  p0  |   2  |   8  |   16   ||    0    ||    9    |
|    grp_fu_1382    |  p0  |   2  |   8  |   16   ||    0    ||    9    |
|    grp_fu_1387    |  p0  |   2  |   8  |   16   ||    0    ||    9    |
|    grp_fu_1392    |  p0  |   2  |   8  |   16   ||    0    ||    9    |
|    grp_fu_1397    |  p0  |   2  |   8  |   16   ||    0    ||    9    |
|    grp_fu_1402    |  p0  |   2  |   8  |   16   ||    0    ||    9    |
|    grp_fu_1407    |  p0  |   2  |   8  |   16   ||    0    ||    9    |
|    grp_fu_1412    |  p0  |   3  |   8  |   24   ||    0    ||    14   |
|    grp_fu_1418    |  p0  |   3  |   8  |   24   ||    0    ||    14   |
|    grp_fu_1424    |  p0  |   3  |   8  |   24   ||    0    ||    14   |
|    grp_fu_1430    |  p0  |   2  |   8  |   16   ||    0    ||    9    |
|    grp_fu_1435    |  p0  |   3  |   8  |   24   ||    0    ||    14   |
|    grp_fu_1441    |  p0  |   2  |   8  |   16   ||    0    ||    9    |
|    grp_fu_1446    |  p0  |   3  |   8  |   24   ||    0    ||    14   |
|    grp_fu_1452    |  p0  |   2  |   8  |   16   ||    0    ||    9    |
|    grp_fu_1457    |  p0  |   2  |   8  |   16   ||    0    ||    9    |
|    grp_fu_1462    |  p0  |   2  |   8  |   16   ||    0    ||    9    |
|    grp_fu_1467    |  p0  |   3  |   8  |   24   ||    0    ||    14   |
|    grp_fu_1473    |  p0  |   3  |   8  |   24   ||    0    ||    14   |
|    grp_fu_1479    |  p0  |   3  |   8  |   24   ||    0    ||    14   |
|    grp_fu_1485    |  p0  |   3  |   8  |   24   ||    0    ||    14   |
|    grp_fu_1491    |  p0  |   3  |   8  |   24   ||    0    ||    14   |
|    grp_fu_1497    |  p0  |   3  |   8  |   24   ||    0    ||    14   |
|    grp_fu_1503    |  p0  |   2  |   8  |   16   ||    0    ||    9    |
|    grp_fu_1508    |  p0  |   3  |   8  |   24   ||    0    ||    14   |
|    grp_fu_1514    |  p0  |   2  |   8  |   16   ||    0    ||    9    |
|    grp_fu_1519    |  p0  |   2  |   8  |   16   ||    0    ||    9    |
|-------------------|------|------|------|--------||---------||---------||---------|
|       Total       |      |      |      |  2721  || 223.648 ||    0    ||   1706  |
|-------------------|------|------|------|--------||---------||---------||---------|



* Summary:
+-----------+--------+--------+--------+--------+
|           |   DSP  |  Delay |   FF   |   LUT  |
+-----------+--------+--------+--------+--------+
|  Function |   75   |    -   |  5100  |  4425  |
|   Memory  |    -   |    -   |    -   |    -   |
|Multiplexer|    -   |   223  |    0   |  1706  |
|  Register |    -   |    -   |  3526  |    -   |
+-----------+--------+--------+--------+--------+
|   Total   |   75   |   223  |  8626  |  6131  |
+-----------+--------+--------+--------+--------+
