

================================================================
== Vitis HLS Report for 'matrix_mult'
================================================================
* Date:           Tue Oct  6 19:55:36 2026

* Version:        2026.1 (Build 6493734 on Jun 16 2026)
* Project:        matrix_mult
* Solution:       hls
* Product family: zynq
* Target device:  xc7z020-clg484-1


================================================================
== Performance Estimates
================================================================
+ Timing: 
    * Summary: 
    +--------+---------+----------+------------+
    |  Clock |  Target | Estimated| Uncertainty|
    +--------+---------+----------+------------+
    |ap_clk  |  5.00 ns|  5.415 ns|     1.35 ns|
    +--------+---------+----------+------------+

+ Latency: 
    * Summary: 
    +---------+---------+----------+----------+-----+-----+---------+
    |  Latency (cycles) |  Latency (absolute) |  Interval | Pipeline|
    |   min   |   max   |    min   |    max   | min | max |   Type  |
    +---------+---------+----------+----------+-----+-----+---------+
    |       26|       26|  0.141 us|  0.141 us|   13|   13|      yes|
    +---------+---------+----------+----------+-----+-----+---------+

    + Detail: 
        * Instance: 
        N/A

        * Loop: 
        N/A

============================================================
+ Verbose Summary: Synthesis Manager
============================================================
InlineROM: 1
ExposeGlobal: 0
============================================================
+ Verbose Summary: CDFG Model
============================================================
IsTopModel: 1
ResetActiveHigh: 1
IsCombinational: 0
IsDatapathOnly: 0
HasWiredReturn: 1
HasMFsm: 2
HasVarLatency: 0
IsPipeline: 1
IsRtlPipelined: 1
IsInstanceOverlapped: 0
IsDontTouch: 0
HasImplIP: 0
IsGatedGlobalClock: 0

+ Individual pipeline summary: 
  * Pipeline-0: initiation interval (II) = 13, depth = 27


============================================================
+ Verbose Summary: Schedule
============================================================
* Number of FSM states : 27
* Pipeline : 1
  Pipeline-0 : II = 13, D = 27, States = { 1 2 3 4 5 6 7 8 9 10 11 12 13 14 15 16 17 18 19 20 21 22 23 24 25 26 27 }
* Dataflow Pipeline: 0

* FSM state transitions: 
1 --> 2 
2 --> 3 
3 --> 4 
4 --> 5 
5 --> 6 
6 --> 7 
7 --> 8 
8 --> 9 
9 --> 10 
10 --> 11 
11 --> 12 
12 --> 13 
13 --> 14 
14 --> 15 
15 --> 16 
16 --> 17 
17 --> 18 
18 --> 19 
19 --> 20 
20 --> 21 
21 --> 22 
22 --> 23 
23 --> 24 
24 --> 25 
25 --> 26 
26 --> 27 
27 --> 

* FSM state operations: 

State 1 <SV = 0> <Delay = 0.00>
ST_1 : Operation 28 [1/1] (0.00ns)   --->   "%a_addr = getelementptr i40 %a, i64 0, i64 0" [../source/tut3B_Function_Reshape/matrix_mult.cpp:23]   --->   Operation 28 'getelementptr' 'a_addr' <Predicate = true> <Delay = 0.00>
ST_1 : Operation 29 [2/2] (0.00ns)   --->   "%a_load = load i3 %a_addr" [../source/tut3B_Function_Reshape/matrix_mult.cpp:23]   --->   Operation 29 'load' 'a_load' <Predicate = true> <Delay = 0.00> <CoreInst = "RAM">   --->   Core 81 'RAM' <Latency = 1> <II = 1> <Delay = 2.32> <Storage> <Opcode : 'load' 'store'> <Ports = 2> <Width = 40> <Depth = 5> <RAM>
ST_1 : Operation 30 [1/1] (0.00ns)   --->   "%b_addr = getelementptr i40 %b, i64 0, i64 0" [../source/tut3B_Function_Reshape/matrix_mult.cpp:23]   --->   Operation 30 'getelementptr' 'b_addr' <Predicate = true> <Delay = 0.00>
ST_1 : Operation 31 [2/2] (0.00ns)   --->   "%b_load = load i3 %b_addr" [../source/tut3B_Function_Reshape/matrix_mult.cpp:23]   --->   Operation 31 'load' 'b_load' <Predicate = true> <Delay = 0.00> <CoreInst = "RAM">   --->   Core 81 'RAM' <Latency = 1> <II = 1> <Delay = 2.32> <Storage> <Opcode : 'load' 'store'> <Ports = 2> <Width = 40> <Depth = 5> <RAM>
ST_1 : Operation 32 [1/1] (0.00ns)   --->   "%b_addr_1 = getelementptr i40 %b, i64 0, i64 1" [../source/tut3B_Function_Reshape/matrix_mult.cpp:23]   --->   Operation 32 'getelementptr' 'b_addr_1' <Predicate = true> <Delay = 0.00>
ST_1 : Operation 33 [2/2] (0.00ns)   --->   "%b_load_1 = load i3 %b_addr_1" [../source/tut3B_Function_Reshape/matrix_mult.cpp:23]   --->   Operation 33 'load' 'b_load_1' <Predicate = true> <Delay = 0.00> <CoreInst = "RAM">   --->   Core 81 'RAM' <Latency = 1> <II = 1> <Delay = 2.32> <Storage> <Opcode : 'load' 'store'> <Ports = 2> <Width = 40> <Depth = 5> <RAM>
ST_1 : Operation 34 [1/1] (0.00ns)   --->   "%a_addr_1 = getelementptr i40 %a, i64 0, i64 1" [../source/tut3B_Function_Reshape/matrix_mult.cpp:23]   --->   Operation 34 'getelementptr' 'a_addr_1' <Predicate = true> <Delay = 0.00>
ST_1 : Operation 35 [2/2] (0.00ns)   --->   "%a_load_1 = load i3 %a_addr_1" [../source/tut3B_Function_Reshape/matrix_mult.cpp:23]   --->   Operation 35 'load' 'a_load_1' <Predicate = true> <Delay = 0.00> <CoreInst = "RAM">   --->   Core 81 'RAM' <Latency = 1> <II = 1> <Delay = 2.32> <Storage> <Opcode : 'load' 'store'> <Ports = 2> <Width = 40> <Depth = 5> <RAM>

State 2 <SV = 1> <Delay = 5.41>
ST_2 : Operation 36 [1/2] ( I:0.00ns O:0.00ns )   --->   "%a_load = load i3 %a_addr" [../source/tut3B_Function_Reshape/matrix_mult.cpp:23]   --->   Operation 36 'load' 'a_load' <Predicate = true> <Delay = 0.00> <CoreInst = "RAM">   --->   Core 81 'RAM' <Latency = 1> <II = 1> <Delay = 2.32> <Storage> <Opcode : 'load' 'store'> <Ports = 2> <Width = 40> <Depth = 5> <RAM>
ST_2 : Operation 37 [1/1] (0.00ns)   --->   "%trunc_ln23 = trunc i40 %a_load" [../source/tut3B_Function_Reshape/matrix_mult.cpp:23]   --->   Operation 37 'trunc' 'trunc_ln23' <Predicate = true> <Delay = 0.00>
ST_2 : Operation 38 [1/2] ( I:0.00ns O:0.00ns )   --->   "%b_load = load i3 %b_addr" [../source/tut3B_Function_Reshape/matrix_mult.cpp:23]   --->   Operation 38 'load' 'b_load' <Predicate = true> <Delay = 0.00> <CoreInst = "RAM">   --->   Core 81 'RAM' <Latency = 1> <II = 1> <Delay = 2.32> <Storage> <Opcode : 'load' 'store'> <Ports = 2> <Width = 40> <Depth = 5> <RAM>
ST_2 : Operation 39 [1/1] (0.00ns)   --->   "%trunc_ln23_1 = trunc i40 %b_load" [../source/tut3B_Function_Reshape/matrix_mult.cpp:23]   --->   Operation 39 'trunc' 'trunc_ln23_1' <Predicate = true> <Delay = 0.00>
ST_2 : Operation 40 [1/1] (0.00ns)   --->   "%tmp = partselect i8 @_ssdm_op_PartSelect.i8.i40.i40, i40 %a_load, i40 8" [../source/tut3B_Function_Reshape/matrix_mult.cpp:23]   --->   Operation 40 'partselect' 'tmp' <Predicate = true> <Delay = 0.00>
ST_2 : Operation 41 [1/1] (0.00ns)   --->   "%tmp_1 = partselect i8 @_ssdm_op_PartSelect.i8.i40.i40, i40 %b_load, i40 8" [../source/tut3B_Function_Reshape/matrix_mult.cpp:23]   --->   Operation 41 'partselect' 'tmp_1' <Predicate = true> <Delay = 0.00>
ST_2 : Operation 42 [1/1] (0.00ns)   --->   "%tmp_2 = partselect i8 @_ssdm_op_PartSelect.i8.i40.i40, i40 %a_load, i40 16" [../source/tut3B_Function_Reshape/matrix_mult.cpp:23]   --->   Operation 42 'partselect' 'tmp_2' <Predicate = true> <Delay = 0.00>
ST_2 : Operation 43 [1/1] (0.00ns)   --->   "%tmp_3 = partselect i8 @_ssdm_op_PartSelect.i8.i40.i40, i40 %b_load, i40 16" [../source/tut3B_Function_Reshape/matrix_mult.cpp:23]   --->   Operation 43 'partselect' 'tmp_3' <Predicate = true> <Delay = 0.00>
ST_2 : Operation 44 [1/1] (0.00ns)   --->   "%tmp_4 = partselect i8 @_ssdm_op_PartSelect.i8.i40.i40, i40 %a_load, i40 24" [../source/tut3B_Function_Reshape/matrix_mult.cpp:23]   --->   Operation 44 'partselect' 'tmp_4' <Predicate = true> <Delay = 0.00>
ST_2 : Operation 45 [1/1] (0.00ns)   --->   "%sext_ln23_6 = sext i8 %tmp_4" [../source/tut3B_Function_Reshape/matrix_mult.cpp:23]   --->   Operation 45 'sext' 'sext_ln23_6' <Predicate = true> <Delay = 0.00>
ST_2 : Operation 46 [1/1] (0.00ns)   --->   "%tmp_5 = partselect i8 @_ssdm_op_PartSelect.i8.i40.i40, i40 %b_load, i40 24" [../source/tut3B_Function_Reshape/matrix_mult.cpp:23]   --->   Operation 46 'partselect' 'tmp_5' <Predicate = true> <Delay = 0.00>
ST_2 : Operation 47 [1/1] (0.00ns)   --->   "%sext_ln23_7 = sext i8 %tmp_5" [../source/tut3B_Function_Reshape/matrix_mult.cpp:23]   --->   Operation 47 'sext' 'sext_ln23_7' <Predicate = true> <Delay = 0.00>
ST_2 : Operation 48 [1/1] (0.00ns)   --->   "%tmp_6 = partselect i8 @_ssdm_op_PartSelect.i8.i40.i40, i40 %a_load, i40 32" [../source/tut3B_Function_Reshape/matrix_mult.cpp:23]   --->   Operation 48 'partselect' 'tmp_6' <Predicate = true> <Delay = 0.00>
ST_2 : Operation 49 [1/1] (0.00ns)   --->   "%tmp_7 = partselect i8 @_ssdm_op_PartSelect.i8.i40.i40, i40 %b_load, i40 32" [../source/tut3B_Function_Reshape/matrix_mult.cpp:23]   --->   Operation 49 'partselect' 'tmp_7' <Predicate = true> <Delay = 0.00>
ST_2 : Operation 50 [5/5] (5.41ns)   --->   "%mul_ln23_3 = mul i16 %sext_ln23_7, i16 %sext_ln23_6" [../source/tut3B_Function_Reshape/matrix_mult.cpp:23]   --->   Operation 50 'mul' 'mul_ln23_3' <Predicate = true> <Delay = 5.41> <CoreInst = "Multiplier">   --->   Core 3 'Multiplier' <Latency = 4> <II = 1> <Delay = 5.41> <FuncUnit> <Opcode : 'mul'> <InPorts = 2> <OutPorts = 1>
ST_2 : Operation 51 [1/2] ( I:0.00ns O:0.00ns )   --->   "%b_load_1 = load i3 %b_addr_1" [../source/tut3B_Function_Reshape/matrix_mult.cpp:23]   --->   Operation 51 'load' 'b_load_1' <Predicate = true> <Delay = 0.00> <CoreInst = "RAM">   --->   Core 81 'RAM' <Latency = 1> <II = 1> <Delay = 2.32> <Storage> <Opcode : 'load' 'store'> <Ports = 2> <Width = 40> <Depth = 5> <RAM>
ST_2 : Operation 52 [1/1] (0.00ns)   --->   "%trunc_ln23_2 = trunc i40 %b_load_1" [../source/tut3B_Function_Reshape/matrix_mult.cpp:23]   --->   Operation 52 'trunc' 'trunc_ln23_2' <Predicate = true> <Delay = 0.00>
ST_2 : Operation 53 [1/1] (0.00ns)   --->   "%tmp_8 = partselect i8 @_ssdm_op_PartSelect.i8.i40.i40, i40 %b_load_1, i40 8" [../source/tut3B_Function_Reshape/matrix_mult.cpp:23]   --->   Operation 53 'partselect' 'tmp_8' <Predicate = true> <Delay = 0.00>
ST_2 : Operation 54 [1/1] (0.00ns)   --->   "%tmp_9 = partselect i8 @_ssdm_op_PartSelect.i8.i40.i40, i40 %b_load_1, i40 16" [../source/tut3B_Function_Reshape/matrix_mult.cpp:23]   --->   Operation 54 'partselect' 'tmp_9' <Predicate = true> <Delay = 0.00>
ST_2 : Operation 55 [1/1] (0.00ns)   --->   "%tmp_s = partselect i8 @_ssdm_op_PartSelect.i8.i40.i40, i40 %b_load_1, i40 24" [../source/tut3B_Function_Reshape/matrix_mult.cpp:23]   --->   Operation 55 'partselect' 'tmp_s' <Predicate = true> <Delay = 0.00>
ST_2 : Operation 56 [1/1] (0.00ns)   --->   "%sext_ln23_13 = sext i8 %tmp_s" [../source/tut3B_Function_Reshape/matrix_mult.cpp:23]   --->   Operation 56 'sext' 'sext_ln23_13' <Predicate = true> <Delay = 0.00>
ST_2 : Operation 57 [1/1] (0.00ns)   --->   "%tmp_10 = partselect i8 @_ssdm_op_PartSelect.i8.i40.i40, i40 %b_load_1, i40 32" [../source/tut3B_Function_Reshape/matrix_mult.cpp:23]   --->   Operation 57 'partselect' 'tmp_10' <Predicate = true> <Delay = 0.00>
ST_2 : Operation 58 [5/5] (5.41ns)   --->   "%mul_ln23_8 = mul i16 %sext_ln23_13, i16 %sext_ln23_6" [../source/tut3B_Function_Reshape/matrix_mult.cpp:23]   --->   Operation 58 'mul' 'mul_ln23_8' <Predicate = true> <Delay = 5.41> <CoreInst = "Multiplier">   --->   Core 3 'Multiplier' <Latency = 4> <II = 1> <Delay = 5.41> <FuncUnit> <Opcode : 'mul'> <InPorts = 2> <OutPorts = 1>
ST_2 : Operation 59 [1/1] (0.00ns)   --->   "%b_addr_2 = getelementptr i40 %b, i64 0, i64 2" [../source/tut3B_Function_Reshape/matrix_mult.cpp:23]   --->   Operation 59 'getelementptr' 'b_addr_2' <Predicate = true> <Delay = 0.00>
ST_2 : Operation 60 [2/2] (0.00ns)   --->   "%b_load_2 = load i3 %b_addr_2" [../source/tut3B_Function_Reshape/matrix_mult.cpp:23]   --->   Operation 60 'load' 'b_load_2' <Predicate = true> <Delay = 0.00> <CoreInst = "RAM">   --->   Core 81 'RAM' <Latency = 1> <II = 1> <Delay = 2.32> <Storage> <Opcode : 'load' 'store'> <Ports = 2> <Width = 40> <Depth = 5> <RAM>
ST_2 : Operation 61 [1/1] (0.00ns)   --->   "%b_addr_3 = getelementptr i40 %b, i64 0, i64 3" [../source/tut3B_Function_Reshape/matrix_mult.cpp:23]   --->   Operation 61 'getelementptr' 'b_addr_3' <Predicate = true> <Delay = 0.00>
ST_2 : Operation 62 [2/2] (0.00ns)   --->   "%b_load_3 = load i3 %b_addr_3" [../source/tut3B_Function_Reshape/matrix_mult.cpp:23]   --->   Operation 62 'load' 'b_load_3' <Predicate = true> <Delay = 0.00> <CoreInst = "RAM">   --->   Core 81 'RAM' <Latency = 1> <II = 1> <Delay = 2.32> <Storage> <Opcode : 'load' 'store'> <Ports = 2> <Width = 40> <Depth = 5> <RAM>
ST_2 : Operation 63 [1/2] ( I:0.00ns O:0.00ns )   --->   "%a_load_1 = load i3 %a_addr_1" [../source/tut3B_Function_Reshape/matrix_mult.cpp:23]   --->   Operation 63 'load' 'a_load_1' <Predicate = true> <Delay = 0.00> <CoreInst = "RAM">   --->   Core 81 'RAM' <Latency = 1> <II = 1> <Delay = 2.32> <Storage> <Opcode : 'load' 'store'> <Ports = 2> <Width = 40> <Depth = 5> <RAM>
ST_2 : Operation 64 [1/1] (0.00ns)   --->   "%trunc_ln23_6 = trunc i40 %a_load_1" [../source/tut3B_Function_Reshape/matrix_mult.cpp:23]   --->   Operation 64 'trunc' 'trunc_ln23_6' <Predicate = true> <Delay = 0.00>
ST_2 : Operation 65 [1/1] (0.00ns)   --->   "%tmp_23 = partselect i8 @_ssdm_op_PartSelect.i8.i40.i40, i40 %a_load_1, i40 8" [../source/tut3B_Function_Reshape/matrix_mult.cpp:23]   --->   Operation 65 'partselect' 'tmp_23' <Predicate = true> <Delay = 0.00>
ST_2 : Operation 66 [1/1] (0.00ns)   --->   "%tmp_24 = partselect i8 @_ssdm_op_PartSelect.i8.i40.i40, i40 %a_load_1, i40 16" [../source/tut3B_Function_Reshape/matrix_mult.cpp:23]   --->   Operation 66 'partselect' 'tmp_24' <Predicate = true> <Delay = 0.00>
ST_2 : Operation 67 [1/1] (0.00ns)   --->   "%tmp_25 = partselect i8 @_ssdm_op_PartSelect.i8.i40.i40, i40 %a_load_1, i40 24" [../source/tut3B_Function_Reshape/matrix_mult.cpp:23]   --->   Operation 67 'partselect' 'tmp_25' <Predicate = true> <Delay = 0.00>
ST_2 : Operation 68 [1/1] (0.00ns)   --->   "%sext_ln23_33 = sext i8 %tmp_25" [../source/tut3B_Function_Reshape/matrix_mult.cpp:23]   --->   Operation 68 'sext' 'sext_ln23_33' <Predicate = true> <Delay = 0.00>
ST_2 : Operation 69 [1/1] (0.00ns)   --->   "%tmp_26 = partselect i8 @_ssdm_op_PartSelect.i8.i40.i40, i40 %a_load_1, i40 32" [../source/tut3B_Function_Reshape/matrix_mult.cpp:23]   --->   Operation 69 'partselect' 'tmp_26' <Predicate = true> <Delay = 0.00>
ST_2 : Operation 70 [5/5] (5.41ns)   --->   "%mul_ln23_28 = mul i16 %sext_ln23_33, i16 %sext_ln23_7" [../source/tut3B_Function_Reshape/matrix_mult.cpp:23]   --->   Operation 70 'mul' 'mul_ln23_28' <Predicate = true> <Delay = 5.41> <CoreInst = "Multiplier">   --->   Core 3 'Multiplier' <Latency = 4> <II = 1> <Delay = 5.41> <FuncUnit> <Opcode : 'mul'> <InPorts = 2> <OutPorts = 1>
ST_2 : Operation 71 [5/5] (5.41ns)   --->   "%mul_ln23_33 = mul i16 %sext_ln23_33, i16 %sext_ln23_13" [../source/tut3B_Function_Reshape/matrix_mult.cpp:23]   --->   Operation 71 'mul' 'mul_ln23_33' <Predicate = true> <Delay = 5.41> <CoreInst = "Multiplier">   --->   Core 3 'Multiplier' <Latency = 4> <II = 1> <Delay = 5.41> <FuncUnit> <Opcode : 'mul'> <InPorts = 2> <OutPorts = 1>
ST_2 : Operation 72 [1/1] (0.00ns)   --->   "%a_addr_2 = getelementptr i40 %a, i64 0, i64 2" [../source/tut3B_Function_Reshape/matrix_mult.cpp:23]   --->   Operation 72 'getelementptr' 'a_addr_2' <Predicate = true> <Delay = 0.00>
ST_2 : Operation 73 [2/2] (0.00ns)   --->   "%a_load_2 = load i3 %a_addr_2" [../source/tut3B_Function_Reshape/matrix_mult.cpp:23]   --->   Operation 73 'load' 'a_load_2' <Predicate = true> <Delay = 0.00> <CoreInst = "RAM">   --->   Core 81 'RAM' <Latency = 1> <II = 1> <Delay = 2.32> <Storage> <Opcode : 'load' 'store'> <Ports = 2> <Width = 40> <Depth = 5> <RAM>
ST_2 : Operation 74 [1/1] (0.00ns)   --->   "%a_addr_3 = getelementptr i40 %a, i64 0, i64 3" [../source/tut3B_Function_Reshape/matrix_mult.cpp:23]   --->   Operation 74 'getelementptr' 'a_addr_3' <Predicate = true> <Delay = 0.00>
ST_2 : Operation 75 [2/2] (0.00ns)   --->   "%a_load_3 = load i3 %a_addr_3" [../source/tut3B_Function_Reshape/matrix_mult.cpp:23]   --->   Operation 75 'load' 'a_load_3' <Predicate = true> <Delay = 0.00> <CoreInst = "RAM">   --->   Core 81 'RAM' <Latency = 1> <II = 1> <Delay = 2.32> <Storage> <Opcode : 'load' 'store'> <Ports = 2> <Width = 40> <Depth = 5> <RAM>

State 3 <SV = 2> <Delay = 5.41>
ST_3 : Operation 76 [4/5] (5.41ns)   --->   "%mul_ln23_3 = mul i16 %sext_ln23_7, i16 %sext_ln23_6" [../source/tut3B_Function_Reshape/matrix_mult.cpp:23]   --->   Operation 76 'mul' 'mul_ln23_3' <Predicate = true> <Delay = 5.41> <CoreInst = "Multiplier">   --->   Core 3 'Multiplier' <Latency = 4> <II = 1> <Delay = 5.41> <FuncUnit> <Opcode : 'mul'> <InPorts = 2> <OutPorts = 1>
ST_3 : Operation 77 [4/5] (5.41ns)   --->   "%mul_ln23_8 = mul i16 %sext_ln23_13, i16 %sext_ln23_6" [../source/tut3B_Function_Reshape/matrix_mult.cpp:23]   --->   Operation 77 'mul' 'mul_ln23_8' <Predicate = true> <Delay = 5.41> <CoreInst = "Multiplier">   --->   Core 3 'Multiplier' <Latency = 4> <II = 1> <Delay = 5.41> <FuncUnit> <Opcode : 'mul'> <InPorts = 2> <OutPorts = 1>
ST_3 : Operation 78 [1/2] ( I:0.00ns O:0.00ns )   --->   "%b_load_2 = load i3 %b_addr_2" [../source/tut3B_Function_Reshape/matrix_mult.cpp:23]   --->   Operation 78 'load' 'b_load_2' <Predicate = true> <Delay = 0.00> <CoreInst = "RAM">   --->   Core 81 'RAM' <Latency = 1> <II = 1> <Delay = 2.32> <Storage> <Opcode : 'load' 'store'> <Ports = 2> <Width = 40> <Depth = 5> <RAM>
ST_3 : Operation 79 [1/1] (0.00ns)   --->   "%trunc_ln23_3 = trunc i40 %b_load_2" [../source/tut3B_Function_Reshape/matrix_mult.cpp:23]   --->   Operation 79 'trunc' 'trunc_ln23_3' <Predicate = true> <Delay = 0.00>
ST_3 : Operation 80 [1/1] (0.00ns)   --->   "%tmp_11 = partselect i8 @_ssdm_op_PartSelect.i8.i40.i40, i40 %b_load_2, i40 8" [../source/tut3B_Function_Reshape/matrix_mult.cpp:23]   --->   Operation 80 'partselect' 'tmp_11' <Predicate = true> <Delay = 0.00>
ST_3 : Operation 81 [1/1] (0.00ns)   --->   "%tmp_12 = partselect i8 @_ssdm_op_PartSelect.i8.i40.i40, i40 %b_load_2, i40 16" [../source/tut3B_Function_Reshape/matrix_mult.cpp:23]   --->   Operation 81 'partselect' 'tmp_12' <Predicate = true> <Delay = 0.00>
ST_3 : Operation 82 [1/1] (0.00ns)   --->   "%tmp_13 = partselect i8 @_ssdm_op_PartSelect.i8.i40.i40, i40 %b_load_2, i40 24" [../source/tut3B_Function_Reshape/matrix_mult.cpp:23]   --->   Operation 82 'partselect' 'tmp_13' <Predicate = true> <Delay = 0.00>
ST_3 : Operation 83 [1/1] (0.00ns)   --->   "%sext_ln23_18 = sext i8 %tmp_13" [../source/tut3B_Function_Reshape/matrix_mult.cpp:23]   --->   Operation 83 'sext' 'sext_ln23_18' <Predicate = true> <Delay = 0.00>
ST_3 : Operation 84 [1/1] (0.00ns)   --->   "%tmp_14 = partselect i8 @_ssdm_op_PartSelect.i8.i40.i40, i40 %b_load_2, i40 32" [../source/tut3B_Function_Reshape/matrix_mult.cpp:23]   --->   Operation 84 'partselect' 'tmp_14' <Predicate = true> <Delay = 0.00>
ST_3 : Operation 85 [5/5] (5.41ns)   --->   "%mul_ln23_13 = mul i16 %sext_ln23_18, i16 %sext_ln23_6" [../source/tut3B_Function_Reshape/matrix_mult.cpp:23]   --->   Operation 85 'mul' 'mul_ln23_13' <Predicate = true> <Delay = 5.41> <CoreInst = "Multiplier">   --->   Core 3 'Multiplier' <Latency = 4> <II = 1> <Delay = 5.41> <FuncUnit> <Opcode : 'mul'> <InPorts = 2> <OutPorts = 1>
ST_3 : Operation 86 [1/2] ( I:0.00ns O:0.00ns )   --->   "%b_load_3 = load i3 %b_addr_3" [../source/tut3B_Function_Reshape/matrix_mult.cpp:23]   --->   Operation 86 'load' 'b_load_3' <Predicate = true> <Delay = 0.00> <CoreInst = "RAM">   --->   Core 81 'RAM' <Latency = 1> <II = 1> <Delay = 2.32> <Storage> <Opcode : 'load' 'store'> <Ports = 2> <Width = 40> <Depth = 5> <RAM>
ST_3 : Operation 87 [1/1] (0.00ns)   --->   "%trunc_ln23_4 = trunc i40 %b_load_3" [../source/tut3B_Function_Reshape/matrix_mult.cpp:23]   --->   Operation 87 'trunc' 'trunc_ln23_4' <Predicate = true> <Delay = 0.00>
ST_3 : Operation 88 [1/1] (0.00ns)   --->   "%tmp_15 = partselect i8 @_ssdm_op_PartSelect.i8.i40.i40, i40 %b_load_3, i40 8" [../source/tut3B_Function_Reshape/matrix_mult.cpp:23]   --->   Operation 88 'partselect' 'tmp_15' <Predicate = true> <Delay = 0.00>
ST_3 : Operation 89 [1/1] (0.00ns)   --->   "%tmp_16 = partselect i8 @_ssdm_op_PartSelect.i8.i40.i40, i40 %b_load_3, i40 16" [../source/tut3B_Function_Reshape/matrix_mult.cpp:23]   --->   Operation 89 'partselect' 'tmp_16' <Predicate = true> <Delay = 0.00>
ST_3 : Operation 90 [1/1] (0.00ns)   --->   "%tmp_17 = partselect i8 @_ssdm_op_PartSelect.i8.i40.i40, i40 %b_load_3, i40 24" [../source/tut3B_Function_Reshape/matrix_mult.cpp:23]   --->   Operation 90 'partselect' 'tmp_17' <Predicate = true> <Delay = 0.00>
ST_3 : Operation 91 [1/1] (0.00ns)   --->   "%sext_ln23_23 = sext i8 %tmp_17" [../source/tut3B_Function_Reshape/matrix_mult.cpp:23]   --->   Operation 91 'sext' 'sext_ln23_23' <Predicate = true> <Delay = 0.00>
ST_3 : Operation 92 [1/1] (0.00ns)   --->   "%tmp_18 = partselect i8 @_ssdm_op_PartSelect.i8.i40.i40, i40 %b_load_3, i40 32" [../source/tut3B_Function_Reshape/matrix_mult.cpp:23]   --->   Operation 92 'partselect' 'tmp_18' <Predicate = true> <Delay = 0.00>
ST_3 : Operation 93 [5/5] (5.41ns)   --->   "%mul_ln23_18 = mul i16 %sext_ln23_23, i16 %sext_ln23_6" [../source/tut3B_Function_Reshape/matrix_mult.cpp:23]   --->   Operation 93 'mul' 'mul_ln23_18' <Predicate = true> <Delay = 5.41> <CoreInst = "Multiplier">   --->   Core 3 'Multiplier' <Latency = 4> <II = 1> <Delay = 5.41> <FuncUnit> <Opcode : 'mul'> <InPorts = 2> <OutPorts = 1>
ST_3 : Operation 94 [1/1] (0.00ns)   --->   "%b_addr_4 = getelementptr i40 %b, i64 0, i64 4" [../source/tut3B_Function_Reshape/matrix_mult.cpp:23]   --->   Operation 94 'getelementptr' 'b_addr_4' <Predicate = true> <Delay = 0.00>
ST_3 : Operation 95 [2/2] (0.00ns)   --->   "%b_load_4 = load i3 %b_addr_4" [../source/tut3B_Function_Reshape/matrix_mult.cpp:23]   --->   Operation 95 'load' 'b_load_4' <Predicate = true> <Delay = 0.00> <CoreInst = "RAM">   --->   Core 81 'RAM' <Latency = 1> <II = 1> <Delay = 2.32> <Storage> <Opcode : 'load' 'store'> <Ports = 2> <Width = 40> <Depth = 5> <RAM>
ST_3 : Operation 96 [4/5] (5.41ns)   --->   "%mul_ln23_28 = mul i16 %sext_ln23_33, i16 %sext_ln23_7" [../source/tut3B_Function_Reshape/matrix_mult.cpp:23]   --->   Operation 96 'mul' 'mul_ln23_28' <Predicate = true> <Delay = 5.41> <CoreInst = "Multiplier">   --->   Core 3 'Multiplier' <Latency = 4> <II = 1> <Delay = 5.41> <FuncUnit> <Opcode : 'mul'> <InPorts = 2> <OutPorts = 1>
ST_3 : Operation 97 [4/5] (5.41ns)   --->   "%mul_ln23_33 = mul i16 %sext_ln23_33, i16 %sext_ln23_13" [../source/tut3B_Function_Reshape/matrix_mult.cpp:23]   --->   Operation 97 'mul' 'mul_ln23_33' <Predicate = true> <Delay = 5.41> <CoreInst = "Multiplier">   --->   Core 3 'Multiplier' <Latency = 4> <II = 1> <Delay = 5.41> <FuncUnit> <Opcode : 'mul'> <InPorts = 2> <OutPorts = 1>
ST_3 : Operation 98 [5/5] (5.41ns)   --->   "%mul_ln23_38 = mul i16 %sext_ln23_33, i16 %sext_ln23_18" [../source/tut3B_Function_Reshape/matrix_mult.cpp:23]   --->   Operation 98 'mul' 'mul_ln23_38' <Predicate = true> <Delay = 5.41> <CoreInst = "Multiplier">   --->   Core 3 'Multiplier' <Latency = 4> <II = 1> <Delay = 5.41> <FuncUnit> <Opcode : 'mul'> <InPorts = 2> <OutPorts = 1>
ST_3 : Operation 99 [5/5] (5.41ns)   --->   "%mul_ln23_43 = mul i16 %sext_ln23_33, i16 %sext_ln23_23" [../source/tut3B_Function_Reshape/matrix_mult.cpp:23]   --->   Operation 99 'mul' 'mul_ln23_43' <Predicate = true> <Delay = 5.41> <CoreInst = "Multiplier">   --->   Core 3 'Multiplier' <Latency = 4> <II = 1> <Delay = 5.41> <FuncUnit> <Opcode : 'mul'> <InPorts = 2> <OutPorts = 1>
ST_3 : Operation 100 [1/2] ( I:0.00ns O:0.00ns )   --->   "%a_load_2 = load i3 %a_addr_2" [../source/tut3B_Function_Reshape/matrix_mult.cpp:23]   --->   Operation 100 'load' 'a_load_2' <Predicate = true> <Delay = 0.00> <CoreInst = "RAM">   --->   Core 81 'RAM' <Latency = 1> <II = 1> <Delay = 2.32> <Storage> <Opcode : 'load' 'store'> <Ports = 2> <Width = 40> <Depth = 5> <RAM>
ST_3 : Operation 101 [1/1] (0.00ns)   --->   "%trunc_ln23_7 = trunc i40 %a_load_2" [../source/tut3B_Function_Reshape/matrix_mult.cpp:23]   --->   Operation 101 'trunc' 'trunc_ln23_7' <Predicate = true> <Delay = 0.00>
ST_3 : Operation 102 [1/1] (0.00ns)   --->   "%tmp_27 = partselect i8 @_ssdm_op_PartSelect.i8.i40.i40, i40 %a_load_2, i40 8" [../source/tut3B_Function_Reshape/matrix_mult.cpp:23]   --->   Operation 102 'partselect' 'tmp_27' <Predicate = true> <Delay = 0.00>
ST_3 : Operation 103 [1/1] (0.00ns)   --->   "%tmp_28 = partselect i8 @_ssdm_op_PartSelect.i8.i40.i40, i40 %a_load_2, i40 16" [../source/tut3B_Function_Reshape/matrix_mult.cpp:23]   --->   Operation 103 'partselect' 'tmp_28' <Predicate = true> <Delay = 0.00>
ST_3 : Operation 104 [1/1] (0.00ns)   --->   "%tmp_29 = partselect i8 @_ssdm_op_PartSelect.i8.i40.i40, i40 %a_load_2, i40 24" [../source/tut3B_Function_Reshape/matrix_mult.cpp:23]   --->   Operation 104 'partselect' 'tmp_29' <Predicate = true> <Delay = 0.00>
ST_3 : Operation 105 [1/1] (0.00ns)   --->   "%tmp_30 = partselect i8 @_ssdm_op_PartSelect.i8.i40.i40, i40 %a_load_2, i40 32" [../source/tut3B_Function_Reshape/matrix_mult.cpp:23]   --->   Operation 105 'partselect' 'tmp_30' <Predicate = true> <Delay = 0.00>
ST_3 : Operation 106 [1/2] ( I:0.00ns O:0.00ns )   --->   "%a_load_3 = load i3 %a_addr_3" [../source/tut3B_Function_Reshape/matrix_mult.cpp:23]   --->   Operation 106 'load' 'a_load_3' <Predicate = true> <Delay = 0.00> <CoreInst = "RAM">   --->   Core 81 'RAM' <Latency = 1> <II = 1> <Delay = 2.32> <Storage> <Opcode : 'load' 'store'> <Ports = 2> <Width = 40> <Depth = 5> <RAM>
ST_3 : Operation 107 [1/1] (0.00ns)   --->   "%trunc_ln23_8 = trunc i40 %a_load_3" [../source/tut3B_Function_Reshape/matrix_mult.cpp:23]   --->   Operation 107 'trunc' 'trunc_ln23_8' <Predicate = true> <Delay = 0.00>
ST_3 : Operation 108 [1/1] (0.00ns)   --->   "%tmp_31 = partselect i8 @_ssdm_op_PartSelect.i8.i40.i40, i40 %a_load_3, i40 8" [../source/tut3B_Function_Reshape/matrix_mult.cpp:23]   --->   Operation 108 'partselect' 'tmp_31' <Predicate = true> <Delay = 0.00>
ST_3 : Operation 109 [1/1] (0.00ns)   --->   "%tmp_32 = partselect i8 @_ssdm_op_PartSelect.i8.i40.i40, i40 %a_load_3, i40 16" [../source/tut3B_Function_Reshape/matrix_mult.cpp:23]   --->   Operation 109 'partselect' 'tmp_32' <Predicate = true> <Delay = 0.00>
ST_3 : Operation 110 [1/1] (0.00ns)   --->   "%tmp_33 = partselect i8 @_ssdm_op_PartSelect.i8.i40.i40, i40 %a_load_3, i40 24" [../source/tut3B_Function_Reshape/matrix_mult.cpp:23]   --->   Operation 110 'partselect' 'tmp_33' <Predicate = true> <Delay = 0.00>
ST_3 : Operation 111 [1/1] (0.00ns)   --->   "%tmp_34 = partselect i8 @_ssdm_op_PartSelect.i8.i40.i40, i40 %a_load_3, i40 32" [../source/tut3B_Function_Reshape/matrix_mult.cpp:23]   --->   Operation 111 'partselect' 'tmp_34' <Predicate = true> <Delay = 0.00>
ST_3 : Operation 112 [1/1] (0.00ns)   --->   "%a_addr_4 = getelementptr i40 %a, i64 0, i64 4" [../source/tut3B_Function_Reshape/matrix_mult.cpp:23]   --->   Operation 112 'getelementptr' 'a_addr_4' <Predicate = true> <Delay = 0.00>
ST_3 : Operation 113 [2/2] (0.00ns)   --->   "%a_load_4 = load i3 %a_addr_4" [../source/tut3B_Function_Reshape/matrix_mult.cpp:23]   --->   Operation 113 'load' 'a_load_4' <Predicate = true> <Delay = 0.00> <CoreInst = "RAM">   --->   Core 81 'RAM' <Latency = 1> <II = 1> <Delay = 2.32> <Storage> <Opcode : 'load' 'store'> <Ports = 2> <Width = 40> <Depth = 5> <RAM>

State 4 <SV = 3> <Delay = 5.41>
ST_4 : Operation 114 [3/5] (5.41ns)   --->   "%mul_ln23_3 = mul i16 %sext_ln23_7, i16 %sext_ln23_6" [../source/tut3B_Function_Reshape/matrix_mult.cpp:23]   --->   Operation 114 'mul' 'mul_ln23_3' <Predicate = true> <Delay = 5.41> <CoreInst = "Multiplier">   --->   Core 3 'Multiplier' <Latency = 4> <II = 1> <Delay = 5.41> <FuncUnit> <Opcode : 'mul'> <InPorts = 2> <OutPorts = 1>
ST_4 : Operation 115 [3/5] (5.41ns)   --->   "%mul_ln23_8 = mul i16 %sext_ln23_13, i16 %sext_ln23_6" [../source/tut3B_Function_Reshape/matrix_mult.cpp:23]   --->   Operation 115 'mul' 'mul_ln23_8' <Predicate = true> <Delay = 5.41> <CoreInst = "Multiplier">   --->   Core 3 'Multiplier' <Latency = 4> <II = 1> <Delay = 5.41> <FuncUnit> <Opcode : 'mul'> <InPorts = 2> <OutPorts = 1>
ST_4 : Operation 116 [4/5] (5.41ns)   --->   "%mul_ln23_13 = mul i16 %sext_ln23_18, i16 %sext_ln23_6" [../source/tut3B_Function_Reshape/matrix_mult.cpp:23]   --->   Operation 116 'mul' 'mul_ln23_13' <Predicate = true> <Delay = 5.41> <CoreInst = "Multiplier">   --->   Core 3 'Multiplier' <Latency = 4> <II = 1> <Delay = 5.41> <FuncUnit> <Opcode : 'mul'> <InPorts = 2> <OutPorts = 1>
ST_4 : Operation 117 [4/5] (5.41ns)   --->   "%mul_ln23_18 = mul i16 %sext_ln23_23, i16 %sext_ln23_6" [../source/tut3B_Function_Reshape/matrix_mult.cpp:23]   --->   Operation 117 'mul' 'mul_ln23_18' <Predicate = true> <Delay = 5.41> <CoreInst = "Multiplier">   --->   Core 3 'Multiplier' <Latency = 4> <II = 1> <Delay = 5.41> <FuncUnit> <Opcode : 'mul'> <InPorts = 2> <OutPorts = 1>
ST_4 : Operation 118 [1/2] ( I:0.00ns O:0.00ns )   --->   "%b_load_4 = load i3 %b_addr_4" [../source/tut3B_Function_Reshape/matrix_mult.cpp:23]   --->   Operation 118 'load' 'b_load_4' <Predicate = true> <Delay = 0.00> <CoreInst = "RAM">   --->   Core 81 'RAM' <Latency = 1> <II = 1> <Delay = 2.32> <Storage> <Opcode : 'load' 'store'> <Ports = 2> <Width = 40> <Depth = 5> <RAM>
ST_4 : Operation 119 [1/1] (0.00ns)   --->   "%trunc_ln23_5 = trunc i40 %b_load_4" [../source/tut3B_Function_Reshape/matrix_mult.cpp:23]   --->   Operation 119 'trunc' 'trunc_ln23_5' <Predicate = true> <Delay = 0.00>
ST_4 : Operation 120 [1/1] (0.00ns)   --->   "%tmp_19 = partselect i8 @_ssdm_op_PartSelect.i8.i40.i40, i40 %b_load_4, i40 8" [../source/tut3B_Function_Reshape/matrix_mult.cpp:23]   --->   Operation 120 'partselect' 'tmp_19' <Predicate = true> <Delay = 0.00>
ST_4 : Operation 121 [1/1] (0.00ns)   --->   "%tmp_20 = partselect i8 @_ssdm_op_PartSelect.i8.i40.i40, i40 %b_load_4, i40 16" [../source/tut3B_Function_Reshape/matrix_mult.cpp:23]   --->   Operation 121 'partselect' 'tmp_20' <Predicate = true> <Delay = 0.00>
ST_4 : Operation 122 [1/1] (0.00ns)   --->   "%tmp_21 = partselect i8 @_ssdm_op_PartSelect.i8.i40.i40, i40 %b_load_4, i40 24" [../source/tut3B_Function_Reshape/matrix_mult.cpp:23]   --->   Operation 122 'partselect' 'tmp_21' <Predicate = true> <Delay = 0.00>
ST_4 : Operation 123 [1/1] (0.00ns)   --->   "%sext_ln23_28 = sext i8 %tmp_21" [../source/tut3B_Function_Reshape/matrix_mult.cpp:23]   --->   Operation 123 'sext' 'sext_ln23_28' <Predicate = true> <Delay = 0.00>
ST_4 : Operation 124 [1/1] (0.00ns)   --->   "%tmp_22 = partselect i8 @_ssdm_op_PartSelect.i8.i40.i40, i40 %b_load_4, i40 32" [../source/tut3B_Function_Reshape/matrix_mult.cpp:23]   --->   Operation 124 'partselect' 'tmp_22' <Predicate = true> <Delay = 0.00>
ST_4 : Operation 125 [5/5] (5.41ns)   --->   "%mul_ln23_23 = mul i16 %sext_ln23_28, i16 %sext_ln23_6" [../source/tut3B_Function_Reshape/matrix_mult.cpp:23]   --->   Operation 125 'mul' 'mul_ln23_23' <Predicate = true> <Delay = 5.41> <CoreInst = "Multiplier">   --->   Core 3 'Multiplier' <Latency = 4> <II = 1> <Delay = 5.41> <FuncUnit> <Opcode : 'mul'> <InPorts = 2> <OutPorts = 1>
ST_4 : Operation 126 [3/5] (5.41ns)   --->   "%mul_ln23_28 = mul i16 %sext_ln23_33, i16 %sext_ln23_7" [../source/tut3B_Function_Reshape/matrix_mult.cpp:23]   --->   Operation 126 'mul' 'mul_ln23_28' <Predicate = true> <Delay = 5.41> <CoreInst = "Multiplier">   --->   Core 3 'Multiplier' <Latency = 4> <II = 1> <Delay = 5.41> <FuncUnit> <Opcode : 'mul'> <InPorts = 2> <OutPorts = 1>
ST_4 : Operation 127 [3/5] (5.41ns)   --->   "%mul_ln23_33 = mul i16 %sext_ln23_33, i16 %sext_ln23_13" [../source/tut3B_Function_Reshape/matrix_mult.cpp:23]   --->   Operation 127 'mul' 'mul_ln23_33' <Predicate = true> <Delay = 5.41> <CoreInst = "Multiplier">   --->   Core 3 'Multiplier' <Latency = 4> <II = 1> <Delay = 5.41> <FuncUnit> <Opcode : 'mul'> <InPorts = 2> <OutPorts = 1>
ST_4 : Operation 128 [4/5] (5.41ns)   --->   "%mul_ln23_38 = mul i16 %sext_ln23_33, i16 %sext_ln23_18" [../source/tut3B_Function_Reshape/matrix_mult.cpp:23]   --->   Operation 128 'mul' 'mul_ln23_38' <Predicate = true> <Delay = 5.41> <CoreInst = "Multiplier">   --->   Core 3 'Multiplier' <Latency = 4> <II = 1> <Delay = 5.41> <FuncUnit> <Opcode : 'mul'> <InPorts = 2> <OutPorts = 1>
ST_4 : Operation 129 [4/5] (5.41ns)   --->   "%mul_ln23_43 = mul i16 %sext_ln23_33, i16 %sext_ln23_23" [../source/tut3B_Function_Reshape/matrix_mult.cpp:23]   --->   Operation 129 'mul' 'mul_ln23_43' <Predicate = true> <Delay = 5.41> <CoreInst = "Multiplier">   --->   Core 3 'Multiplier' <Latency = 4> <II = 1> <Delay = 5.41> <FuncUnit> <Opcode : 'mul'> <InPorts = 2> <OutPorts = 1>
ST_4 : Operation 130 [5/5] (5.41ns)   --->   "%mul_ln23_48 = mul i16 %sext_ln23_33, i16 %sext_ln23_28" [../source/tut3B_Function_Reshape/matrix_mult.cpp:23]   --->   Operation 130 'mul' 'mul_ln23_48' <Predicate = true> <Delay = 5.41> <CoreInst = "Multiplier">   --->   Core 3 'Multiplier' <Latency = 4> <II = 1> <Delay = 5.41> <FuncUnit> <Opcode : 'mul'> <InPorts = 2> <OutPorts = 1>
ST_4 : Operation 131 [1/1] (0.00ns)   --->   "%sext_ln23_38 = sext i8 %tmp_29" [../source/tut3B_Function_Reshape/matrix_mult.cpp:23]   --->   Operation 131 'sext' 'sext_ln23_38' <Predicate = true> <Delay = 0.00>
ST_4 : Operation 132 [5/5] (5.41ns)   --->   "%mul_ln23_53 = mul i16 %sext_ln23_38, i16 %sext_ln23_7" [../source/tut3B_Function_Reshape/matrix_mult.cpp:23]   --->   Operation 132 'mul' 'mul_ln23_53' <Predicate = true> <Delay = 5.41> <CoreInst = "Multiplier">   --->   Core 3 'Multiplier' <Latency = 4> <II = 1> <Delay = 5.41> <FuncUnit> <Opcode : 'mul'> <InPorts = 2> <OutPorts = 1>
ST_4 : Operation 133 [5/5] (5.41ns)   --->   "%mul_ln23_58 = mul i16 %sext_ln23_38, i16 %sext_ln23_13" [../source/tut3B_Function_Reshape/matrix_mult.cpp:23]   --->   Operation 133 'mul' 'mul_ln23_58' <Predicate = true> <Delay = 5.41> <CoreInst = "Multiplier">   --->   Core 3 'Multiplier' <Latency = 4> <II = 1> <Delay = 5.41> <FuncUnit> <Opcode : 'mul'> <InPorts = 2> <OutPorts = 1>
ST_4 : Operation 134 [1/2] ( I:0.00ns O:0.00ns )   --->   "%a_load_4 = load i3 %a_addr_4" [../source/tut3B_Function_Reshape/matrix_mult.cpp:23]   --->   Operation 134 'load' 'a_load_4' <Predicate = true> <Delay = 0.00> <CoreInst = "RAM">   --->   Core 81 'RAM' <Latency = 1> <II = 1> <Delay = 2.32> <Storage> <Opcode : 'load' 'store'> <Ports = 2> <Width = 40> <Depth = 5> <RAM>
ST_4 : Operation 135 [1/1] (0.00ns)   --->   "%trunc_ln23_9 = trunc i40 %a_load_4" [../source/tut3B_Function_Reshape/matrix_mult.cpp:23]   --->   Operation 135 'trunc' 'trunc_ln23_9' <Predicate = true> <Delay = 0.00>
ST_4 : Operation 136 [1/1] (0.00ns)   --->   "%tmp_35 = partselect i8 @_ssdm_op_PartSelect.i8.i40.i40, i40 %a_load_4, i40 8" [../source/tut3B_Function_Reshape/matrix_mult.cpp:23]   --->   Operation 136 'partselect' 'tmp_35' <Predicate = true> <Delay = 0.00>
ST_4 : Operation 137 [1/1] (0.00ns)   --->   "%tmp_36 = partselect i8 @_ssdm_op_PartSelect.i8.i40.i40, i40 %a_load_4, i40 16" [../source/tut3B_Function_Reshape/matrix_mult.cpp:23]   --->   Operation 137 'partselect' 'tmp_36' <Predicate = true> <Delay = 0.00>
ST_4 : Operation 138 [1/1] (0.00ns)   --->   "%tmp_37 = partselect i8 @_ssdm_op_PartSelect.i8.i40.i40, i40 %a_load_4, i40 24" [../source/tut3B_Function_Reshape/matrix_mult.cpp:23]   --->   Operation 138 'partselect' 'tmp_37' <Predicate = true> <Delay = 0.00>
ST_4 : Operation 139 [1/1] (0.00ns)   --->   "%tmp_38 = partselect i8 @_ssdm_op_PartSelect.i8.i40.i40, i40 %a_load_4, i40 32" [../source/tut3B_Function_Reshape/matrix_mult.cpp:23]   --->   Operation 139 'partselect' 'tmp_38' <Predicate = true> <Delay = 0.00>

State 5 <SV = 4> <Delay = 5.41>
ST_5 : Operation 140 [1/1] (0.00ns)   --->   "%sext_ln23_8 = sext i8 %tmp_6" [../source/tut3B_Function_Reshape/matrix_mult.cpp:23]   --->   Operation 140 'sext' 'sext_ln23_8' <Predicate = true> <Delay = 0.00>
ST_5 : Operation 141 [1/1] (0.00ns)   --->   "%sext_ln23_9 = sext i8 %tmp_7" [../source/tut3B_Function_Reshape/matrix_mult.cpp:23]   --->   Operation 141 'sext' 'sext_ln23_9' <Predicate = true> <Delay = 0.00>
ST_5 : Operation 142 [3/3] (1.05ns) (grouped into DSP with root node add_ln23_1)   --->   "%mul_ln23_2 = mul i16 %sext_ln23_9, i16 %sext_ln23_8" [../source/tut3B_Function_Reshape/matrix_mult.cpp:23]   --->   Operation 142 'mul' 'mul_ln23_2' <Predicate = true> <Delay = 1.05> <CoreInst = "DSP48">   --->   Core 116 'DSP48' <Latency = 3> <II = 1> <Delay = 2.15> <IPBlock> <Opcode : 'add' 'sub' 'mul' 'select'> <InPorts = 0> <OutPorts = 1> <Sync> <CReg>
ST_5 : Operation 143 [2/5] (5.41ns)   --->   "%mul_ln23_3 = mul i16 %sext_ln23_7, i16 %sext_ln23_6" [../source/tut3B_Function_Reshape/matrix_mult.cpp:23]   --->   Operation 143 'mul' 'mul_ln23_3' <Predicate = true> <Delay = 5.41> <CoreInst = "Multiplier">   --->   Core 3 'Multiplier' <Latency = 4> <II = 1> <Delay = 5.41> <FuncUnit> <Opcode : 'mul'> <InPorts = 2> <OutPorts = 1>
ST_5 : Operation 144 [1/1] (0.00ns)   --->   "%sext_ln23_14 = sext i8 %tmp_10" [../source/tut3B_Function_Reshape/matrix_mult.cpp:23]   --->   Operation 144 'sext' 'sext_ln23_14' <Predicate = true> <Delay = 0.00>
ST_5 : Operation 145 [3/3] (1.05ns) (grouped into DSP with root node add_ln23_5)   --->   "%mul_ln23_7 = mul i16 %sext_ln23_14, i16 %sext_ln23_8" [../source/tut3B_Function_Reshape/matrix_mult.cpp:23]   --->   Operation 145 'mul' 'mul_ln23_7' <Predicate = true> <Delay = 1.05> <CoreInst = "DSP48">   --->   Core 116 'DSP48' <Latency = 3> <II = 1> <Delay = 2.15> <IPBlock> <Opcode : 'add' 'sub' 'mul' 'select'> <InPorts = 0> <OutPorts = 1> <Sync> <CReg>
ST_5 : Operation 146 [2/5] (5.41ns)   --->   "%mul_ln23_8 = mul i16 %sext_ln23_13, i16 %sext_ln23_6" [../source/tut3B_Function_Reshape/matrix_mult.cpp:23]   --->   Operation 146 'mul' 'mul_ln23_8' <Predicate = true> <Delay = 5.41> <CoreInst = "Multiplier">   --->   Core 3 'Multiplier' <Latency = 4> <II = 1> <Delay = 5.41> <FuncUnit> <Opcode : 'mul'> <InPorts = 2> <OutPorts = 1>
ST_5 : Operation 147 [3/5] (5.41ns)   --->   "%mul_ln23_13 = mul i16 %sext_ln23_18, i16 %sext_ln23_6" [../source/tut3B_Function_Reshape/matrix_mult.cpp:23]   --->   Operation 147 'mul' 'mul_ln23_13' <Predicate = true> <Delay = 5.41> <CoreInst = "Multiplier">   --->   Core 3 'Multiplier' <Latency = 4> <II = 1> <Delay = 5.41> <FuncUnit> <Opcode : 'mul'> <InPorts = 2> <OutPorts = 1>
ST_5 : Operation 148 [3/5] (5.41ns)   --->   "%mul_ln23_18 = mul i16 %sext_ln23_23, i16 %sext_ln23_6" [../source/tut3B_Function_Reshape/matrix_mult.cpp:23]   --->   Operation 148 'mul' 'mul_ln23_18' <Predicate = true> <Delay = 5.41> <CoreInst = "Multiplier">   --->   Core 3 'Multiplier' <Latency = 4> <II = 1> <Delay = 5.41> <FuncUnit> <Opcode : 'mul'> <InPorts = 2> <OutPorts = 1>
ST_5 : Operation 149 [4/5] (5.41ns)   --->   "%mul_ln23_23 = mul i16 %sext_ln23_28, i16 %sext_ln23_6" [../source/tut3B_Function_Reshape/matrix_mult.cpp:23]   --->   Operation 149 'mul' 'mul_ln23_23' <Predicate = true> <Delay = 5.41> <CoreInst = "Multiplier">   --->   Core 3 'Multiplier' <Latency = 4> <II = 1> <Delay = 5.41> <FuncUnit> <Opcode : 'mul'> <InPorts = 2> <OutPorts = 1>
ST_5 : Operation 150 [1/1] (0.00ns)   --->   "%sext_ln23_34 = sext i8 %tmp_26" [../source/tut3B_Function_Reshape/matrix_mult.cpp:23]   --->   Operation 150 'sext' 'sext_ln23_34' <Predicate = true> <Delay = 0.00>
ST_5 : Operation 151 [3/3] (1.05ns) (grouped into DSP with root node add_ln23_21)   --->   "%mul_ln23_27 = mul i16 %sext_ln23_34, i16 %sext_ln23_9" [../source/tut3B_Function_Reshape/matrix_mult.cpp:23]   --->   Operation 151 'mul' 'mul_ln23_27' <Predicate = true> <Delay = 1.05> <CoreInst = "DSP48">   --->   Core 116 'DSP48' <Latency = 3> <II = 1> <Delay = 2.15> <IPBlock> <Opcode : 'add' 'sub' 'mul' 'select'> <InPorts = 0> <OutPorts = 1> <Sync> <CReg>
ST_5 : Operation 152 [2/5] (5.41ns)   --->   "%mul_ln23_28 = mul i16 %sext_ln23_33, i16 %sext_ln23_7" [../source/tut3B_Function_Reshape/matrix_mult.cpp:23]   --->   Operation 152 'mul' 'mul_ln23_28' <Predicate = true> <Delay = 5.41> <CoreInst = "Multiplier">   --->   Core 3 'Multiplier' <Latency = 4> <II = 1> <Delay = 5.41> <FuncUnit> <Opcode : 'mul'> <InPorts = 2> <OutPorts = 1>
ST_5 : Operation 153 [3/3] (1.05ns) (grouped into DSP with root node add_ln23_25)   --->   "%mul_ln23_32 = mul i16 %sext_ln23_34, i16 %sext_ln23_14" [../source/tut3B_Function_Reshape/matrix_mult.cpp:23]   --->   Operation 153 'mul' 'mul_ln23_32' <Predicate = true> <Delay = 1.05> <CoreInst = "DSP48">   --->   Core 116 'DSP48' <Latency = 3> <II = 1> <Delay = 2.15> <IPBlock> <Opcode : 'add' 'sub' 'mul' 'select'> <InPorts = 0> <OutPorts = 1> <Sync> <CReg>
ST_5 : Operation 154 [2/5] (5.41ns)   --->   "%mul_ln23_33 = mul i16 %sext_ln23_33, i16 %sext_ln23_13" [../source/tut3B_Function_Reshape/matrix_mult.cpp:23]   --->   Operation 154 'mul' 'mul_ln23_33' <Predicate = true> <Delay = 5.41> <CoreInst = "Multiplier">   --->   Core 3 'Multiplier' <Latency = 4> <II = 1> <Delay = 5.41> <FuncUnit> <Opcode : 'mul'> <InPorts = 2> <OutPorts = 1>
ST_5 : Operation 155 [3/5] (5.41ns)   --->   "%mul_ln23_38 = mul i16 %sext_ln23_33, i16 %sext_ln23_18" [../source/tut3B_Function_Reshape/matrix_mult.cpp:23]   --->   Operation 155 'mul' 'mul_ln23_38' <Predicate = true> <Delay = 5.41> <CoreInst = "Multiplier">   --->   Core 3 'Multiplier' <Latency = 4> <II = 1> <Delay = 5.41> <FuncUnit> <Opcode : 'mul'> <InPorts = 2> <OutPorts = 1>
ST_5 : Operation 156 [3/5] (5.41ns)   --->   "%mul_ln23_43 = mul i16 %sext_ln23_33, i16 %sext_ln23_23" [../source/tut3B_Function_Reshape/matrix_mult.cpp:23]   --->   Operation 156 'mul' 'mul_ln23_43' <Predicate = true> <Delay = 5.41> <CoreInst = "Multiplier">   --->   Core 3 'Multiplier' <Latency = 4> <II = 1> <Delay = 5.41> <FuncUnit> <Opcode : 'mul'> <InPorts = 2> <OutPorts = 1>
ST_5 : Operation 157 [4/5] (5.41ns)   --->   "%mul_ln23_48 = mul i16 %sext_ln23_33, i16 %sext_ln23_28" [../source/tut3B_Function_Reshape/matrix_mult.cpp:23]   --->   Operation 157 'mul' 'mul_ln23_48' <Predicate = true> <Delay = 5.41> <CoreInst = "Multiplier">   --->   Core 3 'Multiplier' <Latency = 4> <II = 1> <Delay = 5.41> <FuncUnit> <Opcode : 'mul'> <InPorts = 2> <OutPorts = 1>
ST_5 : Operation 158 [4/5] (5.41ns)   --->   "%mul_ln23_53 = mul i16 %sext_ln23_38, i16 %sext_ln23_7" [../source/tut3B_Function_Reshape/matrix_mult.cpp:23]   --->   Operation 158 'mul' 'mul_ln23_53' <Predicate = true> <Delay = 5.41> <CoreInst = "Multiplier">   --->   Core 3 'Multiplier' <Latency = 4> <II = 1> <Delay = 5.41> <FuncUnit> <Opcode : 'mul'> <InPorts = 2> <OutPorts = 1>
ST_5 : Operation 159 [4/5] (5.41ns)   --->   "%mul_ln23_58 = mul i16 %sext_ln23_38, i16 %sext_ln23_13" [../source/tut3B_Function_Reshape/matrix_mult.cpp:23]   --->   Operation 159 'mul' 'mul_ln23_58' <Predicate = true> <Delay = 5.41> <CoreInst = "Multiplier">   --->   Core 3 'Multiplier' <Latency = 4> <II = 1> <Delay = 5.41> <FuncUnit> <Opcode : 'mul'> <InPorts = 2> <OutPorts = 1>
ST_5 : Operation 160 [5/5] (5.41ns)   --->   "%mul_ln23_63 = mul i16 %sext_ln23_38, i16 %sext_ln23_18" [../source/tut3B_Function_Reshape/matrix_mult.cpp:23]   --->   Operation 160 'mul' 'mul_ln23_63' <Predicate = true> <Delay = 5.41> <CoreInst = "Multiplier">   --->   Core 3 'Multiplier' <Latency = 4> <II = 1> <Delay = 5.41> <FuncUnit> <Opcode : 'mul'> <InPorts = 2> <OutPorts = 1>
ST_5 : Operation 161 [5/5] (5.41ns)   --->   "%mul_ln23_68 = mul i16 %sext_ln23_38, i16 %sext_ln23_23" [../source/tut3B_Function_Reshape/matrix_mult.cpp:23]   --->   Operation 161 'mul' 'mul_ln23_68' <Predicate = true> <Delay = 5.41> <CoreInst = "Multiplier">   --->   Core 3 'Multiplier' <Latency = 4> <II = 1> <Delay = 5.41> <FuncUnit> <Opcode : 'mul'> <InPorts = 2> <OutPorts = 1>
ST_5 : Operation 162 [5/5] (5.41ns)   --->   "%mul_ln23_73 = mul i16 %sext_ln23_38, i16 %sext_ln23_28" [../source/tut3B_Function_Reshape/matrix_mult.cpp:23]   --->   Operation 162 'mul' 'mul_ln23_73' <Predicate = true> <Delay = 5.41> <CoreInst = "Multiplier">   --->   Core 3 'Multiplier' <Latency = 4> <II = 1> <Delay = 5.41> <FuncUnit> <Opcode : 'mul'> <InPorts = 2> <OutPorts = 1>
ST_5 : Operation 163 [1/1] (0.00ns)   --->   "%sext_ln23_43 = sext i8 %tmp_33" [../source/tut3B_Function_Reshape/matrix_mult.cpp:23]   --->   Operation 163 'sext' 'sext_ln23_43' <Predicate = true> <Delay = 0.00>
ST_5 : Operation 164 [5/5] (5.41ns)   --->   "%mul_ln23_78 = mul i16 %sext_ln23_43, i16 %sext_ln23_7" [../source/tut3B_Function_Reshape/matrix_mult.cpp:23]   --->   Operation 164 'mul' 'mul_ln23_78' <Predicate = true> <Delay = 5.41> <CoreInst = "Multiplier">   --->   Core 3 'Multiplier' <Latency = 4> <II = 1> <Delay = 5.41> <FuncUnit> <Opcode : 'mul'> <InPorts = 2> <OutPorts = 1>

State 6 <SV = 5> <Delay = 5.41>
ST_6 : Operation 165 [2/3] (1.05ns) (grouped into DSP with root node add_ln23_1)   --->   "%mul_ln23_2 = mul i16 %sext_ln23_9, i16 %sext_ln23_8" [../source/tut3B_Function_Reshape/matrix_mult.cpp:23]   --->   Operation 165 'mul' 'mul_ln23_2' <Predicate = true> <Delay = 1.05> <CoreInst = "DSP48">   --->   Core 116 'DSP48' <Latency = 3> <II = 1> <Delay = 2.15> <IPBlock> <Opcode : 'add' 'sub' 'mul' 'select'> <InPorts = 0> <OutPorts = 1> <Sync> <CReg>
ST_6 : Operation 166 [1/5] (5.41ns)   --->   "%mul_ln23_3 = mul i16 %sext_ln23_7, i16 %sext_ln23_6" [../source/tut3B_Function_Reshape/matrix_mult.cpp:23]   --->   Operation 166 'mul' 'mul_ln23_3' <Predicate = true> <Delay = 5.41> <CoreInst = "Multiplier">   --->   Core 3 'Multiplier' <Latency = 4> <II = 1> <Delay = 5.41> <FuncUnit> <Opcode : 'mul'> <InPorts = 2> <OutPorts = 1>
ST_6 : Operation 167 [2/3] (1.05ns) (grouped into DSP with root node add_ln23_5)   --->   "%mul_ln23_7 = mul i16 %sext_ln23_14, i16 %sext_ln23_8" [../source/tut3B_Function_Reshape/matrix_mult.cpp:23]   --->   Operation 167 'mul' 'mul_ln23_7' <Predicate = true> <Delay = 1.05> <CoreInst = "DSP48">   --->   Core 116 'DSP48' <Latency = 3> <II = 1> <Delay = 2.15> <IPBlock> <Opcode : 'add' 'sub' 'mul' 'select'> <InPorts = 0> <OutPorts = 1> <Sync> <CReg>
ST_6 : Operation 168 [1/5] (5.41ns)   --->   "%mul_ln23_8 = mul i16 %sext_ln23_13, i16 %sext_ln23_6" [../source/tut3B_Function_Reshape/matrix_mult.cpp:23]   --->   Operation 168 'mul' 'mul_ln23_8' <Predicate = true> <Delay = 5.41> <CoreInst = "Multiplier">   --->   Core 3 'Multiplier' <Latency = 4> <II = 1> <Delay = 5.41> <FuncUnit> <Opcode : 'mul'> <InPorts = 2> <OutPorts = 1>
ST_6 : Operation 169 [1/1] (0.00ns)   --->   "%sext_ln23_19 = sext i8 %tmp_14" [../source/tut3B_Function_Reshape/matrix_mult.cpp:23]   --->   Operation 169 'sext' 'sext_ln23_19' <Predicate = true> <Delay = 0.00>
ST_6 : Operation 170 [3/3] (1.05ns) (grouped into DSP with root node add_ln23_9)   --->   "%mul_ln23_12 = mul i16 %sext_ln23_19, i16 %sext_ln23_8" [../source/tut3B_Function_Reshape/matrix_mult.cpp:23]   --->   Operation 170 'mul' 'mul_ln23_12' <Predicate = true> <Delay = 1.05> <CoreInst = "DSP48">   --->   Core 116 'DSP48' <Latency = 3> <II = 1> <Delay = 2.15> <IPBlock> <Opcode : 'add' 'sub' 'mul' 'select'> <InPorts = 0> <OutPorts = 1> <Sync> <CReg>
ST_6 : Operation 171 [2/5] (5.41ns)   --->   "%mul_ln23_13 = mul i16 %sext_ln23_18, i16 %sext_ln23_6" [../source/tut3B_Function_Reshape/matrix_mult.cpp:23]   --->   Operation 171 'mul' 'mul_ln23_13' <Predicate = true> <Delay = 5.41> <CoreInst = "Multiplier">   --->   Core 3 'Multiplier' <Latency = 4> <II = 1> <Delay = 5.41> <FuncUnit> <Opcode : 'mul'> <InPorts = 2> <OutPorts = 1>
ST_6 : Operation 172 [1/1] (0.00ns)   --->   "%sext_ln23_24 = sext i8 %tmp_18" [../source/tut3B_Function_Reshape/matrix_mult.cpp:23]   --->   Operation 172 'sext' 'sext_ln23_24' <Predicate = true> <Delay = 0.00>
ST_6 : Operation 173 [3/3] (1.05ns) (grouped into DSP with root node add_ln23_13)   --->   "%mul_ln23_17 = mul i16 %sext_ln23_24, i16 %sext_ln23_8" [../source/tut3B_Function_Reshape/matrix_mult.cpp:23]   --->   Operation 173 'mul' 'mul_ln23_17' <Predicate = true> <Delay = 1.05> <CoreInst = "DSP48">   --->   Core 116 'DSP48' <Latency = 3> <II = 1> <Delay = 2.15> <IPBlock> <Opcode : 'add' 'sub' 'mul' 'select'> <InPorts = 0> <OutPorts = 1> <Sync> <CReg>
ST_6 : Operation 174 [2/5] (5.41ns)   --->   "%mul_ln23_18 = mul i16 %sext_ln23_23, i16 %sext_ln23_6" [../source/tut3B_Function_Reshape/matrix_mult.cpp:23]   --->   Operation 174 'mul' 'mul_ln23_18' <Predicate = true> <Delay = 5.41> <CoreInst = "Multiplier">   --->   Core 3 'Multiplier' <Latency = 4> <II = 1> <Delay = 5.41> <FuncUnit> <Opcode : 'mul'> <InPorts = 2> <OutPorts = 1>
ST_6 : Operation 175 [3/5] (5.41ns)   --->   "%mul_ln23_23 = mul i16 %sext_ln23_28, i16 %sext_ln23_6" [../source/tut3B_Function_Reshape/matrix_mult.cpp:23]   --->   Operation 175 'mul' 'mul_ln23_23' <Predicate = true> <Delay = 5.41> <CoreInst = "Multiplier">   --->   Core 3 'Multiplier' <Latency = 4> <II = 1> <Delay = 5.41> <FuncUnit> <Opcode : 'mul'> <InPorts = 2> <OutPorts = 1>
ST_6 : Operation 176 [2/3] (1.05ns) (grouped into DSP with root node add_ln23_21)   --->   "%mul_ln23_27 = mul i16 %sext_ln23_34, i16 %sext_ln23_9" [../source/tut3B_Function_Reshape/matrix_mult.cpp:23]   --->   Operation 176 'mul' 'mul_ln23_27' <Predicate = true> <Delay = 1.05> <CoreInst = "DSP48">   --->   Core 116 'DSP48' <Latency = 3> <II = 1> <Delay = 2.15> <IPBlock> <Opcode : 'add' 'sub' 'mul' 'select'> <InPorts = 0> <OutPorts = 1> <Sync> <CReg>
ST_6 : Operation 177 [1/5] (5.41ns)   --->   "%mul_ln23_28 = mul i16 %sext_ln23_33, i16 %sext_ln23_7" [../source/tut3B_Function_Reshape/matrix_mult.cpp:23]   --->   Operation 177 'mul' 'mul_ln23_28' <Predicate = true> <Delay = 5.41> <CoreInst = "Multiplier">   --->   Core 3 'Multiplier' <Latency = 4> <II = 1> <Delay = 5.41> <FuncUnit> <Opcode : 'mul'> <InPorts = 2> <OutPorts = 1>
ST_6 : Operation 178 [2/3] (1.05ns) (grouped into DSP with root node add_ln23_25)   --->   "%mul_ln23_32 = mul i16 %sext_ln23_34, i16 %sext_ln23_14" [../source/tut3B_Function_Reshape/matrix_mult.cpp:23]   --->   Operation 178 'mul' 'mul_ln23_32' <Predicate = true> <Delay = 1.05> <CoreInst = "DSP48">   --->   Core 116 'DSP48' <Latency = 3> <II = 1> <Delay = 2.15> <IPBlock> <Opcode : 'add' 'sub' 'mul' 'select'> <InPorts = 0> <OutPorts = 1> <Sync> <CReg>
ST_6 : Operation 179 [1/5] (5.41ns)   --->   "%mul_ln23_33 = mul i16 %sext_ln23_33, i16 %sext_ln23_13" [../source/tut3B_Function_Reshape/matrix_mult.cpp:23]   --->   Operation 179 'mul' 'mul_ln23_33' <Predicate = true> <Delay = 5.41> <CoreInst = "Multiplier">   --->   Core 3 'Multiplier' <Latency = 4> <II = 1> <Delay = 5.41> <FuncUnit> <Opcode : 'mul'> <InPorts = 2> <OutPorts = 1>
ST_6 : Operation 180 [3/3] (1.05ns) (grouped into DSP with root node add_ln23_29)   --->   "%mul_ln23_37 = mul i16 %sext_ln23_34, i16 %sext_ln23_19" [../source/tut3B_Function_Reshape/matrix_mult.cpp:23]   --->   Operation 180 'mul' 'mul_ln23_37' <Predicate = true> <Delay = 1.05> <CoreInst = "DSP48">   --->   Core 116 'DSP48' <Latency = 3> <II = 1> <Delay = 2.15> <IPBlock> <Opcode : 'add' 'sub' 'mul' 'select'> <InPorts = 0> <OutPorts = 1> <Sync> <CReg>
ST_6 : Operation 181 [2/5] (5.41ns)   --->   "%mul_ln23_38 = mul i16 %sext_ln23_33, i16 %sext_ln23_18" [../source/tut3B_Function_Reshape/matrix_mult.cpp:23]   --->   Operation 181 'mul' 'mul_ln23_38' <Predicate = true> <Delay = 5.41> <CoreInst = "Multiplier">   --->   Core 3 'Multiplier' <Latency = 4> <II = 1> <Delay = 5.41> <FuncUnit> <Opcode : 'mul'> <InPorts = 2> <OutPorts = 1>
ST_6 : Operation 182 [3/3] (1.05ns) (grouped into DSP with root node add_ln23_33)   --->   "%mul_ln23_42 = mul i16 %sext_ln23_34, i16 %sext_ln23_24" [../source/tut3B_Function_Reshape/matrix_mult.cpp:23]   --->   Operation 182 'mul' 'mul_ln23_42' <Predicate = true> <Delay = 1.05> <CoreInst = "DSP48">   --->   Core 116 'DSP48' <Latency = 3> <II = 1> <Delay = 2.15> <IPBlock> <Opcode : 'add' 'sub' 'mul' 'select'> <InPorts = 0> <OutPorts = 1> <Sync> <CReg>
ST_6 : Operation 183 [2/5] (5.41ns)   --->   "%mul_ln23_43 = mul i16 %sext_ln23_33, i16 %sext_ln23_23" [../source/tut3B_Function_Reshape/matrix_mult.cpp:23]   --->   Operation 183 'mul' 'mul_ln23_43' <Predicate = true> <Delay = 5.41> <CoreInst = "Multiplier">   --->   Core 3 'Multiplier' <Latency = 4> <II = 1> <Delay = 5.41> <FuncUnit> <Opcode : 'mul'> <InPorts = 2> <OutPorts = 1>
ST_6 : Operation 184 [3/5] (5.41ns)   --->   "%mul_ln23_48 = mul i16 %sext_ln23_33, i16 %sext_ln23_28" [../source/tut3B_Function_Reshape/matrix_mult.cpp:23]   --->   Operation 184 'mul' 'mul_ln23_48' <Predicate = true> <Delay = 5.41> <CoreInst = "Multiplier">   --->   Core 3 'Multiplier' <Latency = 4> <II = 1> <Delay = 5.41> <FuncUnit> <Opcode : 'mul'> <InPorts = 2> <OutPorts = 1>
ST_6 : Operation 185 [3/5] (5.41ns)   --->   "%mul_ln23_53 = mul i16 %sext_ln23_38, i16 %sext_ln23_7" [../source/tut3B_Function_Reshape/matrix_mult.cpp:23]   --->   Operation 185 'mul' 'mul_ln23_53' <Predicate = true> <Delay = 5.41> <CoreInst = "Multiplier">   --->   Core 3 'Multiplier' <Latency = 4> <II = 1> <Delay = 5.41> <FuncUnit> <Opcode : 'mul'> <InPorts = 2> <OutPorts = 1>
ST_6 : Operation 186 [3/5] (5.41ns)   --->   "%mul_ln23_58 = mul i16 %sext_ln23_38, i16 %sext_ln23_13" [../source/tut3B_Function_Reshape/matrix_mult.cpp:23]   --->   Operation 186 'mul' 'mul_ln23_58' <Predicate = true> <Delay = 5.41> <CoreInst = "Multiplier">   --->   Core 3 'Multiplier' <Latency = 4> <II = 1> <Delay = 5.41> <FuncUnit> <Opcode : 'mul'> <InPorts = 2> <OutPorts = 1>
ST_6 : Operation 187 [4/5] (5.41ns)   --->   "%mul_ln23_63 = mul i16 %sext_ln23_38, i16 %sext_ln23_18" [../source/tut3B_Function_Reshape/matrix_mult.cpp:23]   --->   Operation 187 'mul' 'mul_ln23_63' <Predicate = true> <Delay = 5.41> <CoreInst = "Multiplier">   --->   Core 3 'Multiplier' <Latency = 4> <II = 1> <Delay = 5.41> <FuncUnit> <Opcode : 'mul'> <InPorts = 2> <OutPorts = 1>
ST_6 : Operation 188 [4/5] (5.41ns)   --->   "%mul_ln23_68 = mul i16 %sext_ln23_38, i16 %sext_ln23_23" [../source/tut3B_Function_Reshape/matrix_mult.cpp:23]   --->   Operation 188 'mul' 'mul_ln23_68' <Predicate = true> <Delay = 5.41> <CoreInst = "Multiplier">   --->   Core 3 'Multiplier' <Latency = 4> <II = 1> <Delay = 5.41> <FuncUnit> <Opcode : 'mul'> <InPorts = 2> <OutPorts = 1>
ST_6 : Operation 189 [4/5] (5.41ns)   --->   "%mul_ln23_73 = mul i16 %sext_ln23_38, i16 %sext_ln23_28" [../source/tut3B_Function_Reshape/matrix_mult.cpp:23]   --->   Operation 189 'mul' 'mul_ln23_73' <Predicate = true> <Delay = 5.41> <CoreInst = "Multiplier">   --->   Core 3 'Multiplier' <Latency = 4> <II = 1> <Delay = 5.41> <FuncUnit> <Opcode : 'mul'> <InPorts = 2> <OutPorts = 1>
ST_6 : Operation 190 [4/5] (5.41ns)   --->   "%mul_ln23_78 = mul i16 %sext_ln23_43, i16 %sext_ln23_7" [../source/tut3B_Function_Reshape/matrix_mult.cpp:23]   --->   Operation 190 'mul' 'mul_ln23_78' <Predicate = true> <Delay = 5.41> <CoreInst = "Multiplier">   --->   Core 3 'Multiplier' <Latency = 4> <II = 1> <Delay = 5.41> <FuncUnit> <Opcode : 'mul'> <InPorts = 2> <OutPorts = 1>
ST_6 : Operation 191 [5/5] (5.41ns)   --->   "%mul_ln23_83 = mul i16 %sext_ln23_43, i16 %sext_ln23_13" [../source/tut3B_Function_Reshape/matrix_mult.cpp:23]   --->   Operation 191 'mul' 'mul_ln23_83' <Predicate = true> <Delay = 5.41> <CoreInst = "Multiplier">   --->   Core 3 'Multiplier' <Latency = 4> <II = 1> <Delay = 5.41> <FuncUnit> <Opcode : 'mul'> <InPorts = 2> <OutPorts = 1>
ST_6 : Operation 192 [5/5] (5.41ns)   --->   "%mul_ln23_88 = mul i16 %sext_ln23_43, i16 %sext_ln23_18" [../source/tut3B_Function_Reshape/matrix_mult.cpp:23]   --->   Operation 192 'mul' 'mul_ln23_88' <Predicate = true> <Delay = 5.41> <CoreInst = "Multiplier">   --->   Core 3 'Multiplier' <Latency = 4> <II = 1> <Delay = 5.41> <FuncUnit> <Opcode : 'mul'> <InPorts = 2> <OutPorts = 1>
ST_6 : Operation 193 [5/5] (5.41ns)   --->   "%mul_ln23_93 = mul i16 %sext_ln23_43, i16 %sext_ln23_23" [../source/tut3B_Function_Reshape/matrix_mult.cpp:23]   --->   Operation 193 'mul' 'mul_ln23_93' <Predicate = true> <Delay = 5.41> <CoreInst = "Multiplier">   --->   Core 3 'Multiplier' <Latency = 4> <II = 1> <Delay = 5.41> <FuncUnit> <Opcode : 'mul'> <InPorts = 2> <OutPorts = 1>
ST_6 : Operation 194 [5/5] (5.41ns)   --->   "%mul_ln23_98 = mul i16 %sext_ln23_43, i16 %sext_ln23_28" [../source/tut3B_Function_Reshape/matrix_mult.cpp:23]   --->   Operation 194 'mul' 'mul_ln23_98' <Predicate = true> <Delay = 5.41> <CoreInst = "Multiplier">   --->   Core 3 'Multiplier' <Latency = 4> <II = 1> <Delay = 5.41> <FuncUnit> <Opcode : 'mul'> <InPorts = 2> <OutPorts = 1>

State 7 <SV = 6> <Delay = 5.41>
ST_7 : Operation 195 [1/1] (0.00ns)   --->   "%sext_ln23_4 = sext i8 %tmp_2" [../source/tut3B_Function_Reshape/matrix_mult.cpp:23]   --->   Operation 195 'sext' 'sext_ln23_4' <Predicate = true> <Delay = 0.00>
ST_7 : Operation 196 [1/1] (0.00ns)   --->   "%sext_ln23_5 = sext i8 %tmp_3" [../source/tut3B_Function_Reshape/matrix_mult.cpp:23]   --->   Operation 196 'sext' 'sext_ln23_5' <Predicate = true> <Delay = 0.00>
ST_7 : Operation 197 [1/3] (0.00ns) (grouped into DSP with root node add_ln23_1)   --->   "%mul_ln23_2 = mul i16 %sext_ln23_9, i16 %sext_ln23_8" [../source/tut3B_Function_Reshape/matrix_mult.cpp:23]   --->   Operation 197 'mul' 'mul_ln23_2' <Predicate = true> <Delay = 0.00> <CoreInst = "DSP48">   --->   Core 116 'DSP48' <Latency = 3> <II = 1> <Delay = 2.15> <IPBlock> <Opcode : 'add' 'sub' 'mul' 'select'> <InPorts = 0> <OutPorts = 1> <Sync> <CReg>
ST_7 : Operation 198 [3/3] (1.05ns) (grouped into DSP with root node add_ln23_2)   --->   "%mul_ln23_4 = mul i16 %sext_ln23_5, i16 %sext_ln23_4" [../source/tut3B_Function_Reshape/matrix_mult.cpp:23]   --->   Operation 198 'mul' 'mul_ln23_4' <Predicate = true> <Delay = 1.05> <CoreInst = "DSP48">   --->   Core 116 'DSP48' <Latency = 3> <II = 1> <Delay = 2.15> <IPBlock> <Opcode : 'add' 'sub' 'mul' 'select'> <InPorts = 0> <OutPorts = 1> <Sync> <CReg>
ST_7 : Operation 199 [2/2] (2.10ns) (root node of the DSP)   --->   "%add_ln23_1 = add i16 %mul_ln23_3, i16 %mul_ln23_2" [../source/tut3B_Function_Reshape/matrix_mult.cpp:23]   --->   Operation 199 'add' 'add_ln23_1' <Predicate = true> <Delay = 2.10> <CoreInst = "DSP48">   --->   Core 116 'DSP48' <Latency = 3> <II = 1> <Delay = 2.15> <IPBlock> <Opcode : 'add' 'sub' 'mul' 'select'> <InPorts = 0> <OutPorts = 1> <Sync> <CReg>
ST_7 : Operation 200 [1/1] (0.00ns)   --->   "%sext_ln23_12 = sext i8 %tmp_9" [../source/tut3B_Function_Reshape/matrix_mult.cpp:23]   --->   Operation 200 'sext' 'sext_ln23_12' <Predicate = true> <Delay = 0.00>
ST_7 : Operation 201 [1/3] (0.00ns) (grouped into DSP with root node add_ln23_5)   --->   "%mul_ln23_7 = mul i16 %sext_ln23_14, i16 %sext_ln23_8" [../source/tut3B_Function_Reshape/matrix_mult.cpp:23]   --->   Operation 201 'mul' 'mul_ln23_7' <Predicate = true> <Delay = 0.00> <CoreInst = "DSP48">   --->   Core 116 'DSP48' <Latency = 3> <II = 1> <Delay = 2.15> <IPBlock> <Opcode : 'add' 'sub' 'mul' 'select'> <InPorts = 0> <OutPorts = 1> <Sync> <CReg>
ST_7 : Operation 202 [3/3] (1.05ns) (grouped into DSP with root node add_ln23_6)   --->   "%mul_ln23_9 = mul i16 %sext_ln23_12, i16 %sext_ln23_4" [../source/tut3B_Function_Reshape/matrix_mult.cpp:23]   --->   Operation 202 'mul' 'mul_ln23_9' <Predicate = true> <Delay = 1.05> <CoreInst = "DSP48">   --->   Core 116 'DSP48' <Latency = 3> <II = 1> <Delay = 2.15> <IPBlock> <Opcode : 'add' 'sub' 'mul' 'select'> <InPorts = 0> <OutPorts = 1> <Sync> <CReg>
ST_7 : Operation 203 [2/2] (2.10ns) (root node of the DSP)   --->   "%add_ln23_5 = add i16 %mul_ln23_8, i16 %mul_ln23_7" [../source/tut3B_Function_Reshape/matrix_mult.cpp:23]   --->   Operation 203 'add' 'add_ln23_5' <Predicate = true> <Delay = 2.10> <CoreInst = "DSP48">   --->   Core 116 'DSP48' <Latency = 3> <II = 1> <Delay = 2.15> <IPBlock> <Opcode : 'add' 'sub' 'mul' 'select'> <InPorts = 0> <OutPorts = 1> <Sync> <CReg>
ST_7 : Operation 204 [2/3] (1.05ns) (grouped into DSP with root node add_ln23_9)   --->   "%mul_ln23_12 = mul i16 %sext_ln23_19, i16 %sext_ln23_8" [../source/tut3B_Function_Reshape/matrix_mult.cpp:23]   --->   Operation 204 'mul' 'mul_ln23_12' <Predicate = true> <Delay = 1.05> <CoreInst = "DSP48">   --->   Core 116 'DSP48' <Latency = 3> <II = 1> <Delay = 2.15> <IPBlock> <Opcode : 'add' 'sub' 'mul' 'select'> <InPorts = 0> <OutPorts = 1> <Sync> <CReg>
ST_7 : Operation 205 [1/5] (5.41ns)   --->   "%mul_ln23_13 = mul i16 %sext_ln23_18, i16 %sext_ln23_6" [../source/tut3B_Function_Reshape/matrix_mult.cpp:23]   --->   Operation 205 'mul' 'mul_ln23_13' <Predicate = true> <Delay = 5.41> <CoreInst = "Multiplier">   --->   Core 3 'Multiplier' <Latency = 4> <II = 1> <Delay = 5.41> <FuncUnit> <Opcode : 'mul'> <InPorts = 2> <OutPorts = 1>
ST_7 : Operation 206 [2/3] (1.05ns) (grouped into DSP with root node add_ln23_13)   --->   "%mul_ln23_17 = mul i16 %sext_ln23_24, i16 %sext_ln23_8" [../source/tut3B_Function_Reshape/matrix_mult.cpp:23]   --->   Operation 206 'mul' 'mul_ln23_17' <Predicate = true> <Delay = 1.05> <CoreInst = "DSP48">   --->   Core 116 'DSP48' <Latency = 3> <II = 1> <Delay = 2.15> <IPBlock> <Opcode : 'add' 'sub' 'mul' 'select'> <InPorts = 0> <OutPorts = 1> <Sync> <CReg>
ST_7 : Operation 207 [1/5] (5.41ns)   --->   "%mul_ln23_18 = mul i16 %sext_ln23_23, i16 %sext_ln23_6" [../source/tut3B_Function_Reshape/matrix_mult.cpp:23]   --->   Operation 207 'mul' 'mul_ln23_18' <Predicate = true> <Delay = 5.41> <CoreInst = "Multiplier">   --->   Core 3 'Multiplier' <Latency = 4> <II = 1> <Delay = 5.41> <FuncUnit> <Opcode : 'mul'> <InPorts = 2> <OutPorts = 1>
ST_7 : Operation 208 [1/1] (0.00ns)   --->   "%sext_ln23_29 = sext i8 %tmp_22" [../source/tut3B_Function_Reshape/matrix_mult.cpp:23]   --->   Operation 208 'sext' 'sext_ln23_29' <Predicate = true> <Delay = 0.00>
ST_7 : Operation 209 [3/3] (1.05ns) (grouped into DSP with root node add_ln23_17)   --->   "%mul_ln23_22 = mul i16 %sext_ln23_29, i16 %sext_ln23_8" [../source/tut3B_Function_Reshape/matrix_mult.cpp:23]   --->   Operation 209 'mul' 'mul_ln23_22' <Predicate = true> <Delay = 1.05> <CoreInst = "DSP48">   --->   Core 116 'DSP48' <Latency = 3> <II = 1> <Delay = 2.15> <IPBlock> <Opcode : 'add' 'sub' 'mul' 'select'> <InPorts = 0> <OutPorts = 1> <Sync> <CReg>
ST_7 : Operation 210 [2/5] (5.41ns)   --->   "%mul_ln23_23 = mul i16 %sext_ln23_28, i16 %sext_ln23_6" [../source/tut3B_Function_Reshape/matrix_mult.cpp:23]   --->   Operation 210 'mul' 'mul_ln23_23' <Predicate = true> <Delay = 5.41> <CoreInst = "Multiplier">   --->   Core 3 'Multiplier' <Latency = 4> <II = 1> <Delay = 5.41> <FuncUnit> <Opcode : 'mul'> <InPorts = 2> <OutPorts = 1>
ST_7 : Operation 211 [1/3] (0.00ns) (grouped into DSP with root node add_ln23_21)   --->   "%mul_ln23_27 = mul i16 %sext_ln23_34, i16 %sext_ln23_9" [../source/tut3B_Function_Reshape/matrix_mult.cpp:23]   --->   Operation 211 'mul' 'mul_ln23_27' <Predicate = true> <Delay = 0.00> <CoreInst = "DSP48">   --->   Core 116 'DSP48' <Latency = 3> <II = 1> <Delay = 2.15> <IPBlock> <Opcode : 'add' 'sub' 'mul' 'select'> <InPorts = 0> <OutPorts = 1> <Sync> <CReg>
ST_7 : Operation 212 [2/2] (2.10ns) (root node of the DSP)   --->   "%add_ln23_21 = add i16 %mul_ln23_28, i16 %mul_ln23_27" [../source/tut3B_Function_Reshape/matrix_mult.cpp:23]   --->   Operation 212 'add' 'add_ln23_21' <Predicate = true> <Delay = 2.10> <CoreInst = "DSP48">   --->   Core 116 'DSP48' <Latency = 3> <II = 1> <Delay = 2.15> <IPBlock> <Opcode : 'add' 'sub' 'mul' 'select'> <InPorts = 0> <OutPorts = 1> <Sync> <CReg>
ST_7 : Operation 213 [1/3] (0.00ns) (grouped into DSP with root node add_ln23_25)   --->   "%mul_ln23_32 = mul i16 %sext_ln23_34, i16 %sext_ln23_14" [../source/tut3B_Function_Reshape/matrix_mult.cpp:23]   --->   Operation 213 'mul' 'mul_ln23_32' <Predicate = true> <Delay = 0.00> <CoreInst = "DSP48">   --->   Core 116 'DSP48' <Latency = 3> <II = 1> <Delay = 2.15> <IPBlock> <Opcode : 'add' 'sub' 'mul' 'select'> <InPorts = 0> <OutPorts = 1> <Sync> <CReg>
ST_7 : Operation 214 [2/2] (2.10ns) (root node of the DSP)   --->   "%add_ln23_25 = add i16 %mul_ln23_33, i16 %mul_ln23_32" [../source/tut3B_Function_Reshape/matrix_mult.cpp:23]   --->   Operation 214 'add' 'add_ln23_25' <Predicate = true> <Delay = 2.10> <CoreInst = "DSP48">   --->   Core 116 'DSP48' <Latency = 3> <II = 1> <Delay = 2.15> <IPBlock> <Opcode : 'add' 'sub' 'mul' 'select'> <InPorts = 0> <OutPorts = 1> <Sync> <CReg>
ST_7 : Operation 215 [2/3] (1.05ns) (grouped into DSP with root node add_ln23_29)   --->   "%mul_ln23_37 = mul i16 %sext_ln23_34, i16 %sext_ln23_19" [../source/tut3B_Function_Reshape/matrix_mult.cpp:23]   --->   Operation 215 'mul' 'mul_ln23_37' <Predicate = true> <Delay = 1.05> <CoreInst = "DSP48">   --->   Core 116 'DSP48' <Latency = 3> <II = 1> <Delay = 2.15> <IPBlock> <Opcode : 'add' 'sub' 'mul' 'select'> <InPorts = 0> <OutPorts = 1> <Sync> <CReg>
ST_7 : Operation 216 [1/5] (5.41ns)   --->   "%mul_ln23_38 = mul i16 %sext_ln23_33, i16 %sext_ln23_18" [../source/tut3B_Function_Reshape/matrix_mult.cpp:23]   --->   Operation 216 'mul' 'mul_ln23_38' <Predicate = true> <Delay = 5.41> <CoreInst = "Multiplier">   --->   Core 3 'Multiplier' <Latency = 4> <II = 1> <Delay = 5.41> <FuncUnit> <Opcode : 'mul'> <InPorts = 2> <OutPorts = 1>
ST_7 : Operation 217 [2/3] (1.05ns) (grouped into DSP with root node add_ln23_33)   --->   "%mul_ln23_42 = mul i16 %sext_ln23_34, i16 %sext_ln23_24" [../source/tut3B_Function_Reshape/matrix_mult.cpp:23]   --->   Operation 217 'mul' 'mul_ln23_42' <Predicate = true> <Delay = 1.05> <CoreInst = "DSP48">   --->   Core 116 'DSP48' <Latency = 3> <II = 1> <Delay = 2.15> <IPBlock> <Opcode : 'add' 'sub' 'mul' 'select'> <InPorts = 0> <OutPorts = 1> <Sync> <CReg>
ST_7 : Operation 218 [1/5] (5.41ns)   --->   "%mul_ln23_43 = mul i16 %sext_ln23_33, i16 %sext_ln23_23" [../source/tut3B_Function_Reshape/matrix_mult.cpp:23]   --->   Operation 218 'mul' 'mul_ln23_43' <Predicate = true> <Delay = 5.41> <CoreInst = "Multiplier">   --->   Core 3 'Multiplier' <Latency = 4> <II = 1> <Delay = 5.41> <FuncUnit> <Opcode : 'mul'> <InPorts = 2> <OutPorts = 1>
ST_7 : Operation 219 [3/3] (1.05ns) (grouped into DSP with root node add_ln23_37)   --->   "%mul_ln23_47 = mul i16 %sext_ln23_34, i16 %sext_ln23_29" [../source/tut3B_Function_Reshape/matrix_mult.cpp:23]   --->   Operation 219 'mul' 'mul_ln23_47' <Predicate = true> <Delay = 1.05> <CoreInst = "DSP48">   --->   Core 116 'DSP48' <Latency = 3> <II = 1> <Delay = 2.15> <IPBlock> <Opcode : 'add' 'sub' 'mul' 'select'> <InPorts = 0> <OutPorts = 1> <Sync> <CReg>
ST_7 : Operation 220 [2/5] (5.41ns)   --->   "%mul_ln23_48 = mul i16 %sext_ln23_33, i16 %sext_ln23_28" [../source/tut3B_Function_Reshape/matrix_mult.cpp:23]   --->   Operation 220 'mul' 'mul_ln23_48' <Predicate = true> <Delay = 5.41> <CoreInst = "Multiplier">   --->   Core 3 'Multiplier' <Latency = 4> <II = 1> <Delay = 5.41> <FuncUnit> <Opcode : 'mul'> <InPorts = 2> <OutPorts = 1>
ST_7 : Operation 221 [1/1] (0.00ns)   --->   "%sext_ln23_39 = sext i8 %tmp_30" [../source/tut3B_Function_Reshape/matrix_mult.cpp:23]   --->   Operation 221 'sext' 'sext_ln23_39' <Predicate = true> <Delay = 0.00>
ST_7 : Operation 222 [3/3] (1.05ns) (grouped into DSP with root node add_ln23_41)   --->   "%mul_ln23_52 = mul i16 %sext_ln23_39, i16 %sext_ln23_9" [../source/tut3B_Function_Reshape/matrix_mult.cpp:23]   --->   Operation 222 'mul' 'mul_ln23_52' <Predicate = true> <Delay = 1.05> <CoreInst = "DSP48">   --->   Core 116 'DSP48' <Latency = 3> <II = 1> <Delay = 2.15> <IPBlock> <Opcode : 'add' 'sub' 'mul' 'select'> <InPorts = 0> <OutPorts = 1> <Sync> <CReg>
ST_7 : Operation 223 [2/5] (5.41ns)   --->   "%mul_ln23_53 = mul i16 %sext_ln23_38, i16 %sext_ln23_7" [../source/tut3B_Function_Reshape/matrix_mult.cpp:23]   --->   Operation 223 'mul' 'mul_ln23_53' <Predicate = true> <Delay = 5.41> <CoreInst = "Multiplier">   --->   Core 3 'Multiplier' <Latency = 4> <II = 1> <Delay = 5.41> <FuncUnit> <Opcode : 'mul'> <InPorts = 2> <OutPorts = 1>
ST_7 : Operation 224 [3/3] (1.05ns) (grouped into DSP with root node add_ln23_45)   --->   "%mul_ln23_57 = mul i16 %sext_ln23_39, i16 %sext_ln23_14" [../source/tut3B_Function_Reshape/matrix_mult.cpp:23]   --->   Operation 224 'mul' 'mul_ln23_57' <Predicate = true> <Delay = 1.05> <CoreInst = "DSP48">   --->   Core 116 'DSP48' <Latency = 3> <II = 1> <Delay = 2.15> <IPBlock> <Opcode : 'add' 'sub' 'mul' 'select'> <InPorts = 0> <OutPorts = 1> <Sync> <CReg>
ST_7 : Operation 225 [2/5] (5.41ns)   --->   "%mul_ln23_58 = mul i16 %sext_ln23_38, i16 %sext_ln23_13" [../source/tut3B_Function_Reshape/matrix_mult.cpp:23]   --->   Operation 225 'mul' 'mul_ln23_58' <Predicate = true> <Delay = 5.41> <CoreInst = "Multiplier">   --->   Core 3 'Multiplier' <Latency = 4> <II = 1> <Delay = 5.41> <FuncUnit> <Opcode : 'mul'> <InPorts = 2> <OutPorts = 1>
ST_7 : Operation 226 [3/5] (5.41ns)   --->   "%mul_ln23_63 = mul i16 %sext_ln23_38, i16 %sext_ln23_18" [../source/tut3B_Function_Reshape/matrix_mult.cpp:23]   --->   Operation 226 'mul' 'mul_ln23_63' <Predicate = true> <Delay = 5.41> <CoreInst = "Multiplier">   --->   Core 3 'Multiplier' <Latency = 4> <II = 1> <Delay = 5.41> <FuncUnit> <Opcode : 'mul'> <InPorts = 2> <OutPorts = 1>
ST_7 : Operation 227 [3/5] (5.41ns)   --->   "%mul_ln23_68 = mul i16 %sext_ln23_38, i16 %sext_ln23_23" [../source/tut3B_Function_Reshape/matrix_mult.cpp:23]   --->   Operation 227 'mul' 'mul_ln23_68' <Predicate = true> <Delay = 5.41> <CoreInst = "Multiplier">   --->   Core 3 'Multiplier' <Latency = 4> <II = 1> <Delay = 5.41> <FuncUnit> <Opcode : 'mul'> <InPorts = 2> <OutPorts = 1>
ST_7 : Operation 228 [3/5] (5.41ns)   --->   "%mul_ln23_73 = mul i16 %sext_ln23_38, i16 %sext_ln23_28" [../source/tut3B_Function_Reshape/matrix_mult.cpp:23]   --->   Operation 228 'mul' 'mul_ln23_73' <Predicate = true> <Delay = 5.41> <CoreInst = "Multiplier">   --->   Core 3 'Multiplier' <Latency = 4> <II = 1> <Delay = 5.41> <FuncUnit> <Opcode : 'mul'> <InPorts = 2> <OutPorts = 1>
ST_7 : Operation 229 [3/5] (5.41ns)   --->   "%mul_ln23_78 = mul i16 %sext_ln23_43, i16 %sext_ln23_7" [../source/tut3B_Function_Reshape/matrix_mult.cpp:23]   --->   Operation 229 'mul' 'mul_ln23_78' <Predicate = true> <Delay = 5.41> <CoreInst = "Multiplier">   --->   Core 3 'Multiplier' <Latency = 4> <II = 1> <Delay = 5.41> <FuncUnit> <Opcode : 'mul'> <InPorts = 2> <OutPorts = 1>
ST_7 : Operation 230 [4/5] (5.41ns)   --->   "%mul_ln23_83 = mul i16 %sext_ln23_43, i16 %sext_ln23_13" [../source/tut3B_Function_Reshape/matrix_mult.cpp:23]   --->   Operation 230 'mul' 'mul_ln23_83' <Predicate = true> <Delay = 5.41> <CoreInst = "Multiplier">   --->   Core 3 'Multiplier' <Latency = 4> <II = 1> <Delay = 5.41> <FuncUnit> <Opcode : 'mul'> <InPorts = 2> <OutPorts = 1>
ST_7 : Operation 231 [4/5] (5.41ns)   --->   "%mul_ln23_88 = mul i16 %sext_ln23_43, i16 %sext_ln23_18" [../source/tut3B_Function_Reshape/matrix_mult.cpp:23]   --->   Operation 231 'mul' 'mul_ln23_88' <Predicate = true> <Delay = 5.41> <CoreInst = "Multiplier">   --->   Core 3 'Multiplier' <Latency = 4> <II = 1> <Delay = 5.41> <FuncUnit> <Opcode : 'mul'> <InPorts = 2> <OutPorts = 1>
ST_7 : Operation 232 [4/5] (5.41ns)   --->   "%mul_ln23_93 = mul i16 %sext_ln23_43, i16 %sext_ln23_23" [../source/tut3B_Function_Reshape/matrix_mult.cpp:23]   --->   Operation 232 'mul' 'mul_ln23_93' <Predicate = true> <Delay = 5.41> <CoreInst = "Multiplier">   --->   Core 3 'Multiplier' <Latency = 4> <II = 1> <Delay = 5.41> <FuncUnit> <Opcode : 'mul'> <InPorts = 2> <OutPorts = 1>
ST_7 : Operation 233 [4/5] (5.41ns)   --->   "%mul_ln23_98 = mul i16 %sext_ln23_43, i16 %sext_ln23_28" [../source/tut3B_Function_Reshape/matrix_mult.cpp:23]   --->   Operation 233 'mul' 'mul_ln23_98' <Predicate = true> <Delay = 5.41> <CoreInst = "Multiplier">   --->   Core 3 'Multiplier' <Latency = 4> <II = 1> <Delay = 5.41> <FuncUnit> <Opcode : 'mul'> <InPorts = 2> <OutPorts = 1>
ST_7 : Operation 234 [1/1] (0.00ns)   --->   "%sext_ln23_48 = sext i8 %tmp_37" [../source/tut3B_Function_Reshape/matrix_mult.cpp:23]   --->   Operation 234 'sext' 'sext_ln23_48' <Predicate = true> <Delay = 0.00>
ST_7 : Operation 235 [5/5] (5.41ns)   --->   "%mul_ln23_103 = mul i16 %sext_ln23_48, i16 %sext_ln23_7" [../source/tut3B_Function_Reshape/matrix_mult.cpp:23]   --->   Operation 235 'mul' 'mul_ln23_103' <Predicate = true> <Delay = 5.41> <CoreInst = "Multiplier">   --->   Core 3 'Multiplier' <Latency = 4> <II = 1> <Delay = 5.41> <FuncUnit> <Opcode : 'mul'> <InPorts = 2> <OutPorts = 1>
ST_7 : Operation 236 [5/5] (5.41ns)   --->   "%mul_ln23_108 = mul i16 %sext_ln23_48, i16 %sext_ln23_13" [../source/tut3B_Function_Reshape/matrix_mult.cpp:23]   --->   Operation 236 'mul' 'mul_ln23_108' <Predicate = true> <Delay = 5.41> <CoreInst = "Multiplier">   --->   Core 3 'Multiplier' <Latency = 4> <II = 1> <Delay = 5.41> <FuncUnit> <Opcode : 'mul'> <InPorts = 2> <OutPorts = 1>
ST_7 : Operation 237 [5/5] (5.41ns)   --->   "%mul_ln23_113 = mul i16 %sext_ln23_48, i16 %sext_ln23_18" [../source/tut3B_Function_Reshape/matrix_mult.cpp:23]   --->   Operation 237 'mul' 'mul_ln23_113' <Predicate = true> <Delay = 5.41> <CoreInst = "Multiplier">   --->   Core 3 'Multiplier' <Latency = 4> <II = 1> <Delay = 5.41> <FuncUnit> <Opcode : 'mul'> <InPorts = 2> <OutPorts = 1>
ST_7 : Operation 238 [5/5] (5.41ns)   --->   "%mul_ln23_118 = mul i16 %sext_ln23_48, i16 %sext_ln23_23" [../source/tut3B_Function_Reshape/matrix_mult.cpp:23]   --->   Operation 238 'mul' 'mul_ln23_118' <Predicate = true> <Delay = 5.41> <CoreInst = "Multiplier">   --->   Core 3 'Multiplier' <Latency = 4> <II = 1> <Delay = 5.41> <FuncUnit> <Opcode : 'mul'> <InPorts = 2> <OutPorts = 1>

State 8 <SV = 7> <Delay = 5.41>
ST_8 : Operation 239 [1/1] (0.00ns)   --->   "%sext_ln23_2 = sext i8 %tmp" [../source/tut3B_Function_Reshape/matrix_mult.cpp:23]   --->   Operation 239 'sext' 'sext_ln23_2' <Predicate = true> <Delay = 0.00>
ST_8 : Operation 240 [1/1] (0.00ns)   --->   "%sext_ln23_3 = sext i8 %tmp_1" [../source/tut3B_Function_Reshape/matrix_mult.cpp:23]   --->   Operation 240 'sext' 'sext_ln23_3' <Predicate = true> <Delay = 0.00>
ST_8 : Operation 241 [5/5] (5.41ns)   --->   "%mul_ln23_1 = mul i16 %sext_ln23_3, i16 %sext_ln23_2" [../source/tut3B_Function_Reshape/matrix_mult.cpp:23]   --->   Operation 241 'mul' 'mul_ln23_1' <Predicate = true> <Delay = 5.41> <CoreInst = "Multiplier">   --->   Core 3 'Multiplier' <Latency = 4> <II = 1> <Delay = 5.41> <FuncUnit> <Opcode : 'mul'> <InPorts = 2> <OutPorts = 1>
ST_8 : Operation 242 [2/3] (1.05ns) (grouped into DSP with root node add_ln23_2)   --->   "%mul_ln23_4 = mul i16 %sext_ln23_5, i16 %sext_ln23_4" [../source/tut3B_Function_Reshape/matrix_mult.cpp:23]   --->   Operation 242 'mul' 'mul_ln23_4' <Predicate = true> <Delay = 1.05> <CoreInst = "DSP48">   --->   Core 116 'DSP48' <Latency = 3> <II = 1> <Delay = 2.15> <IPBlock> <Opcode : 'add' 'sub' 'mul' 'select'> <InPorts = 0> <OutPorts = 1> <Sync> <CReg>
ST_8 : Operation 243 [1/2] (2.10ns) (root node of the DSP)   --->   "%add_ln23_1 = add i16 %mul_ln23_3, i16 %mul_ln23_2" [../source/tut3B_Function_Reshape/matrix_mult.cpp:23]   --->   Operation 243 'add' 'add_ln23_1' <Predicate = true> <Delay = 2.10> <CoreInst = "DSP48">   --->   Core 116 'DSP48' <Latency = 3> <II = 1> <Delay = 2.15> <IPBlock> <Opcode : 'add' 'sub' 'mul' 'select'> <InPorts = 0> <OutPorts = 1> <Sync> <CReg>
ST_8 : Operation 244 [1/1] (0.00ns)   --->   "%sext_ln23_11 = sext i8 %tmp_8" [../source/tut3B_Function_Reshape/matrix_mult.cpp:23]   --->   Operation 244 'sext' 'sext_ln23_11' <Predicate = true> <Delay = 0.00>
ST_8 : Operation 245 [5/5] (5.41ns)   --->   "%mul_ln23_6 = mul i16 %sext_ln23_11, i16 %sext_ln23_2" [../source/tut3B_Function_Reshape/matrix_mult.cpp:23]   --->   Operation 245 'mul' 'mul_ln23_6' <Predicate = true> <Delay = 5.41> <CoreInst = "Multiplier">   --->   Core 3 'Multiplier' <Latency = 4> <II = 1> <Delay = 5.41> <FuncUnit> <Opcode : 'mul'> <InPorts = 2> <OutPorts = 1>
ST_8 : Operation 246 [2/3] (1.05ns) (grouped into DSP with root node add_ln23_6)   --->   "%mul_ln23_9 = mul i16 %sext_ln23_12, i16 %sext_ln23_4" [../source/tut3B_Function_Reshape/matrix_mult.cpp:23]   --->   Operation 246 'mul' 'mul_ln23_9' <Predicate = true> <Delay = 1.05> <CoreInst = "DSP48">   --->   Core 116 'DSP48' <Latency = 3> <II = 1> <Delay = 2.15> <IPBlock> <Opcode : 'add' 'sub' 'mul' 'select'> <InPorts = 0> <OutPorts = 1> <Sync> <CReg>
ST_8 : Operation 247 [1/2] (2.10ns) (root node of the DSP)   --->   "%add_ln23_5 = add i16 %mul_ln23_8, i16 %mul_ln23_7" [../source/tut3B_Function_Reshape/matrix_mult.cpp:23]   --->   Operation 247 'add' 'add_ln23_5' <Predicate = true> <Delay = 2.10> <CoreInst = "DSP48">   --->   Core 116 'DSP48' <Latency = 3> <II = 1> <Delay = 2.15> <IPBlock> <Opcode : 'add' 'sub' 'mul' 'select'> <InPorts = 0> <OutPorts = 1> <Sync> <CReg>
ST_8 : Operation 248 [1/1] (0.00ns)   --->   "%sext_ln23_16 = sext i8 %tmp_11" [../source/tut3B_Function_Reshape/matrix_mult.cpp:23]   --->   Operation 248 'sext' 'sext_ln23_16' <Predicate = true> <Delay = 0.00>
ST_8 : Operation 249 [1/1] (0.00ns)   --->   "%sext_ln23_17 = sext i8 %tmp_12" [../source/tut3B_Function_Reshape/matrix_mult.cpp:23]   --->   Operation 249 'sext' 'sext_ln23_17' <Predicate = true> <Delay = 0.00>
ST_8 : Operation 250 [5/5] (5.41ns)   --->   "%mul_ln23_11 = mul i16 %sext_ln23_16, i16 %sext_ln23_2" [../source/tut3B_Function_Reshape/matrix_mult.cpp:23]   --->   Operation 250 'mul' 'mul_ln23_11' <Predicate = true> <Delay = 5.41> <CoreInst = "Multiplier">   --->   Core 3 'Multiplier' <Latency = 4> <II = 1> <Delay = 5.41> <FuncUnit> <Opcode : 'mul'> <InPorts = 2> <OutPorts = 1>
ST_8 : Operation 251 [1/3] (0.00ns) (grouped into DSP with root node add_ln23_9)   --->   "%mul_ln23_12 = mul i16 %sext_ln23_19, i16 %sext_ln23_8" [../source/tut3B_Function_Reshape/matrix_mult.cpp:23]   --->   Operation 251 'mul' 'mul_ln23_12' <Predicate = true> <Delay = 0.00> <CoreInst = "DSP48">   --->   Core 116 'DSP48' <Latency = 3> <II = 1> <Delay = 2.15> <IPBlock> <Opcode : 'add' 'sub' 'mul' 'select'> <InPorts = 0> <OutPorts = 1> <Sync> <CReg>
ST_8 : Operation 252 [3/3] (1.05ns) (grouped into DSP with root node add_ln23_10)   --->   "%mul_ln23_14 = mul i16 %sext_ln23_17, i16 %sext_ln23_4" [../source/tut3B_Function_Reshape/matrix_mult.cpp:23]   --->   Operation 252 'mul' 'mul_ln23_14' <Predicate = true> <Delay = 1.05> <CoreInst = "DSP48">   --->   Core 116 'DSP48' <Latency = 3> <II = 1> <Delay = 2.15> <IPBlock> <Opcode : 'add' 'sub' 'mul' 'select'> <InPorts = 0> <OutPorts = 1> <Sync> <CReg>
ST_8 : Operation 253 [2/2] (2.10ns) (root node of the DSP)   --->   "%add_ln23_9 = add i16 %mul_ln23_13, i16 %mul_ln23_12" [../source/tut3B_Function_Reshape/matrix_mult.cpp:23]   --->   Operation 253 'add' 'add_ln23_9' <Predicate = true> <Delay = 2.10> <CoreInst = "DSP48">   --->   Core 116 'DSP48' <Latency = 3> <II = 1> <Delay = 2.15> <IPBlock> <Opcode : 'add' 'sub' 'mul' 'select'> <InPorts = 0> <OutPorts = 1> <Sync> <CReg>
ST_8 : Operation 254 [1/1] (0.00ns)   --->   "%sext_ln23_22 = sext i8 %tmp_16" [../source/tut3B_Function_Reshape/matrix_mult.cpp:23]   --->   Operation 254 'sext' 'sext_ln23_22' <Predicate = true> <Delay = 0.00>
ST_8 : Operation 255 [1/3] (0.00ns) (grouped into DSP with root node add_ln23_13)   --->   "%mul_ln23_17 = mul i16 %sext_ln23_24, i16 %sext_ln23_8" [../source/tut3B_Function_Reshape/matrix_mult.cpp:23]   --->   Operation 255 'mul' 'mul_ln23_17' <Predicate = true> <Delay = 0.00> <CoreInst = "DSP48">   --->   Core 116 'DSP48' <Latency = 3> <II = 1> <Delay = 2.15> <IPBlock> <Opcode : 'add' 'sub' 'mul' 'select'> <InPorts = 0> <OutPorts = 1> <Sync> <CReg>
ST_8 : Operation 256 [3/3] (1.05ns) (grouped into DSP with root node add_ln23_14)   --->   "%mul_ln23_19 = mul i16 %sext_ln23_22, i16 %sext_ln23_4" [../source/tut3B_Function_Reshape/matrix_mult.cpp:23]   --->   Operation 256 'mul' 'mul_ln23_19' <Predicate = true> <Delay = 1.05> <CoreInst = "DSP48">   --->   Core 116 'DSP48' <Latency = 3> <II = 1> <Delay = 2.15> <IPBlock> <Opcode : 'add' 'sub' 'mul' 'select'> <InPorts = 0> <OutPorts = 1> <Sync> <CReg>
ST_8 : Operation 257 [2/2] (2.10ns) (root node of the DSP)   --->   "%add_ln23_13 = add i16 %mul_ln23_18, i16 %mul_ln23_17" [../source/tut3B_Function_Reshape/matrix_mult.cpp:23]   --->   Operation 257 'add' 'add_ln23_13' <Predicate = true> <Delay = 2.10> <CoreInst = "DSP48">   --->   Core 116 'DSP48' <Latency = 3> <II = 1> <Delay = 2.15> <IPBlock> <Opcode : 'add' 'sub' 'mul' 'select'> <InPorts = 0> <OutPorts = 1> <Sync> <CReg>
ST_8 : Operation 258 [2/3] (1.05ns) (grouped into DSP with root node add_ln23_17)   --->   "%mul_ln23_22 = mul i16 %sext_ln23_29, i16 %sext_ln23_8" [../source/tut3B_Function_Reshape/matrix_mult.cpp:23]   --->   Operation 258 'mul' 'mul_ln23_22' <Predicate = true> <Delay = 1.05> <CoreInst = "DSP48">   --->   Core 116 'DSP48' <Latency = 3> <II = 1> <Delay = 2.15> <IPBlock> <Opcode : 'add' 'sub' 'mul' 'select'> <InPorts = 0> <OutPorts = 1> <Sync> <CReg>
ST_8 : Operation 259 [1/5] (5.41ns)   --->   "%mul_ln23_23 = mul i16 %sext_ln23_28, i16 %sext_ln23_6" [../source/tut3B_Function_Reshape/matrix_mult.cpp:23]   --->   Operation 259 'mul' 'mul_ln23_23' <Predicate = true> <Delay = 5.41> <CoreInst = "Multiplier">   --->   Core 3 'Multiplier' <Latency = 4> <II = 1> <Delay = 5.41> <FuncUnit> <Opcode : 'mul'> <InPorts = 2> <OutPorts = 1>
ST_8 : Operation 260 [1/2] (2.10ns) (root node of the DSP)   --->   "%add_ln23_21 = add i16 %mul_ln23_28, i16 %mul_ln23_27" [../source/tut3B_Function_Reshape/matrix_mult.cpp:23]   --->   Operation 260 'add' 'add_ln23_21' <Predicate = true> <Delay = 2.10> <CoreInst = "DSP48">   --->   Core 116 'DSP48' <Latency = 3> <II = 1> <Delay = 2.15> <IPBlock> <Opcode : 'add' 'sub' 'mul' 'select'> <InPorts = 0> <OutPorts = 1> <Sync> <CReg>
ST_8 : Operation 261 [1/2] (2.10ns) (root node of the DSP)   --->   "%add_ln23_25 = add i16 %mul_ln23_33, i16 %mul_ln23_32" [../source/tut3B_Function_Reshape/matrix_mult.cpp:23]   --->   Operation 261 'add' 'add_ln23_25' <Predicate = true> <Delay = 2.10> <CoreInst = "DSP48">   --->   Core 116 'DSP48' <Latency = 3> <II = 1> <Delay = 2.15> <IPBlock> <Opcode : 'add' 'sub' 'mul' 'select'> <InPorts = 0> <OutPorts = 1> <Sync> <CReg>
ST_8 : Operation 262 [1/3] (0.00ns) (grouped into DSP with root node add_ln23_29)   --->   "%mul_ln23_37 = mul i16 %sext_ln23_34, i16 %sext_ln23_19" [../source/tut3B_Function_Reshape/matrix_mult.cpp:23]   --->   Operation 262 'mul' 'mul_ln23_37' <Predicate = true> <Delay = 0.00> <CoreInst = "DSP48">   --->   Core 116 'DSP48' <Latency = 3> <II = 1> <Delay = 2.15> <IPBlock> <Opcode : 'add' 'sub' 'mul' 'select'> <InPorts = 0> <OutPorts = 1> <Sync> <CReg>
ST_8 : Operation 263 [2/2] (2.10ns) (root node of the DSP)   --->   "%add_ln23_29 = add i16 %mul_ln23_38, i16 %mul_ln23_37" [../source/tut3B_Function_Reshape/matrix_mult.cpp:23]   --->   Operation 263 'add' 'add_ln23_29' <Predicate = true> <Delay = 2.10> <CoreInst = "DSP48">   --->   Core 116 'DSP48' <Latency = 3> <II = 1> <Delay = 2.15> <IPBlock> <Opcode : 'add' 'sub' 'mul' 'select'> <InPorts = 0> <OutPorts = 1> <Sync> <CReg>
ST_8 : Operation 264 [1/3] (0.00ns) (grouped into DSP with root node add_ln23_33)   --->   "%mul_ln23_42 = mul i16 %sext_ln23_34, i16 %sext_ln23_24" [../source/tut3B_Function_Reshape/matrix_mult.cpp:23]   --->   Operation 264 'mul' 'mul_ln23_42' <Predicate = true> <Delay = 0.00> <CoreInst = "DSP48">   --->   Core 116 'DSP48' <Latency = 3> <II = 1> <Delay = 2.15> <IPBlock> <Opcode : 'add' 'sub' 'mul' 'select'> <InPorts = 0> <OutPorts = 1> <Sync> <CReg>
ST_8 : Operation 265 [2/2] (2.10ns) (root node of the DSP)   --->   "%add_ln23_33 = add i16 %mul_ln23_43, i16 %mul_ln23_42" [../source/tut3B_Function_Reshape/matrix_mult.cpp:23]   --->   Operation 265 'add' 'add_ln23_33' <Predicate = true> <Delay = 2.10> <CoreInst = "DSP48">   --->   Core 116 'DSP48' <Latency = 3> <II = 1> <Delay = 2.15> <IPBlock> <Opcode : 'add' 'sub' 'mul' 'select'> <InPorts = 0> <OutPorts = 1> <Sync> <CReg>
ST_8 : Operation 266 [2/3] (1.05ns) (grouped into DSP with root node add_ln23_37)   --->   "%mul_ln23_47 = mul i16 %sext_ln23_34, i16 %sext_ln23_29" [../source/tut3B_Function_Reshape/matrix_mult.cpp:23]   --->   Operation 266 'mul' 'mul_ln23_47' <Predicate = true> <Delay = 1.05> <CoreInst = "DSP48">   --->   Core 116 'DSP48' <Latency = 3> <II = 1> <Delay = 2.15> <IPBlock> <Opcode : 'add' 'sub' 'mul' 'select'> <InPorts = 0> <OutPorts = 1> <Sync> <CReg>
ST_8 : Operation 267 [1/5] (5.41ns)   --->   "%mul_ln23_48 = mul i16 %sext_ln23_33, i16 %sext_ln23_28" [../source/tut3B_Function_Reshape/matrix_mult.cpp:23]   --->   Operation 267 'mul' 'mul_ln23_48' <Predicate = true> <Delay = 5.41> <CoreInst = "Multiplier">   --->   Core 3 'Multiplier' <Latency = 4> <II = 1> <Delay = 5.41> <FuncUnit> <Opcode : 'mul'> <InPorts = 2> <OutPorts = 1>
ST_8 : Operation 268 [2/3] (1.05ns) (grouped into DSP with root node add_ln23_41)   --->   "%mul_ln23_52 = mul i16 %sext_ln23_39, i16 %sext_ln23_9" [../source/tut3B_Function_Reshape/matrix_mult.cpp:23]   --->   Operation 268 'mul' 'mul_ln23_52' <Predicate = true> <Delay = 1.05> <CoreInst = "DSP48">   --->   Core 116 'DSP48' <Latency = 3> <II = 1> <Delay = 2.15> <IPBlock> <Opcode : 'add' 'sub' 'mul' 'select'> <InPorts = 0> <OutPorts = 1> <Sync> <CReg>
ST_8 : Operation 269 [1/5] (5.41ns)   --->   "%mul_ln23_53 = mul i16 %sext_ln23_38, i16 %sext_ln23_7" [../source/tut3B_Function_Reshape/matrix_mult.cpp:23]   --->   Operation 269 'mul' 'mul_ln23_53' <Predicate = true> <Delay = 5.41> <CoreInst = "Multiplier">   --->   Core 3 'Multiplier' <Latency = 4> <II = 1> <Delay = 5.41> <FuncUnit> <Opcode : 'mul'> <InPorts = 2> <OutPorts = 1>
ST_8 : Operation 270 [2/3] (1.05ns) (grouped into DSP with root node add_ln23_45)   --->   "%mul_ln23_57 = mul i16 %sext_ln23_39, i16 %sext_ln23_14" [../source/tut3B_Function_Reshape/matrix_mult.cpp:23]   --->   Operation 270 'mul' 'mul_ln23_57' <Predicate = true> <Delay = 1.05> <CoreInst = "DSP48">   --->   Core 116 'DSP48' <Latency = 3> <II = 1> <Delay = 2.15> <IPBlock> <Opcode : 'add' 'sub' 'mul' 'select'> <InPorts = 0> <OutPorts = 1> <Sync> <CReg>
ST_8 : Operation 271 [1/5] (5.41ns)   --->   "%mul_ln23_58 = mul i16 %sext_ln23_38, i16 %sext_ln23_13" [../source/tut3B_Function_Reshape/matrix_mult.cpp:23]   --->   Operation 271 'mul' 'mul_ln23_58' <Predicate = true> <Delay = 5.41> <CoreInst = "Multiplier">   --->   Core 3 'Multiplier' <Latency = 4> <II = 1> <Delay = 5.41> <FuncUnit> <Opcode : 'mul'> <InPorts = 2> <OutPorts = 1>
ST_8 : Operation 272 [3/3] (1.05ns) (grouped into DSP with root node add_ln23_49)   --->   "%mul_ln23_62 = mul i16 %sext_ln23_39, i16 %sext_ln23_19" [../source/tut3B_Function_Reshape/matrix_mult.cpp:23]   --->   Operation 272 'mul' 'mul_ln23_62' <Predicate = true> <Delay = 1.05> <CoreInst = "DSP48">   --->   Core 116 'DSP48' <Latency = 3> <II = 1> <Delay = 2.15> <IPBlock> <Opcode : 'add' 'sub' 'mul' 'select'> <InPorts = 0> <OutPorts = 1> <Sync> <CReg>
ST_8 : Operation 273 [2/5] (5.41ns)   --->   "%mul_ln23_63 = mul i16 %sext_ln23_38, i16 %sext_ln23_18" [../source/tut3B_Function_Reshape/matrix_mult.cpp:23]   --->   Operation 273 'mul' 'mul_ln23_63' <Predicate = true> <Delay = 5.41> <CoreInst = "Multiplier">   --->   Core 3 'Multiplier' <Latency = 4> <II = 1> <Delay = 5.41> <FuncUnit> <Opcode : 'mul'> <InPorts = 2> <OutPorts = 1>
ST_8 : Operation 274 [3/3] (1.05ns) (grouped into DSP with root node add_ln23_53)   --->   "%mul_ln23_67 = mul i16 %sext_ln23_39, i16 %sext_ln23_24" [../source/tut3B_Function_Reshape/matrix_mult.cpp:23]   --->   Operation 274 'mul' 'mul_ln23_67' <Predicate = true> <Delay = 1.05> <CoreInst = "DSP48">   --->   Core 116 'DSP48' <Latency = 3> <II = 1> <Delay = 2.15> <IPBlock> <Opcode : 'add' 'sub' 'mul' 'select'> <InPorts = 0> <OutPorts = 1> <Sync> <CReg>
ST_8 : Operation 275 [2/5] (5.41ns)   --->   "%mul_ln23_68 = mul i16 %sext_ln23_38, i16 %sext_ln23_23" [../source/tut3B_Function_Reshape/matrix_mult.cpp:23]   --->   Operation 275 'mul' 'mul_ln23_68' <Predicate = true> <Delay = 5.41> <CoreInst = "Multiplier">   --->   Core 3 'Multiplier' <Latency = 4> <II = 1> <Delay = 5.41> <FuncUnit> <Opcode : 'mul'> <InPorts = 2> <OutPorts = 1>
ST_8 : Operation 276 [3/3] (1.05ns) (grouped into DSP with root node add_ln23_57)   --->   "%mul_ln23_72 = mul i16 %sext_ln23_39, i16 %sext_ln23_29" [../source/tut3B_Function_Reshape/matrix_mult.cpp:23]   --->   Operation 276 'mul' 'mul_ln23_72' <Predicate = true> <Delay = 1.05> <CoreInst = "DSP48">   --->   Core 116 'DSP48' <Latency = 3> <II = 1> <Delay = 2.15> <IPBlock> <Opcode : 'add' 'sub' 'mul' 'select'> <InPorts = 0> <OutPorts = 1> <Sync> <CReg>
ST_8 : Operation 277 [2/5] (5.41ns)   --->   "%mul_ln23_73 = mul i16 %sext_ln23_38, i16 %sext_ln23_28" [../source/tut3B_Function_Reshape/matrix_mult.cpp:23]   --->   Operation 277 'mul' 'mul_ln23_73' <Predicate = true> <Delay = 5.41> <CoreInst = "Multiplier">   --->   Core 3 'Multiplier' <Latency = 4> <II = 1> <Delay = 5.41> <FuncUnit> <Opcode : 'mul'> <InPorts = 2> <OutPorts = 1>
ST_8 : Operation 278 [1/1] (0.00ns)   --->   "%sext_ln23_44 = sext i8 %tmp_34" [../source/tut3B_Function_Reshape/matrix_mult.cpp:23]   --->   Operation 278 'sext' 'sext_ln23_44' <Predicate = true> <Delay = 0.00>
ST_8 : Operation 279 [3/3] (1.05ns) (grouped into DSP with root node add_ln23_61)   --->   "%mul_ln23_77 = mul i16 %sext_ln23_44, i16 %sext_ln23_9" [../source/tut3B_Function_Reshape/matrix_mult.cpp:23]   --->   Operation 279 'mul' 'mul_ln23_77' <Predicate = true> <Delay = 1.05> <CoreInst = "DSP48">   --->   Core 116 'DSP48' <Latency = 3> <II = 1> <Delay = 2.15> <IPBlock> <Opcode : 'add' 'sub' 'mul' 'select'> <InPorts = 0> <OutPorts = 1> <Sync> <CReg>
ST_8 : Operation 280 [2/5] (5.41ns)   --->   "%mul_ln23_78 = mul i16 %sext_ln23_43, i16 %sext_ln23_7" [../source/tut3B_Function_Reshape/matrix_mult.cpp:23]   --->   Operation 280 'mul' 'mul_ln23_78' <Predicate = true> <Delay = 5.41> <CoreInst = "Multiplier">   --->   Core 3 'Multiplier' <Latency = 4> <II = 1> <Delay = 5.41> <FuncUnit> <Opcode : 'mul'> <InPorts = 2> <OutPorts = 1>
ST_8 : Operation 281 [3/5] (5.41ns)   --->   "%mul_ln23_83 = mul i16 %sext_ln23_43, i16 %sext_ln23_13" [../source/tut3B_Function_Reshape/matrix_mult.cpp:23]   --->   Operation 281 'mul' 'mul_ln23_83' <Predicate = true> <Delay = 5.41> <CoreInst = "Multiplier">   --->   Core 3 'Multiplier' <Latency = 4> <II = 1> <Delay = 5.41> <FuncUnit> <Opcode : 'mul'> <InPorts = 2> <OutPorts = 1>
ST_8 : Operation 282 [3/5] (5.41ns)   --->   "%mul_ln23_88 = mul i16 %sext_ln23_43, i16 %sext_ln23_18" [../source/tut3B_Function_Reshape/matrix_mult.cpp:23]   --->   Operation 282 'mul' 'mul_ln23_88' <Predicate = true> <Delay = 5.41> <CoreInst = "Multiplier">   --->   Core 3 'Multiplier' <Latency = 4> <II = 1> <Delay = 5.41> <FuncUnit> <Opcode : 'mul'> <InPorts = 2> <OutPorts = 1>
ST_8 : Operation 283 [3/5] (5.41ns)   --->   "%mul_ln23_93 = mul i16 %sext_ln23_43, i16 %sext_ln23_23" [../source/tut3B_Function_Reshape/matrix_mult.cpp:23]   --->   Operation 283 'mul' 'mul_ln23_93' <Predicate = true> <Delay = 5.41> <CoreInst = "Multiplier">   --->   Core 3 'Multiplier' <Latency = 4> <II = 1> <Delay = 5.41> <FuncUnit> <Opcode : 'mul'> <InPorts = 2> <OutPorts = 1>
ST_8 : Operation 284 [3/5] (5.41ns)   --->   "%mul_ln23_98 = mul i16 %sext_ln23_43, i16 %sext_ln23_28" [../source/tut3B_Function_Reshape/matrix_mult.cpp:23]   --->   Operation 284 'mul' 'mul_ln23_98' <Predicate = true> <Delay = 5.41> <CoreInst = "Multiplier">   --->   Core 3 'Multiplier' <Latency = 4> <II = 1> <Delay = 5.41> <FuncUnit> <Opcode : 'mul'> <InPorts = 2> <OutPorts = 1>
ST_8 : Operation 285 [4/5] (5.41ns)   --->   "%mul_ln23_103 = mul i16 %sext_ln23_48, i16 %sext_ln23_7" [../source/tut3B_Function_Reshape/matrix_mult.cpp:23]   --->   Operation 285 'mul' 'mul_ln23_103' <Predicate = true> <Delay = 5.41> <CoreInst = "Multiplier">   --->   Core 3 'Multiplier' <Latency = 4> <II = 1> <Delay = 5.41> <FuncUnit> <Opcode : 'mul'> <InPorts = 2> <OutPorts = 1>
ST_8 : Operation 286 [4/5] (5.41ns)   --->   "%mul_ln23_108 = mul i16 %sext_ln23_48, i16 %sext_ln23_13" [../source/tut3B_Function_Reshape/matrix_mult.cpp:23]   --->   Operation 286 'mul' 'mul_ln23_108' <Predicate = true> <Delay = 5.41> <CoreInst = "Multiplier">   --->   Core 3 'Multiplier' <Latency = 4> <II = 1> <Delay = 5.41> <FuncUnit> <Opcode : 'mul'> <InPorts = 2> <OutPorts = 1>
ST_8 : Operation 287 [4/5] (5.41ns)   --->   "%mul_ln23_113 = mul i16 %sext_ln23_48, i16 %sext_ln23_18" [../source/tut3B_Function_Reshape/matrix_mult.cpp:23]   --->   Operation 287 'mul' 'mul_ln23_113' <Predicate = true> <Delay = 5.41> <CoreInst = "Multiplier">   --->   Core 3 'Multiplier' <Latency = 4> <II = 1> <Delay = 5.41> <FuncUnit> <Opcode : 'mul'> <InPorts = 2> <OutPorts = 1>
ST_8 : Operation 288 [4/5] (5.41ns)   --->   "%mul_ln23_118 = mul i16 %sext_ln23_48, i16 %sext_ln23_23" [../source/tut3B_Function_Reshape/matrix_mult.cpp:23]   --->   Operation 288 'mul' 'mul_ln23_118' <Predicate = true> <Delay = 5.41> <CoreInst = "Multiplier">   --->   Core 3 'Multiplier' <Latency = 4> <II = 1> <Delay = 5.41> <FuncUnit> <Opcode : 'mul'> <InPorts = 2> <OutPorts = 1>
ST_8 : Operation 289 [5/5] (5.41ns)   --->   "%mul_ln23_123 = mul i16 %sext_ln23_48, i16 %sext_ln23_28" [../source/tut3B_Function_Reshape/matrix_mult.cpp:23]   --->   Operation 289 'mul' 'mul_ln23_123' <Predicate = true> <Delay = 5.41> <CoreInst = "Multiplier">   --->   Core 3 'Multiplier' <Latency = 4> <II = 1> <Delay = 5.41> <FuncUnit> <Opcode : 'mul'> <InPorts = 2> <OutPorts = 1>

State 9 <SV = 8> <Delay = 5.41>
ST_9 : Operation 290 [4/5] (5.41ns)   --->   "%mul_ln23_1 = mul i16 %sext_ln23_3, i16 %sext_ln23_2" [../source/tut3B_Function_Reshape/matrix_mult.cpp:23]   --->   Operation 290 'mul' 'mul_ln23_1' <Predicate = true> <Delay = 5.41> <CoreInst = "Multiplier">   --->   Core 3 'Multiplier' <Latency = 4> <II = 1> <Delay = 5.41> <FuncUnit> <Opcode : 'mul'> <InPorts = 2> <OutPorts = 1>
ST_9 : Operation 291 [1/3] (0.00ns) (grouped into DSP with root node add_ln23_2)   --->   "%mul_ln23_4 = mul i16 %sext_ln23_5, i16 %sext_ln23_4" [../source/tut3B_Function_Reshape/matrix_mult.cpp:23]   --->   Operation 291 'mul' 'mul_ln23_4' <Predicate = true> <Delay = 0.00> <CoreInst = "DSP48">   --->   Core 116 'DSP48' <Latency = 3> <II = 1> <Delay = 2.15> <IPBlock> <Opcode : 'add' 'sub' 'mul' 'select'> <InPorts = 0> <OutPorts = 1> <Sync> <CReg>
ST_9 : Operation 292 [2/2] (2.10ns) (root node of the DSP)   --->   "%add_ln23_2 = add i16 %add_ln23_1, i16 %mul_ln23_4" [../source/tut3B_Function_Reshape/matrix_mult.cpp:23]   --->   Operation 292 'add' 'add_ln23_2' <Predicate = true> <Delay = 2.10> <CoreInst = "DSP48">   --->   Core 116 'DSP48' <Latency = 3> <II = 1> <Delay = 2.15> <IPBlock> <Opcode : 'add' 'sub' 'mul' 'select'> <InPorts = 0> <OutPorts = 1> <Sync> <CReg>
ST_9 : Operation 293 [4/5] (5.41ns)   --->   "%mul_ln23_6 = mul i16 %sext_ln23_11, i16 %sext_ln23_2" [../source/tut3B_Function_Reshape/matrix_mult.cpp:23]   --->   Operation 293 'mul' 'mul_ln23_6' <Predicate = true> <Delay = 5.41> <CoreInst = "Multiplier">   --->   Core 3 'Multiplier' <Latency = 4> <II = 1> <Delay = 5.41> <FuncUnit> <Opcode : 'mul'> <InPorts = 2> <OutPorts = 1>
ST_9 : Operation 294 [1/3] (0.00ns) (grouped into DSP with root node add_ln23_6)   --->   "%mul_ln23_9 = mul i16 %sext_ln23_12, i16 %sext_ln23_4" [../source/tut3B_Function_Reshape/matrix_mult.cpp:23]   --->   Operation 294 'mul' 'mul_ln23_9' <Predicate = true> <Delay = 0.00> <CoreInst = "DSP48">   --->   Core 116 'DSP48' <Latency = 3> <II = 1> <Delay = 2.15> <IPBlock> <Opcode : 'add' 'sub' 'mul' 'select'> <InPorts = 0> <OutPorts = 1> <Sync> <CReg>
ST_9 : Operation 295 [2/2] (2.10ns) (root node of the DSP)   --->   "%add_ln23_6 = add i16 %add_ln23_5, i16 %mul_ln23_9" [../source/tut3B_Function_Reshape/matrix_mult.cpp:23]   --->   Operation 295 'add' 'add_ln23_6' <Predicate = true> <Delay = 2.10> <CoreInst = "DSP48">   --->   Core 116 'DSP48' <Latency = 3> <II = 1> <Delay = 2.15> <IPBlock> <Opcode : 'add' 'sub' 'mul' 'select'> <InPorts = 0> <OutPorts = 1> <Sync> <CReg>
ST_9 : Operation 296 [4/5] (5.41ns)   --->   "%mul_ln23_11 = mul i16 %sext_ln23_16, i16 %sext_ln23_2" [../source/tut3B_Function_Reshape/matrix_mult.cpp:23]   --->   Operation 296 'mul' 'mul_ln23_11' <Predicate = true> <Delay = 5.41> <CoreInst = "Multiplier">   --->   Core 3 'Multiplier' <Latency = 4> <II = 1> <Delay = 5.41> <FuncUnit> <Opcode : 'mul'> <InPorts = 2> <OutPorts = 1>
ST_9 : Operation 297 [2/3] (1.05ns) (grouped into DSP with root node add_ln23_10)   --->   "%mul_ln23_14 = mul i16 %sext_ln23_17, i16 %sext_ln23_4" [../source/tut3B_Function_Reshape/matrix_mult.cpp:23]   --->   Operation 297 'mul' 'mul_ln23_14' <Predicate = true> <Delay = 1.05> <CoreInst = "DSP48">   --->   Core 116 'DSP48' <Latency = 3> <II = 1> <Delay = 2.15> <IPBlock> <Opcode : 'add' 'sub' 'mul' 'select'> <InPorts = 0> <OutPorts = 1> <Sync> <CReg>
ST_9 : Operation 298 [1/2] (2.10ns) (root node of the DSP)   --->   "%add_ln23_9 = add i16 %mul_ln23_13, i16 %mul_ln23_12" [../source/tut3B_Function_Reshape/matrix_mult.cpp:23]   --->   Operation 298 'add' 'add_ln23_9' <Predicate = true> <Delay = 2.10> <CoreInst = "DSP48">   --->   Core 116 'DSP48' <Latency = 3> <II = 1> <Delay = 2.15> <IPBlock> <Opcode : 'add' 'sub' 'mul' 'select'> <InPorts = 0> <OutPorts = 1> <Sync> <CReg>
ST_9 : Operation 299 [1/1] (0.00ns)   --->   "%sext_ln23_21 = sext i8 %tmp_15" [../source/tut3B_Function_Reshape/matrix_mult.cpp:23]   --->   Operation 299 'sext' 'sext_ln23_21' <Predicate = true> <Delay = 0.00>
ST_9 : Operation 300 [5/5] (5.41ns)   --->   "%mul_ln23_16 = mul i16 %sext_ln23_21, i16 %sext_ln23_2" [../source/tut3B_Function_Reshape/matrix_mult.cpp:23]   --->   Operation 300 'mul' 'mul_ln23_16' <Predicate = true> <Delay = 5.41> <CoreInst = "Multiplier">   --->   Core 3 'Multiplier' <Latency = 4> <II = 1> <Delay = 5.41> <FuncUnit> <Opcode : 'mul'> <InPorts = 2> <OutPorts = 1>
ST_9 : Operation 301 [2/3] (1.05ns) (grouped into DSP with root node add_ln23_14)   --->   "%mul_ln23_19 = mul i16 %sext_ln23_22, i16 %sext_ln23_4" [../source/tut3B_Function_Reshape/matrix_mult.cpp:23]   --->   Operation 301 'mul' 'mul_ln23_19' <Predicate = true> <Delay = 1.05> <CoreInst = "DSP48">   --->   Core 116 'DSP48' <Latency = 3> <II = 1> <Delay = 2.15> <IPBlock> <Opcode : 'add' 'sub' 'mul' 'select'> <InPorts = 0> <OutPorts = 1> <Sync> <CReg>
ST_9 : Operation 302 [1/2] (2.10ns) (root node of the DSP)   --->   "%add_ln23_13 = add i16 %mul_ln23_18, i16 %mul_ln23_17" [../source/tut3B_Function_Reshape/matrix_mult.cpp:23]   --->   Operation 302 'add' 'add_ln23_13' <Predicate = true> <Delay = 2.10> <CoreInst = "DSP48">   --->   Core 116 'DSP48' <Latency = 3> <II = 1> <Delay = 2.15> <IPBlock> <Opcode : 'add' 'sub' 'mul' 'select'> <InPorts = 0> <OutPorts = 1> <Sync> <CReg>
ST_9 : Operation 303 [1/1] (0.00ns)   --->   "%sext_ln23_26 = sext i8 %tmp_19" [../source/tut3B_Function_Reshape/matrix_mult.cpp:23]   --->   Operation 303 'sext' 'sext_ln23_26' <Predicate = true> <Delay = 0.00>
ST_9 : Operation 304 [1/1] (0.00ns)   --->   "%sext_ln23_27 = sext i8 %tmp_20" [../source/tut3B_Function_Reshape/matrix_mult.cpp:23]   --->   Operation 304 'sext' 'sext_ln23_27' <Predicate = true> <Delay = 0.00>
ST_9 : Operation 305 [5/5] (5.41ns)   --->   "%mul_ln23_21 = mul i16 %sext_ln23_26, i16 %sext_ln23_2" [../source/tut3B_Function_Reshape/matrix_mult.cpp:23]   --->   Operation 305 'mul' 'mul_ln23_21' <Predicate = true> <Delay = 5.41> <CoreInst = "Multiplier">   --->   Core 3 'Multiplier' <Latency = 4> <II = 1> <Delay = 5.41> <FuncUnit> <Opcode : 'mul'> <InPorts = 2> <OutPorts = 1>
ST_9 : Operation 306 [1/3] (0.00ns) (grouped into DSP with root node add_ln23_17)   --->   "%mul_ln23_22 = mul i16 %sext_ln23_29, i16 %sext_ln23_8" [../source/tut3B_Function_Reshape/matrix_mult.cpp:23]   --->   Operation 306 'mul' 'mul_ln23_22' <Predicate = true> <Delay = 0.00> <CoreInst = "DSP48">   --->   Core 116 'DSP48' <Latency = 3> <II = 1> <Delay = 2.15> <IPBlock> <Opcode : 'add' 'sub' 'mul' 'select'> <InPorts = 0> <OutPorts = 1> <Sync> <CReg>
ST_9 : Operation 307 [3/3] (1.05ns) (grouped into DSP with root node add_ln23_18)   --->   "%mul_ln23_24 = mul i16 %sext_ln23_27, i16 %sext_ln23_4" [../source/tut3B_Function_Reshape/matrix_mult.cpp:23]   --->   Operation 307 'mul' 'mul_ln23_24' <Predicate = true> <Delay = 1.05> <CoreInst = "DSP48">   --->   Core 116 'DSP48' <Latency = 3> <II = 1> <Delay = 2.15> <IPBlock> <Opcode : 'add' 'sub' 'mul' 'select'> <InPorts = 0> <OutPorts = 1> <Sync> <CReg>
ST_9 : Operation 308 [2/2] (2.10ns) (root node of the DSP)   --->   "%add_ln23_17 = add i16 %mul_ln23_23, i16 %mul_ln23_22" [../source/tut3B_Function_Reshape/matrix_mult.cpp:23]   --->   Operation 308 'add' 'add_ln23_17' <Predicate = true> <Delay = 2.10> <CoreInst = "DSP48">   --->   Core 116 'DSP48' <Latency = 3> <II = 1> <Delay = 2.15> <IPBlock> <Opcode : 'add' 'sub' 'mul' 'select'> <InPorts = 0> <OutPorts = 1> <Sync> <CReg>
ST_9 : Operation 309 [1/1] (0.00ns)   --->   "%sext_ln23_31 = sext i8 %tmp_23" [../source/tut3B_Function_Reshape/matrix_mult.cpp:23]   --->   Operation 309 'sext' 'sext_ln23_31' <Predicate = true> <Delay = 0.00>
ST_9 : Operation 310 [1/1] (0.00ns)   --->   "%sext_ln23_32 = sext i8 %tmp_24" [../source/tut3B_Function_Reshape/matrix_mult.cpp:23]   --->   Operation 310 'sext' 'sext_ln23_32' <Predicate = true> <Delay = 0.00>
ST_9 : Operation 311 [5/5] (5.41ns)   --->   "%mul_ln23_26 = mul i16 %sext_ln23_31, i16 %sext_ln23_3" [../source/tut3B_Function_Reshape/matrix_mult.cpp:23]   --->   Operation 311 'mul' 'mul_ln23_26' <Predicate = true> <Delay = 5.41> <CoreInst = "Multiplier">   --->   Core 3 'Multiplier' <Latency = 4> <II = 1> <Delay = 5.41> <FuncUnit> <Opcode : 'mul'> <InPorts = 2> <OutPorts = 1>
ST_9 : Operation 312 [3/3] (1.05ns) (grouped into DSP with root node add_ln23_22)   --->   "%mul_ln23_29 = mul i16 %sext_ln23_32, i16 %sext_ln23_5" [../source/tut3B_Function_Reshape/matrix_mult.cpp:23]   --->   Operation 312 'mul' 'mul_ln23_29' <Predicate = true> <Delay = 1.05> <CoreInst = "DSP48">   --->   Core 116 'DSP48' <Latency = 3> <II = 1> <Delay = 2.15> <IPBlock> <Opcode : 'add' 'sub' 'mul' 'select'> <InPorts = 0> <OutPorts = 1> <Sync> <CReg>
ST_9 : Operation 313 [5/5] (5.41ns)   --->   "%mul_ln23_31 = mul i16 %sext_ln23_31, i16 %sext_ln23_11" [../source/tut3B_Function_Reshape/matrix_mult.cpp:23]   --->   Operation 313 'mul' 'mul_ln23_31' <Predicate = true> <Delay = 5.41> <CoreInst = "Multiplier">   --->   Core 3 'Multiplier' <Latency = 4> <II = 1> <Delay = 5.41> <FuncUnit> <Opcode : 'mul'> <InPorts = 2> <OutPorts = 1>
ST_9 : Operation 314 [1/2] (2.10ns) (root node of the DSP)   --->   "%add_ln23_29 = add i16 %mul_ln23_38, i16 %mul_ln23_37" [../source/tut3B_Function_Reshape/matrix_mult.cpp:23]   --->   Operation 314 'add' 'add_ln23_29' <Predicate = true> <Delay = 2.10> <CoreInst = "DSP48">   --->   Core 116 'DSP48' <Latency = 3> <II = 1> <Delay = 2.15> <IPBlock> <Opcode : 'add' 'sub' 'mul' 'select'> <InPorts = 0> <OutPorts = 1> <Sync> <CReg>
ST_9 : Operation 315 [1/2] (2.10ns) (root node of the DSP)   --->   "%add_ln23_33 = add i16 %mul_ln23_43, i16 %mul_ln23_42" [../source/tut3B_Function_Reshape/matrix_mult.cpp:23]   --->   Operation 315 'add' 'add_ln23_33' <Predicate = true> <Delay = 2.10> <CoreInst = "DSP48">   --->   Core 116 'DSP48' <Latency = 3> <II = 1> <Delay = 2.15> <IPBlock> <Opcode : 'add' 'sub' 'mul' 'select'> <InPorts = 0> <OutPorts = 1> <Sync> <CReg>
ST_9 : Operation 316 [1/3] (0.00ns) (grouped into DSP with root node add_ln23_37)   --->   "%mul_ln23_47 = mul i16 %sext_ln23_34, i16 %sext_ln23_29" [../source/tut3B_Function_Reshape/matrix_mult.cpp:23]   --->   Operation 316 'mul' 'mul_ln23_47' <Predicate = true> <Delay = 0.00> <CoreInst = "DSP48">   --->   Core 116 'DSP48' <Latency = 3> <II = 1> <Delay = 2.15> <IPBlock> <Opcode : 'add' 'sub' 'mul' 'select'> <InPorts = 0> <OutPorts = 1> <Sync> <CReg>
ST_9 : Operation 317 [2/2] (2.10ns) (root node of the DSP)   --->   "%add_ln23_37 = add i16 %mul_ln23_48, i16 %mul_ln23_47" [../source/tut3B_Function_Reshape/matrix_mult.cpp:23]   --->   Operation 317 'add' 'add_ln23_37' <Predicate = true> <Delay = 2.10> <CoreInst = "DSP48">   --->   Core 116 'DSP48' <Latency = 3> <II = 1> <Delay = 2.15> <IPBlock> <Opcode : 'add' 'sub' 'mul' 'select'> <InPorts = 0> <OutPorts = 1> <Sync> <CReg>
ST_9 : Operation 318 [1/3] (0.00ns) (grouped into DSP with root node add_ln23_41)   --->   "%mul_ln23_52 = mul i16 %sext_ln23_39, i16 %sext_ln23_9" [../source/tut3B_Function_Reshape/matrix_mult.cpp:23]   --->   Operation 318 'mul' 'mul_ln23_52' <Predicate = true> <Delay = 0.00> <CoreInst = "DSP48">   --->   Core 116 'DSP48' <Latency = 3> <II = 1> <Delay = 2.15> <IPBlock> <Opcode : 'add' 'sub' 'mul' 'select'> <InPorts = 0> <OutPorts = 1> <Sync> <CReg>
ST_9 : Operation 319 [2/2] (2.10ns) (root node of the DSP)   --->   "%add_ln23_41 = add i16 %mul_ln23_53, i16 %mul_ln23_52" [../source/tut3B_Function_Reshape/matrix_mult.cpp:23]   --->   Operation 319 'add' 'add_ln23_41' <Predicate = true> <Delay = 2.10> <CoreInst = "DSP48">   --->   Core 116 'DSP48' <Latency = 3> <II = 1> <Delay = 2.15> <IPBlock> <Opcode : 'add' 'sub' 'mul' 'select'> <InPorts = 0> <OutPorts = 1> <Sync> <CReg>
ST_9 : Operation 320 [1/3] (0.00ns) (grouped into DSP with root node add_ln23_45)   --->   "%mul_ln23_57 = mul i16 %sext_ln23_39, i16 %sext_ln23_14" [../source/tut3B_Function_Reshape/matrix_mult.cpp:23]   --->   Operation 320 'mul' 'mul_ln23_57' <Predicate = true> <Delay = 0.00> <CoreInst = "DSP48">   --->   Core 116 'DSP48' <Latency = 3> <II = 1> <Delay = 2.15> <IPBlock> <Opcode : 'add' 'sub' 'mul' 'select'> <InPorts = 0> <OutPorts = 1> <Sync> <CReg>
ST_9 : Operation 321 [2/2] (2.10ns) (root node of the DSP)   --->   "%add_ln23_45 = add i16 %mul_ln23_58, i16 %mul_ln23_57" [../source/tut3B_Function_Reshape/matrix_mult.cpp:23]   --->   Operation 321 'add' 'add_ln23_45' <Predicate = true> <Delay = 2.10> <CoreInst = "DSP48">   --->   Core 116 'DSP48' <Latency = 3> <II = 1> <Delay = 2.15> <IPBlock> <Opcode : 'add' 'sub' 'mul' 'select'> <InPorts = 0> <OutPorts = 1> <Sync> <CReg>
ST_9 : Operation 322 [2/3] (1.05ns) (grouped into DSP with root node add_ln23_49)   --->   "%mul_ln23_62 = mul i16 %sext_ln23_39, i16 %sext_ln23_19" [../source/tut3B_Function_Reshape/matrix_mult.cpp:23]   --->   Operation 322 'mul' 'mul_ln23_62' <Predicate = true> <Delay = 1.05> <CoreInst = "DSP48">   --->   Core 116 'DSP48' <Latency = 3> <II = 1> <Delay = 2.15> <IPBlock> <Opcode : 'add' 'sub' 'mul' 'select'> <InPorts = 0> <OutPorts = 1> <Sync> <CReg>
ST_9 : Operation 323 [1/5] (5.41ns)   --->   "%mul_ln23_63 = mul i16 %sext_ln23_38, i16 %sext_ln23_18" [../source/tut3B_Function_Reshape/matrix_mult.cpp:23]   --->   Operation 323 'mul' 'mul_ln23_63' <Predicate = true> <Delay = 5.41> <CoreInst = "Multiplier">   --->   Core 3 'Multiplier' <Latency = 4> <II = 1> <Delay = 5.41> <FuncUnit> <Opcode : 'mul'> <InPorts = 2> <OutPorts = 1>
ST_9 : Operation 324 [2/3] (1.05ns) (grouped into DSP with root node add_ln23_53)   --->   "%mul_ln23_67 = mul i16 %sext_ln23_39, i16 %sext_ln23_24" [../source/tut3B_Function_Reshape/matrix_mult.cpp:23]   --->   Operation 324 'mul' 'mul_ln23_67' <Predicate = true> <Delay = 1.05> <CoreInst = "DSP48">   --->   Core 116 'DSP48' <Latency = 3> <II = 1> <Delay = 2.15> <IPBlock> <Opcode : 'add' 'sub' 'mul' 'select'> <InPorts = 0> <OutPorts = 1> <Sync> <CReg>
ST_9 : Operation 325 [1/5] (5.41ns)   --->   "%mul_ln23_68 = mul i16 %sext_ln23_38, i16 %sext_ln23_23" [../source/tut3B_Function_Reshape/matrix_mult.cpp:23]   --->   Operation 325 'mul' 'mul_ln23_68' <Predicate = true> <Delay = 5.41> <CoreInst = "Multiplier">   --->   Core 3 'Multiplier' <Latency = 4> <II = 1> <Delay = 5.41> <FuncUnit> <Opcode : 'mul'> <InPorts = 2> <OutPorts = 1>
ST_9 : Operation 326 [2/3] (1.05ns) (grouped into DSP with root node add_ln23_57)   --->   "%mul_ln23_72 = mul i16 %sext_ln23_39, i16 %sext_ln23_29" [../source/tut3B_Function_Reshape/matrix_mult.cpp:23]   --->   Operation 326 'mul' 'mul_ln23_72' <Predicate = true> <Delay = 1.05> <CoreInst = "DSP48">   --->   Core 116 'DSP48' <Latency = 3> <II = 1> <Delay = 2.15> <IPBlock> <Opcode : 'add' 'sub' 'mul' 'select'> <InPorts = 0> <OutPorts = 1> <Sync> <CReg>
ST_9 : Operation 327 [1/5] (5.41ns)   --->   "%mul_ln23_73 = mul i16 %sext_ln23_38, i16 %sext_ln23_28" [../source/tut3B_Function_Reshape/matrix_mult.cpp:23]   --->   Operation 327 'mul' 'mul_ln23_73' <Predicate = true> <Delay = 5.41> <CoreInst = "Multiplier">   --->   Core 3 'Multiplier' <Latency = 4> <II = 1> <Delay = 5.41> <FuncUnit> <Opcode : 'mul'> <InPorts = 2> <OutPorts = 1>
ST_9 : Operation 328 [2/3] (1.05ns) (grouped into DSP with root node add_ln23_61)   --->   "%mul_ln23_77 = mul i16 %sext_ln23_44, i16 %sext_ln23_9" [../source/tut3B_Function_Reshape/matrix_mult.cpp:23]   --->   Operation 328 'mul' 'mul_ln23_77' <Predicate = true> <Delay = 1.05> <CoreInst = "DSP48">   --->   Core 116 'DSP48' <Latency = 3> <II = 1> <Delay = 2.15> <IPBlock> <Opcode : 'add' 'sub' 'mul' 'select'> <InPorts = 0> <OutPorts = 1> <Sync> <CReg>
ST_9 : Operation 329 [1/5] (5.41ns)   --->   "%mul_ln23_78 = mul i16 %sext_ln23_43, i16 %sext_ln23_7" [../source/tut3B_Function_Reshape/matrix_mult.cpp:23]   --->   Operation 329 'mul' 'mul_ln23_78' <Predicate = true> <Delay = 5.41> <CoreInst = "Multiplier">   --->   Core 3 'Multiplier' <Latency = 4> <II = 1> <Delay = 5.41> <FuncUnit> <Opcode : 'mul'> <InPorts = 2> <OutPorts = 1>
ST_9 : Operation 330 [3/3] (1.05ns) (grouped into DSP with root node add_ln23_65)   --->   "%mul_ln23_82 = mul i16 %sext_ln23_44, i16 %sext_ln23_14" [../source/tut3B_Function_Reshape/matrix_mult.cpp:23]   --->   Operation 330 'mul' 'mul_ln23_82' <Predicate = true> <Delay = 1.05> <CoreInst = "DSP48">   --->   Core 116 'DSP48' <Latency = 3> <II = 1> <Delay = 2.15> <IPBlock> <Opcode : 'add' 'sub' 'mul' 'select'> <InPorts = 0> <OutPorts = 1> <Sync> <CReg>
ST_9 : Operation 331 [2/5] (5.41ns)   --->   "%mul_ln23_83 = mul i16 %sext_ln23_43, i16 %sext_ln23_13" [../source/tut3B_Function_Reshape/matrix_mult.cpp:23]   --->   Operation 331 'mul' 'mul_ln23_83' <Predicate = true> <Delay = 5.41> <CoreInst = "Multiplier">   --->   Core 3 'Multiplier' <Latency = 4> <II = 1> <Delay = 5.41> <FuncUnit> <Opcode : 'mul'> <InPorts = 2> <OutPorts = 1>
ST_9 : Operation 332 [3/3] (1.05ns) (grouped into DSP with root node add_ln23_69)   --->   "%mul_ln23_87 = mul i16 %sext_ln23_44, i16 %sext_ln23_19" [../source/tut3B_Function_Reshape/matrix_mult.cpp:23]   --->   Operation 332 'mul' 'mul_ln23_87' <Predicate = true> <Delay = 1.05> <CoreInst = "DSP48">   --->   Core 116 'DSP48' <Latency = 3> <II = 1> <Delay = 2.15> <IPBlock> <Opcode : 'add' 'sub' 'mul' 'select'> <InPorts = 0> <OutPorts = 1> <Sync> <CReg>
ST_9 : Operation 333 [2/5] (5.41ns)   --->   "%mul_ln23_88 = mul i16 %sext_ln23_43, i16 %sext_ln23_18" [../source/tut3B_Function_Reshape/matrix_mult.cpp:23]   --->   Operation 333 'mul' 'mul_ln23_88' <Predicate = true> <Delay = 5.41> <CoreInst = "Multiplier">   --->   Core 3 'Multiplier' <Latency = 4> <II = 1> <Delay = 5.41> <FuncUnit> <Opcode : 'mul'> <InPorts = 2> <OutPorts = 1>
ST_9 : Operation 334 [3/3] (1.05ns) (grouped into DSP with root node add_ln23_73)   --->   "%mul_ln23_92 = mul i16 %sext_ln23_44, i16 %sext_ln23_24" [../source/tut3B_Function_Reshape/matrix_mult.cpp:23]   --->   Operation 334 'mul' 'mul_ln23_92' <Predicate = true> <Delay = 1.05> <CoreInst = "DSP48">   --->   Core 116 'DSP48' <Latency = 3> <II = 1> <Delay = 2.15> <IPBlock> <Opcode : 'add' 'sub' 'mul' 'select'> <InPorts = 0> <OutPorts = 1> <Sync> <CReg>
ST_9 : Operation 335 [2/5] (5.41ns)   --->   "%mul_ln23_93 = mul i16 %sext_ln23_43, i16 %sext_ln23_23" [../source/tut3B_Function_Reshape/matrix_mult.cpp:23]   --->   Operation 335 'mul' 'mul_ln23_93' <Predicate = true> <Delay = 5.41> <CoreInst = "Multiplier">   --->   Core 3 'Multiplier' <Latency = 4> <II = 1> <Delay = 5.41> <FuncUnit> <Opcode : 'mul'> <InPorts = 2> <OutPorts = 1>
ST_9 : Operation 336 [3/3] (1.05ns) (grouped into DSP with root node add_ln23_77)   --->   "%mul_ln23_97 = mul i16 %sext_ln23_44, i16 %sext_ln23_29" [../source/tut3B_Function_Reshape/matrix_mult.cpp:23]   --->   Operation 336 'mul' 'mul_ln23_97' <Predicate = true> <Delay = 1.05> <CoreInst = "DSP48">   --->   Core 116 'DSP48' <Latency = 3> <II = 1> <Delay = 2.15> <IPBlock> <Opcode : 'add' 'sub' 'mul' 'select'> <InPorts = 0> <OutPorts = 1> <Sync> <CReg>
ST_9 : Operation 337 [2/5] (5.41ns)   --->   "%mul_ln23_98 = mul i16 %sext_ln23_43, i16 %sext_ln23_28" [../source/tut3B_Function_Reshape/matrix_mult.cpp:23]   --->   Operation 337 'mul' 'mul_ln23_98' <Predicate = true> <Delay = 5.41> <CoreInst = "Multiplier">   --->   Core 3 'Multiplier' <Latency = 4> <II = 1> <Delay = 5.41> <FuncUnit> <Opcode : 'mul'> <InPorts = 2> <OutPorts = 1>
ST_9 : Operation 338 [3/5] (5.41ns)   --->   "%mul_ln23_103 = mul i16 %sext_ln23_48, i16 %sext_ln23_7" [../source/tut3B_Function_Reshape/matrix_mult.cpp:23]   --->   Operation 338 'mul' 'mul_ln23_103' <Predicate = true> <Delay = 5.41> <CoreInst = "Multiplier">   --->   Core 3 'Multiplier' <Latency = 4> <II = 1> <Delay = 5.41> <FuncUnit> <Opcode : 'mul'> <InPorts = 2> <OutPorts = 1>
ST_9 : Operation 339 [3/5] (5.41ns)   --->   "%mul_ln23_108 = mul i16 %sext_ln23_48, i16 %sext_ln23_13" [../source/tut3B_Function_Reshape/matrix_mult.cpp:23]   --->   Operation 339 'mul' 'mul_ln23_108' <Predicate = true> <Delay = 5.41> <CoreInst = "Multiplier">   --->   Core 3 'Multiplier' <Latency = 4> <II = 1> <Delay = 5.41> <FuncUnit> <Opcode : 'mul'> <InPorts = 2> <OutPorts = 1>
ST_9 : Operation 340 [3/5] (5.41ns)   --->   "%mul_ln23_113 = mul i16 %sext_ln23_48, i16 %sext_ln23_18" [../source/tut3B_Function_Reshape/matrix_mult.cpp:23]   --->   Operation 340 'mul' 'mul_ln23_113' <Predicate = true> <Delay = 5.41> <CoreInst = "Multiplier">   --->   Core 3 'Multiplier' <Latency = 4> <II = 1> <Delay = 5.41> <FuncUnit> <Opcode : 'mul'> <InPorts = 2> <OutPorts = 1>
ST_9 : Operation 341 [3/5] (5.41ns)   --->   "%mul_ln23_118 = mul i16 %sext_ln23_48, i16 %sext_ln23_23" [../source/tut3B_Function_Reshape/matrix_mult.cpp:23]   --->   Operation 341 'mul' 'mul_ln23_118' <Predicate = true> <Delay = 5.41> <CoreInst = "Multiplier">   --->   Core 3 'Multiplier' <Latency = 4> <II = 1> <Delay = 5.41> <FuncUnit> <Opcode : 'mul'> <InPorts = 2> <OutPorts = 1>
ST_9 : Operation 342 [4/5] (5.41ns)   --->   "%mul_ln23_123 = mul i16 %sext_ln23_48, i16 %sext_ln23_28" [../source/tut3B_Function_Reshape/matrix_mult.cpp:23]   --->   Operation 342 'mul' 'mul_ln23_123' <Predicate = true> <Delay = 5.41> <CoreInst = "Multiplier">   --->   Core 3 'Multiplier' <Latency = 4> <II = 1> <Delay = 5.41> <FuncUnit> <Opcode : 'mul'> <InPorts = 2> <OutPorts = 1>

State 10 <SV = 9> <Delay = 5.41>
ST_10 : Operation 343 [3/5] (5.41ns)   --->   "%mul_ln23_1 = mul i16 %sext_ln23_3, i16 %sext_ln23_2" [../source/tut3B_Function_Reshape/matrix_mult.cpp:23]   --->   Operation 343 'mul' 'mul_ln23_1' <Predicate = true> <Delay = 5.41> <CoreInst = "Multiplier">   --->   Core 3 'Multiplier' <Latency = 4> <II = 1> <Delay = 5.41> <FuncUnit> <Opcode : 'mul'> <InPorts = 2> <OutPorts = 1>
ST_10 : Operation 344 [1/2] (2.10ns) (root node of the DSP)   --->   "%add_ln23_2 = add i16 %add_ln23_1, i16 %mul_ln23_4" [../source/tut3B_Function_Reshape/matrix_mult.cpp:23]   --->   Operation 344 'add' 'add_ln23_2' <Predicate = true> <Delay = 2.10> <CoreInst = "DSP48">   --->   Core 116 'DSP48' <Latency = 3> <II = 1> <Delay = 2.15> <IPBlock> <Opcode : 'add' 'sub' 'mul' 'select'> <InPorts = 0> <OutPorts = 1> <Sync> <CReg>
ST_10 : Operation 345 [3/5] (5.41ns)   --->   "%mul_ln23_6 = mul i16 %sext_ln23_11, i16 %sext_ln23_2" [../source/tut3B_Function_Reshape/matrix_mult.cpp:23]   --->   Operation 345 'mul' 'mul_ln23_6' <Predicate = true> <Delay = 5.41> <CoreInst = "Multiplier">   --->   Core 3 'Multiplier' <Latency = 4> <II = 1> <Delay = 5.41> <FuncUnit> <Opcode : 'mul'> <InPorts = 2> <OutPorts = 1>
ST_10 : Operation 346 [1/2] (2.10ns) (root node of the DSP)   --->   "%add_ln23_6 = add i16 %add_ln23_5, i16 %mul_ln23_9" [../source/tut3B_Function_Reshape/matrix_mult.cpp:23]   --->   Operation 346 'add' 'add_ln23_6' <Predicate = true> <Delay = 2.10> <CoreInst = "DSP48">   --->   Core 116 'DSP48' <Latency = 3> <II = 1> <Delay = 2.15> <IPBlock> <Opcode : 'add' 'sub' 'mul' 'select'> <InPorts = 0> <OutPorts = 1> <Sync> <CReg>
ST_10 : Operation 347 [3/5] (5.41ns)   --->   "%mul_ln23_11 = mul i16 %sext_ln23_16, i16 %sext_ln23_2" [../source/tut3B_Function_Reshape/matrix_mult.cpp:23]   --->   Operation 347 'mul' 'mul_ln23_11' <Predicate = true> <Delay = 5.41> <CoreInst = "Multiplier">   --->   Core 3 'Multiplier' <Latency = 4> <II = 1> <Delay = 5.41> <FuncUnit> <Opcode : 'mul'> <InPorts = 2> <OutPorts = 1>
ST_10 : Operation 348 [1/3] (0.00ns) (grouped into DSP with root node add_ln23_10)   --->   "%mul_ln23_14 = mul i16 %sext_ln23_17, i16 %sext_ln23_4" [../source/tut3B_Function_Reshape/matrix_mult.cpp:23]   --->   Operation 348 'mul' 'mul_ln23_14' <Predicate = true> <Delay = 0.00> <CoreInst = "DSP48">   --->   Core 116 'DSP48' <Latency = 3> <II = 1> <Delay = 2.15> <IPBlock> <Opcode : 'add' 'sub' 'mul' 'select'> <InPorts = 0> <OutPorts = 1> <Sync> <CReg>
ST_10 : Operation 349 [2/2] (2.10ns) (root node of the DSP)   --->   "%add_ln23_10 = add i16 %add_ln23_9, i16 %mul_ln23_14" [../source/tut3B_Function_Reshape/matrix_mult.cpp:23]   --->   Operation 349 'add' 'add_ln23_10' <Predicate = true> <Delay = 2.10> <CoreInst = "DSP48">   --->   Core 116 'DSP48' <Latency = 3> <II = 1> <Delay = 2.15> <IPBlock> <Opcode : 'add' 'sub' 'mul' 'select'> <InPorts = 0> <OutPorts = 1> <Sync> <CReg>
ST_10 : Operation 350 [4/5] (5.41ns)   --->   "%mul_ln23_16 = mul i16 %sext_ln23_21, i16 %sext_ln23_2" [../source/tut3B_Function_Reshape/matrix_mult.cpp:23]   --->   Operation 350 'mul' 'mul_ln23_16' <Predicate = true> <Delay = 5.41> <CoreInst = "Multiplier">   --->   Core 3 'Multiplier' <Latency = 4> <II = 1> <Delay = 5.41> <FuncUnit> <Opcode : 'mul'> <InPorts = 2> <OutPorts = 1>
ST_10 : Operation 351 [1/3] (0.00ns) (grouped into DSP with root node add_ln23_14)   --->   "%mul_ln23_19 = mul i16 %sext_ln23_22, i16 %sext_ln23_4" [../source/tut3B_Function_Reshape/matrix_mult.cpp:23]   --->   Operation 351 'mul' 'mul_ln23_19' <Predicate = true> <Delay = 0.00> <CoreInst = "DSP48">   --->   Core 116 'DSP48' <Latency = 3> <II = 1> <Delay = 2.15> <IPBlock> <Opcode : 'add' 'sub' 'mul' 'select'> <InPorts = 0> <OutPorts = 1> <Sync> <CReg>
ST_10 : Operation 352 [2/2] (2.10ns) (root node of the DSP)   --->   "%add_ln23_14 = add i16 %add_ln23_13, i16 %mul_ln23_19" [../source/tut3B_Function_Reshape/matrix_mult.cpp:23]   --->   Operation 352 'add' 'add_ln23_14' <Predicate = true> <Delay = 2.10> <CoreInst = "DSP48">   --->   Core 116 'DSP48' <Latency = 3> <II = 1> <Delay = 2.15> <IPBlock> <Opcode : 'add' 'sub' 'mul' 'select'> <InPorts = 0> <OutPorts = 1> <Sync> <CReg>
ST_10 : Operation 353 [4/5] (5.41ns)   --->   "%mul_ln23_21 = mul i16 %sext_ln23_26, i16 %sext_ln23_2" [../source/tut3B_Function_Reshape/matrix_mult.cpp:23]   --->   Operation 353 'mul' 'mul_ln23_21' <Predicate = true> <Delay = 5.41> <CoreInst = "Multiplier">   --->   Core 3 'Multiplier' <Latency = 4> <II = 1> <Delay = 5.41> <FuncUnit> <Opcode : 'mul'> <InPorts = 2> <OutPorts = 1>
ST_10 : Operation 354 [2/3] (1.05ns) (grouped into DSP with root node add_ln23_18)   --->   "%mul_ln23_24 = mul i16 %sext_ln23_27, i16 %sext_ln23_4" [../source/tut3B_Function_Reshape/matrix_mult.cpp:23]   --->   Operation 354 'mul' 'mul_ln23_24' <Predicate = true> <Delay = 1.05> <CoreInst = "DSP48">   --->   Core 116 'DSP48' <Latency = 3> <II = 1> <Delay = 2.15> <IPBlock> <Opcode : 'add' 'sub' 'mul' 'select'> <InPorts = 0> <OutPorts = 1> <Sync> <CReg>
ST_10 : Operation 355 [1/2] (2.10ns) (root node of the DSP)   --->   "%add_ln23_17 = add i16 %mul_ln23_23, i16 %mul_ln23_22" [../source/tut3B_Function_Reshape/matrix_mult.cpp:23]   --->   Operation 355 'add' 'add_ln23_17' <Predicate = true> <Delay = 2.10> <CoreInst = "DSP48">   --->   Core 116 'DSP48' <Latency = 3> <II = 1> <Delay = 2.15> <IPBlock> <Opcode : 'add' 'sub' 'mul' 'select'> <InPorts = 0> <OutPorts = 1> <Sync> <CReg>
ST_10 : Operation 356 [4/5] (5.41ns)   --->   "%mul_ln23_26 = mul i16 %sext_ln23_31, i16 %sext_ln23_3" [../source/tut3B_Function_Reshape/matrix_mult.cpp:23]   --->   Operation 356 'mul' 'mul_ln23_26' <Predicate = true> <Delay = 5.41> <CoreInst = "Multiplier">   --->   Core 3 'Multiplier' <Latency = 4> <II = 1> <Delay = 5.41> <FuncUnit> <Opcode : 'mul'> <InPorts = 2> <OutPorts = 1>
ST_10 : Operation 357 [2/3] (1.05ns) (grouped into DSP with root node add_ln23_22)   --->   "%mul_ln23_29 = mul i16 %sext_ln23_32, i16 %sext_ln23_5" [../source/tut3B_Function_Reshape/matrix_mult.cpp:23]   --->   Operation 357 'mul' 'mul_ln23_29' <Predicate = true> <Delay = 1.05> <CoreInst = "DSP48">   --->   Core 116 'DSP48' <Latency = 3> <II = 1> <Delay = 2.15> <IPBlock> <Opcode : 'add' 'sub' 'mul' 'select'> <InPorts = 0> <OutPorts = 1> <Sync> <CReg>
ST_10 : Operation 358 [4/5] (5.41ns)   --->   "%mul_ln23_31 = mul i16 %sext_ln23_31, i16 %sext_ln23_11" [../source/tut3B_Function_Reshape/matrix_mult.cpp:23]   --->   Operation 358 'mul' 'mul_ln23_31' <Predicate = true> <Delay = 5.41> <CoreInst = "Multiplier">   --->   Core 3 'Multiplier' <Latency = 4> <II = 1> <Delay = 5.41> <FuncUnit> <Opcode : 'mul'> <InPorts = 2> <OutPorts = 1>
ST_10 : Operation 359 [3/3] (1.05ns) (grouped into DSP with root node add_ln23_26)   --->   "%mul_ln23_34 = mul i16 %sext_ln23_32, i16 %sext_ln23_12" [../source/tut3B_Function_Reshape/matrix_mult.cpp:23]   --->   Operation 359 'mul' 'mul_ln23_34' <Predicate = true> <Delay = 1.05> <CoreInst = "DSP48">   --->   Core 116 'DSP48' <Latency = 3> <II = 1> <Delay = 2.15> <IPBlock> <Opcode : 'add' 'sub' 'mul' 'select'> <InPorts = 0> <OutPorts = 1> <Sync> <CReg>
ST_10 : Operation 360 [5/5] (5.41ns)   --->   "%mul_ln23_36 = mul i16 %sext_ln23_31, i16 %sext_ln23_16" [../source/tut3B_Function_Reshape/matrix_mult.cpp:23]   --->   Operation 360 'mul' 'mul_ln23_36' <Predicate = true> <Delay = 5.41> <CoreInst = "Multiplier">   --->   Core 3 'Multiplier' <Latency = 4> <II = 1> <Delay = 5.41> <FuncUnit> <Opcode : 'mul'> <InPorts = 2> <OutPorts = 1>
ST_10 : Operation 361 [3/3] (1.05ns) (grouped into DSP with root node add_ln23_30)   --->   "%mul_ln23_39 = mul i16 %sext_ln23_32, i16 %sext_ln23_17" [../source/tut3B_Function_Reshape/matrix_mult.cpp:23]   --->   Operation 361 'mul' 'mul_ln23_39' <Predicate = true> <Delay = 1.05> <CoreInst = "DSP48">   --->   Core 116 'DSP48' <Latency = 3> <II = 1> <Delay = 2.15> <IPBlock> <Opcode : 'add' 'sub' 'mul' 'select'> <InPorts = 0> <OutPorts = 1> <Sync> <CReg>
ST_10 : Operation 362 [5/5] (5.41ns)   --->   "%mul_ln23_41 = mul i16 %sext_ln23_31, i16 %sext_ln23_21" [../source/tut3B_Function_Reshape/matrix_mult.cpp:23]   --->   Operation 362 'mul' 'mul_ln23_41' <Predicate = true> <Delay = 5.41> <CoreInst = "Multiplier">   --->   Core 3 'Multiplier' <Latency = 4> <II = 1> <Delay = 5.41> <FuncUnit> <Opcode : 'mul'> <InPorts = 2> <OutPorts = 1>
ST_10 : Operation 363 [5/5] (5.41ns)   --->   "%mul_ln23_46 = mul i16 %sext_ln23_31, i16 %sext_ln23_26" [../source/tut3B_Function_Reshape/matrix_mult.cpp:23]   --->   Operation 363 'mul' 'mul_ln23_46' <Predicate = true> <Delay = 5.41> <CoreInst = "Multiplier">   --->   Core 3 'Multiplier' <Latency = 4> <II = 1> <Delay = 5.41> <FuncUnit> <Opcode : 'mul'> <InPorts = 2> <OutPorts = 1>
ST_10 : Operation 364 [1/2] (2.10ns) (root node of the DSP)   --->   "%add_ln23_37 = add i16 %mul_ln23_48, i16 %mul_ln23_47" [../source/tut3B_Function_Reshape/matrix_mult.cpp:23]   --->   Operation 364 'add' 'add_ln23_37' <Predicate = true> <Delay = 2.10> <CoreInst = "DSP48">   --->   Core 116 'DSP48' <Latency = 3> <II = 1> <Delay = 2.15> <IPBlock> <Opcode : 'add' 'sub' 'mul' 'select'> <InPorts = 0> <OutPorts = 1> <Sync> <CReg>
ST_10 : Operation 365 [1/1] (0.00ns)   --->   "%sext_ln23_36 = sext i8 %tmp_27" [../source/tut3B_Function_Reshape/matrix_mult.cpp:23]   --->   Operation 365 'sext' 'sext_ln23_36' <Predicate = true> <Delay = 0.00>
ST_10 : Operation 366 [5/5] (5.41ns)   --->   "%mul_ln23_51 = mul i16 %sext_ln23_36, i16 %sext_ln23_3" [../source/tut3B_Function_Reshape/matrix_mult.cpp:23]   --->   Operation 366 'mul' 'mul_ln23_51' <Predicate = true> <Delay = 5.41> <CoreInst = "Multiplier">   --->   Core 3 'Multiplier' <Latency = 4> <II = 1> <Delay = 5.41> <FuncUnit> <Opcode : 'mul'> <InPorts = 2> <OutPorts = 1>
ST_10 : Operation 367 [1/2] (2.10ns) (root node of the DSP)   --->   "%add_ln23_41 = add i16 %mul_ln23_53, i16 %mul_ln23_52" [../source/tut3B_Function_Reshape/matrix_mult.cpp:23]   --->   Operation 367 'add' 'add_ln23_41' <Predicate = true> <Delay = 2.10> <CoreInst = "DSP48">   --->   Core 116 'DSP48' <Latency = 3> <II = 1> <Delay = 2.15> <IPBlock> <Opcode : 'add' 'sub' 'mul' 'select'> <InPorts = 0> <OutPorts = 1> <Sync> <CReg>
ST_10 : Operation 368 [1/2] (2.10ns) (root node of the DSP)   --->   "%add_ln23_45 = add i16 %mul_ln23_58, i16 %mul_ln23_57" [../source/tut3B_Function_Reshape/matrix_mult.cpp:23]   --->   Operation 368 'add' 'add_ln23_45' <Predicate = true> <Delay = 2.10> <CoreInst = "DSP48">   --->   Core 116 'DSP48' <Latency = 3> <II = 1> <Delay = 2.15> <IPBlock> <Opcode : 'add' 'sub' 'mul' 'select'> <InPorts = 0> <OutPorts = 1> <Sync> <CReg>
ST_10 : Operation 369 [1/3] (0.00ns) (grouped into DSP with root node add_ln23_49)   --->   "%mul_ln23_62 = mul i16 %sext_ln23_39, i16 %sext_ln23_19" [../source/tut3B_Function_Reshape/matrix_mult.cpp:23]   --->   Operation 369 'mul' 'mul_ln23_62' <Predicate = true> <Delay = 0.00> <CoreInst = "DSP48">   --->   Core 116 'DSP48' <Latency = 3> <II = 1> <Delay = 2.15> <IPBlock> <Opcode : 'add' 'sub' 'mul' 'select'> <InPorts = 0> <OutPorts = 1> <Sync> <CReg>
ST_10 : Operation 370 [2/2] (2.10ns) (root node of the DSP)   --->   "%add_ln23_49 = add i16 %mul_ln23_63, i16 %mul_ln23_62" [../source/tut3B_Function_Reshape/matrix_mult.cpp:23]   --->   Operation 370 'add' 'add_ln23_49' <Predicate = true> <Delay = 2.10> <CoreInst = "DSP48">   --->   Core 116 'DSP48' <Latency = 3> <II = 1> <Delay = 2.15> <IPBlock> <Opcode : 'add' 'sub' 'mul' 'select'> <InPorts = 0> <OutPorts = 1> <Sync> <CReg>
ST_10 : Operation 371 [1/3] (0.00ns) (grouped into DSP with root node add_ln23_53)   --->   "%mul_ln23_67 = mul i16 %sext_ln23_39, i16 %sext_ln23_24" [../source/tut3B_Function_Reshape/matrix_mult.cpp:23]   --->   Operation 371 'mul' 'mul_ln23_67' <Predicate = true> <Delay = 0.00> <CoreInst = "DSP48">   --->   Core 116 'DSP48' <Latency = 3> <II = 1> <Delay = 2.15> <IPBlock> <Opcode : 'add' 'sub' 'mul' 'select'> <InPorts = 0> <OutPorts = 1> <Sync> <CReg>
ST_10 : Operation 372 [2/2] (2.10ns) (root node of the DSP)   --->   "%add_ln23_53 = add i16 %mul_ln23_68, i16 %mul_ln23_67" [../source/tut3B_Function_Reshape/matrix_mult.cpp:23]   --->   Operation 372 'add' 'add_ln23_53' <Predicate = true> <Delay = 2.10> <CoreInst = "DSP48">   --->   Core 116 'DSP48' <Latency = 3> <II = 1> <Delay = 2.15> <IPBlock> <Opcode : 'add' 'sub' 'mul' 'select'> <InPorts = 0> <OutPorts = 1> <Sync> <CReg>
ST_10 : Operation 373 [1/3] (0.00ns) (grouped into DSP with root node add_ln23_57)   --->   "%mul_ln23_72 = mul i16 %sext_ln23_39, i16 %sext_ln23_29" [../source/tut3B_Function_Reshape/matrix_mult.cpp:23]   --->   Operation 373 'mul' 'mul_ln23_72' <Predicate = true> <Delay = 0.00> <CoreInst = "DSP48">   --->   Core 116 'DSP48' <Latency = 3> <II = 1> <Delay = 2.15> <IPBlock> <Opcode : 'add' 'sub' 'mul' 'select'> <InPorts = 0> <OutPorts = 1> <Sync> <CReg>
ST_10 : Operation 374 [2/2] (2.10ns) (root node of the DSP)   --->   "%add_ln23_57 = add i16 %mul_ln23_73, i16 %mul_ln23_72" [../source/tut3B_Function_Reshape/matrix_mult.cpp:23]   --->   Operation 374 'add' 'add_ln23_57' <Predicate = true> <Delay = 2.10> <CoreInst = "DSP48">   --->   Core 116 'DSP48' <Latency = 3> <II = 1> <Delay = 2.15> <IPBlock> <Opcode : 'add' 'sub' 'mul' 'select'> <InPorts = 0> <OutPorts = 1> <Sync> <CReg>
ST_10 : Operation 375 [1/3] (0.00ns) (grouped into DSP with root node add_ln23_61)   --->   "%mul_ln23_77 = mul i16 %sext_ln23_44, i16 %sext_ln23_9" [../source/tut3B_Function_Reshape/matrix_mult.cpp:23]   --->   Operation 375 'mul' 'mul_ln23_77' <Predicate = true> <Delay = 0.00> <CoreInst = "DSP48">   --->   Core 116 'DSP48' <Latency = 3> <II = 1> <Delay = 2.15> <IPBlock> <Opcode : 'add' 'sub' 'mul' 'select'> <InPorts = 0> <OutPorts = 1> <Sync> <CReg>
ST_10 : Operation 376 [2/2] (2.10ns) (root node of the DSP)   --->   "%add_ln23_61 = add i16 %mul_ln23_78, i16 %mul_ln23_77" [../source/tut3B_Function_Reshape/matrix_mult.cpp:23]   --->   Operation 376 'add' 'add_ln23_61' <Predicate = true> <Delay = 2.10> <CoreInst = "DSP48">   --->   Core 116 'DSP48' <Latency = 3> <II = 1> <Delay = 2.15> <IPBlock> <Opcode : 'add' 'sub' 'mul' 'select'> <InPorts = 0> <OutPorts = 1> <Sync> <CReg>
ST_10 : Operation 377 [2/3] (1.05ns) (grouped into DSP with root node add_ln23_65)   --->   "%mul_ln23_82 = mul i16 %sext_ln23_44, i16 %sext_ln23_14" [../source/tut3B_Function_Reshape/matrix_mult.cpp:23]   --->   Operation 377 'mul' 'mul_ln23_82' <Predicate = true> <Delay = 1.05> <CoreInst = "DSP48">   --->   Core 116 'DSP48' <Latency = 3> <II = 1> <Delay = 2.15> <IPBlock> <Opcode : 'add' 'sub' 'mul' 'select'> <InPorts = 0> <OutPorts = 1> <Sync> <CReg>
ST_10 : Operation 378 [1/5] (5.41ns)   --->   "%mul_ln23_83 = mul i16 %sext_ln23_43, i16 %sext_ln23_13" [../source/tut3B_Function_Reshape/matrix_mult.cpp:23]   --->   Operation 378 'mul' 'mul_ln23_83' <Predicate = true> <Delay = 5.41> <CoreInst = "Multiplier">   --->   Core 3 'Multiplier' <Latency = 4> <II = 1> <Delay = 5.41> <FuncUnit> <Opcode : 'mul'> <InPorts = 2> <OutPorts = 1>
ST_10 : Operation 379 [2/3] (1.05ns) (grouped into DSP with root node add_ln23_69)   --->   "%mul_ln23_87 = mul i16 %sext_ln23_44, i16 %sext_ln23_19" [../source/tut3B_Function_Reshape/matrix_mult.cpp:23]   --->   Operation 379 'mul' 'mul_ln23_87' <Predicate = true> <Delay = 1.05> <CoreInst = "DSP48">   --->   Core 116 'DSP48' <Latency = 3> <II = 1> <Delay = 2.15> <IPBlock> <Opcode : 'add' 'sub' 'mul' 'select'> <InPorts = 0> <OutPorts = 1> <Sync> <CReg>
ST_10 : Operation 380 [1/5] (5.41ns)   --->   "%mul_ln23_88 = mul i16 %sext_ln23_43, i16 %sext_ln23_18" [../source/tut3B_Function_Reshape/matrix_mult.cpp:23]   --->   Operation 380 'mul' 'mul_ln23_88' <Predicate = true> <Delay = 5.41> <CoreInst = "Multiplier">   --->   Core 3 'Multiplier' <Latency = 4> <II = 1> <Delay = 5.41> <FuncUnit> <Opcode : 'mul'> <InPorts = 2> <OutPorts = 1>
ST_10 : Operation 381 [2/3] (1.05ns) (grouped into DSP with root node add_ln23_73)   --->   "%mul_ln23_92 = mul i16 %sext_ln23_44, i16 %sext_ln23_24" [../source/tut3B_Function_Reshape/matrix_mult.cpp:23]   --->   Operation 381 'mul' 'mul_ln23_92' <Predicate = true> <Delay = 1.05> <CoreInst = "DSP48">   --->   Core 116 'DSP48' <Latency = 3> <II = 1> <Delay = 2.15> <IPBlock> <Opcode : 'add' 'sub' 'mul' 'select'> <InPorts = 0> <OutPorts = 1> <Sync> <CReg>
ST_10 : Operation 382 [1/5] (5.41ns)   --->   "%mul_ln23_93 = mul i16 %sext_ln23_43, i16 %sext_ln23_23" [../source/tut3B_Function_Reshape/matrix_mult.cpp:23]   --->   Operation 382 'mul' 'mul_ln23_93' <Predicate = true> <Delay = 5.41> <CoreInst = "Multiplier">   --->   Core 3 'Multiplier' <Latency = 4> <II = 1> <Delay = 5.41> <FuncUnit> <Opcode : 'mul'> <InPorts = 2> <OutPorts = 1>
ST_10 : Operation 383 [2/3] (1.05ns) (grouped into DSP with root node add_ln23_77)   --->   "%mul_ln23_97 = mul i16 %sext_ln23_44, i16 %sext_ln23_29" [../source/tut3B_Function_Reshape/matrix_mult.cpp:23]   --->   Operation 383 'mul' 'mul_ln23_97' <Predicate = true> <Delay = 1.05> <CoreInst = "DSP48">   --->   Core 116 'DSP48' <Latency = 3> <II = 1> <Delay = 2.15> <IPBlock> <Opcode : 'add' 'sub' 'mul' 'select'> <InPorts = 0> <OutPorts = 1> <Sync> <CReg>
ST_10 : Operation 384 [1/5] (5.41ns)   --->   "%mul_ln23_98 = mul i16 %sext_ln23_43, i16 %sext_ln23_28" [../source/tut3B_Function_Reshape/matrix_mult.cpp:23]   --->   Operation 384 'mul' 'mul_ln23_98' <Predicate = true> <Delay = 5.41> <CoreInst = "Multiplier">   --->   Core 3 'Multiplier' <Latency = 4> <II = 1> <Delay = 5.41> <FuncUnit> <Opcode : 'mul'> <InPorts = 2> <OutPorts = 1>
ST_10 : Operation 385 [1/1] (0.00ns)   --->   "%sext_ln23_49 = sext i8 %tmp_38" [../source/tut3B_Function_Reshape/matrix_mult.cpp:23]   --->   Operation 385 'sext' 'sext_ln23_49' <Predicate = true> <Delay = 0.00>
ST_10 : Operation 386 [3/3] (1.05ns) (grouped into DSP with root node add_ln23_81)   --->   "%mul_ln23_102 = mul i16 %sext_ln23_49, i16 %sext_ln23_9" [../source/tut3B_Function_Reshape/matrix_mult.cpp:23]   --->   Operation 386 'mul' 'mul_ln23_102' <Predicate = true> <Delay = 1.05> <CoreInst = "DSP48">   --->   Core 116 'DSP48' <Latency = 3> <II = 1> <Delay = 2.15> <IPBlock> <Opcode : 'add' 'sub' 'mul' 'select'> <InPorts = 0> <OutPorts = 1> <Sync> <CReg>
ST_10 : Operation 387 [2/5] (5.41ns)   --->   "%mul_ln23_103 = mul i16 %sext_ln23_48, i16 %sext_ln23_7" [../source/tut3B_Function_Reshape/matrix_mult.cpp:23]   --->   Operation 387 'mul' 'mul_ln23_103' <Predicate = true> <Delay = 5.41> <CoreInst = "Multiplier">   --->   Core 3 'Multiplier' <Latency = 4> <II = 1> <Delay = 5.41> <FuncUnit> <Opcode : 'mul'> <InPorts = 2> <OutPorts = 1>
ST_10 : Operation 388 [3/3] (1.05ns) (grouped into DSP with root node add_ln23_85)   --->   "%mul_ln23_107 = mul i16 %sext_ln23_49, i16 %sext_ln23_14" [../source/tut3B_Function_Reshape/matrix_mult.cpp:23]   --->   Operation 388 'mul' 'mul_ln23_107' <Predicate = true> <Delay = 1.05> <CoreInst = "DSP48">   --->   Core 116 'DSP48' <Latency = 3> <II = 1> <Delay = 2.15> <IPBlock> <Opcode : 'add' 'sub' 'mul' 'select'> <InPorts = 0> <OutPorts = 1> <Sync> <CReg>
ST_10 : Operation 389 [2/5] (5.41ns)   --->   "%mul_ln23_108 = mul i16 %sext_ln23_48, i16 %sext_ln23_13" [../source/tut3B_Function_Reshape/matrix_mult.cpp:23]   --->   Operation 389 'mul' 'mul_ln23_108' <Predicate = true> <Delay = 5.41> <CoreInst = "Multiplier">   --->   Core 3 'Multiplier' <Latency = 4> <II = 1> <Delay = 5.41> <FuncUnit> <Opcode : 'mul'> <InPorts = 2> <OutPorts = 1>
ST_10 : Operation 390 [3/3] (1.05ns) (grouped into DSP with root node add_ln23_89)   --->   "%mul_ln23_112 = mul i16 %sext_ln23_49, i16 %sext_ln23_19" [../source/tut3B_Function_Reshape/matrix_mult.cpp:23]   --->   Operation 390 'mul' 'mul_ln23_112' <Predicate = true> <Delay = 1.05> <CoreInst = "DSP48">   --->   Core 116 'DSP48' <Latency = 3> <II = 1> <Delay = 2.15> <IPBlock> <Opcode : 'add' 'sub' 'mul' 'select'> <InPorts = 0> <OutPorts = 1> <Sync> <CReg>
ST_10 : Operation 391 [2/5] (5.41ns)   --->   "%mul_ln23_113 = mul i16 %sext_ln23_48, i16 %sext_ln23_18" [../source/tut3B_Function_Reshape/matrix_mult.cpp:23]   --->   Operation 391 'mul' 'mul_ln23_113' <Predicate = true> <Delay = 5.41> <CoreInst = "Multiplier">   --->   Core 3 'Multiplier' <Latency = 4> <II = 1> <Delay = 5.41> <FuncUnit> <Opcode : 'mul'> <InPorts = 2> <OutPorts = 1>
ST_10 : Operation 392 [3/3] (1.05ns) (grouped into DSP with root node add_ln23_93)   --->   "%mul_ln23_117 = mul i16 %sext_ln23_49, i16 %sext_ln23_24" [../source/tut3B_Function_Reshape/matrix_mult.cpp:23]   --->   Operation 392 'mul' 'mul_ln23_117' <Predicate = true> <Delay = 1.05> <CoreInst = "DSP48">   --->   Core 116 'DSP48' <Latency = 3> <II = 1> <Delay = 2.15> <IPBlock> <Opcode : 'add' 'sub' 'mul' 'select'> <InPorts = 0> <OutPorts = 1> <Sync> <CReg>
ST_10 : Operation 393 [2/5] (5.41ns)   --->   "%mul_ln23_118 = mul i16 %sext_ln23_48, i16 %sext_ln23_23" [../source/tut3B_Function_Reshape/matrix_mult.cpp:23]   --->   Operation 393 'mul' 'mul_ln23_118' <Predicate = true> <Delay = 5.41> <CoreInst = "Multiplier">   --->   Core 3 'Multiplier' <Latency = 4> <II = 1> <Delay = 5.41> <FuncUnit> <Opcode : 'mul'> <InPorts = 2> <OutPorts = 1>
ST_10 : Operation 394 [3/5] (5.41ns)   --->   "%mul_ln23_123 = mul i16 %sext_ln23_48, i16 %sext_ln23_28" [../source/tut3B_Function_Reshape/matrix_mult.cpp:23]   --->   Operation 394 'mul' 'mul_ln23_123' <Predicate = true> <Delay = 5.41> <CoreInst = "Multiplier">   --->   Core 3 'Multiplier' <Latency = 4> <II = 1> <Delay = 5.41> <FuncUnit> <Opcode : 'mul'> <InPorts = 2> <OutPorts = 1>

State 11 <SV = 10> <Delay = 5.41>
ST_11 : Operation 395 [1/1] (0.00ns)   --->   "%sext_ln23 = sext i8 %trunc_ln23" [../source/tut3B_Function_Reshape/matrix_mult.cpp:23]   --->   Operation 395 'sext' 'sext_ln23' <Predicate = true> <Delay = 0.00>
ST_11 : Operation 396 [1/1] (0.00ns)   --->   "%sext_ln23_1 = sext i8 %trunc_ln23_1" [../source/tut3B_Function_Reshape/matrix_mult.cpp:23]   --->   Operation 396 'sext' 'sext_ln23_1' <Predicate = true> <Delay = 0.00>
ST_11 : Operation 397 [3/3] (1.05ns) (grouped into DSP with root node add_ln23)   --->   "%mul_ln23 = mul i16 %sext_ln23_1, i16 %sext_ln23" [../source/tut3B_Function_Reshape/matrix_mult.cpp:23]   --->   Operation 397 'mul' 'mul_ln23' <Predicate = true> <Delay = 1.05> <CoreInst = "DSP48">   --->   Core 116 'DSP48' <Latency = 3> <II = 1> <Delay = 2.15> <IPBlock> <Opcode : 'add' 'sub' 'mul' 'select'> <InPorts = 0> <OutPorts = 1> <Sync> <CReg>
ST_11 : Operation 398 [2/5] (5.41ns)   --->   "%mul_ln23_1 = mul i16 %sext_ln23_3, i16 %sext_ln23_2" [../source/tut3B_Function_Reshape/matrix_mult.cpp:23]   --->   Operation 398 'mul' 'mul_ln23_1' <Predicate = true> <Delay = 5.41> <CoreInst = "Multiplier">   --->   Core 3 'Multiplier' <Latency = 4> <II = 1> <Delay = 5.41> <FuncUnit> <Opcode : 'mul'> <InPorts = 2> <OutPorts = 1>
ST_11 : Operation 399 [1/1] (0.00ns)   --->   "%sext_ln23_10 = sext i8 %trunc_ln23_2" [../source/tut3B_Function_Reshape/matrix_mult.cpp:23]   --->   Operation 399 'sext' 'sext_ln23_10' <Predicate = true> <Delay = 0.00>
ST_11 : Operation 400 [3/3] (1.05ns) (grouped into DSP with root node add_ln23_4)   --->   "%mul_ln23_5 = mul i16 %sext_ln23_10, i16 %sext_ln23" [../source/tut3B_Function_Reshape/matrix_mult.cpp:23]   --->   Operation 400 'mul' 'mul_ln23_5' <Predicate = true> <Delay = 1.05> <CoreInst = "DSP48">   --->   Core 116 'DSP48' <Latency = 3> <II = 1> <Delay = 2.15> <IPBlock> <Opcode : 'add' 'sub' 'mul' 'select'> <InPorts = 0> <OutPorts = 1> <Sync> <CReg>
ST_11 : Operation 401 [2/5] (5.41ns)   --->   "%mul_ln23_6 = mul i16 %sext_ln23_11, i16 %sext_ln23_2" [../source/tut3B_Function_Reshape/matrix_mult.cpp:23]   --->   Operation 401 'mul' 'mul_ln23_6' <Predicate = true> <Delay = 5.41> <CoreInst = "Multiplier">   --->   Core 3 'Multiplier' <Latency = 4> <II = 1> <Delay = 5.41> <FuncUnit> <Opcode : 'mul'> <InPorts = 2> <OutPorts = 1>
ST_11 : Operation 402 [1/1] (0.00ns)   --->   "%sext_ln23_15 = sext i8 %trunc_ln23_3" [../source/tut3B_Function_Reshape/matrix_mult.cpp:23]   --->   Operation 402 'sext' 'sext_ln23_15' <Predicate = true> <Delay = 0.00>
ST_11 : Operation 403 [3/3] (1.05ns) (grouped into DSP with root node add_ln23_8)   --->   "%mul_ln23_10 = mul i16 %sext_ln23_15, i16 %sext_ln23" [../source/tut3B_Function_Reshape/matrix_mult.cpp:23]   --->   Operation 403 'mul' 'mul_ln23_10' <Predicate = true> <Delay = 1.05> <CoreInst = "DSP48">   --->   Core 116 'DSP48' <Latency = 3> <II = 1> <Delay = 2.15> <IPBlock> <Opcode : 'add' 'sub' 'mul' 'select'> <InPorts = 0> <OutPorts = 1> <Sync> <CReg>
ST_11 : Operation 404 [2/5] (5.41ns)   --->   "%mul_ln23_11 = mul i16 %sext_ln23_16, i16 %sext_ln23_2" [../source/tut3B_Function_Reshape/matrix_mult.cpp:23]   --->   Operation 404 'mul' 'mul_ln23_11' <Predicate = true> <Delay = 5.41> <CoreInst = "Multiplier">   --->   Core 3 'Multiplier' <Latency = 4> <II = 1> <Delay = 5.41> <FuncUnit> <Opcode : 'mul'> <InPorts = 2> <OutPorts = 1>
ST_11 : Operation 405 [1/2] (2.10ns) (root node of the DSP)   --->   "%add_ln23_10 = add i16 %add_ln23_9, i16 %mul_ln23_14" [../source/tut3B_Function_Reshape/matrix_mult.cpp:23]   --->   Operation 405 'add' 'add_ln23_10' <Predicate = true> <Delay = 2.10> <CoreInst = "DSP48">   --->   Core 116 'DSP48' <Latency = 3> <II = 1> <Delay = 2.15> <IPBlock> <Opcode : 'add' 'sub' 'mul' 'select'> <InPorts = 0> <OutPorts = 1> <Sync> <CReg>
ST_11 : Operation 406 [3/5] (5.41ns)   --->   "%mul_ln23_16 = mul i16 %sext_ln23_21, i16 %sext_ln23_2" [../source/tut3B_Function_Reshape/matrix_mult.cpp:23]   --->   Operation 406 'mul' 'mul_ln23_16' <Predicate = true> <Delay = 5.41> <CoreInst = "Multiplier">   --->   Core 3 'Multiplier' <Latency = 4> <II = 1> <Delay = 5.41> <FuncUnit> <Opcode : 'mul'> <InPorts = 2> <OutPorts = 1>
ST_11 : Operation 407 [1/2] (2.10ns) (root node of the DSP)   --->   "%add_ln23_14 = add i16 %add_ln23_13, i16 %mul_ln23_19" [../source/tut3B_Function_Reshape/matrix_mult.cpp:23]   --->   Operation 407 'add' 'add_ln23_14' <Predicate = true> <Delay = 2.10> <CoreInst = "DSP48">   --->   Core 116 'DSP48' <Latency = 3> <II = 1> <Delay = 2.15> <IPBlock> <Opcode : 'add' 'sub' 'mul' 'select'> <InPorts = 0> <OutPorts = 1> <Sync> <CReg>
ST_11 : Operation 408 [3/5] (5.41ns)   --->   "%mul_ln23_21 = mul i16 %sext_ln23_26, i16 %sext_ln23_2" [../source/tut3B_Function_Reshape/matrix_mult.cpp:23]   --->   Operation 408 'mul' 'mul_ln23_21' <Predicate = true> <Delay = 5.41> <CoreInst = "Multiplier">   --->   Core 3 'Multiplier' <Latency = 4> <II = 1> <Delay = 5.41> <FuncUnit> <Opcode : 'mul'> <InPorts = 2> <OutPorts = 1>
ST_11 : Operation 409 [1/3] (0.00ns) (grouped into DSP with root node add_ln23_18)   --->   "%mul_ln23_24 = mul i16 %sext_ln23_27, i16 %sext_ln23_4" [../source/tut3B_Function_Reshape/matrix_mult.cpp:23]   --->   Operation 409 'mul' 'mul_ln23_24' <Predicate = true> <Delay = 0.00> <CoreInst = "DSP48">   --->   Core 116 'DSP48' <Latency = 3> <II = 1> <Delay = 2.15> <IPBlock> <Opcode : 'add' 'sub' 'mul' 'select'> <InPorts = 0> <OutPorts = 1> <Sync> <CReg>
ST_11 : Operation 410 [2/2] (2.10ns) (root node of the DSP)   --->   "%add_ln23_18 = add i16 %add_ln23_17, i16 %mul_ln23_24" [../source/tut3B_Function_Reshape/matrix_mult.cpp:23]   --->   Operation 410 'add' 'add_ln23_18' <Predicate = true> <Delay = 2.10> <CoreInst = "DSP48">   --->   Core 116 'DSP48' <Latency = 3> <II = 1> <Delay = 2.15> <IPBlock> <Opcode : 'add' 'sub' 'mul' 'select'> <InPorts = 0> <OutPorts = 1> <Sync> <CReg>
ST_11 : Operation 411 [3/5] (5.41ns)   --->   "%mul_ln23_26 = mul i16 %sext_ln23_31, i16 %sext_ln23_3" [../source/tut3B_Function_Reshape/matrix_mult.cpp:23]   --->   Operation 411 'mul' 'mul_ln23_26' <Predicate = true> <Delay = 5.41> <CoreInst = "Multiplier">   --->   Core 3 'Multiplier' <Latency = 4> <II = 1> <Delay = 5.41> <FuncUnit> <Opcode : 'mul'> <InPorts = 2> <OutPorts = 1>
ST_11 : Operation 412 [1/3] (0.00ns) (grouped into DSP with root node add_ln23_22)   --->   "%mul_ln23_29 = mul i16 %sext_ln23_32, i16 %sext_ln23_5" [../source/tut3B_Function_Reshape/matrix_mult.cpp:23]   --->   Operation 412 'mul' 'mul_ln23_29' <Predicate = true> <Delay = 0.00> <CoreInst = "DSP48">   --->   Core 116 'DSP48' <Latency = 3> <II = 1> <Delay = 2.15> <IPBlock> <Opcode : 'add' 'sub' 'mul' 'select'> <InPorts = 0> <OutPorts = 1> <Sync> <CReg>
ST_11 : Operation 413 [2/2] (2.10ns) (root node of the DSP)   --->   "%add_ln23_22 = add i16 %add_ln23_21, i16 %mul_ln23_29" [../source/tut3B_Function_Reshape/matrix_mult.cpp:23]   --->   Operation 413 'add' 'add_ln23_22' <Predicate = true> <Delay = 2.10> <CoreInst = "DSP48">   --->   Core 116 'DSP48' <Latency = 3> <II = 1> <Delay = 2.15> <IPBlock> <Opcode : 'add' 'sub' 'mul' 'select'> <InPorts = 0> <OutPorts = 1> <Sync> <CReg>
ST_11 : Operation 414 [3/5] (5.41ns)   --->   "%mul_ln23_31 = mul i16 %sext_ln23_31, i16 %sext_ln23_11" [../source/tut3B_Function_Reshape/matrix_mult.cpp:23]   --->   Operation 414 'mul' 'mul_ln23_31' <Predicate = true> <Delay = 5.41> <CoreInst = "Multiplier">   --->   Core 3 'Multiplier' <Latency = 4> <II = 1> <Delay = 5.41> <FuncUnit> <Opcode : 'mul'> <InPorts = 2> <OutPorts = 1>
ST_11 : Operation 415 [2/3] (1.05ns) (grouped into DSP with root node add_ln23_26)   --->   "%mul_ln23_34 = mul i16 %sext_ln23_32, i16 %sext_ln23_12" [../source/tut3B_Function_Reshape/matrix_mult.cpp:23]   --->   Operation 415 'mul' 'mul_ln23_34' <Predicate = true> <Delay = 1.05> <CoreInst = "DSP48">   --->   Core 116 'DSP48' <Latency = 3> <II = 1> <Delay = 2.15> <IPBlock> <Opcode : 'add' 'sub' 'mul' 'select'> <InPorts = 0> <OutPorts = 1> <Sync> <CReg>
ST_11 : Operation 416 [4/5] (5.41ns)   --->   "%mul_ln23_36 = mul i16 %sext_ln23_31, i16 %sext_ln23_16" [../source/tut3B_Function_Reshape/matrix_mult.cpp:23]   --->   Operation 416 'mul' 'mul_ln23_36' <Predicate = true> <Delay = 5.41> <CoreInst = "Multiplier">   --->   Core 3 'Multiplier' <Latency = 4> <II = 1> <Delay = 5.41> <FuncUnit> <Opcode : 'mul'> <InPorts = 2> <OutPorts = 1>
ST_11 : Operation 417 [2/3] (1.05ns) (grouped into DSP with root node add_ln23_30)   --->   "%mul_ln23_39 = mul i16 %sext_ln23_32, i16 %sext_ln23_17" [../source/tut3B_Function_Reshape/matrix_mult.cpp:23]   --->   Operation 417 'mul' 'mul_ln23_39' <Predicate = true> <Delay = 1.05> <CoreInst = "DSP48">   --->   Core 116 'DSP48' <Latency = 3> <II = 1> <Delay = 2.15> <IPBlock> <Opcode : 'add' 'sub' 'mul' 'select'> <InPorts = 0> <OutPorts = 1> <Sync> <CReg>
ST_11 : Operation 418 [4/5] (5.41ns)   --->   "%mul_ln23_41 = mul i16 %sext_ln23_31, i16 %sext_ln23_21" [../source/tut3B_Function_Reshape/matrix_mult.cpp:23]   --->   Operation 418 'mul' 'mul_ln23_41' <Predicate = true> <Delay = 5.41> <CoreInst = "Multiplier">   --->   Core 3 'Multiplier' <Latency = 4> <II = 1> <Delay = 5.41> <FuncUnit> <Opcode : 'mul'> <InPorts = 2> <OutPorts = 1>
ST_11 : Operation 419 [3/3] (1.05ns) (grouped into DSP with root node add_ln23_34)   --->   "%mul_ln23_44 = mul i16 %sext_ln23_32, i16 %sext_ln23_22" [../source/tut3B_Function_Reshape/matrix_mult.cpp:23]   --->   Operation 419 'mul' 'mul_ln23_44' <Predicate = true> <Delay = 1.05> <CoreInst = "DSP48">   --->   Core 116 'DSP48' <Latency = 3> <II = 1> <Delay = 2.15> <IPBlock> <Opcode : 'add' 'sub' 'mul' 'select'> <InPorts = 0> <OutPorts = 1> <Sync> <CReg>
ST_11 : Operation 420 [4/5] (5.41ns)   --->   "%mul_ln23_46 = mul i16 %sext_ln23_31, i16 %sext_ln23_26" [../source/tut3B_Function_Reshape/matrix_mult.cpp:23]   --->   Operation 420 'mul' 'mul_ln23_46' <Predicate = true> <Delay = 5.41> <CoreInst = "Multiplier">   --->   Core 3 'Multiplier' <Latency = 4> <II = 1> <Delay = 5.41> <FuncUnit> <Opcode : 'mul'> <InPorts = 2> <OutPorts = 1>
ST_11 : Operation 421 [3/3] (1.05ns) (grouped into DSP with root node add_ln23_38)   --->   "%mul_ln23_49 = mul i16 %sext_ln23_32, i16 %sext_ln23_27" [../source/tut3B_Function_Reshape/matrix_mult.cpp:23]   --->   Operation 421 'mul' 'mul_ln23_49' <Predicate = true> <Delay = 1.05> <CoreInst = "DSP48">   --->   Core 116 'DSP48' <Latency = 3> <II = 1> <Delay = 2.15> <IPBlock> <Opcode : 'add' 'sub' 'mul' 'select'> <InPorts = 0> <OutPorts = 1> <Sync> <CReg>
ST_11 : Operation 422 [4/5] (5.41ns)   --->   "%mul_ln23_51 = mul i16 %sext_ln23_36, i16 %sext_ln23_3" [../source/tut3B_Function_Reshape/matrix_mult.cpp:23]   --->   Operation 422 'mul' 'mul_ln23_51' <Predicate = true> <Delay = 5.41> <CoreInst = "Multiplier">   --->   Core 3 'Multiplier' <Latency = 4> <II = 1> <Delay = 5.41> <FuncUnit> <Opcode : 'mul'> <InPorts = 2> <OutPorts = 1>
ST_11 : Operation 423 [5/5] (5.41ns)   --->   "%mul_ln23_56 = mul i16 %sext_ln23_36, i16 %sext_ln23_11" [../source/tut3B_Function_Reshape/matrix_mult.cpp:23]   --->   Operation 423 'mul' 'mul_ln23_56' <Predicate = true> <Delay = 5.41> <CoreInst = "Multiplier">   --->   Core 3 'Multiplier' <Latency = 4> <II = 1> <Delay = 5.41> <FuncUnit> <Opcode : 'mul'> <InPorts = 2> <OutPorts = 1>
ST_11 : Operation 424 [5/5] (5.41ns)   --->   "%mul_ln23_61 = mul i16 %sext_ln23_36, i16 %sext_ln23_16" [../source/tut3B_Function_Reshape/matrix_mult.cpp:23]   --->   Operation 424 'mul' 'mul_ln23_61' <Predicate = true> <Delay = 5.41> <CoreInst = "Multiplier">   --->   Core 3 'Multiplier' <Latency = 4> <II = 1> <Delay = 5.41> <FuncUnit> <Opcode : 'mul'> <InPorts = 2> <OutPorts = 1>
ST_11 : Operation 425 [1/2] (2.10ns) (root node of the DSP)   --->   "%add_ln23_49 = add i16 %mul_ln23_63, i16 %mul_ln23_62" [../source/tut3B_Function_Reshape/matrix_mult.cpp:23]   --->   Operation 425 'add' 'add_ln23_49' <Predicate = true> <Delay = 2.10> <CoreInst = "DSP48">   --->   Core 116 'DSP48' <Latency = 3> <II = 1> <Delay = 2.15> <IPBlock> <Opcode : 'add' 'sub' 'mul' 'select'> <InPorts = 0> <OutPorts = 1> <Sync> <CReg>
ST_11 : Operation 426 [5/5] (5.41ns)   --->   "%mul_ln23_66 = mul i16 %sext_ln23_36, i16 %sext_ln23_21" [../source/tut3B_Function_Reshape/matrix_mult.cpp:23]   --->   Operation 426 'mul' 'mul_ln23_66' <Predicate = true> <Delay = 5.41> <CoreInst = "Multiplier">   --->   Core 3 'Multiplier' <Latency = 4> <II = 1> <Delay = 5.41> <FuncUnit> <Opcode : 'mul'> <InPorts = 2> <OutPorts = 1>
ST_11 : Operation 427 [1/2] (2.10ns) (root node of the DSP)   --->   "%add_ln23_53 = add i16 %mul_ln23_68, i16 %mul_ln23_67" [../source/tut3B_Function_Reshape/matrix_mult.cpp:23]   --->   Operation 427 'add' 'add_ln23_53' <Predicate = true> <Delay = 2.10> <CoreInst = "DSP48">   --->   Core 116 'DSP48' <Latency = 3> <II = 1> <Delay = 2.15> <IPBlock> <Opcode : 'add' 'sub' 'mul' 'select'> <InPorts = 0> <OutPorts = 1> <Sync> <CReg>
ST_11 : Operation 428 [5/5] (5.41ns)   --->   "%mul_ln23_71 = mul i16 %sext_ln23_36, i16 %sext_ln23_26" [../source/tut3B_Function_Reshape/matrix_mult.cpp:23]   --->   Operation 428 'mul' 'mul_ln23_71' <Predicate = true> <Delay = 5.41> <CoreInst = "Multiplier">   --->   Core 3 'Multiplier' <Latency = 4> <II = 1> <Delay = 5.41> <FuncUnit> <Opcode : 'mul'> <InPorts = 2> <OutPorts = 1>
ST_11 : Operation 429 [1/2] (2.10ns) (root node of the DSP)   --->   "%add_ln23_57 = add i16 %mul_ln23_73, i16 %mul_ln23_72" [../source/tut3B_Function_Reshape/matrix_mult.cpp:23]   --->   Operation 429 'add' 'add_ln23_57' <Predicate = true> <Delay = 2.10> <CoreInst = "DSP48">   --->   Core 116 'DSP48' <Latency = 3> <II = 1> <Delay = 2.15> <IPBlock> <Opcode : 'add' 'sub' 'mul' 'select'> <InPorts = 0> <OutPorts = 1> <Sync> <CReg>
ST_11 : Operation 430 [1/2] (2.10ns) (root node of the DSP)   --->   "%add_ln23_61 = add i16 %mul_ln23_78, i16 %mul_ln23_77" [../source/tut3B_Function_Reshape/matrix_mult.cpp:23]   --->   Operation 430 'add' 'add_ln23_61' <Predicate = true> <Delay = 2.10> <CoreInst = "DSP48">   --->   Core 116 'DSP48' <Latency = 3> <II = 1> <Delay = 2.15> <IPBlock> <Opcode : 'add' 'sub' 'mul' 'select'> <InPorts = 0> <OutPorts = 1> <Sync> <CReg>
ST_11 : Operation 431 [1/3] (0.00ns) (grouped into DSP with root node add_ln23_65)   --->   "%mul_ln23_82 = mul i16 %sext_ln23_44, i16 %sext_ln23_14" [../source/tut3B_Function_Reshape/matrix_mult.cpp:23]   --->   Operation 431 'mul' 'mul_ln23_82' <Predicate = true> <Delay = 0.00> <CoreInst = "DSP48">   --->   Core 116 'DSP48' <Latency = 3> <II = 1> <Delay = 2.15> <IPBlock> <Opcode : 'add' 'sub' 'mul' 'select'> <InPorts = 0> <OutPorts = 1> <Sync> <CReg>
ST_11 : Operation 432 [2/2] (2.10ns) (root node of the DSP)   --->   "%add_ln23_65 = add i16 %mul_ln23_83, i16 %mul_ln23_82" [../source/tut3B_Function_Reshape/matrix_mult.cpp:23]   --->   Operation 432 'add' 'add_ln23_65' <Predicate = true> <Delay = 2.10> <CoreInst = "DSP48">   --->   Core 116 'DSP48' <Latency = 3> <II = 1> <Delay = 2.15> <IPBlock> <Opcode : 'add' 'sub' 'mul' 'select'> <InPorts = 0> <OutPorts = 1> <Sync> <CReg>
ST_11 : Operation 433 [1/3] (0.00ns) (grouped into DSP with root node add_ln23_69)   --->   "%mul_ln23_87 = mul i16 %sext_ln23_44, i16 %sext_ln23_19" [../source/tut3B_Function_Reshape/matrix_mult.cpp:23]   --->   Operation 433 'mul' 'mul_ln23_87' <Predicate = true> <Delay = 0.00> <CoreInst = "DSP48">   --->   Core 116 'DSP48' <Latency = 3> <II = 1> <Delay = 2.15> <IPBlock> <Opcode : 'add' 'sub' 'mul' 'select'> <InPorts = 0> <OutPorts = 1> <Sync> <CReg>
ST_11 : Operation 434 [2/2] (2.10ns) (root node of the DSP)   --->   "%add_ln23_69 = add i16 %mul_ln23_88, i16 %mul_ln23_87" [../source/tut3B_Function_Reshape/matrix_mult.cpp:23]   --->   Operation 434 'add' 'add_ln23_69' <Predicate = true> <Delay = 2.10> <CoreInst = "DSP48">   --->   Core 116 'DSP48' <Latency = 3> <II = 1> <Delay = 2.15> <IPBlock> <Opcode : 'add' 'sub' 'mul' 'select'> <InPorts = 0> <OutPorts = 1> <Sync> <CReg>
ST_11 : Operation 435 [1/3] (0.00ns) (grouped into DSP with root node add_ln23_73)   --->   "%mul_ln23_92 = mul i16 %sext_ln23_44, i16 %sext_ln23_24" [../source/tut3B_Function_Reshape/matrix_mult.cpp:23]   --->   Operation 435 'mul' 'mul_ln23_92' <Predicate = true> <Delay = 0.00> <CoreInst = "DSP48">   --->   Core 116 'DSP48' <Latency = 3> <II = 1> <Delay = 2.15> <IPBlock> <Opcode : 'add' 'sub' 'mul' 'select'> <InPorts = 0> <OutPorts = 1> <Sync> <CReg>
ST_11 : Operation 436 [2/2] (2.10ns) (root node of the DSP)   --->   "%add_ln23_73 = add i16 %mul_ln23_93, i16 %mul_ln23_92" [../source/tut3B_Function_Reshape/matrix_mult.cpp:23]   --->   Operation 436 'add' 'add_ln23_73' <Predicate = true> <Delay = 2.10> <CoreInst = "DSP48">   --->   Core 116 'DSP48' <Latency = 3> <II = 1> <Delay = 2.15> <IPBlock> <Opcode : 'add' 'sub' 'mul' 'select'> <InPorts = 0> <OutPorts = 1> <Sync> <CReg>
ST_11 : Operation 437 [1/3] (0.00ns) (grouped into DSP with root node add_ln23_77)   --->   "%mul_ln23_97 = mul i16 %sext_ln23_44, i16 %sext_ln23_29" [../source/tut3B_Function_Reshape/matrix_mult.cpp:23]   --->   Operation 437 'mul' 'mul_ln23_97' <Predicate = true> <Delay = 0.00> <CoreInst = "DSP48">   --->   Core 116 'DSP48' <Latency = 3> <II = 1> <Delay = 2.15> <IPBlock> <Opcode : 'add' 'sub' 'mul' 'select'> <InPorts = 0> <OutPorts = 1> <Sync> <CReg>
ST_11 : Operation 438 [2/2] (2.10ns) (root node of the DSP)   --->   "%add_ln23_77 = add i16 %mul_ln23_98, i16 %mul_ln23_97" [../source/tut3B_Function_Reshape/matrix_mult.cpp:23]   --->   Operation 438 'add' 'add_ln23_77' <Predicate = true> <Delay = 2.10> <CoreInst = "DSP48">   --->   Core 116 'DSP48' <Latency = 3> <II = 1> <Delay = 2.15> <IPBlock> <Opcode : 'add' 'sub' 'mul' 'select'> <InPorts = 0> <OutPorts = 1> <Sync> <CReg>
ST_11 : Operation 439 [2/3] (1.05ns) (grouped into DSP with root node add_ln23_81)   --->   "%mul_ln23_102 = mul i16 %sext_ln23_49, i16 %sext_ln23_9" [../source/tut3B_Function_Reshape/matrix_mult.cpp:23]   --->   Operation 439 'mul' 'mul_ln23_102' <Predicate = true> <Delay = 1.05> <CoreInst = "DSP48">   --->   Core 116 'DSP48' <Latency = 3> <II = 1> <Delay = 2.15> <IPBlock> <Opcode : 'add' 'sub' 'mul' 'select'> <InPorts = 0> <OutPorts = 1> <Sync> <CReg>
ST_11 : Operation 440 [1/5] (5.41ns)   --->   "%mul_ln23_103 = mul i16 %sext_ln23_48, i16 %sext_ln23_7" [../source/tut3B_Function_Reshape/matrix_mult.cpp:23]   --->   Operation 440 'mul' 'mul_ln23_103' <Predicate = true> <Delay = 5.41> <CoreInst = "Multiplier">   --->   Core 3 'Multiplier' <Latency = 4> <II = 1> <Delay = 5.41> <FuncUnit> <Opcode : 'mul'> <InPorts = 2> <OutPorts = 1>
ST_11 : Operation 441 [2/3] (1.05ns) (grouped into DSP with root node add_ln23_85)   --->   "%mul_ln23_107 = mul i16 %sext_ln23_49, i16 %sext_ln23_14" [../source/tut3B_Function_Reshape/matrix_mult.cpp:23]   --->   Operation 441 'mul' 'mul_ln23_107' <Predicate = true> <Delay = 1.05> <CoreInst = "DSP48">   --->   Core 116 'DSP48' <Latency = 3> <II = 1> <Delay = 2.15> <IPBlock> <Opcode : 'add' 'sub' 'mul' 'select'> <InPorts = 0> <OutPorts = 1> <Sync> <CReg>
ST_11 : Operation 442 [1/5] (5.41ns)   --->   "%mul_ln23_108 = mul i16 %sext_ln23_48, i16 %sext_ln23_13" [../source/tut3B_Function_Reshape/matrix_mult.cpp:23]   --->   Operation 442 'mul' 'mul_ln23_108' <Predicate = true> <Delay = 5.41> <CoreInst = "Multiplier">   --->   Core 3 'Multiplier' <Latency = 4> <II = 1> <Delay = 5.41> <FuncUnit> <Opcode : 'mul'> <InPorts = 2> <OutPorts = 1>
ST_11 : Operation 443 [2/3] (1.05ns) (grouped into DSP with root node add_ln23_89)   --->   "%mul_ln23_112 = mul i16 %sext_ln23_49, i16 %sext_ln23_19" [../source/tut3B_Function_Reshape/matrix_mult.cpp:23]   --->   Operation 443 'mul' 'mul_ln23_112' <Predicate = true> <Delay = 1.05> <CoreInst = "DSP48">   --->   Core 116 'DSP48' <Latency = 3> <II = 1> <Delay = 2.15> <IPBlock> <Opcode : 'add' 'sub' 'mul' 'select'> <InPorts = 0> <OutPorts = 1> <Sync> <CReg>
ST_11 : Operation 444 [1/5] (5.41ns)   --->   "%mul_ln23_113 = mul i16 %sext_ln23_48, i16 %sext_ln23_18" [../source/tut3B_Function_Reshape/matrix_mult.cpp:23]   --->   Operation 444 'mul' 'mul_ln23_113' <Predicate = true> <Delay = 5.41> <CoreInst = "Multiplier">   --->   Core 3 'Multiplier' <Latency = 4> <II = 1> <Delay = 5.41> <FuncUnit> <Opcode : 'mul'> <InPorts = 2> <OutPorts = 1>
ST_11 : Operation 445 [2/3] (1.05ns) (grouped into DSP with root node add_ln23_93)   --->   "%mul_ln23_117 = mul i16 %sext_ln23_49, i16 %sext_ln23_24" [../source/tut3B_Function_Reshape/matrix_mult.cpp:23]   --->   Operation 445 'mul' 'mul_ln23_117' <Predicate = true> <Delay = 1.05> <CoreInst = "DSP48">   --->   Core 116 'DSP48' <Latency = 3> <II = 1> <Delay = 2.15> <IPBlock> <Opcode : 'add' 'sub' 'mul' 'select'> <InPorts = 0> <OutPorts = 1> <Sync> <CReg>
ST_11 : Operation 446 [1/5] (5.41ns)   --->   "%mul_ln23_118 = mul i16 %sext_ln23_48, i16 %sext_ln23_23" [../source/tut3B_Function_Reshape/matrix_mult.cpp:23]   --->   Operation 446 'mul' 'mul_ln23_118' <Predicate = true> <Delay = 5.41> <CoreInst = "Multiplier">   --->   Core 3 'Multiplier' <Latency = 4> <II = 1> <Delay = 5.41> <FuncUnit> <Opcode : 'mul'> <InPorts = 2> <OutPorts = 1>
ST_11 : Operation 447 [3/3] (1.05ns) (grouped into DSP with root node add_ln23_97)   --->   "%mul_ln23_122 = mul i16 %sext_ln23_49, i16 %sext_ln23_29" [../source/tut3B_Function_Reshape/matrix_mult.cpp:23]   --->   Operation 447 'mul' 'mul_ln23_122' <Predicate = true> <Delay = 1.05> <CoreInst = "DSP48">   --->   Core 116 'DSP48' <Latency = 3> <II = 1> <Delay = 2.15> <IPBlock> <Opcode : 'add' 'sub' 'mul' 'select'> <InPorts = 0> <OutPorts = 1> <Sync> <CReg>
ST_11 : Operation 448 [2/5] (5.41ns)   --->   "%mul_ln23_123 = mul i16 %sext_ln23_48, i16 %sext_ln23_28" [../source/tut3B_Function_Reshape/matrix_mult.cpp:23]   --->   Operation 448 'mul' 'mul_ln23_123' <Predicate = true> <Delay = 5.41> <CoreInst = "Multiplier">   --->   Core 3 'Multiplier' <Latency = 4> <II = 1> <Delay = 5.41> <FuncUnit> <Opcode : 'mul'> <InPorts = 2> <OutPorts = 1>

State 12 <SV = 11> <Delay = 5.41>
ST_12 : Operation 449 [2/3] (1.05ns) (grouped into DSP with root node add_ln23)   --->   "%mul_ln23 = mul i16 %sext_ln23_1, i16 %sext_ln23" [../source/tut3B_Function_Reshape/matrix_mult.cpp:23]   --->   Operation 449 'mul' 'mul_ln23' <Predicate = true> <Delay = 1.05> <CoreInst = "DSP48">   --->   Core 116 'DSP48' <Latency = 3> <II = 1> <Delay = 2.15> <IPBlock> <Opcode : 'add' 'sub' 'mul' 'select'> <InPorts = 0> <OutPorts = 1> <Sync> <CReg>
ST_12 : Operation 450 [1/5] (5.41ns)   --->   "%mul_ln23_1 = mul i16 %sext_ln23_3, i16 %sext_ln23_2" [../source/tut3B_Function_Reshape/matrix_mult.cpp:23]   --->   Operation 450 'mul' 'mul_ln23_1' <Predicate = true> <Delay = 5.41> <CoreInst = "Multiplier">   --->   Core 3 'Multiplier' <Latency = 4> <II = 1> <Delay = 5.41> <FuncUnit> <Opcode : 'mul'> <InPorts = 2> <OutPorts = 1>
ST_12 : Operation 451 [2/3] (1.05ns) (grouped into DSP with root node add_ln23_4)   --->   "%mul_ln23_5 = mul i16 %sext_ln23_10, i16 %sext_ln23" [../source/tut3B_Function_Reshape/matrix_mult.cpp:23]   --->   Operation 451 'mul' 'mul_ln23_5' <Predicate = true> <Delay = 1.05> <CoreInst = "DSP48">   --->   Core 116 'DSP48' <Latency = 3> <II = 1> <Delay = 2.15> <IPBlock> <Opcode : 'add' 'sub' 'mul' 'select'> <InPorts = 0> <OutPorts = 1> <Sync> <CReg>
ST_12 : Operation 452 [1/5] (5.41ns)   --->   "%mul_ln23_6 = mul i16 %sext_ln23_11, i16 %sext_ln23_2" [../source/tut3B_Function_Reshape/matrix_mult.cpp:23]   --->   Operation 452 'mul' 'mul_ln23_6' <Predicate = true> <Delay = 5.41> <CoreInst = "Multiplier">   --->   Core 3 'Multiplier' <Latency = 4> <II = 1> <Delay = 5.41> <FuncUnit> <Opcode : 'mul'> <InPorts = 2> <OutPorts = 1>
ST_12 : Operation 453 [2/3] (1.05ns) (grouped into DSP with root node add_ln23_8)   --->   "%mul_ln23_10 = mul i16 %sext_ln23_15, i16 %sext_ln23" [../source/tut3B_Function_Reshape/matrix_mult.cpp:23]   --->   Operation 453 'mul' 'mul_ln23_10' <Predicate = true> <Delay = 1.05> <CoreInst = "DSP48">   --->   Core 116 'DSP48' <Latency = 3> <II = 1> <Delay = 2.15> <IPBlock> <Opcode : 'add' 'sub' 'mul' 'select'> <InPorts = 0> <OutPorts = 1> <Sync> <CReg>
ST_12 : Operation 454 [1/5] (5.41ns)   --->   "%mul_ln23_11 = mul i16 %sext_ln23_16, i16 %sext_ln23_2" [../source/tut3B_Function_Reshape/matrix_mult.cpp:23]   --->   Operation 454 'mul' 'mul_ln23_11' <Predicate = true> <Delay = 5.41> <CoreInst = "Multiplier">   --->   Core 3 'Multiplier' <Latency = 4> <II = 1> <Delay = 5.41> <FuncUnit> <Opcode : 'mul'> <InPorts = 2> <OutPorts = 1>
ST_12 : Operation 455 [1/1] (0.00ns)   --->   "%sext_ln23_20 = sext i8 %trunc_ln23_4" [../source/tut3B_Function_Reshape/matrix_mult.cpp:23]   --->   Operation 455 'sext' 'sext_ln23_20' <Predicate = true> <Delay = 0.00>
ST_12 : Operation 456 [3/3] (1.05ns) (grouped into DSP with root node add_ln23_12)   --->   "%mul_ln23_15 = mul i16 %sext_ln23_20, i16 %sext_ln23" [../source/tut3B_Function_Reshape/matrix_mult.cpp:23]   --->   Operation 456 'mul' 'mul_ln23_15' <Predicate = true> <Delay = 1.05> <CoreInst = "DSP48">   --->   Core 116 'DSP48' <Latency = 3> <II = 1> <Delay = 2.15> <IPBlock> <Opcode : 'add' 'sub' 'mul' 'select'> <InPorts = 0> <OutPorts = 1> <Sync> <CReg>
ST_12 : Operation 457 [2/5] (5.41ns)   --->   "%mul_ln23_16 = mul i16 %sext_ln23_21, i16 %sext_ln23_2" [../source/tut3B_Function_Reshape/matrix_mult.cpp:23]   --->   Operation 457 'mul' 'mul_ln23_16' <Predicate = true> <Delay = 5.41> <CoreInst = "Multiplier">   --->   Core 3 'Multiplier' <Latency = 4> <II = 1> <Delay = 5.41> <FuncUnit> <Opcode : 'mul'> <InPorts = 2> <OutPorts = 1>
ST_12 : Operation 458 [1/1] (0.00ns)   --->   "%sext_ln23_25 = sext i8 %trunc_ln23_5" [../source/tut3B_Function_Reshape/matrix_mult.cpp:23]   --->   Operation 458 'sext' 'sext_ln23_25' <Predicate = true> <Delay = 0.00>
ST_12 : Operation 459 [3/3] (1.05ns) (grouped into DSP with root node add_ln23_16)   --->   "%mul_ln23_20 = mul i16 %sext_ln23_25, i16 %sext_ln23" [../source/tut3B_Function_Reshape/matrix_mult.cpp:23]   --->   Operation 459 'mul' 'mul_ln23_20' <Predicate = true> <Delay = 1.05> <CoreInst = "DSP48">   --->   Core 116 'DSP48' <Latency = 3> <II = 1> <Delay = 2.15> <IPBlock> <Opcode : 'add' 'sub' 'mul' 'select'> <InPorts = 0> <OutPorts = 1> <Sync> <CReg>
ST_12 : Operation 460 [2/5] (5.41ns)   --->   "%mul_ln23_21 = mul i16 %sext_ln23_26, i16 %sext_ln23_2" [../source/tut3B_Function_Reshape/matrix_mult.cpp:23]   --->   Operation 460 'mul' 'mul_ln23_21' <Predicate = true> <Delay = 5.41> <CoreInst = "Multiplier">   --->   Core 3 'Multiplier' <Latency = 4> <II = 1> <Delay = 5.41> <FuncUnit> <Opcode : 'mul'> <InPorts = 2> <OutPorts = 1>
ST_12 : Operation 461 [1/2] (2.10ns) (root node of the DSP)   --->   "%add_ln23_18 = add i16 %add_ln23_17, i16 %mul_ln23_24" [../source/tut3B_Function_Reshape/matrix_mult.cpp:23]   --->   Operation 461 'add' 'add_ln23_18' <Predicate = true> <Delay = 2.10> <CoreInst = "DSP48">   --->   Core 116 'DSP48' <Latency = 3> <II = 1> <Delay = 2.15> <IPBlock> <Opcode : 'add' 'sub' 'mul' 'select'> <InPorts = 0> <OutPorts = 1> <Sync> <CReg>
ST_12 : Operation 462 [1/1] (0.00ns)   --->   "%sext_ln23_30 = sext i8 %trunc_ln23_6" [../source/tut3B_Function_Reshape/matrix_mult.cpp:23]   --->   Operation 462 'sext' 'sext_ln23_30' <Predicate = true> <Delay = 0.00>
ST_12 : Operation 463 [3/3] (1.05ns) (grouped into DSP with root node add_ln23_20)   --->   "%mul_ln23_25 = mul i16 %sext_ln23_30, i16 %sext_ln23_1" [../source/tut3B_Function_Reshape/matrix_mult.cpp:23]   --->   Operation 463 'mul' 'mul_ln23_25' <Predicate = true> <Delay = 1.05> <CoreInst = "DSP48">   --->   Core 116 'DSP48' <Latency = 3> <II = 1> <Delay = 2.15> <IPBlock> <Opcode : 'add' 'sub' 'mul' 'select'> <InPorts = 0> <OutPorts = 1> <Sync> <CReg>
ST_12 : Operation 464 [2/5] (5.41ns)   --->   "%mul_ln23_26 = mul i16 %sext_ln23_31, i16 %sext_ln23_3" [../source/tut3B_Function_Reshape/matrix_mult.cpp:23]   --->   Operation 464 'mul' 'mul_ln23_26' <Predicate = true> <Delay = 5.41> <CoreInst = "Multiplier">   --->   Core 3 'Multiplier' <Latency = 4> <II = 1> <Delay = 5.41> <FuncUnit> <Opcode : 'mul'> <InPorts = 2> <OutPorts = 1>
ST_12 : Operation 465 [1/2] (2.10ns) (root node of the DSP)   --->   "%add_ln23_22 = add i16 %add_ln23_21, i16 %mul_ln23_29" [../source/tut3B_Function_Reshape/matrix_mult.cpp:23]   --->   Operation 465 'add' 'add_ln23_22' <Predicate = true> <Delay = 2.10> <CoreInst = "DSP48">   --->   Core 116 'DSP48' <Latency = 3> <II = 1> <Delay = 2.15> <IPBlock> <Opcode : 'add' 'sub' 'mul' 'select'> <InPorts = 0> <OutPorts = 1> <Sync> <CReg>
ST_12 : Operation 466 [3/3] (1.05ns) (grouped into DSP with root node add_ln23_24)   --->   "%mul_ln23_30 = mul i16 %sext_ln23_30, i16 %sext_ln23_10" [../source/tut3B_Function_Reshape/matrix_mult.cpp:23]   --->   Operation 466 'mul' 'mul_ln23_30' <Predicate = true> <Delay = 1.05> <CoreInst = "DSP48">   --->   Core 116 'DSP48' <Latency = 3> <II = 1> <Delay = 2.15> <IPBlock> <Opcode : 'add' 'sub' 'mul' 'select'> <InPorts = 0> <OutPorts = 1> <Sync> <CReg>
ST_12 : Operation 467 [2/5] (5.41ns)   --->   "%mul_ln23_31 = mul i16 %sext_ln23_31, i16 %sext_ln23_11" [../source/tut3B_Function_Reshape/matrix_mult.cpp:23]   --->   Operation 467 'mul' 'mul_ln23_31' <Predicate = true> <Delay = 5.41> <CoreInst = "Multiplier">   --->   Core 3 'Multiplier' <Latency = 4> <II = 1> <Delay = 5.41> <FuncUnit> <Opcode : 'mul'> <InPorts = 2> <OutPorts = 1>
ST_12 : Operation 468 [1/3] (0.00ns) (grouped into DSP with root node add_ln23_26)   --->   "%mul_ln23_34 = mul i16 %sext_ln23_32, i16 %sext_ln23_12" [../source/tut3B_Function_Reshape/matrix_mult.cpp:23]   --->   Operation 468 'mul' 'mul_ln23_34' <Predicate = true> <Delay = 0.00> <CoreInst = "DSP48">   --->   Core 116 'DSP48' <Latency = 3> <II = 1> <Delay = 2.15> <IPBlock> <Opcode : 'add' 'sub' 'mul' 'select'> <InPorts = 0> <OutPorts = 1> <Sync> <CReg>
ST_12 : Operation 469 [2/2] (2.10ns) (root node of the DSP)   --->   "%add_ln23_26 = add i16 %add_ln23_25, i16 %mul_ln23_34" [../source/tut3B_Function_Reshape/matrix_mult.cpp:23]   --->   Operation 469 'add' 'add_ln23_26' <Predicate = true> <Delay = 2.10> <CoreInst = "DSP48">   --->   Core 116 'DSP48' <Latency = 3> <II = 1> <Delay = 2.15> <IPBlock> <Opcode : 'add' 'sub' 'mul' 'select'> <InPorts = 0> <OutPorts = 1> <Sync> <CReg>
ST_12 : Operation 470 [3/5] (5.41ns)   --->   "%mul_ln23_36 = mul i16 %sext_ln23_31, i16 %sext_ln23_16" [../source/tut3B_Function_Reshape/matrix_mult.cpp:23]   --->   Operation 470 'mul' 'mul_ln23_36' <Predicate = true> <Delay = 5.41> <CoreInst = "Multiplier">   --->   Core 3 'Multiplier' <Latency = 4> <II = 1> <Delay = 5.41> <FuncUnit> <Opcode : 'mul'> <InPorts = 2> <OutPorts = 1>
ST_12 : Operation 471 [1/3] (0.00ns) (grouped into DSP with root node add_ln23_30)   --->   "%mul_ln23_39 = mul i16 %sext_ln23_32, i16 %sext_ln23_17" [../source/tut3B_Function_Reshape/matrix_mult.cpp:23]   --->   Operation 471 'mul' 'mul_ln23_39' <Predicate = true> <Delay = 0.00> <CoreInst = "DSP48">   --->   Core 116 'DSP48' <Latency = 3> <II = 1> <Delay = 2.15> <IPBlock> <Opcode : 'add' 'sub' 'mul' 'select'> <InPorts = 0> <OutPorts = 1> <Sync> <CReg>
ST_12 : Operation 472 [2/2] (2.10ns) (root node of the DSP)   --->   "%add_ln23_30 = add i16 %add_ln23_29, i16 %mul_ln23_39" [../source/tut3B_Function_Reshape/matrix_mult.cpp:23]   --->   Operation 472 'add' 'add_ln23_30' <Predicate = true> <Delay = 2.10> <CoreInst = "DSP48">   --->   Core 116 'DSP48' <Latency = 3> <II = 1> <Delay = 2.15> <IPBlock> <Opcode : 'add' 'sub' 'mul' 'select'> <InPorts = 0> <OutPorts = 1> <Sync> <CReg>
ST_12 : Operation 473 [3/5] (5.41ns)   --->   "%mul_ln23_41 = mul i16 %sext_ln23_31, i16 %sext_ln23_21" [../source/tut3B_Function_Reshape/matrix_mult.cpp:23]   --->   Operation 473 'mul' 'mul_ln23_41' <Predicate = true> <Delay = 5.41> <CoreInst = "Multiplier">   --->   Core 3 'Multiplier' <Latency = 4> <II = 1> <Delay = 5.41> <FuncUnit> <Opcode : 'mul'> <InPorts = 2> <OutPorts = 1>
ST_12 : Operation 474 [2/3] (1.05ns) (grouped into DSP with root node add_ln23_34)   --->   "%mul_ln23_44 = mul i16 %sext_ln23_32, i16 %sext_ln23_22" [../source/tut3B_Function_Reshape/matrix_mult.cpp:23]   --->   Operation 474 'mul' 'mul_ln23_44' <Predicate = true> <Delay = 1.05> <CoreInst = "DSP48">   --->   Core 116 'DSP48' <Latency = 3> <II = 1> <Delay = 2.15> <IPBlock> <Opcode : 'add' 'sub' 'mul' 'select'> <InPorts = 0> <OutPorts = 1> <Sync> <CReg>
ST_12 : Operation 475 [3/5] (5.41ns)   --->   "%mul_ln23_46 = mul i16 %sext_ln23_31, i16 %sext_ln23_26" [../source/tut3B_Function_Reshape/matrix_mult.cpp:23]   --->   Operation 475 'mul' 'mul_ln23_46' <Predicate = true> <Delay = 5.41> <CoreInst = "Multiplier">   --->   Core 3 'Multiplier' <Latency = 4> <II = 1> <Delay = 5.41> <FuncUnit> <Opcode : 'mul'> <InPorts = 2> <OutPorts = 1>
ST_12 : Operation 476 [2/3] (1.05ns) (grouped into DSP with root node add_ln23_38)   --->   "%mul_ln23_49 = mul i16 %sext_ln23_32, i16 %sext_ln23_27" [../source/tut3B_Function_Reshape/matrix_mult.cpp:23]   --->   Operation 476 'mul' 'mul_ln23_49' <Predicate = true> <Delay = 1.05> <CoreInst = "DSP48">   --->   Core 116 'DSP48' <Latency = 3> <II = 1> <Delay = 2.15> <IPBlock> <Opcode : 'add' 'sub' 'mul' 'select'> <InPorts = 0> <OutPorts = 1> <Sync> <CReg>
ST_12 : Operation 477 [1/1] (0.00ns)   --->   "%sext_ln23_37 = sext i8 %tmp_28" [../source/tut3B_Function_Reshape/matrix_mult.cpp:23]   --->   Operation 477 'sext' 'sext_ln23_37' <Predicate = true> <Delay = 0.00>
ST_12 : Operation 478 [3/5] (5.41ns)   --->   "%mul_ln23_51 = mul i16 %sext_ln23_36, i16 %sext_ln23_3" [../source/tut3B_Function_Reshape/matrix_mult.cpp:23]   --->   Operation 478 'mul' 'mul_ln23_51' <Predicate = true> <Delay = 5.41> <CoreInst = "Multiplier">   --->   Core 3 'Multiplier' <Latency = 4> <II = 1> <Delay = 5.41> <FuncUnit> <Opcode : 'mul'> <InPorts = 2> <OutPorts = 1>
ST_12 : Operation 479 [3/3] (1.05ns) (grouped into DSP with root node add_ln23_42)   --->   "%mul_ln23_54 = mul i16 %sext_ln23_37, i16 %sext_ln23_5" [../source/tut3B_Function_Reshape/matrix_mult.cpp:23]   --->   Operation 479 'mul' 'mul_ln23_54' <Predicate = true> <Delay = 1.05> <CoreInst = "DSP48">   --->   Core 116 'DSP48' <Latency = 3> <II = 1> <Delay = 2.15> <IPBlock> <Opcode : 'add' 'sub' 'mul' 'select'> <InPorts = 0> <OutPorts = 1> <Sync> <CReg>
ST_12 : Operation 480 [4/5] (5.41ns)   --->   "%mul_ln23_56 = mul i16 %sext_ln23_36, i16 %sext_ln23_11" [../source/tut3B_Function_Reshape/matrix_mult.cpp:23]   --->   Operation 480 'mul' 'mul_ln23_56' <Predicate = true> <Delay = 5.41> <CoreInst = "Multiplier">   --->   Core 3 'Multiplier' <Latency = 4> <II = 1> <Delay = 5.41> <FuncUnit> <Opcode : 'mul'> <InPorts = 2> <OutPorts = 1>
ST_12 : Operation 481 [3/3] (1.05ns) (grouped into DSP with root node add_ln23_46)   --->   "%mul_ln23_59 = mul i16 %sext_ln23_37, i16 %sext_ln23_12" [../source/tut3B_Function_Reshape/matrix_mult.cpp:23]   --->   Operation 481 'mul' 'mul_ln23_59' <Predicate = true> <Delay = 1.05> <CoreInst = "DSP48">   --->   Core 116 'DSP48' <Latency = 3> <II = 1> <Delay = 2.15> <IPBlock> <Opcode : 'add' 'sub' 'mul' 'select'> <InPorts = 0> <OutPorts = 1> <Sync> <CReg>
ST_12 : Operation 482 [4/5] (5.41ns)   --->   "%mul_ln23_61 = mul i16 %sext_ln23_36, i16 %sext_ln23_16" [../source/tut3B_Function_Reshape/matrix_mult.cpp:23]   --->   Operation 482 'mul' 'mul_ln23_61' <Predicate = true> <Delay = 5.41> <CoreInst = "Multiplier">   --->   Core 3 'Multiplier' <Latency = 4> <II = 1> <Delay = 5.41> <FuncUnit> <Opcode : 'mul'> <InPorts = 2> <OutPorts = 1>
ST_12 : Operation 483 [4/5] (5.41ns)   --->   "%mul_ln23_66 = mul i16 %sext_ln23_36, i16 %sext_ln23_21" [../source/tut3B_Function_Reshape/matrix_mult.cpp:23]   --->   Operation 483 'mul' 'mul_ln23_66' <Predicate = true> <Delay = 5.41> <CoreInst = "Multiplier">   --->   Core 3 'Multiplier' <Latency = 4> <II = 1> <Delay = 5.41> <FuncUnit> <Opcode : 'mul'> <InPorts = 2> <OutPorts = 1>
ST_12 : Operation 484 [4/5] (5.41ns)   --->   "%mul_ln23_71 = mul i16 %sext_ln23_36, i16 %sext_ln23_26" [../source/tut3B_Function_Reshape/matrix_mult.cpp:23]   --->   Operation 484 'mul' 'mul_ln23_71' <Predicate = true> <Delay = 5.41> <CoreInst = "Multiplier">   --->   Core 3 'Multiplier' <Latency = 4> <II = 1> <Delay = 5.41> <FuncUnit> <Opcode : 'mul'> <InPorts = 2> <OutPorts = 1>
ST_12 : Operation 485 [1/1] (0.00ns)   --->   "%sext_ln23_41 = sext i8 %tmp_31" [../source/tut3B_Function_Reshape/matrix_mult.cpp:23]   --->   Operation 485 'sext' 'sext_ln23_41' <Predicate = true> <Delay = 0.00>
ST_12 : Operation 486 [5/5] (5.41ns)   --->   "%mul_ln23_76 = mul i16 %sext_ln23_41, i16 %sext_ln23_3" [../source/tut3B_Function_Reshape/matrix_mult.cpp:23]   --->   Operation 486 'mul' 'mul_ln23_76' <Predicate = true> <Delay = 5.41> <CoreInst = "Multiplier">   --->   Core 3 'Multiplier' <Latency = 4> <II = 1> <Delay = 5.41> <FuncUnit> <Opcode : 'mul'> <InPorts = 2> <OutPorts = 1>
ST_12 : Operation 487 [5/5] (5.41ns)   --->   "%mul_ln23_81 = mul i16 %sext_ln23_41, i16 %sext_ln23_11" [../source/tut3B_Function_Reshape/matrix_mult.cpp:23]   --->   Operation 487 'mul' 'mul_ln23_81' <Predicate = true> <Delay = 5.41> <CoreInst = "Multiplier">   --->   Core 3 'Multiplier' <Latency = 4> <II = 1> <Delay = 5.41> <FuncUnit> <Opcode : 'mul'> <InPorts = 2> <OutPorts = 1>
ST_12 : Operation 488 [1/2] (2.10ns) (root node of the DSP)   --->   "%add_ln23_65 = add i16 %mul_ln23_83, i16 %mul_ln23_82" [../source/tut3B_Function_Reshape/matrix_mult.cpp:23]   --->   Operation 488 'add' 'add_ln23_65' <Predicate = true> <Delay = 2.10> <CoreInst = "DSP48">   --->   Core 116 'DSP48' <Latency = 3> <II = 1> <Delay = 2.15> <IPBlock> <Opcode : 'add' 'sub' 'mul' 'select'> <InPorts = 0> <OutPorts = 1> <Sync> <CReg>
ST_12 : Operation 489 [5/5] (5.41ns)   --->   "%mul_ln23_86 = mul i16 %sext_ln23_41, i16 %sext_ln23_16" [../source/tut3B_Function_Reshape/matrix_mult.cpp:23]   --->   Operation 489 'mul' 'mul_ln23_86' <Predicate = true> <Delay = 5.41> <CoreInst = "Multiplier">   --->   Core 3 'Multiplier' <Latency = 4> <II = 1> <Delay = 5.41> <FuncUnit> <Opcode : 'mul'> <InPorts = 2> <OutPorts = 1>
ST_12 : Operation 490 [1/2] (2.10ns) (root node of the DSP)   --->   "%add_ln23_69 = add i16 %mul_ln23_88, i16 %mul_ln23_87" [../source/tut3B_Function_Reshape/matrix_mult.cpp:23]   --->   Operation 490 'add' 'add_ln23_69' <Predicate = true> <Delay = 2.10> <CoreInst = "DSP48">   --->   Core 116 'DSP48' <Latency = 3> <II = 1> <Delay = 2.15> <IPBlock> <Opcode : 'add' 'sub' 'mul' 'select'> <InPorts = 0> <OutPorts = 1> <Sync> <CReg>
ST_12 : Operation 491 [5/5] (5.41ns)   --->   "%mul_ln23_91 = mul i16 %sext_ln23_41, i16 %sext_ln23_21" [../source/tut3B_Function_Reshape/matrix_mult.cpp:23]   --->   Operation 491 'mul' 'mul_ln23_91' <Predicate = true> <Delay = 5.41> <CoreInst = "Multiplier">   --->   Core 3 'Multiplier' <Latency = 4> <II = 1> <Delay = 5.41> <FuncUnit> <Opcode : 'mul'> <InPorts = 2> <OutPorts = 1>
ST_12 : Operation 492 [1/2] (2.10ns) (root node of the DSP)   --->   "%add_ln23_73 = add i16 %mul_ln23_93, i16 %mul_ln23_92" [../source/tut3B_Function_Reshape/matrix_mult.cpp:23]   --->   Operation 492 'add' 'add_ln23_73' <Predicate = true> <Delay = 2.10> <CoreInst = "DSP48">   --->   Core 116 'DSP48' <Latency = 3> <II = 1> <Delay = 2.15> <IPBlock> <Opcode : 'add' 'sub' 'mul' 'select'> <InPorts = 0> <OutPorts = 1> <Sync> <CReg>
ST_12 : Operation 493 [1/2] (2.10ns) (root node of the DSP)   --->   "%add_ln23_77 = add i16 %mul_ln23_98, i16 %mul_ln23_97" [../source/tut3B_Function_Reshape/matrix_mult.cpp:23]   --->   Operation 493 'add' 'add_ln23_77' <Predicate = true> <Delay = 2.10> <CoreInst = "DSP48">   --->   Core 116 'DSP48' <Latency = 3> <II = 1> <Delay = 2.15> <IPBlock> <Opcode : 'add' 'sub' 'mul' 'select'> <InPorts = 0> <OutPorts = 1> <Sync> <CReg>
ST_12 : Operation 494 [1/3] (0.00ns) (grouped into DSP with root node add_ln23_81)   --->   "%mul_ln23_102 = mul i16 %sext_ln23_49, i16 %sext_ln23_9" [../source/tut3B_Function_Reshape/matrix_mult.cpp:23]   --->   Operation 494 'mul' 'mul_ln23_102' <Predicate = true> <Delay = 0.00> <CoreInst = "DSP48">   --->   Core 116 'DSP48' <Latency = 3> <II = 1> <Delay = 2.15> <IPBlock> <Opcode : 'add' 'sub' 'mul' 'select'> <InPorts = 0> <OutPorts = 1> <Sync> <CReg>
ST_12 : Operation 495 [2/2] (2.10ns) (root node of the DSP)   --->   "%add_ln23_81 = add i16 %mul_ln23_103, i16 %mul_ln23_102" [../source/tut3B_Function_Reshape/matrix_mult.cpp:23]   --->   Operation 495 'add' 'add_ln23_81' <Predicate = true> <Delay = 2.10> <CoreInst = "DSP48">   --->   Core 116 'DSP48' <Latency = 3> <II = 1> <Delay = 2.15> <IPBlock> <Opcode : 'add' 'sub' 'mul' 'select'> <InPorts = 0> <OutPorts = 1> <Sync> <CReg>
ST_12 : Operation 496 [1/3] (0.00ns) (grouped into DSP with root node add_ln23_85)   --->   "%mul_ln23_107 = mul i16 %sext_ln23_49, i16 %sext_ln23_14" [../source/tut3B_Function_Reshape/matrix_mult.cpp:23]   --->   Operation 496 'mul' 'mul_ln23_107' <Predicate = true> <Delay = 0.00> <CoreInst = "DSP48">   --->   Core 116 'DSP48' <Latency = 3> <II = 1> <Delay = 2.15> <IPBlock> <Opcode : 'add' 'sub' 'mul' 'select'> <InPorts = 0> <OutPorts = 1> <Sync> <CReg>
ST_12 : Operation 497 [2/2] (2.10ns) (root node of the DSP)   --->   "%add_ln23_85 = add i16 %mul_ln23_108, i16 %mul_ln23_107" [../source/tut3B_Function_Reshape/matrix_mult.cpp:23]   --->   Operation 497 'add' 'add_ln23_85' <Predicate = true> <Delay = 2.10> <CoreInst = "DSP48">   --->   Core 116 'DSP48' <Latency = 3> <II = 1> <Delay = 2.15> <IPBlock> <Opcode : 'add' 'sub' 'mul' 'select'> <InPorts = 0> <OutPorts = 1> <Sync> <CReg>
ST_12 : Operation 498 [1/3] (0.00ns) (grouped into DSP with root node add_ln23_89)   --->   "%mul_ln23_112 = mul i16 %sext_ln23_49, i16 %sext_ln23_19" [../source/tut3B_Function_Reshape/matrix_mult.cpp:23]   --->   Operation 498 'mul' 'mul_ln23_112' <Predicate = true> <Delay = 0.00> <CoreInst = "DSP48">   --->   Core 116 'DSP48' <Latency = 3> <II = 1> <Delay = 2.15> <IPBlock> <Opcode : 'add' 'sub' 'mul' 'select'> <InPorts = 0> <OutPorts = 1> <Sync> <CReg>
ST_12 : Operation 499 [2/2] (2.10ns) (root node of the DSP)   --->   "%add_ln23_89 = add i16 %mul_ln23_113, i16 %mul_ln23_112" [../source/tut3B_Function_Reshape/matrix_mult.cpp:23]   --->   Operation 499 'add' 'add_ln23_89' <Predicate = true> <Delay = 2.10> <CoreInst = "DSP48">   --->   Core 116 'DSP48' <Latency = 3> <II = 1> <Delay = 2.15> <IPBlock> <Opcode : 'add' 'sub' 'mul' 'select'> <InPorts = 0> <OutPorts = 1> <Sync> <CReg>
ST_12 : Operation 500 [1/3] (0.00ns) (grouped into DSP with root node add_ln23_93)   --->   "%mul_ln23_117 = mul i16 %sext_ln23_49, i16 %sext_ln23_24" [../source/tut3B_Function_Reshape/matrix_mult.cpp:23]   --->   Operation 500 'mul' 'mul_ln23_117' <Predicate = true> <Delay = 0.00> <CoreInst = "DSP48">   --->   Core 116 'DSP48' <Latency = 3> <II = 1> <Delay = 2.15> <IPBlock> <Opcode : 'add' 'sub' 'mul' 'select'> <InPorts = 0> <OutPorts = 1> <Sync> <CReg>
ST_12 : Operation 501 [2/2] (2.10ns) (root node of the DSP)   --->   "%add_ln23_93 = add i16 %mul_ln23_118, i16 %mul_ln23_117" [../source/tut3B_Function_Reshape/matrix_mult.cpp:23]   --->   Operation 501 'add' 'add_ln23_93' <Predicate = true> <Delay = 2.10> <CoreInst = "DSP48">   --->   Core 116 'DSP48' <Latency = 3> <II = 1> <Delay = 2.15> <IPBlock> <Opcode : 'add' 'sub' 'mul' 'select'> <InPorts = 0> <OutPorts = 1> <Sync> <CReg>
ST_12 : Operation 502 [2/3] (1.05ns) (grouped into DSP with root node add_ln23_97)   --->   "%mul_ln23_122 = mul i16 %sext_ln23_49, i16 %sext_ln23_29" [../source/tut3B_Function_Reshape/matrix_mult.cpp:23]   --->   Operation 502 'mul' 'mul_ln23_122' <Predicate = true> <Delay = 1.05> <CoreInst = "DSP48">   --->   Core 116 'DSP48' <Latency = 3> <II = 1> <Delay = 2.15> <IPBlock> <Opcode : 'add' 'sub' 'mul' 'select'> <InPorts = 0> <OutPorts = 1> <Sync> <CReg>
ST_12 : Operation 503 [1/5] (5.41ns)   --->   "%mul_ln23_123 = mul i16 %sext_ln23_48, i16 %sext_ln23_28" [../source/tut3B_Function_Reshape/matrix_mult.cpp:23]   --->   Operation 503 'mul' 'mul_ln23_123' <Predicate = true> <Delay = 5.41> <CoreInst = "Multiplier">   --->   Core 3 'Multiplier' <Latency = 4> <II = 1> <Delay = 5.41> <FuncUnit> <Opcode : 'mul'> <InPorts = 2> <OutPorts = 1>

State 13 <SV = 12> <Delay = 5.41>
ST_13 : Operation 504 [1/3] (0.00ns) (grouped into DSP with root node add_ln23)   --->   "%mul_ln23 = mul i16 %sext_ln23_1, i16 %sext_ln23" [../source/tut3B_Function_Reshape/matrix_mult.cpp:23]   --->   Operation 504 'mul' 'mul_ln23' <Predicate = true> <Delay = 0.00> <CoreInst = "DSP48">   --->   Core 116 'DSP48' <Latency = 3> <II = 1> <Delay = 2.15> <IPBlock> <Opcode : 'add' 'sub' 'mul' 'select'> <InPorts = 0> <OutPorts = 1> <Sync> <CReg>
ST_13 : Operation 505 [2/2] (2.10ns) (root node of the DSP)   --->   "%add_ln23 = add i16 %mul_ln23_1, i16 %mul_ln23" [../source/tut3B_Function_Reshape/matrix_mult.cpp:23]   --->   Operation 505 'add' 'add_ln23' <Predicate = true> <Delay = 2.10> <CoreInst = "DSP48">   --->   Core 116 'DSP48' <Latency = 3> <II = 1> <Delay = 2.15> <IPBlock> <Opcode : 'add' 'sub' 'mul' 'select'> <InPorts = 0> <OutPorts = 1> <Sync> <CReg>
ST_13 : Operation 506 [1/3] (0.00ns) (grouped into DSP with root node add_ln23_4)   --->   "%mul_ln23_5 = mul i16 %sext_ln23_10, i16 %sext_ln23" [../source/tut3B_Function_Reshape/matrix_mult.cpp:23]   --->   Operation 506 'mul' 'mul_ln23_5' <Predicate = true> <Delay = 0.00> <CoreInst = "DSP48">   --->   Core 116 'DSP48' <Latency = 3> <II = 1> <Delay = 2.15> <IPBlock> <Opcode : 'add' 'sub' 'mul' 'select'> <InPorts = 0> <OutPorts = 1> <Sync> <CReg>
ST_13 : Operation 507 [2/2] (2.10ns) (root node of the DSP)   --->   "%add_ln23_4 = add i16 %mul_ln23_6, i16 %mul_ln23_5" [../source/tut3B_Function_Reshape/matrix_mult.cpp:23]   --->   Operation 507 'add' 'add_ln23_4' <Predicate = true> <Delay = 2.10> <CoreInst = "DSP48">   --->   Core 116 'DSP48' <Latency = 3> <II = 1> <Delay = 2.15> <IPBlock> <Opcode : 'add' 'sub' 'mul' 'select'> <InPorts = 0> <OutPorts = 1> <Sync> <CReg>
ST_13 : Operation 508 [1/3] (0.00ns) (grouped into DSP with root node add_ln23_8)   --->   "%mul_ln23_10 = mul i16 %sext_ln23_15, i16 %sext_ln23" [../source/tut3B_Function_Reshape/matrix_mult.cpp:23]   --->   Operation 508 'mul' 'mul_ln23_10' <Predicate = true> <Delay = 0.00> <CoreInst = "DSP48">   --->   Core 116 'DSP48' <Latency = 3> <II = 1> <Delay = 2.15> <IPBlock> <Opcode : 'add' 'sub' 'mul' 'select'> <InPorts = 0> <OutPorts = 1> <Sync> <CReg>
ST_13 : Operation 509 [2/2] (2.10ns) (root node of the DSP)   --->   "%add_ln23_8 = add i16 %mul_ln23_11, i16 %mul_ln23_10" [../source/tut3B_Function_Reshape/matrix_mult.cpp:23]   --->   Operation 509 'add' 'add_ln23_8' <Predicate = true> <Delay = 2.10> <CoreInst = "DSP48">   --->   Core 116 'DSP48' <Latency = 3> <II = 1> <Delay = 2.15> <IPBlock> <Opcode : 'add' 'sub' 'mul' 'select'> <InPorts = 0> <OutPorts = 1> <Sync> <CReg>
ST_13 : Operation 510 [2/3] (1.05ns) (grouped into DSP with root node add_ln23_12)   --->   "%mul_ln23_15 = mul i16 %sext_ln23_20, i16 %sext_ln23" [../source/tut3B_Function_Reshape/matrix_mult.cpp:23]   --->   Operation 510 'mul' 'mul_ln23_15' <Predicate = true> <Delay = 1.05> <CoreInst = "DSP48">   --->   Core 116 'DSP48' <Latency = 3> <II = 1> <Delay = 2.15> <IPBlock> <Opcode : 'add' 'sub' 'mul' 'select'> <InPorts = 0> <OutPorts = 1> <Sync> <CReg>
ST_13 : Operation 511 [1/5] (5.41ns)   --->   "%mul_ln23_16 = mul i16 %sext_ln23_21, i16 %sext_ln23_2" [../source/tut3B_Function_Reshape/matrix_mult.cpp:23]   --->   Operation 511 'mul' 'mul_ln23_16' <Predicate = true> <Delay = 5.41> <CoreInst = "Multiplier">   --->   Core 3 'Multiplier' <Latency = 4> <II = 1> <Delay = 5.41> <FuncUnit> <Opcode : 'mul'> <InPorts = 2> <OutPorts = 1>
ST_13 : Operation 512 [2/3] (1.05ns) (grouped into DSP with root node add_ln23_16)   --->   "%mul_ln23_20 = mul i16 %sext_ln23_25, i16 %sext_ln23" [../source/tut3B_Function_Reshape/matrix_mult.cpp:23]   --->   Operation 512 'mul' 'mul_ln23_20' <Predicate = true> <Delay = 1.05> <CoreInst = "DSP48">   --->   Core 116 'DSP48' <Latency = 3> <II = 1> <Delay = 2.15> <IPBlock> <Opcode : 'add' 'sub' 'mul' 'select'> <InPorts = 0> <OutPorts = 1> <Sync> <CReg>
ST_13 : Operation 513 [1/5] (5.41ns)   --->   "%mul_ln23_21 = mul i16 %sext_ln23_26, i16 %sext_ln23_2" [../source/tut3B_Function_Reshape/matrix_mult.cpp:23]   --->   Operation 513 'mul' 'mul_ln23_21' <Predicate = true> <Delay = 5.41> <CoreInst = "Multiplier">   --->   Core 3 'Multiplier' <Latency = 4> <II = 1> <Delay = 5.41> <FuncUnit> <Opcode : 'mul'> <InPorts = 2> <OutPorts = 1>
ST_13 : Operation 514 [2/3] (1.05ns) (grouped into DSP with root node add_ln23_20)   --->   "%mul_ln23_25 = mul i16 %sext_ln23_30, i16 %sext_ln23_1" [../source/tut3B_Function_Reshape/matrix_mult.cpp:23]   --->   Operation 514 'mul' 'mul_ln23_25' <Predicate = true> <Delay = 1.05> <CoreInst = "DSP48">   --->   Core 116 'DSP48' <Latency = 3> <II = 1> <Delay = 2.15> <IPBlock> <Opcode : 'add' 'sub' 'mul' 'select'> <InPorts = 0> <OutPorts = 1> <Sync> <CReg>
ST_13 : Operation 515 [1/5] (5.41ns)   --->   "%mul_ln23_26 = mul i16 %sext_ln23_31, i16 %sext_ln23_3" [../source/tut3B_Function_Reshape/matrix_mult.cpp:23]   --->   Operation 515 'mul' 'mul_ln23_26' <Predicate = true> <Delay = 5.41> <CoreInst = "Multiplier">   --->   Core 3 'Multiplier' <Latency = 4> <II = 1> <Delay = 5.41> <FuncUnit> <Opcode : 'mul'> <InPorts = 2> <OutPorts = 1>
ST_13 : Operation 516 [2/3] (1.05ns) (grouped into DSP with root node add_ln23_24)   --->   "%mul_ln23_30 = mul i16 %sext_ln23_30, i16 %sext_ln23_10" [../source/tut3B_Function_Reshape/matrix_mult.cpp:23]   --->   Operation 516 'mul' 'mul_ln23_30' <Predicate = true> <Delay = 1.05> <CoreInst = "DSP48">   --->   Core 116 'DSP48' <Latency = 3> <II = 1> <Delay = 2.15> <IPBlock> <Opcode : 'add' 'sub' 'mul' 'select'> <InPorts = 0> <OutPorts = 1> <Sync> <CReg>
ST_13 : Operation 517 [1/5] (5.41ns)   --->   "%mul_ln23_31 = mul i16 %sext_ln23_31, i16 %sext_ln23_11" [../source/tut3B_Function_Reshape/matrix_mult.cpp:23]   --->   Operation 517 'mul' 'mul_ln23_31' <Predicate = true> <Delay = 5.41> <CoreInst = "Multiplier">   --->   Core 3 'Multiplier' <Latency = 4> <II = 1> <Delay = 5.41> <FuncUnit> <Opcode : 'mul'> <InPorts = 2> <OutPorts = 1>
ST_13 : Operation 518 [1/2] (2.10ns) (root node of the DSP)   --->   "%add_ln23_26 = add i16 %add_ln23_25, i16 %mul_ln23_34" [../source/tut3B_Function_Reshape/matrix_mult.cpp:23]   --->   Operation 518 'add' 'add_ln23_26' <Predicate = true> <Delay = 2.10> <CoreInst = "DSP48">   --->   Core 116 'DSP48' <Latency = 3> <II = 1> <Delay = 2.15> <IPBlock> <Opcode : 'add' 'sub' 'mul' 'select'> <InPorts = 0> <OutPorts = 1> <Sync> <CReg>
ST_13 : Operation 519 [3/3] (1.05ns) (grouped into DSP with root node add_ln23_28)   --->   "%mul_ln23_35 = mul i16 %sext_ln23_30, i16 %sext_ln23_15" [../source/tut3B_Function_Reshape/matrix_mult.cpp:23]   --->   Operation 519 'mul' 'mul_ln23_35' <Predicate = true> <Delay = 1.05> <CoreInst = "DSP48">   --->   Core 116 'DSP48' <Latency = 3> <II = 1> <Delay = 2.15> <IPBlock> <Opcode : 'add' 'sub' 'mul' 'select'> <InPorts = 0> <OutPorts = 1> <Sync> <CReg>
ST_13 : Operation 520 [2/5] (5.41ns)   --->   "%mul_ln23_36 = mul i16 %sext_ln23_31, i16 %sext_ln23_16" [../source/tut3B_Function_Reshape/matrix_mult.cpp:23]   --->   Operation 520 'mul' 'mul_ln23_36' <Predicate = true> <Delay = 5.41> <CoreInst = "Multiplier">   --->   Core 3 'Multiplier' <Latency = 4> <II = 1> <Delay = 5.41> <FuncUnit> <Opcode : 'mul'> <InPorts = 2> <OutPorts = 1>
ST_13 : Operation 521 [1/2] (2.10ns) (root node of the DSP)   --->   "%add_ln23_30 = add i16 %add_ln23_29, i16 %mul_ln23_39" [../source/tut3B_Function_Reshape/matrix_mult.cpp:23]   --->   Operation 521 'add' 'add_ln23_30' <Predicate = true> <Delay = 2.10> <CoreInst = "DSP48">   --->   Core 116 'DSP48' <Latency = 3> <II = 1> <Delay = 2.15> <IPBlock> <Opcode : 'add' 'sub' 'mul' 'select'> <InPorts = 0> <OutPorts = 1> <Sync> <CReg>
ST_13 : Operation 522 [3/3] (1.05ns) (grouped into DSP with root node add_ln23_32)   --->   "%mul_ln23_40 = mul i16 %sext_ln23_30, i16 %sext_ln23_20" [../source/tut3B_Function_Reshape/matrix_mult.cpp:23]   --->   Operation 522 'mul' 'mul_ln23_40' <Predicate = true> <Delay = 1.05> <CoreInst = "DSP48">   --->   Core 116 'DSP48' <Latency = 3> <II = 1> <Delay = 2.15> <IPBlock> <Opcode : 'add' 'sub' 'mul' 'select'> <InPorts = 0> <OutPorts = 1> <Sync> <CReg>
ST_13 : Operation 523 [2/5] (5.41ns)   --->   "%mul_ln23_41 = mul i16 %sext_ln23_31, i16 %sext_ln23_21" [../source/tut3B_Function_Reshape/matrix_mult.cpp:23]   --->   Operation 523 'mul' 'mul_ln23_41' <Predicate = true> <Delay = 5.41> <CoreInst = "Multiplier">   --->   Core 3 'Multiplier' <Latency = 4> <II = 1> <Delay = 5.41> <FuncUnit> <Opcode : 'mul'> <InPorts = 2> <OutPorts = 1>
ST_13 : Operation 524 [1/3] (0.00ns) (grouped into DSP with root node add_ln23_34)   --->   "%mul_ln23_44 = mul i16 %sext_ln23_32, i16 %sext_ln23_22" [../source/tut3B_Function_Reshape/matrix_mult.cpp:23]   --->   Operation 524 'mul' 'mul_ln23_44' <Predicate = true> <Delay = 0.00> <CoreInst = "DSP48">   --->   Core 116 'DSP48' <Latency = 3> <II = 1> <Delay = 2.15> <IPBlock> <Opcode : 'add' 'sub' 'mul' 'select'> <InPorts = 0> <OutPorts = 1> <Sync> <CReg>
ST_13 : Operation 525 [2/2] (2.10ns) (root node of the DSP)   --->   "%add_ln23_34 = add i16 %add_ln23_33, i16 %mul_ln23_44" [../source/tut3B_Function_Reshape/matrix_mult.cpp:23]   --->   Operation 525 'add' 'add_ln23_34' <Predicate = true> <Delay = 2.10> <CoreInst = "DSP48">   --->   Core 116 'DSP48' <Latency = 3> <II = 1> <Delay = 2.15> <IPBlock> <Opcode : 'add' 'sub' 'mul' 'select'> <InPorts = 0> <OutPorts = 1> <Sync> <CReg>
ST_13 : Operation 526 [3/3] (1.05ns) (grouped into DSP with root node add_ln23_36)   --->   "%mul_ln23_45 = mul i16 %sext_ln23_30, i16 %sext_ln23_25" [../source/tut3B_Function_Reshape/matrix_mult.cpp:23]   --->   Operation 526 'mul' 'mul_ln23_45' <Predicate = true> <Delay = 1.05> <CoreInst = "DSP48">   --->   Core 116 'DSP48' <Latency = 3> <II = 1> <Delay = 2.15> <IPBlock> <Opcode : 'add' 'sub' 'mul' 'select'> <InPorts = 0> <OutPorts = 1> <Sync> <CReg>
ST_13 : Operation 527 [2/5] (5.41ns)   --->   "%mul_ln23_46 = mul i16 %sext_ln23_31, i16 %sext_ln23_26" [../source/tut3B_Function_Reshape/matrix_mult.cpp:23]   --->   Operation 527 'mul' 'mul_ln23_46' <Predicate = true> <Delay = 5.41> <CoreInst = "Multiplier">   --->   Core 3 'Multiplier' <Latency = 4> <II = 1> <Delay = 5.41> <FuncUnit> <Opcode : 'mul'> <InPorts = 2> <OutPorts = 1>
ST_13 : Operation 528 [1/3] (0.00ns) (grouped into DSP with root node add_ln23_38)   --->   "%mul_ln23_49 = mul i16 %sext_ln23_32, i16 %sext_ln23_27" [../source/tut3B_Function_Reshape/matrix_mult.cpp:23]   --->   Operation 528 'mul' 'mul_ln23_49' <Predicate = true> <Delay = 0.00> <CoreInst = "DSP48">   --->   Core 116 'DSP48' <Latency = 3> <II = 1> <Delay = 2.15> <IPBlock> <Opcode : 'add' 'sub' 'mul' 'select'> <InPorts = 0> <OutPorts = 1> <Sync> <CReg>
ST_13 : Operation 529 [2/2] (2.10ns) (root node of the DSP)   --->   "%add_ln23_38 = add i16 %add_ln23_37, i16 %mul_ln23_49" [../source/tut3B_Function_Reshape/matrix_mult.cpp:23]   --->   Operation 529 'add' 'add_ln23_38' <Predicate = true> <Delay = 2.10> <CoreInst = "DSP48">   --->   Core 116 'DSP48' <Latency = 3> <II = 1> <Delay = 2.15> <IPBlock> <Opcode : 'add' 'sub' 'mul' 'select'> <InPorts = 0> <OutPorts = 1> <Sync> <CReg>
ST_13 : Operation 530 [1/1] (0.00ns)   --->   "%sext_ln23_35 = sext i8 %trunc_ln23_7" [../source/tut3B_Function_Reshape/matrix_mult.cpp:23]   --->   Operation 530 'sext' 'sext_ln23_35' <Predicate = true> <Delay = 0.00>
ST_13 : Operation 531 [3/3] (1.05ns) (grouped into DSP with root node add_ln23_40)   --->   "%mul_ln23_50 = mul i16 %sext_ln23_35, i16 %sext_ln23_1" [../source/tut3B_Function_Reshape/matrix_mult.cpp:23]   --->   Operation 531 'mul' 'mul_ln23_50' <Predicate = true> <Delay = 1.05> <CoreInst = "DSP48">   --->   Core 116 'DSP48' <Latency = 3> <II = 1> <Delay = 2.15> <IPBlock> <Opcode : 'add' 'sub' 'mul' 'select'> <InPorts = 0> <OutPorts = 1> <Sync> <CReg>
ST_13 : Operation 532 [2/5] (5.41ns)   --->   "%mul_ln23_51 = mul i16 %sext_ln23_36, i16 %sext_ln23_3" [../source/tut3B_Function_Reshape/matrix_mult.cpp:23]   --->   Operation 532 'mul' 'mul_ln23_51' <Predicate = true> <Delay = 5.41> <CoreInst = "Multiplier">   --->   Core 3 'Multiplier' <Latency = 4> <II = 1> <Delay = 5.41> <FuncUnit> <Opcode : 'mul'> <InPorts = 2> <OutPorts = 1>
ST_13 : Operation 533 [2/3] (1.05ns) (grouped into DSP with root node add_ln23_42)   --->   "%mul_ln23_54 = mul i16 %sext_ln23_37, i16 %sext_ln23_5" [../source/tut3B_Function_Reshape/matrix_mult.cpp:23]   --->   Operation 533 'mul' 'mul_ln23_54' <Predicate = true> <Delay = 1.05> <CoreInst = "DSP48">   --->   Core 116 'DSP48' <Latency = 3> <II = 1> <Delay = 2.15> <IPBlock> <Opcode : 'add' 'sub' 'mul' 'select'> <InPorts = 0> <OutPorts = 1> <Sync> <CReg>
ST_13 : Operation 534 [3/5] (5.41ns)   --->   "%mul_ln23_56 = mul i16 %sext_ln23_36, i16 %sext_ln23_11" [../source/tut3B_Function_Reshape/matrix_mult.cpp:23]   --->   Operation 534 'mul' 'mul_ln23_56' <Predicate = true> <Delay = 5.41> <CoreInst = "Multiplier">   --->   Core 3 'Multiplier' <Latency = 4> <II = 1> <Delay = 5.41> <FuncUnit> <Opcode : 'mul'> <InPorts = 2> <OutPorts = 1>
ST_13 : Operation 535 [2/3] (1.05ns) (grouped into DSP with root node add_ln23_46)   --->   "%mul_ln23_59 = mul i16 %sext_ln23_37, i16 %sext_ln23_12" [../source/tut3B_Function_Reshape/matrix_mult.cpp:23]   --->   Operation 535 'mul' 'mul_ln23_59' <Predicate = true> <Delay = 1.05> <CoreInst = "DSP48">   --->   Core 116 'DSP48' <Latency = 3> <II = 1> <Delay = 2.15> <IPBlock> <Opcode : 'add' 'sub' 'mul' 'select'> <InPorts = 0> <OutPorts = 1> <Sync> <CReg>
ST_13 : Operation 536 [3/5] (5.41ns)   --->   "%mul_ln23_61 = mul i16 %sext_ln23_36, i16 %sext_ln23_16" [../source/tut3B_Function_Reshape/matrix_mult.cpp:23]   --->   Operation 536 'mul' 'mul_ln23_61' <Predicate = true> <Delay = 5.41> <CoreInst = "Multiplier">   --->   Core 3 'Multiplier' <Latency = 4> <II = 1> <Delay = 5.41> <FuncUnit> <Opcode : 'mul'> <InPorts = 2> <OutPorts = 1>
ST_13 : Operation 537 [3/3] (1.05ns) (grouped into DSP with root node add_ln23_50)   --->   "%mul_ln23_64 = mul i16 %sext_ln23_37, i16 %sext_ln23_17" [../source/tut3B_Function_Reshape/matrix_mult.cpp:23]   --->   Operation 537 'mul' 'mul_ln23_64' <Predicate = true> <Delay = 1.05> <CoreInst = "DSP48">   --->   Core 116 'DSP48' <Latency = 3> <II = 1> <Delay = 2.15> <IPBlock> <Opcode : 'add' 'sub' 'mul' 'select'> <InPorts = 0> <OutPorts = 1> <Sync> <CReg>
ST_13 : Operation 538 [3/5] (5.41ns)   --->   "%mul_ln23_66 = mul i16 %sext_ln23_36, i16 %sext_ln23_21" [../source/tut3B_Function_Reshape/matrix_mult.cpp:23]   --->   Operation 538 'mul' 'mul_ln23_66' <Predicate = true> <Delay = 5.41> <CoreInst = "Multiplier">   --->   Core 3 'Multiplier' <Latency = 4> <II = 1> <Delay = 5.41> <FuncUnit> <Opcode : 'mul'> <InPorts = 2> <OutPorts = 1>
ST_13 : Operation 539 [3/3] (1.05ns) (grouped into DSP with root node add_ln23_54)   --->   "%mul_ln23_69 = mul i16 %sext_ln23_37, i16 %sext_ln23_22" [../source/tut3B_Function_Reshape/matrix_mult.cpp:23]   --->   Operation 539 'mul' 'mul_ln23_69' <Predicate = true> <Delay = 1.05> <CoreInst = "DSP48">   --->   Core 116 'DSP48' <Latency = 3> <II = 1> <Delay = 2.15> <IPBlock> <Opcode : 'add' 'sub' 'mul' 'select'> <InPorts = 0> <OutPorts = 1> <Sync> <CReg>
ST_13 : Operation 540 [3/5] (5.41ns)   --->   "%mul_ln23_71 = mul i16 %sext_ln23_36, i16 %sext_ln23_26" [../source/tut3B_Function_Reshape/matrix_mult.cpp:23]   --->   Operation 540 'mul' 'mul_ln23_71' <Predicate = true> <Delay = 5.41> <CoreInst = "Multiplier">   --->   Core 3 'Multiplier' <Latency = 4> <II = 1> <Delay = 5.41> <FuncUnit> <Opcode : 'mul'> <InPorts = 2> <OutPorts = 1>
ST_13 : Operation 541 [4/5] (5.41ns)   --->   "%mul_ln23_76 = mul i16 %sext_ln23_41, i16 %sext_ln23_3" [../source/tut3B_Function_Reshape/matrix_mult.cpp:23]   --->   Operation 541 'mul' 'mul_ln23_76' <Predicate = true> <Delay = 5.41> <CoreInst = "Multiplier">   --->   Core 3 'Multiplier' <Latency = 4> <II = 1> <Delay = 5.41> <FuncUnit> <Opcode : 'mul'> <InPorts = 2> <OutPorts = 1>
ST_13 : Operation 542 [4/5] (5.41ns)   --->   "%mul_ln23_81 = mul i16 %sext_ln23_41, i16 %sext_ln23_11" [../source/tut3B_Function_Reshape/matrix_mult.cpp:23]   --->   Operation 542 'mul' 'mul_ln23_81' <Predicate = true> <Delay = 5.41> <CoreInst = "Multiplier">   --->   Core 3 'Multiplier' <Latency = 4> <II = 1> <Delay = 5.41> <FuncUnit> <Opcode : 'mul'> <InPorts = 2> <OutPorts = 1>
ST_13 : Operation 543 [4/5] (5.41ns)   --->   "%mul_ln23_86 = mul i16 %sext_ln23_41, i16 %sext_ln23_16" [../source/tut3B_Function_Reshape/matrix_mult.cpp:23]   --->   Operation 543 'mul' 'mul_ln23_86' <Predicate = true> <Delay = 5.41> <CoreInst = "Multiplier">   --->   Core 3 'Multiplier' <Latency = 4> <II = 1> <Delay = 5.41> <FuncUnit> <Opcode : 'mul'> <InPorts = 2> <OutPorts = 1>
ST_13 : Operation 544 [4/5] (5.41ns)   --->   "%mul_ln23_91 = mul i16 %sext_ln23_41, i16 %sext_ln23_21" [../source/tut3B_Function_Reshape/matrix_mult.cpp:23]   --->   Operation 544 'mul' 'mul_ln23_91' <Predicate = true> <Delay = 5.41> <CoreInst = "Multiplier">   --->   Core 3 'Multiplier' <Latency = 4> <II = 1> <Delay = 5.41> <FuncUnit> <Opcode : 'mul'> <InPorts = 2> <OutPorts = 1>
ST_13 : Operation 545 [5/5] (5.41ns)   --->   "%mul_ln23_96 = mul i16 %sext_ln23_41, i16 %sext_ln23_26" [../source/tut3B_Function_Reshape/matrix_mult.cpp:23]   --->   Operation 545 'mul' 'mul_ln23_96' <Predicate = true> <Delay = 5.41> <CoreInst = "Multiplier">   --->   Core 3 'Multiplier' <Latency = 4> <II = 1> <Delay = 5.41> <FuncUnit> <Opcode : 'mul'> <InPorts = 2> <OutPorts = 1>
ST_13 : Operation 546 [1/1] (0.00ns)   --->   "%sext_ln23_46 = sext i8 %tmp_35" [../source/tut3B_Function_Reshape/matrix_mult.cpp:23]   --->   Operation 546 'sext' 'sext_ln23_46' <Predicate = true> <Delay = 0.00>
ST_13 : Operation 547 [5/5] (5.41ns)   --->   "%mul_ln23_101 = mul i16 %sext_ln23_46, i16 %sext_ln23_3" [../source/tut3B_Function_Reshape/matrix_mult.cpp:23]   --->   Operation 547 'mul' 'mul_ln23_101' <Predicate = true> <Delay = 5.41> <CoreInst = "Multiplier">   --->   Core 3 'Multiplier' <Latency = 4> <II = 1> <Delay = 5.41> <FuncUnit> <Opcode : 'mul'> <InPorts = 2> <OutPorts = 1>
ST_13 : Operation 548 [1/2] (2.10ns) (root node of the DSP)   --->   "%add_ln23_81 = add i16 %mul_ln23_103, i16 %mul_ln23_102" [../source/tut3B_Function_Reshape/matrix_mult.cpp:23]   --->   Operation 548 'add' 'add_ln23_81' <Predicate = true> <Delay = 2.10> <CoreInst = "DSP48">   --->   Core 116 'DSP48' <Latency = 3> <II = 1> <Delay = 2.15> <IPBlock> <Opcode : 'add' 'sub' 'mul' 'select'> <InPorts = 0> <OutPorts = 1> <Sync> <CReg>
ST_13 : Operation 549 [5/5] (5.41ns)   --->   "%mul_ln23_106 = mul i16 %sext_ln23_46, i16 %sext_ln23_11" [../source/tut3B_Function_Reshape/matrix_mult.cpp:23]   --->   Operation 549 'mul' 'mul_ln23_106' <Predicate = true> <Delay = 5.41> <CoreInst = "Multiplier">   --->   Core 3 'Multiplier' <Latency = 4> <II = 1> <Delay = 5.41> <FuncUnit> <Opcode : 'mul'> <InPorts = 2> <OutPorts = 1>
ST_13 : Operation 550 [1/2] (2.10ns) (root node of the DSP)   --->   "%add_ln23_85 = add i16 %mul_ln23_108, i16 %mul_ln23_107" [../source/tut3B_Function_Reshape/matrix_mult.cpp:23]   --->   Operation 550 'add' 'add_ln23_85' <Predicate = true> <Delay = 2.10> <CoreInst = "DSP48">   --->   Core 116 'DSP48' <Latency = 3> <II = 1> <Delay = 2.15> <IPBlock> <Opcode : 'add' 'sub' 'mul' 'select'> <InPorts = 0> <OutPorts = 1> <Sync> <CReg>
ST_13 : Operation 551 [5/5] (5.41ns)   --->   "%mul_ln23_111 = mul i16 %sext_ln23_46, i16 %sext_ln23_16" [../source/tut3B_Function_Reshape/matrix_mult.cpp:23]   --->   Operation 551 'mul' 'mul_ln23_111' <Predicate = true> <Delay = 5.41> <CoreInst = "Multiplier">   --->   Core 3 'Multiplier' <Latency = 4> <II = 1> <Delay = 5.41> <FuncUnit> <Opcode : 'mul'> <InPorts = 2> <OutPorts = 1>
ST_13 : Operation 552 [1/2] (2.10ns) (root node of the DSP)   --->   "%add_ln23_89 = add i16 %mul_ln23_113, i16 %mul_ln23_112" [../source/tut3B_Function_Reshape/matrix_mult.cpp:23]   --->   Operation 552 'add' 'add_ln23_89' <Predicate = true> <Delay = 2.10> <CoreInst = "DSP48">   --->   Core 116 'DSP48' <Latency = 3> <II = 1> <Delay = 2.15> <IPBlock> <Opcode : 'add' 'sub' 'mul' 'select'> <InPorts = 0> <OutPorts = 1> <Sync> <CReg>
ST_13 : Operation 553 [1/2] (2.10ns) (root node of the DSP)   --->   "%add_ln23_93 = add i16 %mul_ln23_118, i16 %mul_ln23_117" [../source/tut3B_Function_Reshape/matrix_mult.cpp:23]   --->   Operation 553 'add' 'add_ln23_93' <Predicate = true> <Delay = 2.10> <CoreInst = "DSP48">   --->   Core 116 'DSP48' <Latency = 3> <II = 1> <Delay = 2.15> <IPBlock> <Opcode : 'add' 'sub' 'mul' 'select'> <InPorts = 0> <OutPorts = 1> <Sync> <CReg>
ST_13 : Operation 554 [1/3] (0.00ns) (grouped into DSP with root node add_ln23_97)   --->   "%mul_ln23_122 = mul i16 %sext_ln23_49, i16 %sext_ln23_29" [../source/tut3B_Function_Reshape/matrix_mult.cpp:23]   --->   Operation 554 'mul' 'mul_ln23_122' <Predicate = true> <Delay = 0.00> <CoreInst = "DSP48">   --->   Core 116 'DSP48' <Latency = 3> <II = 1> <Delay = 2.15> <IPBlock> <Opcode : 'add' 'sub' 'mul' 'select'> <InPorts = 0> <OutPorts = 1> <Sync> <CReg>
ST_13 : Operation 555 [2/2] (2.10ns) (root node of the DSP)   --->   "%add_ln23_97 = add i16 %mul_ln23_123, i16 %mul_ln23_122" [../source/tut3B_Function_Reshape/matrix_mult.cpp:23]   --->   Operation 555 'add' 'add_ln23_97' <Predicate = true> <Delay = 2.10> <CoreInst = "DSP48">   --->   Core 116 'DSP48' <Latency = 3> <II = 1> <Delay = 2.15> <IPBlock> <Opcode : 'add' 'sub' 'mul' 'select'> <InPorts = 0> <OutPorts = 1> <Sync> <CReg>

State 14 <SV = 13> <Delay = 5.41>
ST_14 : Operation 556 [1/2] (2.10ns) (root node of the DSP)   --->   "%add_ln23 = add i16 %mul_ln23_1, i16 %mul_ln23" [../source/tut3B_Function_Reshape/matrix_mult.cpp:23]   --->   Operation 556 'add' 'add_ln23' <Predicate = true> <Delay = 2.10> <CoreInst = "DSP48">   --->   Core 116 'DSP48' <Latency = 3> <II = 1> <Delay = 2.15> <IPBlock> <Opcode : 'add' 'sub' 'mul' 'select'> <InPorts = 0> <OutPorts = 1> <Sync> <CReg>
ST_14 : Operation 557 [1/2] (2.10ns) (root node of the DSP)   --->   "%add_ln23_4 = add i16 %mul_ln23_6, i16 %mul_ln23_5" [../source/tut3B_Function_Reshape/matrix_mult.cpp:23]   --->   Operation 557 'add' 'add_ln23_4' <Predicate = true> <Delay = 2.10> <CoreInst = "DSP48">   --->   Core 116 'DSP48' <Latency = 3> <II = 1> <Delay = 2.15> <IPBlock> <Opcode : 'add' 'sub' 'mul' 'select'> <InPorts = 0> <OutPorts = 1> <Sync> <CReg>
ST_14 : Operation 558 [1/2] (2.10ns) (root node of the DSP)   --->   "%add_ln23_8 = add i16 %mul_ln23_11, i16 %mul_ln23_10" [../source/tut3B_Function_Reshape/matrix_mult.cpp:23]   --->   Operation 558 'add' 'add_ln23_8' <Predicate = true> <Delay = 2.10> <CoreInst = "DSP48">   --->   Core 116 'DSP48' <Latency = 3> <II = 1> <Delay = 2.15> <IPBlock> <Opcode : 'add' 'sub' 'mul' 'select'> <InPorts = 0> <OutPorts = 1> <Sync> <CReg>
ST_14 : Operation 559 [1/3] (0.00ns) (grouped into DSP with root node add_ln23_12)   --->   "%mul_ln23_15 = mul i16 %sext_ln23_20, i16 %sext_ln23" [../source/tut3B_Function_Reshape/matrix_mult.cpp:23]   --->   Operation 559 'mul' 'mul_ln23_15' <Predicate = true> <Delay = 0.00> <CoreInst = "DSP48">   --->   Core 116 'DSP48' <Latency = 3> <II = 1> <Delay = 2.15> <IPBlock> <Opcode : 'add' 'sub' 'mul' 'select'> <InPorts = 0> <OutPorts = 1> <Sync> <CReg>
ST_14 : Operation 560 [2/2] (2.10ns) (root node of the DSP)   --->   "%add_ln23_12 = add i16 %mul_ln23_16, i16 %mul_ln23_15" [../source/tut3B_Function_Reshape/matrix_mult.cpp:23]   --->   Operation 560 'add' 'add_ln23_12' <Predicate = true> <Delay = 2.10> <CoreInst = "DSP48">   --->   Core 116 'DSP48' <Latency = 3> <II = 1> <Delay = 2.15> <IPBlock> <Opcode : 'add' 'sub' 'mul' 'select'> <InPorts = 0> <OutPorts = 1> <Sync> <CReg>
ST_14 : Operation 561 [1/3] (0.00ns) (grouped into DSP with root node add_ln23_16)   --->   "%mul_ln23_20 = mul i16 %sext_ln23_25, i16 %sext_ln23" [../source/tut3B_Function_Reshape/matrix_mult.cpp:23]   --->   Operation 561 'mul' 'mul_ln23_20' <Predicate = true> <Delay = 0.00> <CoreInst = "DSP48">   --->   Core 116 'DSP48' <Latency = 3> <II = 1> <Delay = 2.15> <IPBlock> <Opcode : 'add' 'sub' 'mul' 'select'> <InPorts = 0> <OutPorts = 1> <Sync> <CReg>
ST_14 : Operation 562 [2/2] (2.10ns) (root node of the DSP)   --->   "%add_ln23_16 = add i16 %mul_ln23_21, i16 %mul_ln23_20" [../source/tut3B_Function_Reshape/matrix_mult.cpp:23]   --->   Operation 562 'add' 'add_ln23_16' <Predicate = true> <Delay = 2.10> <CoreInst = "DSP48">   --->   Core 116 'DSP48' <Latency = 3> <II = 1> <Delay = 2.15> <IPBlock> <Opcode : 'add' 'sub' 'mul' 'select'> <InPorts = 0> <OutPorts = 1> <Sync> <CReg>
ST_14 : Operation 563 [1/3] (0.00ns) (grouped into DSP with root node add_ln23_20)   --->   "%mul_ln23_25 = mul i16 %sext_ln23_30, i16 %sext_ln23_1" [../source/tut3B_Function_Reshape/matrix_mult.cpp:23]   --->   Operation 563 'mul' 'mul_ln23_25' <Predicate = true> <Delay = 0.00> <CoreInst = "DSP48">   --->   Core 116 'DSP48' <Latency = 3> <II = 1> <Delay = 2.15> <IPBlock> <Opcode : 'add' 'sub' 'mul' 'select'> <InPorts = 0> <OutPorts = 1> <Sync> <CReg>
ST_14 : Operation 564 [2/2] (2.10ns) (root node of the DSP)   --->   "%add_ln23_20 = add i16 %mul_ln23_26, i16 %mul_ln23_25" [../source/tut3B_Function_Reshape/matrix_mult.cpp:23]   --->   Operation 564 'add' 'add_ln23_20' <Predicate = true> <Delay = 2.10> <CoreInst = "DSP48">   --->   Core 116 'DSP48' <Latency = 3> <II = 1> <Delay = 2.15> <IPBlock> <Opcode : 'add' 'sub' 'mul' 'select'> <InPorts = 0> <OutPorts = 1> <Sync> <CReg>
ST_14 : Operation 565 [1/3] (0.00ns) (grouped into DSP with root node add_ln23_24)   --->   "%mul_ln23_30 = mul i16 %sext_ln23_30, i16 %sext_ln23_10" [../source/tut3B_Function_Reshape/matrix_mult.cpp:23]   --->   Operation 565 'mul' 'mul_ln23_30' <Predicate = true> <Delay = 0.00> <CoreInst = "DSP48">   --->   Core 116 'DSP48' <Latency = 3> <II = 1> <Delay = 2.15> <IPBlock> <Opcode : 'add' 'sub' 'mul' 'select'> <InPorts = 0> <OutPorts = 1> <Sync> <CReg>
ST_14 : Operation 566 [2/2] (2.10ns) (root node of the DSP)   --->   "%add_ln23_24 = add i16 %mul_ln23_31, i16 %mul_ln23_30" [../source/tut3B_Function_Reshape/matrix_mult.cpp:23]   --->   Operation 566 'add' 'add_ln23_24' <Predicate = true> <Delay = 2.10> <CoreInst = "DSP48">   --->   Core 116 'DSP48' <Latency = 3> <II = 1> <Delay = 2.15> <IPBlock> <Opcode : 'add' 'sub' 'mul' 'select'> <InPorts = 0> <OutPorts = 1> <Sync> <CReg>
ST_14 : Operation 567 [2/3] (1.05ns) (grouped into DSP with root node add_ln23_28)   --->   "%mul_ln23_35 = mul i16 %sext_ln23_30, i16 %sext_ln23_15" [../source/tut3B_Function_Reshape/matrix_mult.cpp:23]   --->   Operation 567 'mul' 'mul_ln23_35' <Predicate = true> <Delay = 1.05> <CoreInst = "DSP48">   --->   Core 116 'DSP48' <Latency = 3> <II = 1> <Delay = 2.15> <IPBlock> <Opcode : 'add' 'sub' 'mul' 'select'> <InPorts = 0> <OutPorts = 1> <Sync> <CReg>
ST_14 : Operation 568 [1/5] (5.41ns)   --->   "%mul_ln23_36 = mul i16 %sext_ln23_31, i16 %sext_ln23_16" [../source/tut3B_Function_Reshape/matrix_mult.cpp:23]   --->   Operation 568 'mul' 'mul_ln23_36' <Predicate = true> <Delay = 5.41> <CoreInst = "Multiplier">   --->   Core 3 'Multiplier' <Latency = 4> <II = 1> <Delay = 5.41> <FuncUnit> <Opcode : 'mul'> <InPorts = 2> <OutPorts = 1>
ST_14 : Operation 569 [2/3] (1.05ns) (grouped into DSP with root node add_ln23_32)   --->   "%mul_ln23_40 = mul i16 %sext_ln23_30, i16 %sext_ln23_20" [../source/tut3B_Function_Reshape/matrix_mult.cpp:23]   --->   Operation 569 'mul' 'mul_ln23_40' <Predicate = true> <Delay = 1.05> <CoreInst = "DSP48">   --->   Core 116 'DSP48' <Latency = 3> <II = 1> <Delay = 2.15> <IPBlock> <Opcode : 'add' 'sub' 'mul' 'select'> <InPorts = 0> <OutPorts = 1> <Sync> <CReg>
ST_14 : Operation 570 [1/5] (5.41ns)   --->   "%mul_ln23_41 = mul i16 %sext_ln23_31, i16 %sext_ln23_21" [../source/tut3B_Function_Reshape/matrix_mult.cpp:23]   --->   Operation 570 'mul' 'mul_ln23_41' <Predicate = true> <Delay = 5.41> <CoreInst = "Multiplier">   --->   Core 3 'Multiplier' <Latency = 4> <II = 1> <Delay = 5.41> <FuncUnit> <Opcode : 'mul'> <InPorts = 2> <OutPorts = 1>
ST_14 : Operation 571 [1/2] (2.10ns) (root node of the DSP)   --->   "%add_ln23_34 = add i16 %add_ln23_33, i16 %mul_ln23_44" [../source/tut3B_Function_Reshape/matrix_mult.cpp:23]   --->   Operation 571 'add' 'add_ln23_34' <Predicate = true> <Delay = 2.10> <CoreInst = "DSP48">   --->   Core 116 'DSP48' <Latency = 3> <II = 1> <Delay = 2.15> <IPBlock> <Opcode : 'add' 'sub' 'mul' 'select'> <InPorts = 0> <OutPorts = 1> <Sync> <CReg>
ST_14 : Operation 572 [2/3] (1.05ns) (grouped into DSP with root node add_ln23_36)   --->   "%mul_ln23_45 = mul i16 %sext_ln23_30, i16 %sext_ln23_25" [../source/tut3B_Function_Reshape/matrix_mult.cpp:23]   --->   Operation 572 'mul' 'mul_ln23_45' <Predicate = true> <Delay = 1.05> <CoreInst = "DSP48">   --->   Core 116 'DSP48' <Latency = 3> <II = 1> <Delay = 2.15> <IPBlock> <Opcode : 'add' 'sub' 'mul' 'select'> <InPorts = 0> <OutPorts = 1> <Sync> <CReg>
ST_14 : Operation 573 [1/5] (5.41ns)   --->   "%mul_ln23_46 = mul i16 %sext_ln23_31, i16 %sext_ln23_26" [../source/tut3B_Function_Reshape/matrix_mult.cpp:23]   --->   Operation 573 'mul' 'mul_ln23_46' <Predicate = true> <Delay = 5.41> <CoreInst = "Multiplier">   --->   Core 3 'Multiplier' <Latency = 4> <II = 1> <Delay = 5.41> <FuncUnit> <Opcode : 'mul'> <InPorts = 2> <OutPorts = 1>
ST_14 : Operation 574 [1/2] (2.10ns) (root node of the DSP)   --->   "%add_ln23_38 = add i16 %add_ln23_37, i16 %mul_ln23_49" [../source/tut3B_Function_Reshape/matrix_mult.cpp:23]   --->   Operation 574 'add' 'add_ln23_38' <Predicate = true> <Delay = 2.10> <CoreInst = "DSP48">   --->   Core 116 'DSP48' <Latency = 3> <II = 1> <Delay = 2.15> <IPBlock> <Opcode : 'add' 'sub' 'mul' 'select'> <InPorts = 0> <OutPorts = 1> <Sync> <CReg>
ST_14 : Operation 575 [2/3] (1.05ns) (grouped into DSP with root node add_ln23_40)   --->   "%mul_ln23_50 = mul i16 %sext_ln23_35, i16 %sext_ln23_1" [../source/tut3B_Function_Reshape/matrix_mult.cpp:23]   --->   Operation 575 'mul' 'mul_ln23_50' <Predicate = true> <Delay = 1.05> <CoreInst = "DSP48">   --->   Core 116 'DSP48' <Latency = 3> <II = 1> <Delay = 2.15> <IPBlock> <Opcode : 'add' 'sub' 'mul' 'select'> <InPorts = 0> <OutPorts = 1> <Sync> <CReg>
ST_14 : Operation 576 [1/5] (5.41ns)   --->   "%mul_ln23_51 = mul i16 %sext_ln23_36, i16 %sext_ln23_3" [../source/tut3B_Function_Reshape/matrix_mult.cpp:23]   --->   Operation 576 'mul' 'mul_ln23_51' <Predicate = true> <Delay = 5.41> <CoreInst = "Multiplier">   --->   Core 3 'Multiplier' <Latency = 4> <II = 1> <Delay = 5.41> <FuncUnit> <Opcode : 'mul'> <InPorts = 2> <OutPorts = 1>
ST_14 : Operation 577 [1/3] (0.00ns) (grouped into DSP with root node add_ln23_42)   --->   "%mul_ln23_54 = mul i16 %sext_ln23_37, i16 %sext_ln23_5" [../source/tut3B_Function_Reshape/matrix_mult.cpp:23]   --->   Operation 577 'mul' 'mul_ln23_54' <Predicate = true> <Delay = 0.00> <CoreInst = "DSP48">   --->   Core 116 'DSP48' <Latency = 3> <II = 1> <Delay = 2.15> <IPBlock> <Opcode : 'add' 'sub' 'mul' 'select'> <InPorts = 0> <OutPorts = 1> <Sync> <CReg>
ST_14 : Operation 578 [2/2] (2.10ns) (root node of the DSP)   --->   "%add_ln23_42 = add i16 %add_ln23_41, i16 %mul_ln23_54" [../source/tut3B_Function_Reshape/matrix_mult.cpp:23]   --->   Operation 578 'add' 'add_ln23_42' <Predicate = true> <Delay = 2.10> <CoreInst = "DSP48">   --->   Core 116 'DSP48' <Latency = 3> <II = 1> <Delay = 2.15> <IPBlock> <Opcode : 'add' 'sub' 'mul' 'select'> <InPorts = 0> <OutPorts = 1> <Sync> <CReg>
ST_14 : Operation 579 [3/3] (1.05ns) (grouped into DSP with root node add_ln23_44)   --->   "%mul_ln23_55 = mul i16 %sext_ln23_35, i16 %sext_ln23_10" [../source/tut3B_Function_Reshape/matrix_mult.cpp:23]   --->   Operation 579 'mul' 'mul_ln23_55' <Predicate = true> <Delay = 1.05> <CoreInst = "DSP48">   --->   Core 116 'DSP48' <Latency = 3> <II = 1> <Delay = 2.15> <IPBlock> <Opcode : 'add' 'sub' 'mul' 'select'> <InPorts = 0> <OutPorts = 1> <Sync> <CReg>
ST_14 : Operation 580 [2/5] (5.41ns)   --->   "%mul_ln23_56 = mul i16 %sext_ln23_36, i16 %sext_ln23_11" [../source/tut3B_Function_Reshape/matrix_mult.cpp:23]   --->   Operation 580 'mul' 'mul_ln23_56' <Predicate = true> <Delay = 5.41> <CoreInst = "Multiplier">   --->   Core 3 'Multiplier' <Latency = 4> <II = 1> <Delay = 5.41> <FuncUnit> <Opcode : 'mul'> <InPorts = 2> <OutPorts = 1>
ST_14 : Operation 581 [1/3] (0.00ns) (grouped into DSP with root node add_ln23_46)   --->   "%mul_ln23_59 = mul i16 %sext_ln23_37, i16 %sext_ln23_12" [../source/tut3B_Function_Reshape/matrix_mult.cpp:23]   --->   Operation 581 'mul' 'mul_ln23_59' <Predicate = true> <Delay = 0.00> <CoreInst = "DSP48">   --->   Core 116 'DSP48' <Latency = 3> <II = 1> <Delay = 2.15> <IPBlock> <Opcode : 'add' 'sub' 'mul' 'select'> <InPorts = 0> <OutPorts = 1> <Sync> <CReg>
ST_14 : Operation 582 [2/2] (2.10ns) (root node of the DSP)   --->   "%add_ln23_46 = add i16 %add_ln23_45, i16 %mul_ln23_59" [../source/tut3B_Function_Reshape/matrix_mult.cpp:23]   --->   Operation 582 'add' 'add_ln23_46' <Predicate = true> <Delay = 2.10> <CoreInst = "DSP48">   --->   Core 116 'DSP48' <Latency = 3> <II = 1> <Delay = 2.15> <IPBlock> <Opcode : 'add' 'sub' 'mul' 'select'> <InPorts = 0> <OutPorts = 1> <Sync> <CReg>
ST_14 : Operation 583 [3/3] (1.05ns) (grouped into DSP with root node add_ln23_48)   --->   "%mul_ln23_60 = mul i16 %sext_ln23_35, i16 %sext_ln23_15" [../source/tut3B_Function_Reshape/matrix_mult.cpp:23]   --->   Operation 583 'mul' 'mul_ln23_60' <Predicate = true> <Delay = 1.05> <CoreInst = "DSP48">   --->   Core 116 'DSP48' <Latency = 3> <II = 1> <Delay = 2.15> <IPBlock> <Opcode : 'add' 'sub' 'mul' 'select'> <InPorts = 0> <OutPorts = 1> <Sync> <CReg>
ST_14 : Operation 584 [2/5] (5.41ns)   --->   "%mul_ln23_61 = mul i16 %sext_ln23_36, i16 %sext_ln23_16" [../source/tut3B_Function_Reshape/matrix_mult.cpp:23]   --->   Operation 584 'mul' 'mul_ln23_61' <Predicate = true> <Delay = 5.41> <CoreInst = "Multiplier">   --->   Core 3 'Multiplier' <Latency = 4> <II = 1> <Delay = 5.41> <FuncUnit> <Opcode : 'mul'> <InPorts = 2> <OutPorts = 1>
ST_14 : Operation 585 [2/3] (1.05ns) (grouped into DSP with root node add_ln23_50)   --->   "%mul_ln23_64 = mul i16 %sext_ln23_37, i16 %sext_ln23_17" [../source/tut3B_Function_Reshape/matrix_mult.cpp:23]   --->   Operation 585 'mul' 'mul_ln23_64' <Predicate = true> <Delay = 1.05> <CoreInst = "DSP48">   --->   Core 116 'DSP48' <Latency = 3> <II = 1> <Delay = 2.15> <IPBlock> <Opcode : 'add' 'sub' 'mul' 'select'> <InPorts = 0> <OutPorts = 1> <Sync> <CReg>
ST_14 : Operation 586 [3/3] (1.05ns) (grouped into DSP with root node add_ln23_52)   --->   "%mul_ln23_65 = mul i16 %sext_ln23_35, i16 %sext_ln23_20" [../source/tut3B_Function_Reshape/matrix_mult.cpp:23]   --->   Operation 586 'mul' 'mul_ln23_65' <Predicate = true> <Delay = 1.05> <CoreInst = "DSP48">   --->   Core 116 'DSP48' <Latency = 3> <II = 1> <Delay = 2.15> <IPBlock> <Opcode : 'add' 'sub' 'mul' 'select'> <InPorts = 0> <OutPorts = 1> <Sync> <CReg>
ST_14 : Operation 587 [2/5] (5.41ns)   --->   "%mul_ln23_66 = mul i16 %sext_ln23_36, i16 %sext_ln23_21" [../source/tut3B_Function_Reshape/matrix_mult.cpp:23]   --->   Operation 587 'mul' 'mul_ln23_66' <Predicate = true> <Delay = 5.41> <CoreInst = "Multiplier">   --->   Core 3 'Multiplier' <Latency = 4> <II = 1> <Delay = 5.41> <FuncUnit> <Opcode : 'mul'> <InPorts = 2> <OutPorts = 1>
ST_14 : Operation 588 [2/3] (1.05ns) (grouped into DSP with root node add_ln23_54)   --->   "%mul_ln23_69 = mul i16 %sext_ln23_37, i16 %sext_ln23_22" [../source/tut3B_Function_Reshape/matrix_mult.cpp:23]   --->   Operation 588 'mul' 'mul_ln23_69' <Predicate = true> <Delay = 1.05> <CoreInst = "DSP48">   --->   Core 116 'DSP48' <Latency = 3> <II = 1> <Delay = 2.15> <IPBlock> <Opcode : 'add' 'sub' 'mul' 'select'> <InPorts = 0> <OutPorts = 1> <Sync> <CReg>
ST_14 : Operation 589 [3/3] (1.05ns) (grouped into DSP with root node add_ln23_56)   --->   "%mul_ln23_70 = mul i16 %sext_ln23_35, i16 %sext_ln23_25" [../source/tut3B_Function_Reshape/matrix_mult.cpp:23]   --->   Operation 589 'mul' 'mul_ln23_70' <Predicate = true> <Delay = 1.05> <CoreInst = "DSP48">   --->   Core 116 'DSP48' <Latency = 3> <II = 1> <Delay = 2.15> <IPBlock> <Opcode : 'add' 'sub' 'mul' 'select'> <InPorts = 0> <OutPorts = 1> <Sync> <CReg>
ST_14 : Operation 590 [2/5] (5.41ns)   --->   "%mul_ln23_71 = mul i16 %sext_ln23_36, i16 %sext_ln23_26" [../source/tut3B_Function_Reshape/matrix_mult.cpp:23]   --->   Operation 590 'mul' 'mul_ln23_71' <Predicate = true> <Delay = 5.41> <CoreInst = "Multiplier">   --->   Core 3 'Multiplier' <Latency = 4> <II = 1> <Delay = 5.41> <FuncUnit> <Opcode : 'mul'> <InPorts = 2> <OutPorts = 1>
ST_14 : Operation 591 [3/3] (1.05ns) (grouped into DSP with root node add_ln23_58)   --->   "%mul_ln23_74 = mul i16 %sext_ln23_37, i16 %sext_ln23_27" [../source/tut3B_Function_Reshape/matrix_mult.cpp:23]   --->   Operation 591 'mul' 'mul_ln23_74' <Predicate = true> <Delay = 1.05> <CoreInst = "DSP48">   --->   Core 116 'DSP48' <Latency = 3> <II = 1> <Delay = 2.15> <IPBlock> <Opcode : 'add' 'sub' 'mul' 'select'> <InPorts = 0> <OutPorts = 1> <Sync> <CReg>
ST_14 : Operation 592 [1/1] (0.00ns)   --->   "%sext_ln23_42 = sext i8 %tmp_32" [../source/tut3B_Function_Reshape/matrix_mult.cpp:23]   --->   Operation 592 'sext' 'sext_ln23_42' <Predicate = true> <Delay = 0.00>
ST_14 : Operation 593 [3/5] (5.41ns)   --->   "%mul_ln23_76 = mul i16 %sext_ln23_41, i16 %sext_ln23_3" [../source/tut3B_Function_Reshape/matrix_mult.cpp:23]   --->   Operation 593 'mul' 'mul_ln23_76' <Predicate = true> <Delay = 5.41> <CoreInst = "Multiplier">   --->   Core 3 'Multiplier' <Latency = 4> <II = 1> <Delay = 5.41> <FuncUnit> <Opcode : 'mul'> <InPorts = 2> <OutPorts = 1>
ST_14 : Operation 594 [3/3] (1.05ns) (grouped into DSP with root node add_ln23_62)   --->   "%mul_ln23_79 = mul i16 %sext_ln23_42, i16 %sext_ln23_5" [../source/tut3B_Function_Reshape/matrix_mult.cpp:23]   --->   Operation 594 'mul' 'mul_ln23_79' <Predicate = true> <Delay = 1.05> <CoreInst = "DSP48">   --->   Core 116 'DSP48' <Latency = 3> <II = 1> <Delay = 2.15> <IPBlock> <Opcode : 'add' 'sub' 'mul' 'select'> <InPorts = 0> <OutPorts = 1> <Sync> <CReg>
ST_14 : Operation 595 [3/5] (5.41ns)   --->   "%mul_ln23_81 = mul i16 %sext_ln23_41, i16 %sext_ln23_11" [../source/tut3B_Function_Reshape/matrix_mult.cpp:23]   --->   Operation 595 'mul' 'mul_ln23_81' <Predicate = true> <Delay = 5.41> <CoreInst = "Multiplier">   --->   Core 3 'Multiplier' <Latency = 4> <II = 1> <Delay = 5.41> <FuncUnit> <Opcode : 'mul'> <InPorts = 2> <OutPorts = 1>
ST_14 : Operation 596 [3/5] (5.41ns)   --->   "%mul_ln23_86 = mul i16 %sext_ln23_41, i16 %sext_ln23_16" [../source/tut3B_Function_Reshape/matrix_mult.cpp:23]   --->   Operation 596 'mul' 'mul_ln23_86' <Predicate = true> <Delay = 5.41> <CoreInst = "Multiplier">   --->   Core 3 'Multiplier' <Latency = 4> <II = 1> <Delay = 5.41> <FuncUnit> <Opcode : 'mul'> <InPorts = 2> <OutPorts = 1>
ST_14 : Operation 597 [3/5] (5.41ns)   --->   "%mul_ln23_91 = mul i16 %sext_ln23_41, i16 %sext_ln23_21" [../source/tut3B_Function_Reshape/matrix_mult.cpp:23]   --->   Operation 597 'mul' 'mul_ln23_91' <Predicate = true> <Delay = 5.41> <CoreInst = "Multiplier">   --->   Core 3 'Multiplier' <Latency = 4> <II = 1> <Delay = 5.41> <FuncUnit> <Opcode : 'mul'> <InPorts = 2> <OutPorts = 1>
ST_14 : Operation 598 [4/5] (5.41ns)   --->   "%mul_ln23_96 = mul i16 %sext_ln23_41, i16 %sext_ln23_26" [../source/tut3B_Function_Reshape/matrix_mult.cpp:23]   --->   Operation 598 'mul' 'mul_ln23_96' <Predicate = true> <Delay = 5.41> <CoreInst = "Multiplier">   --->   Core 3 'Multiplier' <Latency = 4> <II = 1> <Delay = 5.41> <FuncUnit> <Opcode : 'mul'> <InPorts = 2> <OutPorts = 1>
ST_14 : Operation 599 [4/5] (5.41ns)   --->   "%mul_ln23_101 = mul i16 %sext_ln23_46, i16 %sext_ln23_3" [../source/tut3B_Function_Reshape/matrix_mult.cpp:23]   --->   Operation 599 'mul' 'mul_ln23_101' <Predicate = true> <Delay = 5.41> <CoreInst = "Multiplier">   --->   Core 3 'Multiplier' <Latency = 4> <II = 1> <Delay = 5.41> <FuncUnit> <Opcode : 'mul'> <InPorts = 2> <OutPorts = 1>
ST_14 : Operation 600 [4/5] (5.41ns)   --->   "%mul_ln23_106 = mul i16 %sext_ln23_46, i16 %sext_ln23_11" [../source/tut3B_Function_Reshape/matrix_mult.cpp:23]   --->   Operation 600 'mul' 'mul_ln23_106' <Predicate = true> <Delay = 5.41> <CoreInst = "Multiplier">   --->   Core 3 'Multiplier' <Latency = 4> <II = 1> <Delay = 5.41> <FuncUnit> <Opcode : 'mul'> <InPorts = 2> <OutPorts = 1>
ST_14 : Operation 601 [4/5] (5.41ns)   --->   "%mul_ln23_111 = mul i16 %sext_ln23_46, i16 %sext_ln23_16" [../source/tut3B_Function_Reshape/matrix_mult.cpp:23]   --->   Operation 601 'mul' 'mul_ln23_111' <Predicate = true> <Delay = 5.41> <CoreInst = "Multiplier">   --->   Core 3 'Multiplier' <Latency = 4> <II = 1> <Delay = 5.41> <FuncUnit> <Opcode : 'mul'> <InPorts = 2> <OutPorts = 1>
ST_14 : Operation 602 [5/5] (5.41ns)   --->   "%mul_ln23_116 = mul i16 %sext_ln23_46, i16 %sext_ln23_21" [../source/tut3B_Function_Reshape/matrix_mult.cpp:23]   --->   Operation 602 'mul' 'mul_ln23_116' <Predicate = true> <Delay = 5.41> <CoreInst = "Multiplier">   --->   Core 3 'Multiplier' <Latency = 4> <II = 1> <Delay = 5.41> <FuncUnit> <Opcode : 'mul'> <InPorts = 2> <OutPorts = 1>
ST_14 : Operation 603 [5/5] (5.41ns)   --->   "%mul_ln23_121 = mul i16 %sext_ln23_46, i16 %sext_ln23_26" [../source/tut3B_Function_Reshape/matrix_mult.cpp:23]   --->   Operation 603 'mul' 'mul_ln23_121' <Predicate = true> <Delay = 5.41> <CoreInst = "Multiplier">   --->   Core 3 'Multiplier' <Latency = 4> <II = 1> <Delay = 5.41> <FuncUnit> <Opcode : 'mul'> <InPorts = 2> <OutPorts = 1>
ST_14 : Operation 604 [1/2] (2.10ns) (root node of the DSP)   --->   "%add_ln23_97 = add i16 %mul_ln23_123, i16 %mul_ln23_122" [../source/tut3B_Function_Reshape/matrix_mult.cpp:23]   --->   Operation 604 'add' 'add_ln23_97' <Predicate = true> <Delay = 2.10> <CoreInst = "DSP48">   --->   Core 116 'DSP48' <Latency = 3> <II = 1> <Delay = 2.15> <IPBlock> <Opcode : 'add' 'sub' 'mul' 'select'> <InPorts = 0> <OutPorts = 1> <Sync> <CReg>

State 15 <SV = 14> <Delay = 5.41>
ST_15 : Operation 605 [1/1] (0.00ns)   --->   "%prod_addr = getelementptr i16 %prod, i64 0, i64 0" [../source/tut3B_Function_Reshape/matrix_mult.cpp:23]   --->   Operation 605 'getelementptr' 'prod_addr' <Predicate = true> <Delay = 0.00>
ST_15 : Operation 606 [1/1] (0.00ns)   --->   "%prod_addr_1 = getelementptr i16 %prod, i64 0, i64 1" [../source/tut3B_Function_Reshape/matrix_mult.cpp:23]   --->   Operation 606 'getelementptr' 'prod_addr_1' <Predicate = true> <Delay = 0.00>
ST_15 : Operation 607 [1/1] (2.07ns)   --->   "%add_ln23_3 = add i16 %add_ln23_2, i16 %add_ln23" [../source/tut3B_Function_Reshape/matrix_mult.cpp:23]   --->   Operation 607 'add' 'add_ln23_3' <Predicate = true> <Delay = 2.07> <CoreInst = "Adder">   --->   Core 1 'Adder' <Latency = 0> <II = 1> <Delay = 2.07> <FuncUnit> <Opcode : 'add' 'sub'> <InPorts = 2> <OutPorts = 1>
ST_15 : Operation 608 [1/1] ( I:0.00ns O:0.00ns )   --->   "%store_ln23 = store i16 %add_ln23_3, i5 %prod_addr" [../source/tut3B_Function_Reshape/matrix_mult.cpp:23]   --->   Operation 608 'store' 'store_ln23' <Predicate = true> <Delay = 0.00> <CoreInst = "RAM">   --->   Core 81 'RAM' <Latency = 0> <II = 1> <Delay = 1.86> <Storage> <Opcode : 'load' 'store'> <Ports = 2> <Width = 16> <Depth = 25> <RAM>
ST_15 : Operation 609 [1/1] (2.07ns)   --->   "%add_ln23_7 = add i16 %add_ln23_6, i16 %add_ln23_4" [../source/tut3B_Function_Reshape/matrix_mult.cpp:23]   --->   Operation 609 'add' 'add_ln23_7' <Predicate = true> <Delay = 2.07> <CoreInst = "Adder">   --->   Core 1 'Adder' <Latency = 0> <II = 1> <Delay = 2.07> <FuncUnit> <Opcode : 'add' 'sub'> <InPorts = 2> <OutPorts = 1>
ST_15 : Operation 610 [1/1] ( I:0.00ns O:0.00ns )   --->   "%store_ln23 = store i16 %add_ln23_7, i5 %prod_addr_1" [../source/tut3B_Function_Reshape/matrix_mult.cpp:23]   --->   Operation 610 'store' 'store_ln23' <Predicate = true> <Delay = 0.00> <CoreInst = "RAM">   --->   Core 81 'RAM' <Latency = 0> <II = 1> <Delay = 1.86> <Storage> <Opcode : 'load' 'store'> <Ports = 2> <Width = 16> <Depth = 25> <RAM>
ST_15 : Operation 611 [1/1] (2.07ns)   --->   "%add_ln23_11 = add i16 %add_ln23_10, i16 %add_ln23_8" [../source/tut3B_Function_Reshape/matrix_mult.cpp:23]   --->   Operation 611 'add' 'add_ln23_11' <Predicate = true> <Delay = 2.07> <CoreInst = "Adder">   --->   Core 1 'Adder' <Latency = 0> <II = 1> <Delay = 2.07> <FuncUnit> <Opcode : 'add' 'sub'> <InPorts = 2> <OutPorts = 1>
ST_15 : Operation 612 [1/2] (2.10ns) (root node of the DSP)   --->   "%add_ln23_12 = add i16 %mul_ln23_16, i16 %mul_ln23_15" [../source/tut3B_Function_Reshape/matrix_mult.cpp:23]   --->   Operation 612 'add' 'add_ln23_12' <Predicate = true> <Delay = 2.10> <CoreInst = "DSP48">   --->   Core 116 'DSP48' <Latency = 3> <II = 1> <Delay = 2.15> <IPBlock> <Opcode : 'add' 'sub' 'mul' 'select'> <InPorts = 0> <OutPorts = 1> <Sync> <CReg>
ST_15 : Operation 613 [1/2] (2.10ns) (root node of the DSP)   --->   "%add_ln23_16 = add i16 %mul_ln23_21, i16 %mul_ln23_20" [../source/tut3B_Function_Reshape/matrix_mult.cpp:23]   --->   Operation 613 'add' 'add_ln23_16' <Predicate = true> <Delay = 2.10> <CoreInst = "DSP48">   --->   Core 116 'DSP48' <Latency = 3> <II = 1> <Delay = 2.15> <IPBlock> <Opcode : 'add' 'sub' 'mul' 'select'> <InPorts = 0> <OutPorts = 1> <Sync> <CReg>
ST_15 : Operation 614 [1/2] (2.10ns) (root node of the DSP)   --->   "%add_ln23_20 = add i16 %mul_ln23_26, i16 %mul_ln23_25" [../source/tut3B_Function_Reshape/matrix_mult.cpp:23]   --->   Operation 614 'add' 'add_ln23_20' <Predicate = true> <Delay = 2.10> <CoreInst = "DSP48">   --->   Core 116 'DSP48' <Latency = 3> <II = 1> <Delay = 2.15> <IPBlock> <Opcode : 'add' 'sub' 'mul' 'select'> <InPorts = 0> <OutPorts = 1> <Sync> <CReg>
ST_15 : Operation 615 [1/2] (2.10ns) (root node of the DSP)   --->   "%add_ln23_24 = add i16 %mul_ln23_31, i16 %mul_ln23_30" [../source/tut3B_Function_Reshape/matrix_mult.cpp:23]   --->   Operation 615 'add' 'add_ln23_24' <Predicate = true> <Delay = 2.10> <CoreInst = "DSP48">   --->   Core 116 'DSP48' <Latency = 3> <II = 1> <Delay = 2.15> <IPBlock> <Opcode : 'add' 'sub' 'mul' 'select'> <InPorts = 0> <OutPorts = 1> <Sync> <CReg>
ST_15 : Operation 616 [1/3] (0.00ns) (grouped into DSP with root node add_ln23_28)   --->   "%mul_ln23_35 = mul i16 %sext_ln23_30, i16 %sext_ln23_15" [../source/tut3B_Function_Reshape/matrix_mult.cpp:23]   --->   Operation 616 'mul' 'mul_ln23_35' <Predicate = true> <Delay = 0.00> <CoreInst = "DSP48">   --->   Core 116 'DSP48' <Latency = 3> <II = 1> <Delay = 2.15> <IPBlock> <Opcode : 'add' 'sub' 'mul' 'select'> <InPorts = 0> <OutPorts = 1> <Sync> <CReg>
ST_15 : Operation 617 [2/2] (2.10ns) (root node of the DSP)   --->   "%add_ln23_28 = add i16 %mul_ln23_36, i16 %mul_ln23_35" [../source/tut3B_Function_Reshape/matrix_mult.cpp:23]   --->   Operation 617 'add' 'add_ln23_28' <Predicate = true> <Delay = 2.10> <CoreInst = "DSP48">   --->   Core 116 'DSP48' <Latency = 3> <II = 1> <Delay = 2.15> <IPBlock> <Opcode : 'add' 'sub' 'mul' 'select'> <InPorts = 0> <OutPorts = 1> <Sync> <CReg>
ST_15 : Operation 618 [1/3] (0.00ns) (grouped into DSP with root node add_ln23_32)   --->   "%mul_ln23_40 = mul i16 %sext_ln23_30, i16 %sext_ln23_20" [../source/tut3B_Function_Reshape/matrix_mult.cpp:23]   --->   Operation 618 'mul' 'mul_ln23_40' <Predicate = true> <Delay = 0.00> <CoreInst = "DSP48">   --->   Core 116 'DSP48' <Latency = 3> <II = 1> <Delay = 2.15> <IPBlock> <Opcode : 'add' 'sub' 'mul' 'select'> <InPorts = 0> <OutPorts = 1> <Sync> <CReg>
ST_15 : Operation 619 [2/2] (2.10ns) (root node of the DSP)   --->   "%add_ln23_32 = add i16 %mul_ln23_41, i16 %mul_ln23_40" [../source/tut3B_Function_Reshape/matrix_mult.cpp:23]   --->   Operation 619 'add' 'add_ln23_32' <Predicate = true> <Delay = 2.10> <CoreInst = "DSP48">   --->   Core 116 'DSP48' <Latency = 3> <II = 1> <Delay = 2.15> <IPBlock> <Opcode : 'add' 'sub' 'mul' 'select'> <InPorts = 0> <OutPorts = 1> <Sync> <CReg>
ST_15 : Operation 620 [1/3] (0.00ns) (grouped into DSP with root node add_ln23_36)   --->   "%mul_ln23_45 = mul i16 %sext_ln23_30, i16 %sext_ln23_25" [../source/tut3B_Function_Reshape/matrix_mult.cpp:23]   --->   Operation 620 'mul' 'mul_ln23_45' <Predicate = true> <Delay = 0.00> <CoreInst = "DSP48">   --->   Core 116 'DSP48' <Latency = 3> <II = 1> <Delay = 2.15> <IPBlock> <Opcode : 'add' 'sub' 'mul' 'select'> <InPorts = 0> <OutPorts = 1> <Sync> <CReg>
ST_15 : Operation 621 [2/2] (2.10ns) (root node of the DSP)   --->   "%add_ln23_36 = add i16 %mul_ln23_46, i16 %mul_ln23_45" [../source/tut3B_Function_Reshape/matrix_mult.cpp:23]   --->   Operation 621 'add' 'add_ln23_36' <Predicate = true> <Delay = 2.10> <CoreInst = "DSP48">   --->   Core 116 'DSP48' <Latency = 3> <II = 1> <Delay = 2.15> <IPBlock> <Opcode : 'add' 'sub' 'mul' 'select'> <InPorts = 0> <OutPorts = 1> <Sync> <CReg>
ST_15 : Operation 622 [1/3] (0.00ns) (grouped into DSP with root node add_ln23_40)   --->   "%mul_ln23_50 = mul i16 %sext_ln23_35, i16 %sext_ln23_1" [../source/tut3B_Function_Reshape/matrix_mult.cpp:23]   --->   Operation 622 'mul' 'mul_ln23_50' <Predicate = true> <Delay = 0.00> <CoreInst = "DSP48">   --->   Core 116 'DSP48' <Latency = 3> <II = 1> <Delay = 2.15> <IPBlock> <Opcode : 'add' 'sub' 'mul' 'select'> <InPorts = 0> <OutPorts = 1> <Sync> <CReg>
ST_15 : Operation 623 [2/2] (2.10ns) (root node of the DSP)   --->   "%add_ln23_40 = add i16 %mul_ln23_51, i16 %mul_ln23_50" [../source/tut3B_Function_Reshape/matrix_mult.cpp:23]   --->   Operation 623 'add' 'add_ln23_40' <Predicate = true> <Delay = 2.10> <CoreInst = "DSP48">   --->   Core 116 'DSP48' <Latency = 3> <II = 1> <Delay = 2.15> <IPBlock> <Opcode : 'add' 'sub' 'mul' 'select'> <InPorts = 0> <OutPorts = 1> <Sync> <CReg>
ST_15 : Operation 624 [1/2] (2.10ns) (root node of the DSP)   --->   "%add_ln23_42 = add i16 %add_ln23_41, i16 %mul_ln23_54" [../source/tut3B_Function_Reshape/matrix_mult.cpp:23]   --->   Operation 624 'add' 'add_ln23_42' <Predicate = true> <Delay = 2.10> <CoreInst = "DSP48">   --->   Core 116 'DSP48' <Latency = 3> <II = 1> <Delay = 2.15> <IPBlock> <Opcode : 'add' 'sub' 'mul' 'select'> <InPorts = 0> <OutPorts = 1> <Sync> <CReg>
ST_15 : Operation 625 [2/3] (1.05ns) (grouped into DSP with root node add_ln23_44)   --->   "%mul_ln23_55 = mul i16 %sext_ln23_35, i16 %sext_ln23_10" [../source/tut3B_Function_Reshape/matrix_mult.cpp:23]   --->   Operation 625 'mul' 'mul_ln23_55' <Predicate = true> <Delay = 1.05> <CoreInst = "DSP48">   --->   Core 116 'DSP48' <Latency = 3> <II = 1> <Delay = 2.15> <IPBlock> <Opcode : 'add' 'sub' 'mul' 'select'> <InPorts = 0> <OutPorts = 1> <Sync> <CReg>
ST_15 : Operation 626 [1/5] (5.41ns)   --->   "%mul_ln23_56 = mul i16 %sext_ln23_36, i16 %sext_ln23_11" [../source/tut3B_Function_Reshape/matrix_mult.cpp:23]   --->   Operation 626 'mul' 'mul_ln23_56' <Predicate = true> <Delay = 5.41> <CoreInst = "Multiplier">   --->   Core 3 'Multiplier' <Latency = 4> <II = 1> <Delay = 5.41> <FuncUnit> <Opcode : 'mul'> <InPorts = 2> <OutPorts = 1>
ST_15 : Operation 627 [1/2] (2.10ns) (root node of the DSP)   --->   "%add_ln23_46 = add i16 %add_ln23_45, i16 %mul_ln23_59" [../source/tut3B_Function_Reshape/matrix_mult.cpp:23]   --->   Operation 627 'add' 'add_ln23_46' <Predicate = true> <Delay = 2.10> <CoreInst = "DSP48">   --->   Core 116 'DSP48' <Latency = 3> <II = 1> <Delay = 2.15> <IPBlock> <Opcode : 'add' 'sub' 'mul' 'select'> <InPorts = 0> <OutPorts = 1> <Sync> <CReg>
ST_15 : Operation 628 [2/3] (1.05ns) (grouped into DSP with root node add_ln23_48)   --->   "%mul_ln23_60 = mul i16 %sext_ln23_35, i16 %sext_ln23_15" [../source/tut3B_Function_Reshape/matrix_mult.cpp:23]   --->   Operation 628 'mul' 'mul_ln23_60' <Predicate = true> <Delay = 1.05> <CoreInst = "DSP48">   --->   Core 116 'DSP48' <Latency = 3> <II = 1> <Delay = 2.15> <IPBlock> <Opcode : 'add' 'sub' 'mul' 'select'> <InPorts = 0> <OutPorts = 1> <Sync> <CReg>
ST_15 : Operation 629 [1/5] (5.41ns)   --->   "%mul_ln23_61 = mul i16 %sext_ln23_36, i16 %sext_ln23_16" [../source/tut3B_Function_Reshape/matrix_mult.cpp:23]   --->   Operation 629 'mul' 'mul_ln23_61' <Predicate = true> <Delay = 5.41> <CoreInst = "Multiplier">   --->   Core 3 'Multiplier' <Latency = 4> <II = 1> <Delay = 5.41> <FuncUnit> <Opcode : 'mul'> <InPorts = 2> <OutPorts = 1>
ST_15 : Operation 630 [1/3] (0.00ns) (grouped into DSP with root node add_ln23_50)   --->   "%mul_ln23_64 = mul i16 %sext_ln23_37, i16 %sext_ln23_17" [../source/tut3B_Function_Reshape/matrix_mult.cpp:23]   --->   Operation 630 'mul' 'mul_ln23_64' <Predicate = true> <Delay = 0.00> <CoreInst = "DSP48">   --->   Core 116 'DSP48' <Latency = 3> <II = 1> <Delay = 2.15> <IPBlock> <Opcode : 'add' 'sub' 'mul' 'select'> <InPorts = 0> <OutPorts = 1> <Sync> <CReg>
ST_15 : Operation 631 [2/2] (2.10ns) (root node of the DSP)   --->   "%add_ln23_50 = add i16 %add_ln23_49, i16 %mul_ln23_64" [../source/tut3B_Function_Reshape/matrix_mult.cpp:23]   --->   Operation 631 'add' 'add_ln23_50' <Predicate = true> <Delay = 2.10> <CoreInst = "DSP48">   --->   Core 116 'DSP48' <Latency = 3> <II = 1> <Delay = 2.15> <IPBlock> <Opcode : 'add' 'sub' 'mul' 'select'> <InPorts = 0> <OutPorts = 1> <Sync> <CReg>
ST_15 : Operation 632 [2/3] (1.05ns) (grouped into DSP with root node add_ln23_52)   --->   "%mul_ln23_65 = mul i16 %sext_ln23_35, i16 %sext_ln23_20" [../source/tut3B_Function_Reshape/matrix_mult.cpp:23]   --->   Operation 632 'mul' 'mul_ln23_65' <Predicate = true> <Delay = 1.05> <CoreInst = "DSP48">   --->   Core 116 'DSP48' <Latency = 3> <II = 1> <Delay = 2.15> <IPBlock> <Opcode : 'add' 'sub' 'mul' 'select'> <InPorts = 0> <OutPorts = 1> <Sync> <CReg>
ST_15 : Operation 633 [1/5] (5.41ns)   --->   "%mul_ln23_66 = mul i16 %sext_ln23_36, i16 %sext_ln23_21" [../source/tut3B_Function_Reshape/matrix_mult.cpp:23]   --->   Operation 633 'mul' 'mul_ln23_66' <Predicate = true> <Delay = 5.41> <CoreInst = "Multiplier">   --->   Core 3 'Multiplier' <Latency = 4> <II = 1> <Delay = 5.41> <FuncUnit> <Opcode : 'mul'> <InPorts = 2> <OutPorts = 1>
ST_15 : Operation 634 [1/3] (0.00ns) (grouped into DSP with root node add_ln23_54)   --->   "%mul_ln23_69 = mul i16 %sext_ln23_37, i16 %sext_ln23_22" [../source/tut3B_Function_Reshape/matrix_mult.cpp:23]   --->   Operation 634 'mul' 'mul_ln23_69' <Predicate = true> <Delay = 0.00> <CoreInst = "DSP48">   --->   Core 116 'DSP48' <Latency = 3> <II = 1> <Delay = 2.15> <IPBlock> <Opcode : 'add' 'sub' 'mul' 'select'> <InPorts = 0> <OutPorts = 1> <Sync> <CReg>
ST_15 : Operation 635 [2/2] (2.10ns) (root node of the DSP)   --->   "%add_ln23_54 = add i16 %add_ln23_53, i16 %mul_ln23_69" [../source/tut3B_Function_Reshape/matrix_mult.cpp:23]   --->   Operation 635 'add' 'add_ln23_54' <Predicate = true> <Delay = 2.10> <CoreInst = "DSP48">   --->   Core 116 'DSP48' <Latency = 3> <II = 1> <Delay = 2.15> <IPBlock> <Opcode : 'add' 'sub' 'mul' 'select'> <InPorts = 0> <OutPorts = 1> <Sync> <CReg>
ST_15 : Operation 636 [2/3] (1.05ns) (grouped into DSP with root node add_ln23_56)   --->   "%mul_ln23_70 = mul i16 %sext_ln23_35, i16 %sext_ln23_25" [../source/tut3B_Function_Reshape/matrix_mult.cpp:23]   --->   Operation 636 'mul' 'mul_ln23_70' <Predicate = true> <Delay = 1.05> <CoreInst = "DSP48">   --->   Core 116 'DSP48' <Latency = 3> <II = 1> <Delay = 2.15> <IPBlock> <Opcode : 'add' 'sub' 'mul' 'select'> <InPorts = 0> <OutPorts = 1> <Sync> <CReg>
ST_15 : Operation 637 [1/5] (5.41ns)   --->   "%mul_ln23_71 = mul i16 %sext_ln23_36, i16 %sext_ln23_26" [../source/tut3B_Function_Reshape/matrix_mult.cpp:23]   --->   Operation 637 'mul' 'mul_ln23_71' <Predicate = true> <Delay = 5.41> <CoreInst = "Multiplier">   --->   Core 3 'Multiplier' <Latency = 4> <II = 1> <Delay = 5.41> <FuncUnit> <Opcode : 'mul'> <InPorts = 2> <OutPorts = 1>
ST_15 : Operation 638 [2/3] (1.05ns) (grouped into DSP with root node add_ln23_58)   --->   "%mul_ln23_74 = mul i16 %sext_ln23_37, i16 %sext_ln23_27" [../source/tut3B_Function_Reshape/matrix_mult.cpp:23]   --->   Operation 638 'mul' 'mul_ln23_74' <Predicate = true> <Delay = 1.05> <CoreInst = "DSP48">   --->   Core 116 'DSP48' <Latency = 3> <II = 1> <Delay = 2.15> <IPBlock> <Opcode : 'add' 'sub' 'mul' 'select'> <InPorts = 0> <OutPorts = 1> <Sync> <CReg>
ST_15 : Operation 639 [1/1] (0.00ns)   --->   "%sext_ln23_40 = sext i8 %trunc_ln23_8" [../source/tut3B_Function_Reshape/matrix_mult.cpp:23]   --->   Operation 639 'sext' 'sext_ln23_40' <Predicate = true> <Delay = 0.00>
ST_15 : Operation 640 [3/3] (1.05ns) (grouped into DSP with root node add_ln23_60)   --->   "%mul_ln23_75 = mul i16 %sext_ln23_40, i16 %sext_ln23_1" [../source/tut3B_Function_Reshape/matrix_mult.cpp:23]   --->   Operation 640 'mul' 'mul_ln23_75' <Predicate = true> <Delay = 1.05> <CoreInst = "DSP48">   --->   Core 116 'DSP48' <Latency = 3> <II = 1> <Delay = 2.15> <IPBlock> <Opcode : 'add' 'sub' 'mul' 'select'> <InPorts = 0> <OutPorts = 1> <Sync> <CReg>
ST_15 : Operation 641 [2/5] (5.41ns)   --->   "%mul_ln23_76 = mul i16 %sext_ln23_41, i16 %sext_ln23_3" [../source/tut3B_Function_Reshape/matrix_mult.cpp:23]   --->   Operation 641 'mul' 'mul_ln23_76' <Predicate = true> <Delay = 5.41> <CoreInst = "Multiplier">   --->   Core 3 'Multiplier' <Latency = 4> <II = 1> <Delay = 5.41> <FuncUnit> <Opcode : 'mul'> <InPorts = 2> <OutPorts = 1>
ST_15 : Operation 642 [2/3] (1.05ns) (grouped into DSP with root node add_ln23_62)   --->   "%mul_ln23_79 = mul i16 %sext_ln23_42, i16 %sext_ln23_5" [../source/tut3B_Function_Reshape/matrix_mult.cpp:23]   --->   Operation 642 'mul' 'mul_ln23_79' <Predicate = true> <Delay = 1.05> <CoreInst = "DSP48">   --->   Core 116 'DSP48' <Latency = 3> <II = 1> <Delay = 2.15> <IPBlock> <Opcode : 'add' 'sub' 'mul' 'select'> <InPorts = 0> <OutPorts = 1> <Sync> <CReg>
ST_15 : Operation 643 [3/3] (1.05ns) (grouped into DSP with root node add_ln23_64)   --->   "%mul_ln23_80 = mul i16 %sext_ln23_40, i16 %sext_ln23_10" [../source/tut3B_Function_Reshape/matrix_mult.cpp:23]   --->   Operation 643 'mul' 'mul_ln23_80' <Predicate = true> <Delay = 1.05> <CoreInst = "DSP48">   --->   Core 116 'DSP48' <Latency = 3> <II = 1> <Delay = 2.15> <IPBlock> <Opcode : 'add' 'sub' 'mul' 'select'> <InPorts = 0> <OutPorts = 1> <Sync> <CReg>
ST_15 : Operation 644 [2/5] (5.41ns)   --->   "%mul_ln23_81 = mul i16 %sext_ln23_41, i16 %sext_ln23_11" [../source/tut3B_Function_Reshape/matrix_mult.cpp:23]   --->   Operation 644 'mul' 'mul_ln23_81' <Predicate = true> <Delay = 5.41> <CoreInst = "Multiplier">   --->   Core 3 'Multiplier' <Latency = 4> <II = 1> <Delay = 5.41> <FuncUnit> <Opcode : 'mul'> <InPorts = 2> <OutPorts = 1>
ST_15 : Operation 645 [3/3] (1.05ns) (grouped into DSP with root node add_ln23_66)   --->   "%mul_ln23_84 = mul i16 %sext_ln23_42, i16 %sext_ln23_12" [../source/tut3B_Function_Reshape/matrix_mult.cpp:23]   --->   Operation 645 'mul' 'mul_ln23_84' <Predicate = true> <Delay = 1.05> <CoreInst = "DSP48">   --->   Core 116 'DSP48' <Latency = 3> <II = 1> <Delay = 2.15> <IPBlock> <Opcode : 'add' 'sub' 'mul' 'select'> <InPorts = 0> <OutPorts = 1> <Sync> <CReg>
ST_15 : Operation 646 [3/3] (1.05ns) (grouped into DSP with root node add_ln23_68)   --->   "%mul_ln23_85 = mul i16 %sext_ln23_40, i16 %sext_ln23_15" [../source/tut3B_Function_Reshape/matrix_mult.cpp:23]   --->   Operation 646 'mul' 'mul_ln23_85' <Predicate = true> <Delay = 1.05> <CoreInst = "DSP48">   --->   Core 116 'DSP48' <Latency = 3> <II = 1> <Delay = 2.15> <IPBlock> <Opcode : 'add' 'sub' 'mul' 'select'> <InPorts = 0> <OutPorts = 1> <Sync> <CReg>
ST_15 : Operation 647 [2/5] (5.41ns)   --->   "%mul_ln23_86 = mul i16 %sext_ln23_41, i16 %sext_ln23_16" [../source/tut3B_Function_Reshape/matrix_mult.cpp:23]   --->   Operation 647 'mul' 'mul_ln23_86' <Predicate = true> <Delay = 5.41> <CoreInst = "Multiplier">   --->   Core 3 'Multiplier' <Latency = 4> <II = 1> <Delay = 5.41> <FuncUnit> <Opcode : 'mul'> <InPorts = 2> <OutPorts = 1>
ST_15 : Operation 648 [3/3] (1.05ns) (grouped into DSP with root node add_ln23_70)   --->   "%mul_ln23_89 = mul i16 %sext_ln23_42, i16 %sext_ln23_17" [../source/tut3B_Function_Reshape/matrix_mult.cpp:23]   --->   Operation 648 'mul' 'mul_ln23_89' <Predicate = true> <Delay = 1.05> <CoreInst = "DSP48">   --->   Core 116 'DSP48' <Latency = 3> <II = 1> <Delay = 2.15> <IPBlock> <Opcode : 'add' 'sub' 'mul' 'select'> <InPorts = 0> <OutPorts = 1> <Sync> <CReg>
ST_15 : Operation 649 [3/3] (1.05ns) (grouped into DSP with root node add_ln23_72)   --->   "%mul_ln23_90 = mul i16 %sext_ln23_40, i16 %sext_ln23_20" [../source/tut3B_Function_Reshape/matrix_mult.cpp:23]   --->   Operation 649 'mul' 'mul_ln23_90' <Predicate = true> <Delay = 1.05> <CoreInst = "DSP48">   --->   Core 116 'DSP48' <Latency = 3> <II = 1> <Delay = 2.15> <IPBlock> <Opcode : 'add' 'sub' 'mul' 'select'> <InPorts = 0> <OutPorts = 1> <Sync> <CReg>
ST_15 : Operation 650 [2/5] (5.41ns)   --->   "%mul_ln23_91 = mul i16 %sext_ln23_41, i16 %sext_ln23_21" [../source/tut3B_Function_Reshape/matrix_mult.cpp:23]   --->   Operation 650 'mul' 'mul_ln23_91' <Predicate = true> <Delay = 5.41> <CoreInst = "Multiplier">   --->   Core 3 'Multiplier' <Latency = 4> <II = 1> <Delay = 5.41> <FuncUnit> <Opcode : 'mul'> <InPorts = 2> <OutPorts = 1>
ST_15 : Operation 651 [3/5] (5.41ns)   --->   "%mul_ln23_96 = mul i16 %sext_ln23_41, i16 %sext_ln23_26" [../source/tut3B_Function_Reshape/matrix_mult.cpp:23]   --->   Operation 651 'mul' 'mul_ln23_96' <Predicate = true> <Delay = 5.41> <CoreInst = "Multiplier">   --->   Core 3 'Multiplier' <Latency = 4> <II = 1> <Delay = 5.41> <FuncUnit> <Opcode : 'mul'> <InPorts = 2> <OutPorts = 1>
ST_15 : Operation 652 [3/5] (5.41ns)   --->   "%mul_ln23_101 = mul i16 %sext_ln23_46, i16 %sext_ln23_3" [../source/tut3B_Function_Reshape/matrix_mult.cpp:23]   --->   Operation 652 'mul' 'mul_ln23_101' <Predicate = true> <Delay = 5.41> <CoreInst = "Multiplier">   --->   Core 3 'Multiplier' <Latency = 4> <II = 1> <Delay = 5.41> <FuncUnit> <Opcode : 'mul'> <InPorts = 2> <OutPorts = 1>
ST_15 : Operation 653 [3/5] (5.41ns)   --->   "%mul_ln23_106 = mul i16 %sext_ln23_46, i16 %sext_ln23_11" [../source/tut3B_Function_Reshape/matrix_mult.cpp:23]   --->   Operation 653 'mul' 'mul_ln23_106' <Predicate = true> <Delay = 5.41> <CoreInst = "Multiplier">   --->   Core 3 'Multiplier' <Latency = 4> <II = 1> <Delay = 5.41> <FuncUnit> <Opcode : 'mul'> <InPorts = 2> <OutPorts = 1>
ST_15 : Operation 654 [3/5] (5.41ns)   --->   "%mul_ln23_111 = mul i16 %sext_ln23_46, i16 %sext_ln23_16" [../source/tut3B_Function_Reshape/matrix_mult.cpp:23]   --->   Operation 654 'mul' 'mul_ln23_111' <Predicate = true> <Delay = 5.41> <CoreInst = "Multiplier">   --->   Core 3 'Multiplier' <Latency = 4> <II = 1> <Delay = 5.41> <FuncUnit> <Opcode : 'mul'> <InPorts = 2> <OutPorts = 1>
ST_15 : Operation 655 [4/5] (5.41ns)   --->   "%mul_ln23_116 = mul i16 %sext_ln23_46, i16 %sext_ln23_21" [../source/tut3B_Function_Reshape/matrix_mult.cpp:23]   --->   Operation 655 'mul' 'mul_ln23_116' <Predicate = true> <Delay = 5.41> <CoreInst = "Multiplier">   --->   Core 3 'Multiplier' <Latency = 4> <II = 1> <Delay = 5.41> <FuncUnit> <Opcode : 'mul'> <InPorts = 2> <OutPorts = 1>
ST_15 : Operation 656 [4/5] (5.41ns)   --->   "%mul_ln23_121 = mul i16 %sext_ln23_46, i16 %sext_ln23_26" [../source/tut3B_Function_Reshape/matrix_mult.cpp:23]   --->   Operation 656 'mul' 'mul_ln23_121' <Predicate = true> <Delay = 5.41> <CoreInst = "Multiplier">   --->   Core 3 'Multiplier' <Latency = 4> <II = 1> <Delay = 5.41> <FuncUnit> <Opcode : 'mul'> <InPorts = 2> <OutPorts = 1>

State 16 <SV = 15> <Delay = 5.41>
ST_16 : Operation 657 [1/1] (0.00ns)   --->   "%prod_addr_2 = getelementptr i16 %prod, i64 0, i64 2" [../source/tut3B_Function_Reshape/matrix_mult.cpp:23]   --->   Operation 657 'getelementptr' 'prod_addr_2' <Predicate = true> <Delay = 0.00>
ST_16 : Operation 658 [1/1] (0.00ns)   --->   "%prod_addr_3 = getelementptr i16 %prod, i64 0, i64 3" [../source/tut3B_Function_Reshape/matrix_mult.cpp:23]   --->   Operation 658 'getelementptr' 'prod_addr_3' <Predicate = true> <Delay = 0.00>
ST_16 : Operation 659 [1/1] ( I:0.00ns O:0.00ns )   --->   "%store_ln23 = store i16 %add_ln23_11, i5 %prod_addr_2" [../source/tut3B_Function_Reshape/matrix_mult.cpp:23]   --->   Operation 659 'store' 'store_ln23' <Predicate = true> <Delay = 0.00> <CoreInst = "RAM">   --->   Core 81 'RAM' <Latency = 0> <II = 1> <Delay = 1.86> <Storage> <Opcode : 'load' 'store'> <Ports = 2> <Width = 16> <Depth = 25> <RAM>
ST_16 : Operation 660 [1/1] (2.07ns)   --->   "%add_ln23_15 = add i16 %add_ln23_14, i16 %add_ln23_12" [../source/tut3B_Function_Reshape/matrix_mult.cpp:23]   --->   Operation 660 'add' 'add_ln23_15' <Predicate = true> <Delay = 2.07> <CoreInst = "Adder">   --->   Core 1 'Adder' <Latency = 0> <II = 1> <Delay = 2.07> <FuncUnit> <Opcode : 'add' 'sub'> <InPorts = 2> <OutPorts = 1>
ST_16 : Operation 661 [1/1] ( I:0.00ns O:0.00ns )   --->   "%store_ln23 = store i16 %add_ln23_15, i5 %prod_addr_3" [../source/tut3B_Function_Reshape/matrix_mult.cpp:23]   --->   Operation 661 'store' 'store_ln23' <Predicate = true> <Delay = 0.00> <CoreInst = "RAM">   --->   Core 81 'RAM' <Latency = 0> <II = 1> <Delay = 1.86> <Storage> <Opcode : 'load' 'store'> <Ports = 2> <Width = 16> <Depth = 25> <RAM>
ST_16 : Operation 662 [1/1] (2.07ns)   --->   "%add_ln23_19 = add i16 %add_ln23_18, i16 %add_ln23_16" [../source/tut3B_Function_Reshape/matrix_mult.cpp:23]   --->   Operation 662 'add' 'add_ln23_19' <Predicate = true> <Delay = 2.07> <CoreInst = "Adder">   --->   Core 1 'Adder' <Latency = 0> <II = 1> <Delay = 2.07> <FuncUnit> <Opcode : 'add' 'sub'> <InPorts = 2> <OutPorts = 1>
ST_16 : Operation 663 [1/1] (2.07ns)   --->   "%add_ln23_23 = add i16 %add_ln23_22, i16 %add_ln23_20" [../source/tut3B_Function_Reshape/matrix_mult.cpp:23]   --->   Operation 663 'add' 'add_ln23_23' <Predicate = true> <Delay = 2.07> <CoreInst = "Adder">   --->   Core 1 'Adder' <Latency = 0> <II = 1> <Delay = 2.07> <FuncUnit> <Opcode : 'add' 'sub'> <InPorts = 2> <OutPorts = 1>
ST_16 : Operation 664 [1/1] (2.07ns)   --->   "%add_ln23_27 = add i16 %add_ln23_26, i16 %add_ln23_24" [../source/tut3B_Function_Reshape/matrix_mult.cpp:23]   --->   Operation 664 'add' 'add_ln23_27' <Predicate = true> <Delay = 2.07> <CoreInst = "Adder">   --->   Core 1 'Adder' <Latency = 0> <II = 1> <Delay = 2.07> <FuncUnit> <Opcode : 'add' 'sub'> <InPorts = 2> <OutPorts = 1>
ST_16 : Operation 665 [1/2] (2.10ns) (root node of the DSP)   --->   "%add_ln23_28 = add i16 %mul_ln23_36, i16 %mul_ln23_35" [../source/tut3B_Function_Reshape/matrix_mult.cpp:23]   --->   Operation 665 'add' 'add_ln23_28' <Predicate = true> <Delay = 2.10> <CoreInst = "DSP48">   --->   Core 116 'DSP48' <Latency = 3> <II = 1> <Delay = 2.15> <IPBlock> <Opcode : 'add' 'sub' 'mul' 'select'> <InPorts = 0> <OutPorts = 1> <Sync> <CReg>
ST_16 : Operation 666 [1/2] (2.10ns) (root node of the DSP)   --->   "%add_ln23_32 = add i16 %mul_ln23_41, i16 %mul_ln23_40" [../source/tut3B_Function_Reshape/matrix_mult.cpp:23]   --->   Operation 666 'add' 'add_ln23_32' <Predicate = true> <Delay = 2.10> <CoreInst = "DSP48">   --->   Core 116 'DSP48' <Latency = 3> <II = 1> <Delay = 2.15> <IPBlock> <Opcode : 'add' 'sub' 'mul' 'select'> <InPorts = 0> <OutPorts = 1> <Sync> <CReg>
ST_16 : Operation 667 [1/2] (2.10ns) (root node of the DSP)   --->   "%add_ln23_36 = add i16 %mul_ln23_46, i16 %mul_ln23_45" [../source/tut3B_Function_Reshape/matrix_mult.cpp:23]   --->   Operation 667 'add' 'add_ln23_36' <Predicate = true> <Delay = 2.10> <CoreInst = "DSP48">   --->   Core 116 'DSP48' <Latency = 3> <II = 1> <Delay = 2.15> <IPBlock> <Opcode : 'add' 'sub' 'mul' 'select'> <InPorts = 0> <OutPorts = 1> <Sync> <CReg>
ST_16 : Operation 668 [1/2] (2.10ns) (root node of the DSP)   --->   "%add_ln23_40 = add i16 %mul_ln23_51, i16 %mul_ln23_50" [../source/tut3B_Function_Reshape/matrix_mult.cpp:23]   --->   Operation 668 'add' 'add_ln23_40' <Predicate = true> <Delay = 2.10> <CoreInst = "DSP48">   --->   Core 116 'DSP48' <Latency = 3> <II = 1> <Delay = 2.15> <IPBlock> <Opcode : 'add' 'sub' 'mul' 'select'> <InPorts = 0> <OutPorts = 1> <Sync> <CReg>
ST_16 : Operation 669 [1/3] (0.00ns) (grouped into DSP with root node add_ln23_44)   --->   "%mul_ln23_55 = mul i16 %sext_ln23_35, i16 %sext_ln23_10" [../source/tut3B_Function_Reshape/matrix_mult.cpp:23]   --->   Operation 669 'mul' 'mul_ln23_55' <Predicate = true> <Delay = 0.00> <CoreInst = "DSP48">   --->   Core 116 'DSP48' <Latency = 3> <II = 1> <Delay = 2.15> <IPBlock> <Opcode : 'add' 'sub' 'mul' 'select'> <InPorts = 0> <OutPorts = 1> <Sync> <CReg>
ST_16 : Operation 670 [2/2] (2.10ns) (root node of the DSP)   --->   "%add_ln23_44 = add i16 %mul_ln23_56, i16 %mul_ln23_55" [../source/tut3B_Function_Reshape/matrix_mult.cpp:23]   --->   Operation 670 'add' 'add_ln23_44' <Predicate = true> <Delay = 2.10> <CoreInst = "DSP48">   --->   Core 116 'DSP48' <Latency = 3> <II = 1> <Delay = 2.15> <IPBlock> <Opcode : 'add' 'sub' 'mul' 'select'> <InPorts = 0> <OutPorts = 1> <Sync> <CReg>
ST_16 : Operation 671 [1/3] (0.00ns) (grouped into DSP with root node add_ln23_48)   --->   "%mul_ln23_60 = mul i16 %sext_ln23_35, i16 %sext_ln23_15" [../source/tut3B_Function_Reshape/matrix_mult.cpp:23]   --->   Operation 671 'mul' 'mul_ln23_60' <Predicate = true> <Delay = 0.00> <CoreInst = "DSP48">   --->   Core 116 'DSP48' <Latency = 3> <II = 1> <Delay = 2.15> <IPBlock> <Opcode : 'add' 'sub' 'mul' 'select'> <InPorts = 0> <OutPorts = 1> <Sync> <CReg>
ST_16 : Operation 672 [2/2] (2.10ns) (root node of the DSP)   --->   "%add_ln23_48 = add i16 %mul_ln23_61, i16 %mul_ln23_60" [../source/tut3B_Function_Reshape/matrix_mult.cpp:23]   --->   Operation 672 'add' 'add_ln23_48' <Predicate = true> <Delay = 2.10> <CoreInst = "DSP48">   --->   Core 116 'DSP48' <Latency = 3> <II = 1> <Delay = 2.15> <IPBlock> <Opcode : 'add' 'sub' 'mul' 'select'> <InPorts = 0> <OutPorts = 1> <Sync> <CReg>
ST_16 : Operation 673 [1/2] (2.10ns) (root node of the DSP)   --->   "%add_ln23_50 = add i16 %add_ln23_49, i16 %mul_ln23_64" [../source/tut3B_Function_Reshape/matrix_mult.cpp:23]   --->   Operation 673 'add' 'add_ln23_50' <Predicate = true> <Delay = 2.10> <CoreInst = "DSP48">   --->   Core 116 'DSP48' <Latency = 3> <II = 1> <Delay = 2.15> <IPBlock> <Opcode : 'add' 'sub' 'mul' 'select'> <InPorts = 0> <OutPorts = 1> <Sync> <CReg>
ST_16 : Operation 674 [1/3] (0.00ns) (grouped into DSP with root node add_ln23_52)   --->   "%mul_ln23_65 = mul i16 %sext_ln23_35, i16 %sext_ln23_20" [../source/tut3B_Function_Reshape/matrix_mult.cpp:23]   --->   Operation 674 'mul' 'mul_ln23_65' <Predicate = true> <Delay = 0.00> <CoreInst = "DSP48">   --->   Core 116 'DSP48' <Latency = 3> <II = 1> <Delay = 2.15> <IPBlock> <Opcode : 'add' 'sub' 'mul' 'select'> <InPorts = 0> <OutPorts = 1> <Sync> <CReg>
ST_16 : Operation 675 [2/2] (2.10ns) (root node of the DSP)   --->   "%add_ln23_52 = add i16 %mul_ln23_66, i16 %mul_ln23_65" [../source/tut3B_Function_Reshape/matrix_mult.cpp:23]   --->   Operation 675 'add' 'add_ln23_52' <Predicate = true> <Delay = 2.10> <CoreInst = "DSP48">   --->   Core 116 'DSP48' <Latency = 3> <II = 1> <Delay = 2.15> <IPBlock> <Opcode : 'add' 'sub' 'mul' 'select'> <InPorts = 0> <OutPorts = 1> <Sync> <CReg>
ST_16 : Operation 676 [1/2] (2.10ns) (root node of the DSP)   --->   "%add_ln23_54 = add i16 %add_ln23_53, i16 %mul_ln23_69" [../source/tut3B_Function_Reshape/matrix_mult.cpp:23]   --->   Operation 676 'add' 'add_ln23_54' <Predicate = true> <Delay = 2.10> <CoreInst = "DSP48">   --->   Core 116 'DSP48' <Latency = 3> <II = 1> <Delay = 2.15> <IPBlock> <Opcode : 'add' 'sub' 'mul' 'select'> <InPorts = 0> <OutPorts = 1> <Sync> <CReg>
ST_16 : Operation 677 [1/3] (0.00ns) (grouped into DSP with root node add_ln23_56)   --->   "%mul_ln23_70 = mul i16 %sext_ln23_35, i16 %sext_ln23_25" [../source/tut3B_Function_Reshape/matrix_mult.cpp:23]   --->   Operation 677 'mul' 'mul_ln23_70' <Predicate = true> <Delay = 0.00> <CoreInst = "DSP48">   --->   Core 116 'DSP48' <Latency = 3> <II = 1> <Delay = 2.15> <IPBlock> <Opcode : 'add' 'sub' 'mul' 'select'> <InPorts = 0> <OutPorts = 1> <Sync> <CReg>
ST_16 : Operation 678 [1/3] (0.00ns) (grouped into DSP with root node add_ln23_58)   --->   "%mul_ln23_74 = mul i16 %sext_ln23_37, i16 %sext_ln23_27" [../source/tut3B_Function_Reshape/matrix_mult.cpp:23]   --->   Operation 678 'mul' 'mul_ln23_74' <Predicate = true> <Delay = 0.00> <CoreInst = "DSP48">   --->   Core 116 'DSP48' <Latency = 3> <II = 1> <Delay = 2.15> <IPBlock> <Opcode : 'add' 'sub' 'mul' 'select'> <InPorts = 0> <OutPorts = 1> <Sync> <CReg>
ST_16 : Operation 679 [2/2] (2.10ns) (root node of the DSP)   --->   "%add_ln23_56 = add i16 %mul_ln23_71, i16 %mul_ln23_70" [../source/tut3B_Function_Reshape/matrix_mult.cpp:23]   --->   Operation 679 'add' 'add_ln23_56' <Predicate = true> <Delay = 2.10> <CoreInst = "DSP48">   --->   Core 116 'DSP48' <Latency = 3> <II = 1> <Delay = 2.15> <IPBlock> <Opcode : 'add' 'sub' 'mul' 'select'> <InPorts = 0> <OutPorts = 1> <Sync> <CReg>
ST_16 : Operation 680 [2/2] (2.10ns) (root node of the DSP)   --->   "%add_ln23_58 = add i16 %add_ln23_57, i16 %mul_ln23_74" [../source/tut3B_Function_Reshape/matrix_mult.cpp:23]   --->   Operation 680 'add' 'add_ln23_58' <Predicate = true> <Delay = 2.10> <CoreInst = "DSP48">   --->   Core 116 'DSP48' <Latency = 3> <II = 1> <Delay = 2.15> <IPBlock> <Opcode : 'add' 'sub' 'mul' 'select'> <InPorts = 0> <OutPorts = 1> <Sync> <CReg>
ST_16 : Operation 681 [2/3] (1.05ns) (grouped into DSP with root node add_ln23_60)   --->   "%mul_ln23_75 = mul i16 %sext_ln23_40, i16 %sext_ln23_1" [../source/tut3B_Function_Reshape/matrix_mult.cpp:23]   --->   Operation 681 'mul' 'mul_ln23_75' <Predicate = true> <Delay = 1.05> <CoreInst = "DSP48">   --->   Core 116 'DSP48' <Latency = 3> <II = 1> <Delay = 2.15> <IPBlock> <Opcode : 'add' 'sub' 'mul' 'select'> <InPorts = 0> <OutPorts = 1> <Sync> <CReg>
ST_16 : Operation 682 [1/5] (5.41ns)   --->   "%mul_ln23_76 = mul i16 %sext_ln23_41, i16 %sext_ln23_3" [../source/tut3B_Function_Reshape/matrix_mult.cpp:23]   --->   Operation 682 'mul' 'mul_ln23_76' <Predicate = true> <Delay = 5.41> <CoreInst = "Multiplier">   --->   Core 3 'Multiplier' <Latency = 4> <II = 1> <Delay = 5.41> <FuncUnit> <Opcode : 'mul'> <InPorts = 2> <OutPorts = 1>
ST_16 : Operation 683 [1/3] (0.00ns) (grouped into DSP with root node add_ln23_62)   --->   "%mul_ln23_79 = mul i16 %sext_ln23_42, i16 %sext_ln23_5" [../source/tut3B_Function_Reshape/matrix_mult.cpp:23]   --->   Operation 683 'mul' 'mul_ln23_79' <Predicate = true> <Delay = 0.00> <CoreInst = "DSP48">   --->   Core 116 'DSP48' <Latency = 3> <II = 1> <Delay = 2.15> <IPBlock> <Opcode : 'add' 'sub' 'mul' 'select'> <InPorts = 0> <OutPorts = 1> <Sync> <CReg>
ST_16 : Operation 684 [2/2] (2.10ns) (root node of the DSP)   --->   "%add_ln23_62 = add i16 %add_ln23_61, i16 %mul_ln23_79" [../source/tut3B_Function_Reshape/matrix_mult.cpp:23]   --->   Operation 684 'add' 'add_ln23_62' <Predicate = true> <Delay = 2.10> <CoreInst = "DSP48">   --->   Core 116 'DSP48' <Latency = 3> <II = 1> <Delay = 2.15> <IPBlock> <Opcode : 'add' 'sub' 'mul' 'select'> <InPorts = 0> <OutPorts = 1> <Sync> <CReg>
ST_16 : Operation 685 [2/3] (1.05ns) (grouped into DSP with root node add_ln23_64)   --->   "%mul_ln23_80 = mul i16 %sext_ln23_40, i16 %sext_ln23_10" [../source/tut3B_Function_Reshape/matrix_mult.cpp:23]   --->   Operation 685 'mul' 'mul_ln23_80' <Predicate = true> <Delay = 1.05> <CoreInst = "DSP48">   --->   Core 116 'DSP48' <Latency = 3> <II = 1> <Delay = 2.15> <IPBlock> <Opcode : 'add' 'sub' 'mul' 'select'> <InPorts = 0> <OutPorts = 1> <Sync> <CReg>
ST_16 : Operation 686 [1/5] (5.41ns)   --->   "%mul_ln23_81 = mul i16 %sext_ln23_41, i16 %sext_ln23_11" [../source/tut3B_Function_Reshape/matrix_mult.cpp:23]   --->   Operation 686 'mul' 'mul_ln23_81' <Predicate = true> <Delay = 5.41> <CoreInst = "Multiplier">   --->   Core 3 'Multiplier' <Latency = 4> <II = 1> <Delay = 5.41> <FuncUnit> <Opcode : 'mul'> <InPorts = 2> <OutPorts = 1>
ST_16 : Operation 687 [2/3] (1.05ns) (grouped into DSP with root node add_ln23_66)   --->   "%mul_ln23_84 = mul i16 %sext_ln23_42, i16 %sext_ln23_12" [../source/tut3B_Function_Reshape/matrix_mult.cpp:23]   --->   Operation 687 'mul' 'mul_ln23_84' <Predicate = true> <Delay = 1.05> <CoreInst = "DSP48">   --->   Core 116 'DSP48' <Latency = 3> <II = 1> <Delay = 2.15> <IPBlock> <Opcode : 'add' 'sub' 'mul' 'select'> <InPorts = 0> <OutPorts = 1> <Sync> <CReg>
ST_16 : Operation 688 [2/3] (1.05ns) (grouped into DSP with root node add_ln23_68)   --->   "%mul_ln23_85 = mul i16 %sext_ln23_40, i16 %sext_ln23_15" [../source/tut3B_Function_Reshape/matrix_mult.cpp:23]   --->   Operation 688 'mul' 'mul_ln23_85' <Predicate = true> <Delay = 1.05> <CoreInst = "DSP48">   --->   Core 116 'DSP48' <Latency = 3> <II = 1> <Delay = 2.15> <IPBlock> <Opcode : 'add' 'sub' 'mul' 'select'> <InPorts = 0> <OutPorts = 1> <Sync> <CReg>
ST_16 : Operation 689 [1/5] (5.41ns)   --->   "%mul_ln23_86 = mul i16 %sext_ln23_41, i16 %sext_ln23_16" [../source/tut3B_Function_Reshape/matrix_mult.cpp:23]   --->   Operation 689 'mul' 'mul_ln23_86' <Predicate = true> <Delay = 5.41> <CoreInst = "Multiplier">   --->   Core 3 'Multiplier' <Latency = 4> <II = 1> <Delay = 5.41> <FuncUnit> <Opcode : 'mul'> <InPorts = 2> <OutPorts = 1>
ST_16 : Operation 690 [2/3] (1.05ns) (grouped into DSP with root node add_ln23_70)   --->   "%mul_ln23_89 = mul i16 %sext_ln23_42, i16 %sext_ln23_17" [../source/tut3B_Function_Reshape/matrix_mult.cpp:23]   --->   Operation 690 'mul' 'mul_ln23_89' <Predicate = true> <Delay = 1.05> <CoreInst = "DSP48">   --->   Core 116 'DSP48' <Latency = 3> <II = 1> <Delay = 2.15> <IPBlock> <Opcode : 'add' 'sub' 'mul' 'select'> <InPorts = 0> <OutPorts = 1> <Sync> <CReg>
ST_16 : Operation 691 [2/3] (1.05ns) (grouped into DSP with root node add_ln23_72)   --->   "%mul_ln23_90 = mul i16 %sext_ln23_40, i16 %sext_ln23_20" [../source/tut3B_Function_Reshape/matrix_mult.cpp:23]   --->   Operation 691 'mul' 'mul_ln23_90' <Predicate = true> <Delay = 1.05> <CoreInst = "DSP48">   --->   Core 116 'DSP48' <Latency = 3> <II = 1> <Delay = 2.15> <IPBlock> <Opcode : 'add' 'sub' 'mul' 'select'> <InPorts = 0> <OutPorts = 1> <Sync> <CReg>
ST_16 : Operation 692 [1/5] (5.41ns)   --->   "%mul_ln23_91 = mul i16 %sext_ln23_41, i16 %sext_ln23_21" [../source/tut3B_Function_Reshape/matrix_mult.cpp:23]   --->   Operation 692 'mul' 'mul_ln23_91' <Predicate = true> <Delay = 5.41> <CoreInst = "Multiplier">   --->   Core 3 'Multiplier' <Latency = 4> <II = 1> <Delay = 5.41> <FuncUnit> <Opcode : 'mul'> <InPorts = 2> <OutPorts = 1>
ST_16 : Operation 693 [3/3] (1.05ns) (grouped into DSP with root node add_ln23_74)   --->   "%mul_ln23_94 = mul i16 %sext_ln23_42, i16 %sext_ln23_22" [../source/tut3B_Function_Reshape/matrix_mult.cpp:23]   --->   Operation 693 'mul' 'mul_ln23_94' <Predicate = true> <Delay = 1.05> <CoreInst = "DSP48">   --->   Core 116 'DSP48' <Latency = 3> <II = 1> <Delay = 2.15> <IPBlock> <Opcode : 'add' 'sub' 'mul' 'select'> <InPorts = 0> <OutPorts = 1> <Sync> <CReg>
ST_16 : Operation 694 [3/3] (1.05ns) (grouped into DSP with root node add_ln23_76)   --->   "%mul_ln23_95 = mul i16 %sext_ln23_40, i16 %sext_ln23_25" [../source/tut3B_Function_Reshape/matrix_mult.cpp:23]   --->   Operation 694 'mul' 'mul_ln23_95' <Predicate = true> <Delay = 1.05> <CoreInst = "DSP48">   --->   Core 116 'DSP48' <Latency = 3> <II = 1> <Delay = 2.15> <IPBlock> <Opcode : 'add' 'sub' 'mul' 'select'> <InPorts = 0> <OutPorts = 1> <Sync> <CReg>
ST_16 : Operation 695 [2/5] (5.41ns)   --->   "%mul_ln23_96 = mul i16 %sext_ln23_41, i16 %sext_ln23_26" [../source/tut3B_Function_Reshape/matrix_mult.cpp:23]   --->   Operation 695 'mul' 'mul_ln23_96' <Predicate = true> <Delay = 5.41> <CoreInst = "Multiplier">   --->   Core 3 'Multiplier' <Latency = 4> <II = 1> <Delay = 5.41> <FuncUnit> <Opcode : 'mul'> <InPorts = 2> <OutPorts = 1>
ST_16 : Operation 696 [3/3] (1.05ns) (grouped into DSP with root node add_ln23_78)   --->   "%mul_ln23_99 = mul i16 %sext_ln23_42, i16 %sext_ln23_27" [../source/tut3B_Function_Reshape/matrix_mult.cpp:23]   --->   Operation 696 'mul' 'mul_ln23_99' <Predicate = true> <Delay = 1.05> <CoreInst = "DSP48">   --->   Core 116 'DSP48' <Latency = 3> <II = 1> <Delay = 2.15> <IPBlock> <Opcode : 'add' 'sub' 'mul' 'select'> <InPorts = 0> <OutPorts = 1> <Sync> <CReg>
ST_16 : Operation 697 [1/1] (0.00ns)   --->   "%sext_ln23_45 = sext i8 %trunc_ln23_9" [../source/tut3B_Function_Reshape/matrix_mult.cpp:23]   --->   Operation 697 'sext' 'sext_ln23_45' <Predicate = true> <Delay = 0.00>
ST_16 : Operation 698 [3/3] (1.05ns) (grouped into DSP with root node add_ln23_80)   --->   "%mul_ln23_100 = mul i16 %sext_ln23_45, i16 %sext_ln23_1" [../source/tut3B_Function_Reshape/matrix_mult.cpp:23]   --->   Operation 698 'mul' 'mul_ln23_100' <Predicate = true> <Delay = 1.05> <CoreInst = "DSP48">   --->   Core 116 'DSP48' <Latency = 3> <II = 1> <Delay = 2.15> <IPBlock> <Opcode : 'add' 'sub' 'mul' 'select'> <InPorts = 0> <OutPorts = 1> <Sync> <CReg>
ST_16 : Operation 699 [2/5] (5.41ns)   --->   "%mul_ln23_101 = mul i16 %sext_ln23_46, i16 %sext_ln23_3" [../source/tut3B_Function_Reshape/matrix_mult.cpp:23]   --->   Operation 699 'mul' 'mul_ln23_101' <Predicate = true> <Delay = 5.41> <CoreInst = "Multiplier">   --->   Core 3 'Multiplier' <Latency = 4> <II = 1> <Delay = 5.41> <FuncUnit> <Opcode : 'mul'> <InPorts = 2> <OutPorts = 1>
ST_16 : Operation 700 [3/3] (1.05ns) (grouped into DSP with root node add_ln23_84)   --->   "%mul_ln23_105 = mul i16 %sext_ln23_45, i16 %sext_ln23_10" [../source/tut3B_Function_Reshape/matrix_mult.cpp:23]   --->   Operation 700 'mul' 'mul_ln23_105' <Predicate = true> <Delay = 1.05> <CoreInst = "DSP48">   --->   Core 116 'DSP48' <Latency = 3> <II = 1> <Delay = 2.15> <IPBlock> <Opcode : 'add' 'sub' 'mul' 'select'> <InPorts = 0> <OutPorts = 1> <Sync> <CReg>
ST_16 : Operation 701 [2/5] (5.41ns)   --->   "%mul_ln23_106 = mul i16 %sext_ln23_46, i16 %sext_ln23_11" [../source/tut3B_Function_Reshape/matrix_mult.cpp:23]   --->   Operation 701 'mul' 'mul_ln23_106' <Predicate = true> <Delay = 5.41> <CoreInst = "Multiplier">   --->   Core 3 'Multiplier' <Latency = 4> <II = 1> <Delay = 5.41> <FuncUnit> <Opcode : 'mul'> <InPorts = 2> <OutPorts = 1>
ST_16 : Operation 702 [3/3] (1.05ns) (grouped into DSP with root node add_ln23_88)   --->   "%mul_ln23_110 = mul i16 %sext_ln23_45, i16 %sext_ln23_15" [../source/tut3B_Function_Reshape/matrix_mult.cpp:23]   --->   Operation 702 'mul' 'mul_ln23_110' <Predicate = true> <Delay = 1.05> <CoreInst = "DSP48">   --->   Core 116 'DSP48' <Latency = 3> <II = 1> <Delay = 2.15> <IPBlock> <Opcode : 'add' 'sub' 'mul' 'select'> <InPorts = 0> <OutPorts = 1> <Sync> <CReg>
ST_16 : Operation 703 [2/5] (5.41ns)   --->   "%mul_ln23_111 = mul i16 %sext_ln23_46, i16 %sext_ln23_16" [../source/tut3B_Function_Reshape/matrix_mult.cpp:23]   --->   Operation 703 'mul' 'mul_ln23_111' <Predicate = true> <Delay = 5.41> <CoreInst = "Multiplier">   --->   Core 3 'Multiplier' <Latency = 4> <II = 1> <Delay = 5.41> <FuncUnit> <Opcode : 'mul'> <InPorts = 2> <OutPorts = 1>
ST_16 : Operation 704 [3/5] (5.41ns)   --->   "%mul_ln23_116 = mul i16 %sext_ln23_46, i16 %sext_ln23_21" [../source/tut3B_Function_Reshape/matrix_mult.cpp:23]   --->   Operation 704 'mul' 'mul_ln23_116' <Predicate = true> <Delay = 5.41> <CoreInst = "Multiplier">   --->   Core 3 'Multiplier' <Latency = 4> <II = 1> <Delay = 5.41> <FuncUnit> <Opcode : 'mul'> <InPorts = 2> <OutPorts = 1>
ST_16 : Operation 705 [3/5] (5.41ns)   --->   "%mul_ln23_121 = mul i16 %sext_ln23_46, i16 %sext_ln23_26" [../source/tut3B_Function_Reshape/matrix_mult.cpp:23]   --->   Operation 705 'mul' 'mul_ln23_121' <Predicate = true> <Delay = 5.41> <CoreInst = "Multiplier">   --->   Core 3 'Multiplier' <Latency = 4> <II = 1> <Delay = 5.41> <FuncUnit> <Opcode : 'mul'> <InPorts = 2> <OutPorts = 1>

State 17 <SV = 16> <Delay = 5.41>
ST_17 : Operation 706 [1/1] (0.00ns)   --->   "%prod_addr_4 = getelementptr i16 %prod, i64 0, i64 4" [../source/tut3B_Function_Reshape/matrix_mult.cpp:23]   --->   Operation 706 'getelementptr' 'prod_addr_4' <Predicate = true> <Delay = 0.00>
ST_17 : Operation 707 [1/1] (0.00ns)   --->   "%prod_addr_5 = getelementptr i16 %prod, i64 0, i64 5" [../source/tut3B_Function_Reshape/matrix_mult.cpp:23]   --->   Operation 707 'getelementptr' 'prod_addr_5' <Predicate = true> <Delay = 0.00>
ST_17 : Operation 708 [1/1] ( I:0.00ns O:0.00ns )   --->   "%store_ln23 = store i16 %add_ln23_19, i5 %prod_addr_4" [../source/tut3B_Function_Reshape/matrix_mult.cpp:23]   --->   Operation 708 'store' 'store_ln23' <Predicate = true> <Delay = 0.00> <CoreInst = "RAM">   --->   Core 81 'RAM' <Latency = 0> <II = 1> <Delay = 1.86> <Storage> <Opcode : 'load' 'store'> <Ports = 2> <Width = 16> <Depth = 25> <RAM>
ST_17 : Operation 709 [1/1] ( I:0.00ns O:0.00ns )   --->   "%store_ln23 = store i16 %add_ln23_23, i5 %prod_addr_5" [../source/tut3B_Function_Reshape/matrix_mult.cpp:23]   --->   Operation 709 'store' 'store_ln23' <Predicate = true> <Delay = 0.00> <CoreInst = "RAM">   --->   Core 81 'RAM' <Latency = 0> <II = 1> <Delay = 1.86> <Storage> <Opcode : 'load' 'store'> <Ports = 2> <Width = 16> <Depth = 25> <RAM>
ST_17 : Operation 710 [1/1] (2.07ns)   --->   "%add_ln23_31 = add i16 %add_ln23_30, i16 %add_ln23_28" [../source/tut3B_Function_Reshape/matrix_mult.cpp:23]   --->   Operation 710 'add' 'add_ln23_31' <Predicate = true> <Delay = 2.07> <CoreInst = "Adder">   --->   Core 1 'Adder' <Latency = 0> <II = 1> <Delay = 2.07> <FuncUnit> <Opcode : 'add' 'sub'> <InPorts = 2> <OutPorts = 1>
ST_17 : Operation 711 [1/1] (2.07ns)   --->   "%add_ln23_35 = add i16 %add_ln23_34, i16 %add_ln23_32" [../source/tut3B_Function_Reshape/matrix_mult.cpp:23]   --->   Operation 711 'add' 'add_ln23_35' <Predicate = true> <Delay = 2.07> <CoreInst = "Adder">   --->   Core 1 'Adder' <Latency = 0> <II = 1> <Delay = 2.07> <FuncUnit> <Opcode : 'add' 'sub'> <InPorts = 2> <OutPorts = 1>
ST_17 : Operation 712 [1/1] (2.07ns)   --->   "%add_ln23_39 = add i16 %add_ln23_38, i16 %add_ln23_36" [../source/tut3B_Function_Reshape/matrix_mult.cpp:23]   --->   Operation 712 'add' 'add_ln23_39' <Predicate = true> <Delay = 2.07> <CoreInst = "Adder">   --->   Core 1 'Adder' <Latency = 0> <II = 1> <Delay = 2.07> <FuncUnit> <Opcode : 'add' 'sub'> <InPorts = 2> <OutPorts = 1>
ST_17 : Operation 713 [1/1] (2.07ns)   --->   "%add_ln23_43 = add i16 %add_ln23_42, i16 %add_ln23_40" [../source/tut3B_Function_Reshape/matrix_mult.cpp:23]   --->   Operation 713 'add' 'add_ln23_43' <Predicate = true> <Delay = 2.07> <CoreInst = "Adder">   --->   Core 1 'Adder' <Latency = 0> <II = 1> <Delay = 2.07> <FuncUnit> <Opcode : 'add' 'sub'> <InPorts = 2> <OutPorts = 1>
ST_17 : Operation 714 [1/2] (2.10ns) (root node of the DSP)   --->   "%add_ln23_44 = add i16 %mul_ln23_56, i16 %mul_ln23_55" [../source/tut3B_Function_Reshape/matrix_mult.cpp:23]   --->   Operation 714 'add' 'add_ln23_44' <Predicate = true> <Delay = 2.10> <CoreInst = "DSP48">   --->   Core 116 'DSP48' <Latency = 3> <II = 1> <Delay = 2.15> <IPBlock> <Opcode : 'add' 'sub' 'mul' 'select'> <InPorts = 0> <OutPorts = 1> <Sync> <CReg>
ST_17 : Operation 715 [1/2] (2.10ns) (root node of the DSP)   --->   "%add_ln23_48 = add i16 %mul_ln23_61, i16 %mul_ln23_60" [../source/tut3B_Function_Reshape/matrix_mult.cpp:23]   --->   Operation 715 'add' 'add_ln23_48' <Predicate = true> <Delay = 2.10> <CoreInst = "DSP48">   --->   Core 116 'DSP48' <Latency = 3> <II = 1> <Delay = 2.15> <IPBlock> <Opcode : 'add' 'sub' 'mul' 'select'> <InPorts = 0> <OutPorts = 1> <Sync> <CReg>
ST_17 : Operation 716 [1/2] (2.10ns) (root node of the DSP)   --->   "%add_ln23_52 = add i16 %mul_ln23_66, i16 %mul_ln23_65" [../source/tut3B_Function_Reshape/matrix_mult.cpp:23]   --->   Operation 716 'add' 'add_ln23_52' <Predicate = true> <Delay = 2.10> <CoreInst = "DSP48">   --->   Core 116 'DSP48' <Latency = 3> <II = 1> <Delay = 2.15> <IPBlock> <Opcode : 'add' 'sub' 'mul' 'select'> <InPorts = 0> <OutPorts = 1> <Sync> <CReg>
ST_17 : Operation 717 [1/2] (2.10ns) (root node of the DSP)   --->   "%add_ln23_56 = add i16 %mul_ln23_71, i16 %mul_ln23_70" [../source/tut3B_Function_Reshape/matrix_mult.cpp:23]   --->   Operation 717 'add' 'add_ln23_56' <Predicate = true> <Delay = 2.10> <CoreInst = "DSP48">   --->   Core 116 'DSP48' <Latency = 3> <II = 1> <Delay = 2.15> <IPBlock> <Opcode : 'add' 'sub' 'mul' 'select'> <InPorts = 0> <OutPorts = 1> <Sync> <CReg>
ST_17 : Operation 718 [1/2] (2.10ns) (root node of the DSP)   --->   "%add_ln23_58 = add i16 %add_ln23_57, i16 %mul_ln23_74" [../source/tut3B_Function_Reshape/matrix_mult.cpp:23]   --->   Operation 718 'add' 'add_ln23_58' <Predicate = true> <Delay = 2.10> <CoreInst = "DSP48">   --->   Core 116 'DSP48' <Latency = 3> <II = 1> <Delay = 2.15> <IPBlock> <Opcode : 'add' 'sub' 'mul' 'select'> <InPorts = 0> <OutPorts = 1> <Sync> <CReg>
ST_17 : Operation 719 [1/3] (0.00ns) (grouped into DSP with root node add_ln23_60)   --->   "%mul_ln23_75 = mul i16 %sext_ln23_40, i16 %sext_ln23_1" [../source/tut3B_Function_Reshape/matrix_mult.cpp:23]   --->   Operation 719 'mul' 'mul_ln23_75' <Predicate = true> <Delay = 0.00> <CoreInst = "DSP48">   --->   Core 116 'DSP48' <Latency = 3> <II = 1> <Delay = 2.15> <IPBlock> <Opcode : 'add' 'sub' 'mul' 'select'> <InPorts = 0> <OutPorts = 1> <Sync> <CReg>
ST_17 : Operation 720 [2/2] (2.10ns) (root node of the DSP)   --->   "%add_ln23_60 = add i16 %mul_ln23_76, i16 %mul_ln23_75" [../source/tut3B_Function_Reshape/matrix_mult.cpp:23]   --->   Operation 720 'add' 'add_ln23_60' <Predicate = true> <Delay = 2.10> <CoreInst = "DSP48">   --->   Core 116 'DSP48' <Latency = 3> <II = 1> <Delay = 2.15> <IPBlock> <Opcode : 'add' 'sub' 'mul' 'select'> <InPorts = 0> <OutPorts = 1> <Sync> <CReg>
ST_17 : Operation 721 [1/2] (2.10ns) (root node of the DSP)   --->   "%add_ln23_62 = add i16 %add_ln23_61, i16 %mul_ln23_79" [../source/tut3B_Function_Reshape/matrix_mult.cpp:23]   --->   Operation 721 'add' 'add_ln23_62' <Predicate = true> <Delay = 2.10> <CoreInst = "DSP48">   --->   Core 116 'DSP48' <Latency = 3> <II = 1> <Delay = 2.15> <IPBlock> <Opcode : 'add' 'sub' 'mul' 'select'> <InPorts = 0> <OutPorts = 1> <Sync> <CReg>
ST_17 : Operation 722 [1/3] (0.00ns) (grouped into DSP with root node add_ln23_64)   --->   "%mul_ln23_80 = mul i16 %sext_ln23_40, i16 %sext_ln23_10" [../source/tut3B_Function_Reshape/matrix_mult.cpp:23]   --->   Operation 722 'mul' 'mul_ln23_80' <Predicate = true> <Delay = 0.00> <CoreInst = "DSP48">   --->   Core 116 'DSP48' <Latency = 3> <II = 1> <Delay = 2.15> <IPBlock> <Opcode : 'add' 'sub' 'mul' 'select'> <InPorts = 0> <OutPorts = 1> <Sync> <CReg>
ST_17 : Operation 723 [1/3] (0.00ns) (grouped into DSP with root node add_ln23_66)   --->   "%mul_ln23_84 = mul i16 %sext_ln23_42, i16 %sext_ln23_12" [../source/tut3B_Function_Reshape/matrix_mult.cpp:23]   --->   Operation 723 'mul' 'mul_ln23_84' <Predicate = true> <Delay = 0.00> <CoreInst = "DSP48">   --->   Core 116 'DSP48' <Latency = 3> <II = 1> <Delay = 2.15> <IPBlock> <Opcode : 'add' 'sub' 'mul' 'select'> <InPorts = 0> <OutPorts = 1> <Sync> <CReg>
ST_17 : Operation 724 [2/2] (2.10ns) (root node of the DSP)   --->   "%add_ln23_64 = add i16 %mul_ln23_81, i16 %mul_ln23_80" [../source/tut3B_Function_Reshape/matrix_mult.cpp:23]   --->   Operation 724 'add' 'add_ln23_64' <Predicate = true> <Delay = 2.10> <CoreInst = "DSP48">   --->   Core 116 'DSP48' <Latency = 3> <II = 1> <Delay = 2.15> <IPBlock> <Opcode : 'add' 'sub' 'mul' 'select'> <InPorts = 0> <OutPorts = 1> <Sync> <CReg>
ST_17 : Operation 725 [2/2] (2.10ns) (root node of the DSP)   --->   "%add_ln23_66 = add i16 %add_ln23_65, i16 %mul_ln23_84" [../source/tut3B_Function_Reshape/matrix_mult.cpp:23]   --->   Operation 725 'add' 'add_ln23_66' <Predicate = true> <Delay = 2.10> <CoreInst = "DSP48">   --->   Core 116 'DSP48' <Latency = 3> <II = 1> <Delay = 2.15> <IPBlock> <Opcode : 'add' 'sub' 'mul' 'select'> <InPorts = 0> <OutPorts = 1> <Sync> <CReg>
ST_17 : Operation 726 [1/3] (0.00ns) (grouped into DSP with root node add_ln23_68)   --->   "%mul_ln23_85 = mul i16 %sext_ln23_40, i16 %sext_ln23_15" [../source/tut3B_Function_Reshape/matrix_mult.cpp:23]   --->   Operation 726 'mul' 'mul_ln23_85' <Predicate = true> <Delay = 0.00> <CoreInst = "DSP48">   --->   Core 116 'DSP48' <Latency = 3> <II = 1> <Delay = 2.15> <IPBlock> <Opcode : 'add' 'sub' 'mul' 'select'> <InPorts = 0> <OutPorts = 1> <Sync> <CReg>
ST_17 : Operation 727 [1/3] (0.00ns) (grouped into DSP with root node add_ln23_70)   --->   "%mul_ln23_89 = mul i16 %sext_ln23_42, i16 %sext_ln23_17" [../source/tut3B_Function_Reshape/matrix_mult.cpp:23]   --->   Operation 727 'mul' 'mul_ln23_89' <Predicate = true> <Delay = 0.00> <CoreInst = "DSP48">   --->   Core 116 'DSP48' <Latency = 3> <II = 1> <Delay = 2.15> <IPBlock> <Opcode : 'add' 'sub' 'mul' 'select'> <InPorts = 0> <OutPorts = 1> <Sync> <CReg>
ST_17 : Operation 728 [2/2] (2.10ns) (root node of the DSP)   --->   "%add_ln23_68 = add i16 %mul_ln23_86, i16 %mul_ln23_85" [../source/tut3B_Function_Reshape/matrix_mult.cpp:23]   --->   Operation 728 'add' 'add_ln23_68' <Predicate = true> <Delay = 2.10> <CoreInst = "DSP48">   --->   Core 116 'DSP48' <Latency = 3> <II = 1> <Delay = 2.15> <IPBlock> <Opcode : 'add' 'sub' 'mul' 'select'> <InPorts = 0> <OutPorts = 1> <Sync> <CReg>
ST_17 : Operation 729 [2/2] (2.10ns) (root node of the DSP)   --->   "%add_ln23_70 = add i16 %add_ln23_69, i16 %mul_ln23_89" [../source/tut3B_Function_Reshape/matrix_mult.cpp:23]   --->   Operation 729 'add' 'add_ln23_70' <Predicate = true> <Delay = 2.10> <CoreInst = "DSP48">   --->   Core 116 'DSP48' <Latency = 3> <II = 1> <Delay = 2.15> <IPBlock> <Opcode : 'add' 'sub' 'mul' 'select'> <InPorts = 0> <OutPorts = 1> <Sync> <CReg>
ST_17 : Operation 730 [1/3] (0.00ns) (grouped into DSP with root node add_ln23_72)   --->   "%mul_ln23_90 = mul i16 %sext_ln23_40, i16 %sext_ln23_20" [../source/tut3B_Function_Reshape/matrix_mult.cpp:23]   --->   Operation 730 'mul' 'mul_ln23_90' <Predicate = true> <Delay = 0.00> <CoreInst = "DSP48">   --->   Core 116 'DSP48' <Latency = 3> <II = 1> <Delay = 2.15> <IPBlock> <Opcode : 'add' 'sub' 'mul' 'select'> <InPorts = 0> <OutPorts = 1> <Sync> <CReg>
ST_17 : Operation 731 [2/3] (1.05ns) (grouped into DSP with root node add_ln23_74)   --->   "%mul_ln23_94 = mul i16 %sext_ln23_42, i16 %sext_ln23_22" [../source/tut3B_Function_Reshape/matrix_mult.cpp:23]   --->   Operation 731 'mul' 'mul_ln23_94' <Predicate = true> <Delay = 1.05> <CoreInst = "DSP48">   --->   Core 116 'DSP48' <Latency = 3> <II = 1> <Delay = 2.15> <IPBlock> <Opcode : 'add' 'sub' 'mul' 'select'> <InPorts = 0> <OutPorts = 1> <Sync> <CReg>
ST_17 : Operation 732 [2/2] (2.10ns) (root node of the DSP)   --->   "%add_ln23_72 = add i16 %mul_ln23_91, i16 %mul_ln23_90" [../source/tut3B_Function_Reshape/matrix_mult.cpp:23]   --->   Operation 732 'add' 'add_ln23_72' <Predicate = true> <Delay = 2.10> <CoreInst = "DSP48">   --->   Core 116 'DSP48' <Latency = 3> <II = 1> <Delay = 2.15> <IPBlock> <Opcode : 'add' 'sub' 'mul' 'select'> <InPorts = 0> <OutPorts = 1> <Sync> <CReg>
ST_17 : Operation 733 [2/3] (1.05ns) (grouped into DSP with root node add_ln23_76)   --->   "%mul_ln23_95 = mul i16 %sext_ln23_40, i16 %sext_ln23_25" [../source/tut3B_Function_Reshape/matrix_mult.cpp:23]   --->   Operation 733 'mul' 'mul_ln23_95' <Predicate = true> <Delay = 1.05> <CoreInst = "DSP48">   --->   Core 116 'DSP48' <Latency = 3> <II = 1> <Delay = 2.15> <IPBlock> <Opcode : 'add' 'sub' 'mul' 'select'> <InPorts = 0> <OutPorts = 1> <Sync> <CReg>
ST_17 : Operation 734 [1/5] (5.41ns)   --->   "%mul_ln23_96 = mul i16 %sext_ln23_41, i16 %sext_ln23_26" [../source/tut3B_Function_Reshape/matrix_mult.cpp:23]   --->   Operation 734 'mul' 'mul_ln23_96' <Predicate = true> <Delay = 5.41> <CoreInst = "Multiplier">   --->   Core 3 'Multiplier' <Latency = 4> <II = 1> <Delay = 5.41> <FuncUnit> <Opcode : 'mul'> <InPorts = 2> <OutPorts = 1>
ST_17 : Operation 735 [2/3] (1.05ns) (grouped into DSP with root node add_ln23_78)   --->   "%mul_ln23_99 = mul i16 %sext_ln23_42, i16 %sext_ln23_27" [../source/tut3B_Function_Reshape/matrix_mult.cpp:23]   --->   Operation 735 'mul' 'mul_ln23_99' <Predicate = true> <Delay = 1.05> <CoreInst = "DSP48">   --->   Core 116 'DSP48' <Latency = 3> <II = 1> <Delay = 2.15> <IPBlock> <Opcode : 'add' 'sub' 'mul' 'select'> <InPorts = 0> <OutPorts = 1> <Sync> <CReg>
ST_17 : Operation 736 [1/1] (0.00ns)   --->   "%sext_ln23_47 = sext i8 %tmp_36" [../source/tut3B_Function_Reshape/matrix_mult.cpp:23]   --->   Operation 736 'sext' 'sext_ln23_47' <Predicate = true> <Delay = 0.00>
ST_17 : Operation 737 [2/3] (1.05ns) (grouped into DSP with root node add_ln23_80)   --->   "%mul_ln23_100 = mul i16 %sext_ln23_45, i16 %sext_ln23_1" [../source/tut3B_Function_Reshape/matrix_mult.cpp:23]   --->   Operation 737 'mul' 'mul_ln23_100' <Predicate = true> <Delay = 1.05> <CoreInst = "DSP48">   --->   Core 116 'DSP48' <Latency = 3> <II = 1> <Delay = 2.15> <IPBlock> <Opcode : 'add' 'sub' 'mul' 'select'> <InPorts = 0> <OutPorts = 1> <Sync> <CReg>
ST_17 : Operation 738 [1/5] (5.41ns)   --->   "%mul_ln23_101 = mul i16 %sext_ln23_46, i16 %sext_ln23_3" [../source/tut3B_Function_Reshape/matrix_mult.cpp:23]   --->   Operation 738 'mul' 'mul_ln23_101' <Predicate = true> <Delay = 5.41> <CoreInst = "Multiplier">   --->   Core 3 'Multiplier' <Latency = 4> <II = 1> <Delay = 5.41> <FuncUnit> <Opcode : 'mul'> <InPorts = 2> <OutPorts = 1>
ST_17 : Operation 739 [3/3] (1.05ns) (grouped into DSP with root node add_ln23_82)   --->   "%mul_ln23_104 = mul i16 %sext_ln23_47, i16 %sext_ln23_5" [../source/tut3B_Function_Reshape/matrix_mult.cpp:23]   --->   Operation 739 'mul' 'mul_ln23_104' <Predicate = true> <Delay = 1.05> <CoreInst = "DSP48">   --->   Core 116 'DSP48' <Latency = 3> <II = 1> <Delay = 2.15> <IPBlock> <Opcode : 'add' 'sub' 'mul' 'select'> <InPorts = 0> <OutPorts = 1> <Sync> <CReg>
ST_17 : Operation 740 [2/3] (1.05ns) (grouped into DSP with root node add_ln23_84)   --->   "%mul_ln23_105 = mul i16 %sext_ln23_45, i16 %sext_ln23_10" [../source/tut3B_Function_Reshape/matrix_mult.cpp:23]   --->   Operation 740 'mul' 'mul_ln23_105' <Predicate = true> <Delay = 1.05> <CoreInst = "DSP48">   --->   Core 116 'DSP48' <Latency = 3> <II = 1> <Delay = 2.15> <IPBlock> <Opcode : 'add' 'sub' 'mul' 'select'> <InPorts = 0> <OutPorts = 1> <Sync> <CReg>
ST_17 : Operation 741 [1/5] (5.41ns)   --->   "%mul_ln23_106 = mul i16 %sext_ln23_46, i16 %sext_ln23_11" [../source/tut3B_Function_Reshape/matrix_mult.cpp:23]   --->   Operation 741 'mul' 'mul_ln23_106' <Predicate = true> <Delay = 5.41> <CoreInst = "Multiplier">   --->   Core 3 'Multiplier' <Latency = 4> <II = 1> <Delay = 5.41> <FuncUnit> <Opcode : 'mul'> <InPorts = 2> <OutPorts = 1>
ST_17 : Operation 742 [3/3] (1.05ns) (grouped into DSP with root node add_ln23_86)   --->   "%mul_ln23_109 = mul i16 %sext_ln23_47, i16 %sext_ln23_12" [../source/tut3B_Function_Reshape/matrix_mult.cpp:23]   --->   Operation 742 'mul' 'mul_ln23_109' <Predicate = true> <Delay = 1.05> <CoreInst = "DSP48">   --->   Core 116 'DSP48' <Latency = 3> <II = 1> <Delay = 2.15> <IPBlock> <Opcode : 'add' 'sub' 'mul' 'select'> <InPorts = 0> <OutPorts = 1> <Sync> <CReg>
ST_17 : Operation 743 [2/3] (1.05ns) (grouped into DSP with root node add_ln23_88)   --->   "%mul_ln23_110 = mul i16 %sext_ln23_45, i16 %sext_ln23_15" [../source/tut3B_Function_Reshape/matrix_mult.cpp:23]   --->   Operation 743 'mul' 'mul_ln23_110' <Predicate = true> <Delay = 1.05> <CoreInst = "DSP48">   --->   Core 116 'DSP48' <Latency = 3> <II = 1> <Delay = 2.15> <IPBlock> <Opcode : 'add' 'sub' 'mul' 'select'> <InPorts = 0> <OutPorts = 1> <Sync> <CReg>
ST_17 : Operation 744 [1/5] (5.41ns)   --->   "%mul_ln23_111 = mul i16 %sext_ln23_46, i16 %sext_ln23_16" [../source/tut3B_Function_Reshape/matrix_mult.cpp:23]   --->   Operation 744 'mul' 'mul_ln23_111' <Predicate = true> <Delay = 5.41> <CoreInst = "Multiplier">   --->   Core 3 'Multiplier' <Latency = 4> <II = 1> <Delay = 5.41> <FuncUnit> <Opcode : 'mul'> <InPorts = 2> <OutPorts = 1>
ST_17 : Operation 745 [3/3] (1.05ns) (grouped into DSP with root node add_ln23_90)   --->   "%mul_ln23_114 = mul i16 %sext_ln23_47, i16 %sext_ln23_17" [../source/tut3B_Function_Reshape/matrix_mult.cpp:23]   --->   Operation 745 'mul' 'mul_ln23_114' <Predicate = true> <Delay = 1.05> <CoreInst = "DSP48">   --->   Core 116 'DSP48' <Latency = 3> <II = 1> <Delay = 2.15> <IPBlock> <Opcode : 'add' 'sub' 'mul' 'select'> <InPorts = 0> <OutPorts = 1> <Sync> <CReg>
ST_17 : Operation 746 [3/3] (1.05ns) (grouped into DSP with root node add_ln23_92)   --->   "%mul_ln23_115 = mul i16 %sext_ln23_45, i16 %sext_ln23_20" [../source/tut3B_Function_Reshape/matrix_mult.cpp:23]   --->   Operation 746 'mul' 'mul_ln23_115' <Predicate = true> <Delay = 1.05> <CoreInst = "DSP48">   --->   Core 116 'DSP48' <Latency = 3> <II = 1> <Delay = 2.15> <IPBlock> <Opcode : 'add' 'sub' 'mul' 'select'> <InPorts = 0> <OutPorts = 1> <Sync> <CReg>
ST_17 : Operation 747 [2/5] (5.41ns)   --->   "%mul_ln23_116 = mul i16 %sext_ln23_46, i16 %sext_ln23_21" [../source/tut3B_Function_Reshape/matrix_mult.cpp:23]   --->   Operation 747 'mul' 'mul_ln23_116' <Predicate = true> <Delay = 5.41> <CoreInst = "Multiplier">   --->   Core 3 'Multiplier' <Latency = 4> <II = 1> <Delay = 5.41> <FuncUnit> <Opcode : 'mul'> <InPorts = 2> <OutPorts = 1>
ST_17 : Operation 748 [3/3] (1.05ns) (grouped into DSP with root node add_ln23_94)   --->   "%mul_ln23_119 = mul i16 %sext_ln23_47, i16 %sext_ln23_22" [../source/tut3B_Function_Reshape/matrix_mult.cpp:23]   --->   Operation 748 'mul' 'mul_ln23_119' <Predicate = true> <Delay = 1.05> <CoreInst = "DSP48">   --->   Core 116 'DSP48' <Latency = 3> <II = 1> <Delay = 2.15> <IPBlock> <Opcode : 'add' 'sub' 'mul' 'select'> <InPorts = 0> <OutPorts = 1> <Sync> <CReg>
ST_17 : Operation 749 [3/3] (1.05ns) (grouped into DSP with root node add_ln23_96)   --->   "%mul_ln23_120 = mul i16 %sext_ln23_45, i16 %sext_ln23_25" [../source/tut3B_Function_Reshape/matrix_mult.cpp:23]   --->   Operation 749 'mul' 'mul_ln23_120' <Predicate = true> <Delay = 1.05> <CoreInst = "DSP48">   --->   Core 116 'DSP48' <Latency = 3> <II = 1> <Delay = 2.15> <IPBlock> <Opcode : 'add' 'sub' 'mul' 'select'> <InPorts = 0> <OutPorts = 1> <Sync> <CReg>
ST_17 : Operation 750 [2/5] (5.41ns)   --->   "%mul_ln23_121 = mul i16 %sext_ln23_46, i16 %sext_ln23_26" [../source/tut3B_Function_Reshape/matrix_mult.cpp:23]   --->   Operation 750 'mul' 'mul_ln23_121' <Predicate = true> <Delay = 5.41> <CoreInst = "Multiplier">   --->   Core 3 'Multiplier' <Latency = 4> <II = 1> <Delay = 5.41> <FuncUnit> <Opcode : 'mul'> <InPorts = 2> <OutPorts = 1>

State 18 <SV = 17> <Delay = 5.41>
ST_18 : Operation 751 [1/1] (0.00ns)   --->   "%prod_addr_6 = getelementptr i16 %prod, i64 0, i64 6" [../source/tut3B_Function_Reshape/matrix_mult.cpp:23]   --->   Operation 751 'getelementptr' 'prod_addr_6' <Predicate = true> <Delay = 0.00>
ST_18 : Operation 752 [1/1] (0.00ns)   --->   "%prod_addr_7 = getelementptr i16 %prod, i64 0, i64 7" [../source/tut3B_Function_Reshape/matrix_mult.cpp:23]   --->   Operation 752 'getelementptr' 'prod_addr_7' <Predicate = true> <Delay = 0.00>
ST_18 : Operation 753 [1/1] ( I:0.00ns O:0.00ns )   --->   "%store_ln23 = store i16 %add_ln23_27, i5 %prod_addr_6" [../source/tut3B_Function_Reshape/matrix_mult.cpp:23]   --->   Operation 753 'store' 'store_ln23' <Predicate = true> <Delay = 0.00> <CoreInst = "RAM">   --->   Core 81 'RAM' <Latency = 0> <II = 1> <Delay = 1.86> <Storage> <Opcode : 'load' 'store'> <Ports = 2> <Width = 16> <Depth = 25> <RAM>
ST_18 : Operation 754 [1/1] ( I:0.00ns O:0.00ns )   --->   "%store_ln23 = store i16 %add_ln23_31, i5 %prod_addr_7" [../source/tut3B_Function_Reshape/matrix_mult.cpp:23]   --->   Operation 754 'store' 'store_ln23' <Predicate = true> <Delay = 0.00> <CoreInst = "RAM">   --->   Core 81 'RAM' <Latency = 0> <II = 1> <Delay = 1.86> <Storage> <Opcode : 'load' 'store'> <Ports = 2> <Width = 16> <Depth = 25> <RAM>
ST_18 : Operation 755 [1/1] (2.07ns)   --->   "%add_ln23_47 = add i16 %add_ln23_46, i16 %add_ln23_44" [../source/tut3B_Function_Reshape/matrix_mult.cpp:23]   --->   Operation 755 'add' 'add_ln23_47' <Predicate = true> <Delay = 2.07> <CoreInst = "Adder">   --->   Core 1 'Adder' <Latency = 0> <II = 1> <Delay = 2.07> <FuncUnit> <Opcode : 'add' 'sub'> <InPorts = 2> <OutPorts = 1>
ST_18 : Operation 756 [1/1] (2.07ns)   --->   "%add_ln23_51 = add i16 %add_ln23_50, i16 %add_ln23_48" [../source/tut3B_Function_Reshape/matrix_mult.cpp:23]   --->   Operation 756 'add' 'add_ln23_51' <Predicate = true> <Delay = 2.07> <CoreInst = "Adder">   --->   Core 1 'Adder' <Latency = 0> <II = 1> <Delay = 2.07> <FuncUnit> <Opcode : 'add' 'sub'> <InPorts = 2> <OutPorts = 1>
ST_18 : Operation 757 [1/1] (2.07ns)   --->   "%add_ln23_55 = add i16 %add_ln23_54, i16 %add_ln23_52" [../source/tut3B_Function_Reshape/matrix_mult.cpp:23]   --->   Operation 757 'add' 'add_ln23_55' <Predicate = true> <Delay = 2.07> <CoreInst = "Adder">   --->   Core 1 'Adder' <Latency = 0> <II = 1> <Delay = 2.07> <FuncUnit> <Opcode : 'add' 'sub'> <InPorts = 2> <OutPorts = 1>
ST_18 : Operation 758 [1/1] (2.07ns)   --->   "%add_ln23_59 = add i16 %add_ln23_58, i16 %add_ln23_56" [../source/tut3B_Function_Reshape/matrix_mult.cpp:23]   --->   Operation 758 'add' 'add_ln23_59' <Predicate = true> <Delay = 2.07> <CoreInst = "Adder">   --->   Core 1 'Adder' <Latency = 0> <II = 1> <Delay = 2.07> <FuncUnit> <Opcode : 'add' 'sub'> <InPorts = 2> <OutPorts = 1>
ST_18 : Operation 759 [1/2] (2.10ns) (root node of the DSP)   --->   "%add_ln23_60 = add i16 %mul_ln23_76, i16 %mul_ln23_75" [../source/tut3B_Function_Reshape/matrix_mult.cpp:23]   --->   Operation 759 'add' 'add_ln23_60' <Predicate = true> <Delay = 2.10> <CoreInst = "DSP48">   --->   Core 116 'DSP48' <Latency = 3> <II = 1> <Delay = 2.15> <IPBlock> <Opcode : 'add' 'sub' 'mul' 'select'> <InPorts = 0> <OutPorts = 1> <Sync> <CReg>
ST_18 : Operation 760 [1/2] (2.10ns) (root node of the DSP)   --->   "%add_ln23_64 = add i16 %mul_ln23_81, i16 %mul_ln23_80" [../source/tut3B_Function_Reshape/matrix_mult.cpp:23]   --->   Operation 760 'add' 'add_ln23_64' <Predicate = true> <Delay = 2.10> <CoreInst = "DSP48">   --->   Core 116 'DSP48' <Latency = 3> <II = 1> <Delay = 2.15> <IPBlock> <Opcode : 'add' 'sub' 'mul' 'select'> <InPorts = 0> <OutPorts = 1> <Sync> <CReg>
ST_18 : Operation 761 [1/2] (2.10ns) (root node of the DSP)   --->   "%add_ln23_66 = add i16 %add_ln23_65, i16 %mul_ln23_84" [../source/tut3B_Function_Reshape/matrix_mult.cpp:23]   --->   Operation 761 'add' 'add_ln23_66' <Predicate = true> <Delay = 2.10> <CoreInst = "DSP48">   --->   Core 116 'DSP48' <Latency = 3> <II = 1> <Delay = 2.15> <IPBlock> <Opcode : 'add' 'sub' 'mul' 'select'> <InPorts = 0> <OutPorts = 1> <Sync> <CReg>
ST_18 : Operation 762 [1/2] (2.10ns) (root node of the DSP)   --->   "%add_ln23_68 = add i16 %mul_ln23_86, i16 %mul_ln23_85" [../source/tut3B_Function_Reshape/matrix_mult.cpp:23]   --->   Operation 762 'add' 'add_ln23_68' <Predicate = true> <Delay = 2.10> <CoreInst = "DSP48">   --->   Core 116 'DSP48' <Latency = 3> <II = 1> <Delay = 2.15> <IPBlock> <Opcode : 'add' 'sub' 'mul' 'select'> <InPorts = 0> <OutPorts = 1> <Sync> <CReg>
ST_18 : Operation 763 [1/2] (2.10ns) (root node of the DSP)   --->   "%add_ln23_70 = add i16 %add_ln23_69, i16 %mul_ln23_89" [../source/tut3B_Function_Reshape/matrix_mult.cpp:23]   --->   Operation 763 'add' 'add_ln23_70' <Predicate = true> <Delay = 2.10> <CoreInst = "DSP48">   --->   Core 116 'DSP48' <Latency = 3> <II = 1> <Delay = 2.15> <IPBlock> <Opcode : 'add' 'sub' 'mul' 'select'> <InPorts = 0> <OutPorts = 1> <Sync> <CReg>
ST_18 : Operation 764 [1/3] (0.00ns) (grouped into DSP with root node add_ln23_74)   --->   "%mul_ln23_94 = mul i16 %sext_ln23_42, i16 %sext_ln23_22" [../source/tut3B_Function_Reshape/matrix_mult.cpp:23]   --->   Operation 764 'mul' 'mul_ln23_94' <Predicate = true> <Delay = 0.00> <CoreInst = "DSP48">   --->   Core 116 'DSP48' <Latency = 3> <II = 1> <Delay = 2.15> <IPBlock> <Opcode : 'add' 'sub' 'mul' 'select'> <InPorts = 0> <OutPorts = 1> <Sync> <CReg>
ST_18 : Operation 765 [1/2] (2.10ns) (root node of the DSP)   --->   "%add_ln23_72 = add i16 %mul_ln23_91, i16 %mul_ln23_90" [../source/tut3B_Function_Reshape/matrix_mult.cpp:23]   --->   Operation 765 'add' 'add_ln23_72' <Predicate = true> <Delay = 2.10> <CoreInst = "DSP48">   --->   Core 116 'DSP48' <Latency = 3> <II = 1> <Delay = 2.15> <IPBlock> <Opcode : 'add' 'sub' 'mul' 'select'> <InPorts = 0> <OutPorts = 1> <Sync> <CReg>
ST_18 : Operation 766 [2/2] (2.10ns) (root node of the DSP)   --->   "%add_ln23_74 = add i16 %add_ln23_73, i16 %mul_ln23_94" [../source/tut3B_Function_Reshape/matrix_mult.cpp:23]   --->   Operation 766 'add' 'add_ln23_74' <Predicate = true> <Delay = 2.10> <CoreInst = "DSP48">   --->   Core 116 'DSP48' <Latency = 3> <II = 1> <Delay = 2.15> <IPBlock> <Opcode : 'add' 'sub' 'mul' 'select'> <InPorts = 0> <OutPorts = 1> <Sync> <CReg>
ST_18 : Operation 767 [1/3] (0.00ns) (grouped into DSP with root node add_ln23_76)   --->   "%mul_ln23_95 = mul i16 %sext_ln23_40, i16 %sext_ln23_25" [../source/tut3B_Function_Reshape/matrix_mult.cpp:23]   --->   Operation 767 'mul' 'mul_ln23_95' <Predicate = true> <Delay = 0.00> <CoreInst = "DSP48">   --->   Core 116 'DSP48' <Latency = 3> <II = 1> <Delay = 2.15> <IPBlock> <Opcode : 'add' 'sub' 'mul' 'select'> <InPorts = 0> <OutPorts = 1> <Sync> <CReg>
ST_18 : Operation 768 [1/3] (0.00ns) (grouped into DSP with root node add_ln23_78)   --->   "%mul_ln23_99 = mul i16 %sext_ln23_42, i16 %sext_ln23_27" [../source/tut3B_Function_Reshape/matrix_mult.cpp:23]   --->   Operation 768 'mul' 'mul_ln23_99' <Predicate = true> <Delay = 0.00> <CoreInst = "DSP48">   --->   Core 116 'DSP48' <Latency = 3> <II = 1> <Delay = 2.15> <IPBlock> <Opcode : 'add' 'sub' 'mul' 'select'> <InPorts = 0> <OutPorts = 1> <Sync> <CReg>
ST_18 : Operation 769 [2/2] (2.10ns) (root node of the DSP)   --->   "%add_ln23_76 = add i16 %mul_ln23_96, i16 %mul_ln23_95" [../source/tut3B_Function_Reshape/matrix_mult.cpp:23]   --->   Operation 769 'add' 'add_ln23_76' <Predicate = true> <Delay = 2.10> <CoreInst = "DSP48">   --->   Core 116 'DSP48' <Latency = 3> <II = 1> <Delay = 2.15> <IPBlock> <Opcode : 'add' 'sub' 'mul' 'select'> <InPorts = 0> <OutPorts = 1> <Sync> <CReg>
ST_18 : Operation 770 [2/2] (2.10ns) (root node of the DSP)   --->   "%add_ln23_78 = add i16 %add_ln23_77, i16 %mul_ln23_99" [../source/tut3B_Function_Reshape/matrix_mult.cpp:23]   --->   Operation 770 'add' 'add_ln23_78' <Predicate = true> <Delay = 2.10> <CoreInst = "DSP48">   --->   Core 116 'DSP48' <Latency = 3> <II = 1> <Delay = 2.15> <IPBlock> <Opcode : 'add' 'sub' 'mul' 'select'> <InPorts = 0> <OutPorts = 1> <Sync> <CReg>
ST_18 : Operation 771 [1/3] (0.00ns) (grouped into DSP with root node add_ln23_80)   --->   "%mul_ln23_100 = mul i16 %sext_ln23_45, i16 %sext_ln23_1" [../source/tut3B_Function_Reshape/matrix_mult.cpp:23]   --->   Operation 771 'mul' 'mul_ln23_100' <Predicate = true> <Delay = 0.00> <CoreInst = "DSP48">   --->   Core 116 'DSP48' <Latency = 3> <II = 1> <Delay = 2.15> <IPBlock> <Opcode : 'add' 'sub' 'mul' 'select'> <InPorts = 0> <OutPorts = 1> <Sync> <CReg>
ST_18 : Operation 772 [2/3] (1.05ns) (grouped into DSP with root node add_ln23_82)   --->   "%mul_ln23_104 = mul i16 %sext_ln23_47, i16 %sext_ln23_5" [../source/tut3B_Function_Reshape/matrix_mult.cpp:23]   --->   Operation 772 'mul' 'mul_ln23_104' <Predicate = true> <Delay = 1.05> <CoreInst = "DSP48">   --->   Core 116 'DSP48' <Latency = 3> <II = 1> <Delay = 2.15> <IPBlock> <Opcode : 'add' 'sub' 'mul' 'select'> <InPorts = 0> <OutPorts = 1> <Sync> <CReg>
ST_18 : Operation 773 [2/2] (2.10ns) (root node of the DSP)   --->   "%add_ln23_80 = add i16 %mul_ln23_101, i16 %mul_ln23_100" [../source/tut3B_Function_Reshape/matrix_mult.cpp:23]   --->   Operation 773 'add' 'add_ln23_80' <Predicate = true> <Delay = 2.10> <CoreInst = "DSP48">   --->   Core 116 'DSP48' <Latency = 3> <II = 1> <Delay = 2.15> <IPBlock> <Opcode : 'add' 'sub' 'mul' 'select'> <InPorts = 0> <OutPorts = 1> <Sync> <CReg>
ST_18 : Operation 774 [1/3] (0.00ns) (grouped into DSP with root node add_ln23_84)   --->   "%mul_ln23_105 = mul i16 %sext_ln23_45, i16 %sext_ln23_10" [../source/tut3B_Function_Reshape/matrix_mult.cpp:23]   --->   Operation 774 'mul' 'mul_ln23_105' <Predicate = true> <Delay = 0.00> <CoreInst = "DSP48">   --->   Core 116 'DSP48' <Latency = 3> <II = 1> <Delay = 2.15> <IPBlock> <Opcode : 'add' 'sub' 'mul' 'select'> <InPorts = 0> <OutPorts = 1> <Sync> <CReg>
ST_18 : Operation 775 [2/3] (1.05ns) (grouped into DSP with root node add_ln23_86)   --->   "%mul_ln23_109 = mul i16 %sext_ln23_47, i16 %sext_ln23_12" [../source/tut3B_Function_Reshape/matrix_mult.cpp:23]   --->   Operation 775 'mul' 'mul_ln23_109' <Predicate = true> <Delay = 1.05> <CoreInst = "DSP48">   --->   Core 116 'DSP48' <Latency = 3> <II = 1> <Delay = 2.15> <IPBlock> <Opcode : 'add' 'sub' 'mul' 'select'> <InPorts = 0> <OutPorts = 1> <Sync> <CReg>
ST_18 : Operation 776 [2/2] (2.10ns) (root node of the DSP)   --->   "%add_ln23_84 = add i16 %mul_ln23_106, i16 %mul_ln23_105" [../source/tut3B_Function_Reshape/matrix_mult.cpp:23]   --->   Operation 776 'add' 'add_ln23_84' <Predicate = true> <Delay = 2.10> <CoreInst = "DSP48">   --->   Core 116 'DSP48' <Latency = 3> <II = 1> <Delay = 2.15> <IPBlock> <Opcode : 'add' 'sub' 'mul' 'select'> <InPorts = 0> <OutPorts = 1> <Sync> <CReg>
ST_18 : Operation 777 [1/3] (0.00ns) (grouped into DSP with root node add_ln23_88)   --->   "%mul_ln23_110 = mul i16 %sext_ln23_45, i16 %sext_ln23_15" [../source/tut3B_Function_Reshape/matrix_mult.cpp:23]   --->   Operation 777 'mul' 'mul_ln23_110' <Predicate = true> <Delay = 0.00> <CoreInst = "DSP48">   --->   Core 116 'DSP48' <Latency = 3> <II = 1> <Delay = 2.15> <IPBlock> <Opcode : 'add' 'sub' 'mul' 'select'> <InPorts = 0> <OutPorts = 1> <Sync> <CReg>
ST_18 : Operation 778 [2/3] (1.05ns) (grouped into DSP with root node add_ln23_90)   --->   "%mul_ln23_114 = mul i16 %sext_ln23_47, i16 %sext_ln23_17" [../source/tut3B_Function_Reshape/matrix_mult.cpp:23]   --->   Operation 778 'mul' 'mul_ln23_114' <Predicate = true> <Delay = 1.05> <CoreInst = "DSP48">   --->   Core 116 'DSP48' <Latency = 3> <II = 1> <Delay = 2.15> <IPBlock> <Opcode : 'add' 'sub' 'mul' 'select'> <InPorts = 0> <OutPorts = 1> <Sync> <CReg>
ST_18 : Operation 779 [2/2] (2.10ns) (root node of the DSP)   --->   "%add_ln23_88 = add i16 %mul_ln23_111, i16 %mul_ln23_110" [../source/tut3B_Function_Reshape/matrix_mult.cpp:23]   --->   Operation 779 'add' 'add_ln23_88' <Predicate = true> <Delay = 2.10> <CoreInst = "DSP48">   --->   Core 116 'DSP48' <Latency = 3> <II = 1> <Delay = 2.15> <IPBlock> <Opcode : 'add' 'sub' 'mul' 'select'> <InPorts = 0> <OutPorts = 1> <Sync> <CReg>
ST_18 : Operation 780 [2/3] (1.05ns) (grouped into DSP with root node add_ln23_92)   --->   "%mul_ln23_115 = mul i16 %sext_ln23_45, i16 %sext_ln23_20" [../source/tut3B_Function_Reshape/matrix_mult.cpp:23]   --->   Operation 780 'mul' 'mul_ln23_115' <Predicate = true> <Delay = 1.05> <CoreInst = "DSP48">   --->   Core 116 'DSP48' <Latency = 3> <II = 1> <Delay = 2.15> <IPBlock> <Opcode : 'add' 'sub' 'mul' 'select'> <InPorts = 0> <OutPorts = 1> <Sync> <CReg>
ST_18 : Operation 781 [1/5] (5.41ns)   --->   "%mul_ln23_116 = mul i16 %sext_ln23_46, i16 %sext_ln23_21" [../source/tut3B_Function_Reshape/matrix_mult.cpp:23]   --->   Operation 781 'mul' 'mul_ln23_116' <Predicate = true> <Delay = 5.41> <CoreInst = "Multiplier">   --->   Core 3 'Multiplier' <Latency = 4> <II = 1> <Delay = 5.41> <FuncUnit> <Opcode : 'mul'> <InPorts = 2> <OutPorts = 1>
ST_18 : Operation 782 [2/3] (1.05ns) (grouped into DSP with root node add_ln23_94)   --->   "%mul_ln23_119 = mul i16 %sext_ln23_47, i16 %sext_ln23_22" [../source/tut3B_Function_Reshape/matrix_mult.cpp:23]   --->   Operation 782 'mul' 'mul_ln23_119' <Predicate = true> <Delay = 1.05> <CoreInst = "DSP48">   --->   Core 116 'DSP48' <Latency = 3> <II = 1> <Delay = 2.15> <IPBlock> <Opcode : 'add' 'sub' 'mul' 'select'> <InPorts = 0> <OutPorts = 1> <Sync> <CReg>
ST_18 : Operation 783 [2/3] (1.05ns) (grouped into DSP with root node add_ln23_96)   --->   "%mul_ln23_120 = mul i16 %sext_ln23_45, i16 %sext_ln23_25" [../source/tut3B_Function_Reshape/matrix_mult.cpp:23]   --->   Operation 783 'mul' 'mul_ln23_120' <Predicate = true> <Delay = 1.05> <CoreInst = "DSP48">   --->   Core 116 'DSP48' <Latency = 3> <II = 1> <Delay = 2.15> <IPBlock> <Opcode : 'add' 'sub' 'mul' 'select'> <InPorts = 0> <OutPorts = 1> <Sync> <CReg>
ST_18 : Operation 784 [1/5] (5.41ns)   --->   "%mul_ln23_121 = mul i16 %sext_ln23_46, i16 %sext_ln23_26" [../source/tut3B_Function_Reshape/matrix_mult.cpp:23]   --->   Operation 784 'mul' 'mul_ln23_121' <Predicate = true> <Delay = 5.41> <CoreInst = "Multiplier">   --->   Core 3 'Multiplier' <Latency = 4> <II = 1> <Delay = 5.41> <FuncUnit> <Opcode : 'mul'> <InPorts = 2> <OutPorts = 1>
ST_18 : Operation 785 [3/3] (1.05ns) (grouped into DSP with root node add_ln23_98)   --->   "%mul_ln23_124 = mul i16 %sext_ln23_47, i16 %sext_ln23_27" [../source/tut3B_Function_Reshape/matrix_mult.cpp:23]   --->   Operation 785 'mul' 'mul_ln23_124' <Predicate = true> <Delay = 1.05> <CoreInst = "DSP48">   --->   Core 116 'DSP48' <Latency = 3> <II = 1> <Delay = 2.15> <IPBlock> <Opcode : 'add' 'sub' 'mul' 'select'> <InPorts = 0> <OutPorts = 1> <Sync> <CReg>

State 19 <SV = 18> <Delay = 2.10>
ST_19 : Operation 786 [1/1] (0.00ns)   --->   "%prod_addr_8 = getelementptr i16 %prod, i64 0, i64 8" [../source/tut3B_Function_Reshape/matrix_mult.cpp:23]   --->   Operation 786 'getelementptr' 'prod_addr_8' <Predicate = true> <Delay = 0.00>
ST_19 : Operation 787 [1/1] (0.00ns)   --->   "%prod_addr_9 = getelementptr i16 %prod, i64 0, i64 9" [../source/tut3B_Function_Reshape/matrix_mult.cpp:23]   --->   Operation 787 'getelementptr' 'prod_addr_9' <Predicate = true> <Delay = 0.00>
ST_19 : Operation 788 [1/1] ( I:0.00ns O:0.00ns )   --->   "%store_ln23 = store i16 %add_ln23_35, i5 %prod_addr_8" [../source/tut3B_Function_Reshape/matrix_mult.cpp:23]   --->   Operation 788 'store' 'store_ln23' <Predicate = true> <Delay = 0.00> <CoreInst = "RAM">   --->   Core 81 'RAM' <Latency = 0> <II = 1> <Delay = 1.86> <Storage> <Opcode : 'load' 'store'> <Ports = 2> <Width = 16> <Depth = 25> <RAM>
ST_19 : Operation 789 [1/1] ( I:0.00ns O:0.00ns )   --->   "%store_ln23 = store i16 %add_ln23_39, i5 %prod_addr_9" [../source/tut3B_Function_Reshape/matrix_mult.cpp:23]   --->   Operation 789 'store' 'store_ln23' <Predicate = true> <Delay = 0.00> <CoreInst = "RAM">   --->   Core 81 'RAM' <Latency = 0> <II = 1> <Delay = 1.86> <Storage> <Opcode : 'load' 'store'> <Ports = 2> <Width = 16> <Depth = 25> <RAM>
ST_19 : Operation 790 [1/1] (2.07ns)   --->   "%add_ln23_63 = add i16 %add_ln23_62, i16 %add_ln23_60" [../source/tut3B_Function_Reshape/matrix_mult.cpp:23]   --->   Operation 790 'add' 'add_ln23_63' <Predicate = true> <Delay = 2.07> <CoreInst = "Adder">   --->   Core 1 'Adder' <Latency = 0> <II = 1> <Delay = 2.07> <FuncUnit> <Opcode : 'add' 'sub'> <InPorts = 2> <OutPorts = 1>
ST_19 : Operation 791 [1/1] (2.07ns)   --->   "%add_ln23_67 = add i16 %add_ln23_66, i16 %add_ln23_64" [../source/tut3B_Function_Reshape/matrix_mult.cpp:23]   --->   Operation 791 'add' 'add_ln23_67' <Predicate = true> <Delay = 2.07> <CoreInst = "Adder">   --->   Core 1 'Adder' <Latency = 0> <II = 1> <Delay = 2.07> <FuncUnit> <Opcode : 'add' 'sub'> <InPorts = 2> <OutPorts = 1>
ST_19 : Operation 792 [1/1] (2.07ns)   --->   "%add_ln23_71 = add i16 %add_ln23_70, i16 %add_ln23_68" [../source/tut3B_Function_Reshape/matrix_mult.cpp:23]   --->   Operation 792 'add' 'add_ln23_71' <Predicate = true> <Delay = 2.07> <CoreInst = "Adder">   --->   Core 1 'Adder' <Latency = 0> <II = 1> <Delay = 2.07> <FuncUnit> <Opcode : 'add' 'sub'> <InPorts = 2> <OutPorts = 1>
ST_19 : Operation 793 [1/2] (2.10ns) (root node of the DSP)   --->   "%add_ln23_74 = add i16 %add_ln23_73, i16 %mul_ln23_94" [../source/tut3B_Function_Reshape/matrix_mult.cpp:23]   --->   Operation 793 'add' 'add_ln23_74' <Predicate = true> <Delay = 2.10> <CoreInst = "DSP48">   --->   Core 116 'DSP48' <Latency = 3> <II = 1> <Delay = 2.15> <IPBlock> <Opcode : 'add' 'sub' 'mul' 'select'> <InPorts = 0> <OutPorts = 1> <Sync> <CReg>
ST_19 : Operation 794 [1/2] (2.10ns) (root node of the DSP)   --->   "%add_ln23_76 = add i16 %mul_ln23_96, i16 %mul_ln23_95" [../source/tut3B_Function_Reshape/matrix_mult.cpp:23]   --->   Operation 794 'add' 'add_ln23_76' <Predicate = true> <Delay = 2.10> <CoreInst = "DSP48">   --->   Core 116 'DSP48' <Latency = 3> <II = 1> <Delay = 2.15> <IPBlock> <Opcode : 'add' 'sub' 'mul' 'select'> <InPorts = 0> <OutPorts = 1> <Sync> <CReg>
ST_19 : Operation 795 [1/2] (2.10ns) (root node of the DSP)   --->   "%add_ln23_78 = add i16 %add_ln23_77, i16 %mul_ln23_99" [../source/tut3B_Function_Reshape/matrix_mult.cpp:23]   --->   Operation 795 'add' 'add_ln23_78' <Predicate = true> <Delay = 2.10> <CoreInst = "DSP48">   --->   Core 116 'DSP48' <Latency = 3> <II = 1> <Delay = 2.15> <IPBlock> <Opcode : 'add' 'sub' 'mul' 'select'> <InPorts = 0> <OutPorts = 1> <Sync> <CReg>
ST_19 : Operation 796 [1/3] (0.00ns) (grouped into DSP with root node add_ln23_82)   --->   "%mul_ln23_104 = mul i16 %sext_ln23_47, i16 %sext_ln23_5" [../source/tut3B_Function_Reshape/matrix_mult.cpp:23]   --->   Operation 796 'mul' 'mul_ln23_104' <Predicate = true> <Delay = 0.00> <CoreInst = "DSP48">   --->   Core 116 'DSP48' <Latency = 3> <II = 1> <Delay = 2.15> <IPBlock> <Opcode : 'add' 'sub' 'mul' 'select'> <InPorts = 0> <OutPorts = 1> <Sync> <CReg>
ST_19 : Operation 797 [1/2] (2.10ns) (root node of the DSP)   --->   "%add_ln23_80 = add i16 %mul_ln23_101, i16 %mul_ln23_100" [../source/tut3B_Function_Reshape/matrix_mult.cpp:23]   --->   Operation 797 'add' 'add_ln23_80' <Predicate = true> <Delay = 2.10> <CoreInst = "DSP48">   --->   Core 116 'DSP48' <Latency = 3> <II = 1> <Delay = 2.15> <IPBlock> <Opcode : 'add' 'sub' 'mul' 'select'> <InPorts = 0> <OutPorts = 1> <Sync> <CReg>
ST_19 : Operation 798 [2/2] (2.10ns) (root node of the DSP)   --->   "%add_ln23_82 = add i16 %add_ln23_81, i16 %mul_ln23_104" [../source/tut3B_Function_Reshape/matrix_mult.cpp:23]   --->   Operation 798 'add' 'add_ln23_82' <Predicate = true> <Delay = 2.10> <CoreInst = "DSP48">   --->   Core 116 'DSP48' <Latency = 3> <II = 1> <Delay = 2.15> <IPBlock> <Opcode : 'add' 'sub' 'mul' 'select'> <InPorts = 0> <OutPorts = 1> <Sync> <CReg>
ST_19 : Operation 799 [1/3] (0.00ns) (grouped into DSP with root node add_ln23_86)   --->   "%mul_ln23_109 = mul i16 %sext_ln23_47, i16 %sext_ln23_12" [../source/tut3B_Function_Reshape/matrix_mult.cpp:23]   --->   Operation 799 'mul' 'mul_ln23_109' <Predicate = true> <Delay = 0.00> <CoreInst = "DSP48">   --->   Core 116 'DSP48' <Latency = 3> <II = 1> <Delay = 2.15> <IPBlock> <Opcode : 'add' 'sub' 'mul' 'select'> <InPorts = 0> <OutPorts = 1> <Sync> <CReg>
ST_19 : Operation 800 [1/2] (2.10ns) (root node of the DSP)   --->   "%add_ln23_84 = add i16 %mul_ln23_106, i16 %mul_ln23_105" [../source/tut3B_Function_Reshape/matrix_mult.cpp:23]   --->   Operation 800 'add' 'add_ln23_84' <Predicate = true> <Delay = 2.10> <CoreInst = "DSP48">   --->   Core 116 'DSP48' <Latency = 3> <II = 1> <Delay = 2.15> <IPBlock> <Opcode : 'add' 'sub' 'mul' 'select'> <InPorts = 0> <OutPorts = 1> <Sync> <CReg>
ST_19 : Operation 801 [2/2] (2.10ns) (root node of the DSP)   --->   "%add_ln23_86 = add i16 %add_ln23_85, i16 %mul_ln23_109" [../source/tut3B_Function_Reshape/matrix_mult.cpp:23]   --->   Operation 801 'add' 'add_ln23_86' <Predicate = true> <Delay = 2.10> <CoreInst = "DSP48">   --->   Core 116 'DSP48' <Latency = 3> <II = 1> <Delay = 2.15> <IPBlock> <Opcode : 'add' 'sub' 'mul' 'select'> <InPorts = 0> <OutPorts = 1> <Sync> <CReg>
ST_19 : Operation 802 [1/3] (0.00ns) (grouped into DSP with root node add_ln23_90)   --->   "%mul_ln23_114 = mul i16 %sext_ln23_47, i16 %sext_ln23_17" [../source/tut3B_Function_Reshape/matrix_mult.cpp:23]   --->   Operation 802 'mul' 'mul_ln23_114' <Predicate = true> <Delay = 0.00> <CoreInst = "DSP48">   --->   Core 116 'DSP48' <Latency = 3> <II = 1> <Delay = 2.15> <IPBlock> <Opcode : 'add' 'sub' 'mul' 'select'> <InPorts = 0> <OutPorts = 1> <Sync> <CReg>
ST_19 : Operation 803 [1/2] (2.10ns) (root node of the DSP)   --->   "%add_ln23_88 = add i16 %mul_ln23_111, i16 %mul_ln23_110" [../source/tut3B_Function_Reshape/matrix_mult.cpp:23]   --->   Operation 803 'add' 'add_ln23_88' <Predicate = true> <Delay = 2.10> <CoreInst = "DSP48">   --->   Core 116 'DSP48' <Latency = 3> <II = 1> <Delay = 2.15> <IPBlock> <Opcode : 'add' 'sub' 'mul' 'select'> <InPorts = 0> <OutPorts = 1> <Sync> <CReg>
ST_19 : Operation 804 [2/2] (2.10ns) (root node of the DSP)   --->   "%add_ln23_90 = add i16 %add_ln23_89, i16 %mul_ln23_114" [../source/tut3B_Function_Reshape/matrix_mult.cpp:23]   --->   Operation 804 'add' 'add_ln23_90' <Predicate = true> <Delay = 2.10> <CoreInst = "DSP48">   --->   Core 116 'DSP48' <Latency = 3> <II = 1> <Delay = 2.15> <IPBlock> <Opcode : 'add' 'sub' 'mul' 'select'> <InPorts = 0> <OutPorts = 1> <Sync> <CReg>
ST_19 : Operation 805 [1/3] (0.00ns) (grouped into DSP with root node add_ln23_92)   --->   "%mul_ln23_115 = mul i16 %sext_ln23_45, i16 %sext_ln23_20" [../source/tut3B_Function_Reshape/matrix_mult.cpp:23]   --->   Operation 805 'mul' 'mul_ln23_115' <Predicate = true> <Delay = 0.00> <CoreInst = "DSP48">   --->   Core 116 'DSP48' <Latency = 3> <II = 1> <Delay = 2.15> <IPBlock> <Opcode : 'add' 'sub' 'mul' 'select'> <InPorts = 0> <OutPorts = 1> <Sync> <CReg>
ST_19 : Operation 806 [1/3] (0.00ns) (grouped into DSP with root node add_ln23_94)   --->   "%mul_ln23_119 = mul i16 %sext_ln23_47, i16 %sext_ln23_22" [../source/tut3B_Function_Reshape/matrix_mult.cpp:23]   --->   Operation 806 'mul' 'mul_ln23_119' <Predicate = true> <Delay = 0.00> <CoreInst = "DSP48">   --->   Core 116 'DSP48' <Latency = 3> <II = 1> <Delay = 2.15> <IPBlock> <Opcode : 'add' 'sub' 'mul' 'select'> <InPorts = 0> <OutPorts = 1> <Sync> <CReg>
ST_19 : Operation 807 [2/2] (2.10ns) (root node of the DSP)   --->   "%add_ln23_92 = add i16 %mul_ln23_116, i16 %mul_ln23_115" [../source/tut3B_Function_Reshape/matrix_mult.cpp:23]   --->   Operation 807 'add' 'add_ln23_92' <Predicate = true> <Delay = 2.10> <CoreInst = "DSP48">   --->   Core 116 'DSP48' <Latency = 3> <II = 1> <Delay = 2.15> <IPBlock> <Opcode : 'add' 'sub' 'mul' 'select'> <InPorts = 0> <OutPorts = 1> <Sync> <CReg>
ST_19 : Operation 808 [2/2] (2.10ns) (root node of the DSP)   --->   "%add_ln23_94 = add i16 %add_ln23_93, i16 %mul_ln23_119" [../source/tut3B_Function_Reshape/matrix_mult.cpp:23]   --->   Operation 808 'add' 'add_ln23_94' <Predicate = true> <Delay = 2.10> <CoreInst = "DSP48">   --->   Core 116 'DSP48' <Latency = 3> <II = 1> <Delay = 2.15> <IPBlock> <Opcode : 'add' 'sub' 'mul' 'select'> <InPorts = 0> <OutPorts = 1> <Sync> <CReg>
ST_19 : Operation 809 [1/3] (0.00ns) (grouped into DSP with root node add_ln23_96)   --->   "%mul_ln23_120 = mul i16 %sext_ln23_45, i16 %sext_ln23_25" [../source/tut3B_Function_Reshape/matrix_mult.cpp:23]   --->   Operation 809 'mul' 'mul_ln23_120' <Predicate = true> <Delay = 0.00> <CoreInst = "DSP48">   --->   Core 116 'DSP48' <Latency = 3> <II = 1> <Delay = 2.15> <IPBlock> <Opcode : 'add' 'sub' 'mul' 'select'> <InPorts = 0> <OutPorts = 1> <Sync> <CReg>
ST_19 : Operation 810 [2/3] (1.05ns) (grouped into DSP with root node add_ln23_98)   --->   "%mul_ln23_124 = mul i16 %sext_ln23_47, i16 %sext_ln23_27" [../source/tut3B_Function_Reshape/matrix_mult.cpp:23]   --->   Operation 810 'mul' 'mul_ln23_124' <Predicate = true> <Delay = 1.05> <CoreInst = "DSP48">   --->   Core 116 'DSP48' <Latency = 3> <II = 1> <Delay = 2.15> <IPBlock> <Opcode : 'add' 'sub' 'mul' 'select'> <InPorts = 0> <OutPorts = 1> <Sync> <CReg>
ST_19 : Operation 811 [2/2] (2.10ns) (root node of the DSP)   --->   "%add_ln23_96 = add i16 %mul_ln23_121, i16 %mul_ln23_120" [../source/tut3B_Function_Reshape/matrix_mult.cpp:23]   --->   Operation 811 'add' 'add_ln23_96' <Predicate = true> <Delay = 2.10> <CoreInst = "DSP48">   --->   Core 116 'DSP48' <Latency = 3> <II = 1> <Delay = 2.15> <IPBlock> <Opcode : 'add' 'sub' 'mul' 'select'> <InPorts = 0> <OutPorts = 1> <Sync> <CReg>

State 20 <SV = 19> <Delay = 2.10>
ST_20 : Operation 812 [1/1] (0.00ns)   --->   "%prod_addr_10 = getelementptr i16 %prod, i64 0, i64 10" [../source/tut3B_Function_Reshape/matrix_mult.cpp:23]   --->   Operation 812 'getelementptr' 'prod_addr_10' <Predicate = true> <Delay = 0.00>
ST_20 : Operation 813 [1/1] (0.00ns)   --->   "%prod_addr_11 = getelementptr i16 %prod, i64 0, i64 11" [../source/tut3B_Function_Reshape/matrix_mult.cpp:23]   --->   Operation 813 'getelementptr' 'prod_addr_11' <Predicate = true> <Delay = 0.00>
ST_20 : Operation 814 [1/1] ( I:0.00ns O:0.00ns )   --->   "%store_ln23 = store i16 %add_ln23_43, i5 %prod_addr_10" [../source/tut3B_Function_Reshape/matrix_mult.cpp:23]   --->   Operation 814 'store' 'store_ln23' <Predicate = true> <Delay = 0.00> <CoreInst = "RAM">   --->   Core 81 'RAM' <Latency = 0> <II = 1> <Delay = 1.86> <Storage> <Opcode : 'load' 'store'> <Ports = 2> <Width = 16> <Depth = 25> <RAM>
ST_20 : Operation 815 [1/1] ( I:0.00ns O:0.00ns )   --->   "%store_ln23 = store i16 %add_ln23_47, i5 %prod_addr_11" [../source/tut3B_Function_Reshape/matrix_mult.cpp:23]   --->   Operation 815 'store' 'store_ln23' <Predicate = true> <Delay = 0.00> <CoreInst = "RAM">   --->   Core 81 'RAM' <Latency = 0> <II = 1> <Delay = 1.86> <Storage> <Opcode : 'load' 'store'> <Ports = 2> <Width = 16> <Depth = 25> <RAM>
ST_20 : Operation 816 [1/1] (2.07ns)   --->   "%add_ln23_75 = add i16 %add_ln23_74, i16 %add_ln23_72" [../source/tut3B_Function_Reshape/matrix_mult.cpp:23]   --->   Operation 816 'add' 'add_ln23_75' <Predicate = true> <Delay = 2.07> <CoreInst = "Adder">   --->   Core 1 'Adder' <Latency = 0> <II = 1> <Delay = 2.07> <FuncUnit> <Opcode : 'add' 'sub'> <InPorts = 2> <OutPorts = 1>
ST_20 : Operation 817 [1/1] (2.07ns)   --->   "%add_ln23_79 = add i16 %add_ln23_78, i16 %add_ln23_76" [../source/tut3B_Function_Reshape/matrix_mult.cpp:23]   --->   Operation 817 'add' 'add_ln23_79' <Predicate = true> <Delay = 2.07> <CoreInst = "Adder">   --->   Core 1 'Adder' <Latency = 0> <II = 1> <Delay = 2.07> <FuncUnit> <Opcode : 'add' 'sub'> <InPorts = 2> <OutPorts = 1>
ST_20 : Operation 818 [1/2] (2.10ns) (root node of the DSP)   --->   "%add_ln23_82 = add i16 %add_ln23_81, i16 %mul_ln23_104" [../source/tut3B_Function_Reshape/matrix_mult.cpp:23]   --->   Operation 818 'add' 'add_ln23_82' <Predicate = true> <Delay = 2.10> <CoreInst = "DSP48">   --->   Core 116 'DSP48' <Latency = 3> <II = 1> <Delay = 2.15> <IPBlock> <Opcode : 'add' 'sub' 'mul' 'select'> <InPorts = 0> <OutPorts = 1> <Sync> <CReg>
ST_20 : Operation 819 [1/2] (2.10ns) (root node of the DSP)   --->   "%add_ln23_86 = add i16 %add_ln23_85, i16 %mul_ln23_109" [../source/tut3B_Function_Reshape/matrix_mult.cpp:23]   --->   Operation 819 'add' 'add_ln23_86' <Predicate = true> <Delay = 2.10> <CoreInst = "DSP48">   --->   Core 116 'DSP48' <Latency = 3> <II = 1> <Delay = 2.15> <IPBlock> <Opcode : 'add' 'sub' 'mul' 'select'> <InPorts = 0> <OutPorts = 1> <Sync> <CReg>
ST_20 : Operation 820 [1/2] (2.10ns) (root node of the DSP)   --->   "%add_ln23_90 = add i16 %add_ln23_89, i16 %mul_ln23_114" [../source/tut3B_Function_Reshape/matrix_mult.cpp:23]   --->   Operation 820 'add' 'add_ln23_90' <Predicate = true> <Delay = 2.10> <CoreInst = "DSP48">   --->   Core 116 'DSP48' <Latency = 3> <II = 1> <Delay = 2.15> <IPBlock> <Opcode : 'add' 'sub' 'mul' 'select'> <InPorts = 0> <OutPorts = 1> <Sync> <CReg>
ST_20 : Operation 821 [1/2] (2.10ns) (root node of the DSP)   --->   "%add_ln23_92 = add i16 %mul_ln23_116, i16 %mul_ln23_115" [../source/tut3B_Function_Reshape/matrix_mult.cpp:23]   --->   Operation 821 'add' 'add_ln23_92' <Predicate = true> <Delay = 2.10> <CoreInst = "DSP48">   --->   Core 116 'DSP48' <Latency = 3> <II = 1> <Delay = 2.15> <IPBlock> <Opcode : 'add' 'sub' 'mul' 'select'> <InPorts = 0> <OutPorts = 1> <Sync> <CReg>
ST_20 : Operation 822 [1/2] (2.10ns) (root node of the DSP)   --->   "%add_ln23_94 = add i16 %add_ln23_93, i16 %mul_ln23_119" [../source/tut3B_Function_Reshape/matrix_mult.cpp:23]   --->   Operation 822 'add' 'add_ln23_94' <Predicate = true> <Delay = 2.10> <CoreInst = "DSP48">   --->   Core 116 'DSP48' <Latency = 3> <II = 1> <Delay = 2.15> <IPBlock> <Opcode : 'add' 'sub' 'mul' 'select'> <InPorts = 0> <OutPorts = 1> <Sync> <CReg>
ST_20 : Operation 823 [1/3] (0.00ns) (grouped into DSP with root node add_ln23_98)   --->   "%mul_ln23_124 = mul i16 %sext_ln23_47, i16 %sext_ln23_27" [../source/tut3B_Function_Reshape/matrix_mult.cpp:23]   --->   Operation 823 'mul' 'mul_ln23_124' <Predicate = true> <Delay = 0.00> <CoreInst = "DSP48">   --->   Core 116 'DSP48' <Latency = 3> <II = 1> <Delay = 2.15> <IPBlock> <Opcode : 'add' 'sub' 'mul' 'select'> <InPorts = 0> <OutPorts = 1> <Sync> <CReg>
ST_20 : Operation 824 [1/2] (2.10ns) (root node of the DSP)   --->   "%add_ln23_96 = add i16 %mul_ln23_121, i16 %mul_ln23_120" [../source/tut3B_Function_Reshape/matrix_mult.cpp:23]   --->   Operation 824 'add' 'add_ln23_96' <Predicate = true> <Delay = 2.10> <CoreInst = "DSP48">   --->   Core 116 'DSP48' <Latency = 3> <II = 1> <Delay = 2.15> <IPBlock> <Opcode : 'add' 'sub' 'mul' 'select'> <InPorts = 0> <OutPorts = 1> <Sync> <CReg>
ST_20 : Operation 825 [2/2] (2.10ns) (root node of the DSP)   --->   "%add_ln23_98 = add i16 %add_ln23_97, i16 %mul_ln23_124" [../source/tut3B_Function_Reshape/matrix_mult.cpp:23]   --->   Operation 825 'add' 'add_ln23_98' <Predicate = true> <Delay = 2.10> <CoreInst = "DSP48">   --->   Core 116 'DSP48' <Latency = 3> <II = 1> <Delay = 2.15> <IPBlock> <Opcode : 'add' 'sub' 'mul' 'select'> <InPorts = 0> <OutPorts = 1> <Sync> <CReg>

State 21 <SV = 20> <Delay = 2.10>
ST_21 : Operation 826 [1/1] (0.00ns)   --->   "%prod_addr_12 = getelementptr i16 %prod, i64 0, i64 12" [../source/tut3B_Function_Reshape/matrix_mult.cpp:23]   --->   Operation 826 'getelementptr' 'prod_addr_12' <Predicate = true> <Delay = 0.00>
ST_21 : Operation 827 [1/1] (0.00ns)   --->   "%prod_addr_13 = getelementptr i16 %prod, i64 0, i64 13" [../source/tut3B_Function_Reshape/matrix_mult.cpp:23]   --->   Operation 827 'getelementptr' 'prod_addr_13' <Predicate = true> <Delay = 0.00>
ST_21 : Operation 828 [1/1] ( I:0.00ns O:0.00ns )   --->   "%store_ln23 = store i16 %add_ln23_51, i5 %prod_addr_12" [../source/tut3B_Function_Reshape/matrix_mult.cpp:23]   --->   Operation 828 'store' 'store_ln23' <Predicate = true> <Delay = 0.00> <CoreInst = "RAM">   --->   Core 81 'RAM' <Latency = 0> <II = 1> <Delay = 1.86> <Storage> <Opcode : 'load' 'store'> <Ports = 2> <Width = 16> <Depth = 25> <RAM>
ST_21 : Operation 829 [1/1] ( I:0.00ns O:0.00ns )   --->   "%store_ln23 = store i16 %add_ln23_55, i5 %prod_addr_13" [../source/tut3B_Function_Reshape/matrix_mult.cpp:23]   --->   Operation 829 'store' 'store_ln23' <Predicate = true> <Delay = 0.00> <CoreInst = "RAM">   --->   Core 81 'RAM' <Latency = 0> <II = 1> <Delay = 1.86> <Storage> <Opcode : 'load' 'store'> <Ports = 2> <Width = 16> <Depth = 25> <RAM>
ST_21 : Operation 830 [1/1] (2.07ns)   --->   "%add_ln23_83 = add i16 %add_ln23_82, i16 %add_ln23_80" [../source/tut3B_Function_Reshape/matrix_mult.cpp:23]   --->   Operation 830 'add' 'add_ln23_83' <Predicate = true> <Delay = 2.07> <CoreInst = "Adder">   --->   Core 1 'Adder' <Latency = 0> <II = 1> <Delay = 2.07> <FuncUnit> <Opcode : 'add' 'sub'> <InPorts = 2> <OutPorts = 1>
ST_21 : Operation 831 [1/1] (2.07ns)   --->   "%add_ln23_87 = add i16 %add_ln23_86, i16 %add_ln23_84" [../source/tut3B_Function_Reshape/matrix_mult.cpp:23]   --->   Operation 831 'add' 'add_ln23_87' <Predicate = true> <Delay = 2.07> <CoreInst = "Adder">   --->   Core 1 'Adder' <Latency = 0> <II = 1> <Delay = 2.07> <FuncUnit> <Opcode : 'add' 'sub'> <InPorts = 2> <OutPorts = 1>
ST_21 : Operation 832 [1/1] (2.07ns)   --->   "%add_ln23_91 = add i16 %add_ln23_90, i16 %add_ln23_88" [../source/tut3B_Function_Reshape/matrix_mult.cpp:23]   --->   Operation 832 'add' 'add_ln23_91' <Predicate = true> <Delay = 2.07> <CoreInst = "Adder">   --->   Core 1 'Adder' <Latency = 0> <II = 1> <Delay = 2.07> <FuncUnit> <Opcode : 'add' 'sub'> <InPorts = 2> <OutPorts = 1>
ST_21 : Operation 833 [1/1] (2.07ns)   --->   "%add_ln23_95 = add i16 %add_ln23_94, i16 %add_ln23_92" [../source/tut3B_Function_Reshape/matrix_mult.cpp:23]   --->   Operation 833 'add' 'add_ln23_95' <Predicate = true> <Delay = 2.07> <CoreInst = "Adder">   --->   Core 1 'Adder' <Latency = 0> <II = 1> <Delay = 2.07> <FuncUnit> <Opcode : 'add' 'sub'> <InPorts = 2> <OutPorts = 1>
ST_21 : Operation 834 [1/2] (2.10ns) (root node of the DSP)   --->   "%add_ln23_98 = add i16 %add_ln23_97, i16 %mul_ln23_124" [../source/tut3B_Function_Reshape/matrix_mult.cpp:23]   --->   Operation 834 'add' 'add_ln23_98' <Predicate = true> <Delay = 2.10> <CoreInst = "DSP48">   --->   Core 116 'DSP48' <Latency = 3> <II = 1> <Delay = 2.15> <IPBlock> <Opcode : 'add' 'sub' 'mul' 'select'> <InPorts = 0> <OutPorts = 1> <Sync> <CReg>

State 22 <SV = 21> <Delay = 2.07>
ST_22 : Operation 835 [1/1] (0.00ns)   --->   "%prod_addr_14 = getelementptr i16 %prod, i64 0, i64 14" [../source/tut3B_Function_Reshape/matrix_mult.cpp:23]   --->   Operation 835 'getelementptr' 'prod_addr_14' <Predicate = true> <Delay = 0.00>
ST_22 : Operation 836 [1/1] (0.00ns)   --->   "%prod_addr_15 = getelementptr i16 %prod, i64 0, i64 15" [../source/tut3B_Function_Reshape/matrix_mult.cpp:23]   --->   Operation 836 'getelementptr' 'prod_addr_15' <Predicate = true> <Delay = 0.00>
ST_22 : Operation 837 [1/1] ( I:0.00ns O:0.00ns )   --->   "%store_ln23 = store i16 %add_ln23_59, i5 %prod_addr_14" [../source/tut3B_Function_Reshape/matrix_mult.cpp:23]   --->   Operation 837 'store' 'store_ln23' <Predicate = true> <Delay = 0.00> <CoreInst = "RAM">   --->   Core 81 'RAM' <Latency = 0> <II = 1> <Delay = 1.86> <Storage> <Opcode : 'load' 'store'> <Ports = 2> <Width = 16> <Depth = 25> <RAM>
ST_22 : Operation 838 [1/1] ( I:0.00ns O:0.00ns )   --->   "%store_ln23 = store i16 %add_ln23_63, i5 %prod_addr_15" [../source/tut3B_Function_Reshape/matrix_mult.cpp:23]   --->   Operation 838 'store' 'store_ln23' <Predicate = true> <Delay = 0.00> <CoreInst = "RAM">   --->   Core 81 'RAM' <Latency = 0> <II = 1> <Delay = 1.86> <Storage> <Opcode : 'load' 'store'> <Ports = 2> <Width = 16> <Depth = 25> <RAM>
ST_22 : Operation 839 [1/1] (2.07ns)   --->   "%add_ln23_99 = add i16 %add_ln23_98, i16 %add_ln23_96" [../source/tut3B_Function_Reshape/matrix_mult.cpp:23]   --->   Operation 839 'add' 'add_ln23_99' <Predicate = true> <Delay = 2.07> <CoreInst = "Adder">   --->   Core 1 'Adder' <Latency = 0> <II = 1> <Delay = 2.07> <FuncUnit> <Opcode : 'add' 'sub'> <InPorts = 2> <OutPorts = 1>

State 23 <SV = 22> <Delay = 0.00>
ST_23 : Operation 840 [1/1] (0.00ns)   --->   "%prod_addr_16 = getelementptr i16 %prod, i64 0, i64 16" [../source/tut3B_Function_Reshape/matrix_mult.cpp:23]   --->   Operation 840 'getelementptr' 'prod_addr_16' <Predicate = true> <Delay = 0.00>
ST_23 : Operation 841 [1/1] (0.00ns)   --->   "%prod_addr_17 = getelementptr i16 %prod, i64 0, i64 17" [../source/tut3B_Function_Reshape/matrix_mult.cpp:23]   --->   Operation 841 'getelementptr' 'prod_addr_17' <Predicate = true> <Delay = 0.00>
ST_23 : Operation 842 [1/1] ( I:0.00ns O:0.00ns )   --->   "%store_ln23 = store i16 %add_ln23_67, i5 %prod_addr_16" [../source/tut3B_Function_Reshape/matrix_mult.cpp:23]   --->   Operation 842 'store' 'store_ln23' <Predicate = true> <Delay = 0.00> <CoreInst = "RAM">   --->   Core 81 'RAM' <Latency = 0> <II = 1> <Delay = 1.86> <Storage> <Opcode : 'load' 'store'> <Ports = 2> <Width = 16> <Depth = 25> <RAM>
ST_23 : Operation 843 [1/1] ( I:0.00ns O:0.00ns )   --->   "%store_ln23 = store i16 %add_ln23_71, i5 %prod_addr_17" [../source/tut3B_Function_Reshape/matrix_mult.cpp:23]   --->   Operation 843 'store' 'store_ln23' <Predicate = true> <Delay = 0.00> <CoreInst = "RAM">   --->   Core 81 'RAM' <Latency = 0> <II = 1> <Delay = 1.86> <Storage> <Opcode : 'load' 'store'> <Ports = 2> <Width = 16> <Depth = 25> <RAM>

State 24 <SV = 23> <Delay = 0.00>
ST_24 : Operation 844 [1/1] (0.00ns)   --->   "%prod_addr_18 = getelementptr i16 %prod, i64 0, i64 18" [../source/tut3B_Function_Reshape/matrix_mult.cpp:23]   --->   Operation 844 'getelementptr' 'prod_addr_18' <Predicate = true> <Delay = 0.00>
ST_24 : Operation 845 [1/1] (0.00ns)   --->   "%prod_addr_19 = getelementptr i16 %prod, i64 0, i64 19" [../source/tut3B_Function_Reshape/matrix_mult.cpp:23]   --->   Operation 845 'getelementptr' 'prod_addr_19' <Predicate = true> <Delay = 0.00>
ST_24 : Operation 846 [1/1] ( I:0.00ns O:0.00ns )   --->   "%store_ln23 = store i16 %add_ln23_75, i5 %prod_addr_18" [../source/tut3B_Function_Reshape/matrix_mult.cpp:23]   --->   Operation 846 'store' 'store_ln23' <Predicate = true> <Delay = 0.00> <CoreInst = "RAM">   --->   Core 81 'RAM' <Latency = 0> <II = 1> <Delay = 1.86> <Storage> <Opcode : 'load' 'store'> <Ports = 2> <Width = 16> <Depth = 25> <RAM>
ST_24 : Operation 847 [1/1] ( I:0.00ns O:0.00ns )   --->   "%store_ln23 = store i16 %add_ln23_79, i5 %prod_addr_19" [../source/tut3B_Function_Reshape/matrix_mult.cpp:23]   --->   Operation 847 'store' 'store_ln23' <Predicate = true> <Delay = 0.00> <CoreInst = "RAM">   --->   Core 81 'RAM' <Latency = 0> <II = 1> <Delay = 1.86> <Storage> <Opcode : 'load' 'store'> <Ports = 2> <Width = 16> <Depth = 25> <RAM>

State 25 <SV = 24> <Delay = 0.00>
ST_25 : Operation 848 [1/1] (0.00ns)   --->   "%prod_addr_20 = getelementptr i16 %prod, i64 0, i64 20" [../source/tut3B_Function_Reshape/matrix_mult.cpp:23]   --->   Operation 848 'getelementptr' 'prod_addr_20' <Predicate = true> <Delay = 0.00>
ST_25 : Operation 849 [1/1] (0.00ns)   --->   "%prod_addr_21 = getelementptr i16 %prod, i64 0, i64 21" [../source/tut3B_Function_Reshape/matrix_mult.cpp:23]   --->   Operation 849 'getelementptr' 'prod_addr_21' <Predicate = true> <Delay = 0.00>
ST_25 : Operation 850 [1/1] ( I:0.00ns O:0.00ns )   --->   "%store_ln23 = store i16 %add_ln23_83, i5 %prod_addr_20" [../source/tut3B_Function_Reshape/matrix_mult.cpp:23]   --->   Operation 850 'store' 'store_ln23' <Predicate = true> <Delay = 0.00> <CoreInst = "RAM">   --->   Core 81 'RAM' <Latency = 0> <II = 1> <Delay = 1.86> <Storage> <Opcode : 'load' 'store'> <Ports = 2> <Width = 16> <Depth = 25> <RAM>
ST_25 : Operation 851 [1/1] ( I:0.00ns O:0.00ns )   --->   "%store_ln23 = store i16 %add_ln23_87, i5 %prod_addr_21" [../source/tut3B_Function_Reshape/matrix_mult.cpp:23]   --->   Operation 851 'store' 'store_ln23' <Predicate = true> <Delay = 0.00> <CoreInst = "RAM">   --->   Core 81 'RAM' <Latency = 0> <II = 1> <Delay = 1.86> <Storage> <Opcode : 'load' 'store'> <Ports = 2> <Width = 16> <Depth = 25> <RAM>

State 26 <SV = 25> <Delay = 0.00>
ST_26 : Operation 852 [1/1] (0.00ns)   --->   "%prod_addr_22 = getelementptr i16 %prod, i64 0, i64 22" [../source/tut3B_Function_Reshape/matrix_mult.cpp:23]   --->   Operation 852 'getelementptr' 'prod_addr_22' <Predicate = true> <Delay = 0.00>
ST_26 : Operation 853 [1/1] (0.00ns)   --->   "%prod_addr_23 = getelementptr i16 %prod, i64 0, i64 23" [../source/tut3B_Function_Reshape/matrix_mult.cpp:23]   --->   Operation 853 'getelementptr' 'prod_addr_23' <Predicate = true> <Delay = 0.00>
ST_26 : Operation 854 [1/1] ( I:0.00ns O:0.00ns )   --->   "%store_ln23 = store i16 %add_ln23_91, i5 %prod_addr_22" [../source/tut3B_Function_Reshape/matrix_mult.cpp:23]   --->   Operation 854 'store' 'store_ln23' <Predicate = true> <Delay = 0.00> <CoreInst = "RAM">   --->   Core 81 'RAM' <Latency = 0> <II = 1> <Delay = 1.86> <Storage> <Opcode : 'load' 'store'> <Ports = 2> <Width = 16> <Depth = 25> <RAM>
ST_26 : Operation 855 [1/1] ( I:0.00ns O:0.00ns )   --->   "%store_ln23 = store i16 %add_ln23_95, i5 %prod_addr_23" [../source/tut3B_Function_Reshape/matrix_mult.cpp:23]   --->   Operation 855 'store' 'store_ln23' <Predicate = true> <Delay = 0.00> <CoreInst = "RAM">   --->   Core 81 'RAM' <Latency = 0> <II = 1> <Delay = 1.86> <Storage> <Opcode : 'load' 'store'> <Ports = 2> <Width = 16> <Depth = 25> <RAM>

State 27 <SV = 26> <Delay = 0.00>
ST_27 : Operation 856 [1/1] (0.00ns)   --->   "%prod_addr_24 = getelementptr i16 %prod, i64 0, i64 24" [../source/tut3B_Function_Reshape/matrix_mult.cpp:23]   --->   Operation 856 'getelementptr' 'prod_addr_24' <Predicate = true> <Delay = 0.00>
ST_27 : Operation 857 [1/1] (0.00ns)   --->   "%specpipeline_ln0 = specpipeline void @_ssdm_op_SpecPipeline, i32 1, i32 0, i32 0, i32 0, i32 4294967295, void @empty_0"   --->   Operation 857 'specpipeline' 'specpipeline_ln0' <Predicate = true> <Delay = 0.00>
ST_27 : Operation 858 [1/1] (0.00ns)   --->   "%spectopmodule_ln0 = spectopmodule void @_ssdm_op_SpecTopModule, void @empty_1"   --->   Operation 858 'spectopmodule' 'spectopmodule_ln0' <Predicate = true> <Delay = 0.00>
ST_27 : Operation 859 [1/1] (0.00ns)   --->   "%specinterface_ln0 = specinterface void @_ssdm_op_SpecInterface, i40 %a, void @empty, i32 0, i32 0, void @empty_0, i32 4294967295, i32 0, void @empty_0, void @empty_0, void @empty_0, i32 0, i32 0, i32 0, i32 0, void @empty_0, void @empty_0, i32 4294967295, i32 0, i32 0, i32 0"   --->   Operation 859 'specinterface' 'specinterface_ln0' <Predicate = true> <Delay = 0.00>
ST_27 : Operation 860 [1/1] (0.00ns)   --->   "%specbitsmap_ln0 = specbitsmap void @_ssdm_op_SpecBitsMap, i40 %a"   --->   Operation 860 'specbitsmap' 'specbitsmap_ln0' <Predicate = true> <Delay = 0.00>
ST_27 : Operation 861 [1/1] (0.00ns)   --->   "%specinterface_ln0 = specinterface void @_ssdm_op_SpecInterface, i40 %b, void @empty, i32 0, i32 0, void @empty_0, i32 4294967295, i32 0, void @empty_0, void @empty_0, void @empty_0, i32 0, i32 0, i32 0, i32 0, void @empty_0, void @empty_0, i32 4294967295, i32 0, i32 0, i32 0"   --->   Operation 861 'specinterface' 'specinterface_ln0' <Predicate = true> <Delay = 0.00>
ST_27 : Operation 862 [1/1] (0.00ns)   --->   "%specbitsmap_ln0 = specbitsmap void @_ssdm_op_SpecBitsMap, i40 %b"   --->   Operation 862 'specbitsmap' 'specbitsmap_ln0' <Predicate = true> <Delay = 0.00>
ST_27 : Operation 863 [1/1] (0.00ns)   --->   "%specinterface_ln0 = specinterface void @_ssdm_op_SpecInterface, i16 %prod, void @empty, i32 0, i32 0, void @empty_0, i32 4294967295, i32 0, void @empty_0, void @empty_0, void @empty_0, i32 0, i32 0, i32 0, i32 0, void @empty_0, void @empty_0, i32 4294967295, i32 0, i32 0, i32 0"   --->   Operation 863 'specinterface' 'specinterface_ln0' <Predicate = true> <Delay = 0.00>
ST_27 : Operation 864 [1/1] (0.00ns)   --->   "%specbitsmap_ln0 = specbitsmap void @_ssdm_op_SpecBitsMap, i16 %prod"   --->   Operation 864 'specbitsmap' 'specbitsmap_ln0' <Predicate = true> <Delay = 0.00>
ST_27 : Operation 865 [1/1] ( I:0.00ns O:0.00ns )   --->   "%store_ln23 = store i16 %add_ln23_99, i5 %prod_addr_24" [../source/tut3B_Function_Reshape/matrix_mult.cpp:23]   --->   Operation 865 'store' 'store_ln23' <Predicate = true> <Delay = 0.00> <CoreInst = "RAM">   --->   Core 81 'RAM' <Latency = 0> <II = 1> <Delay = 1.86> <Storage> <Opcode : 'load' 'store'> <Ports = 2> <Width = 16> <Depth = 25> <RAM>
ST_27 : Operation 866 [1/1] (0.00ns)   --->   "%ret_ln27 = ret" [../source/tut3B_Function_Reshape/matrix_mult.cpp:27]   --->   Operation 866 'ret' 'ret_ln27' <Predicate = true> <Delay = 0.00>


============================================================
+ Verbose Summary: Timing violations
============================================================
Target clock period: 5.000ns, clock uncertainty: 1.350ns.

 <State 1>: 0.000ns
The critical path consists of the following:

 <State 2>: 5.415ns
The critical path consists of the following:
	'load' operation 40 bit ('a_load', ../source/tut3B_Function_Reshape/matrix_mult.cpp:23) on array 'a' [38]  (0.000 ns)
	'mul' operation 16 bit ('mul_ln23_3', ../source/tut3B_Function_Reshape/matrix_mult.cpp:23) [64]  (5.415 ns)

 <State 3>: 5.415ns
The critical path consists of the following:
	'mul' operation 16 bit ('mul_ln23_3', ../source/tut3B_Function_Reshape/matrix_mult.cpp:23) [64]  (5.415 ns)

 <State 4>: 5.415ns
The critical path consists of the following:
	'mul' operation 16 bit ('mul_ln23_3', ../source/tut3B_Function_Reshape/matrix_mult.cpp:23) [64]  (5.415 ns)

 <State 5>: 5.415ns
The critical path consists of the following:
	'mul' operation 16 bit ('mul_ln23_3', ../source/tut3B_Function_Reshape/matrix_mult.cpp:23) [64]  (5.415 ns)

 <State 6>: 5.415ns
The critical path consists of the following:
	'mul' operation 16 bit ('mul_ln23_3', ../source/tut3B_Function_Reshape/matrix_mult.cpp:23) [64]  (5.415 ns)

 <State 7>: 5.415ns
The critical path consists of the following:
	'mul' operation 16 bit ('mul_ln23_13', ../source/tut3B_Function_Reshape/matrix_mult.cpp:23) [108]  (5.415 ns)

 <State 8>: 5.415ns
The critical path consists of the following:
	'mul' operation 16 bit ('mul_ln23_1', ../source/tut3B_Function_Reshape/matrix_mult.cpp:23) [62]  (5.415 ns)

 <State 9>: 5.415ns
The critical path consists of the following:
	'mul' operation 16 bit ('mul_ln23_1', ../source/tut3B_Function_Reshape/matrix_mult.cpp:23) [62]  (5.415 ns)

 <State 10>: 5.415ns
The critical path consists of the following:
	'mul' operation 16 bit ('mul_ln23_1', ../source/tut3B_Function_Reshape/matrix_mult.cpp:23) [62]  (5.415 ns)

 <State 11>: 5.415ns
The critical path consists of the following:
	'mul' operation 16 bit ('mul_ln23_1', ../source/tut3B_Function_Reshape/matrix_mult.cpp:23) [62]  (5.415 ns)

 <State 12>: 5.415ns
The critical path consists of the following:
	'mul' operation 16 bit ('mul_ln23_1', ../source/tut3B_Function_Reshape/matrix_mult.cpp:23) [62]  (5.415 ns)

 <State 13>: 5.415ns
The critical path consists of the following:
	'mul' operation 16 bit ('mul_ln23_16', ../source/tut3B_Function_Reshape/matrix_mult.cpp:23) [128]  (5.415 ns)

 <State 14>: 5.415ns
The critical path consists of the following:
	'mul' operation 16 bit ('mul_ln23_36', ../source/tut3B_Function_Reshape/matrix_mult.cpp:23) [192]  (5.415 ns)

 <State 15>: 5.415ns
The critical path consists of the following:
	'mul' operation 16 bit ('mul_ln23_56', ../source/tut3B_Function_Reshape/matrix_mult.cpp:23) [244]  (5.415 ns)

 <State 16>: 5.415ns
The critical path consists of the following:
	'mul' operation 16 bit ('mul_ln23_76', ../source/tut3B_Function_Reshape/matrix_mult.cpp:23) [296]  (5.415 ns)

 <State 17>: 5.415ns
The critical path consists of the following:
	'mul' operation 16 bit ('mul_ln23_96', ../source/tut3B_Function_Reshape/matrix_mult.cpp:23) [336]  (5.415 ns)

 <State 18>: 5.415ns
The critical path consists of the following:
	'mul' operation 16 bit ('mul_ln23_116', ../source/tut3B_Function_Reshape/matrix_mult.cpp:23) [388]  (5.415 ns)

 <State 19>: 2.100ns
The critical path consists of the following:
	'add' operation 16 bit of DSP[332] ('add_ln23_74', ../source/tut3B_Function_Reshape/matrix_mult.cpp:23) [332]  (2.100 ns)

 <State 20>: 2.100ns
The critical path consists of the following:
	'add' operation 16 bit of DSP[364] ('add_ln23_82', ../source/tut3B_Function_Reshape/matrix_mult.cpp:23) [364]  (2.100 ns)

 <State 21>: 2.100ns
The critical path consists of the following:
	'add' operation 16 bit of DSP[404] ('add_ln23_98', ../source/tut3B_Function_Reshape/matrix_mult.cpp:23) [404]  (2.100 ns)

 <State 22>: 2.077ns
The critical path consists of the following:
	'add' operation 16 bit ('add_ln23_99', ../source/tut3B_Function_Reshape/matrix_mult.cpp:23) [405]  (2.077 ns)

 <State 23>: 0.000ns
The critical path consists of the following:

 <State 24>: 0.000ns
The critical path consists of the following:

 <State 25>: 0.000ns
The critical path consists of the following:

 <State 26>: 0.000ns
The critical path consists of the following:

 <State 27>: 0.000ns
The critical path consists of the following:


============================================================
+ Verbose Summary: Binding
============================================================
N/A
* FSMD analyzer results:
  - Output states:
 - Input state : 
  - Chain level:
	State 1
	State 2
	State 3
	State 4
	State 5
	State 6
	State 7
	State 8
	State 9
	State 10
	State 11
	State 12
	State 13
	State 14
	State 15
	State 16
	State 17
	State 18
	State 19
	State 20
	State 21
	State 22
	State 23
	State 24
	State 25
	State 26
	State 27


============================================================
+ Verbose Summary: Datapath Resource usage 
============================================================
N/A
