

================================================================
== Vitis HLS Report for 'matrix_mult'
================================================================
* Date:           Tue Oct  6 18:51:43 2026

* Version:        2026.1 (Build 6493734 on Jun 16 2026)
* Project:        matrix_mult
* Solution:       hls
* Product family: zynq
* Target device:  xc7z020-clg484-1


================================================================
== Performance Estimates
================================================================
+ Timing: 
    * Summary: 
    +--------+---------+----------+------------+
    |  Clock |  Target | Estimated| Uncertainty|
    +--------+---------+----------+------------+
    |ap_clk  |  5.00 ns|  5.415 ns|     1.35 ns|
    +--------+---------+----------+------------+

+ Latency: 
    * Summary: 
    +---------+---------+----------+----------+-----+-----+-----------------------------------------+
    |  Latency (cycles) |  Latency (absolute) |  Interval |                 Pipeline                |
    |   min   |   max   |    min   |    max   | min | max |                   Type                  |
    +---------+---------+----------+----------+-----+-----+-----------------------------------------+
    |       35|       35|  0.190 us|  0.190 us|   26|   26|  loop auto-rewind stp (delay=1 cycle(s))|
    +---------+---------+----------+----------+-----+-----+-----------------------------------------+

    + Detail: 
        * Instance: 
        N/A

        * Loop: 
        +-----------+---------+---------+----------+-----------+-----------+------+----------+
        |           |  Latency (cycles) | Iteration|  Initiation Interval  | Trip |          |
        | Loop Name |   min   |   max   |  Latency |  achieved |   target  | Count| Pipelined|
        +-----------+---------+---------+----------+-----------+-----------+------+----------+
        |- Row_Col  |       33|       33|        10|          1|          1|    25|       yes|
        +-----------+---------+---------+----------+-----------+-----------+------+----------+



================================================================
== Utilization Estimates
================================================================
* Summary: 
+-----------------+---------+-----+--------+-------+-----+
|       Name      | BRAM_18K| DSP |   FF   |  LUT  | URAM|
+-----------------+---------+-----+--------+-------+-----+
|DSP              |        -|    3|       -|      -|    -|
|Expression       |        -|    -|       0|    105|    -|
|FIFO             |        -|    -|       -|      -|    -|
|Instance         |        -|    0|     204|    154|    -|
|Memory           |        -|    -|       -|      -|    -|
|Multiplexer      |        -|    -|       0|     54|    -|
|Register         |        -|    -|     654|    256|    -|
+-----------------+---------+-----+--------+-------+-----+
|Total            |        0|    3|     858|    569|    0|
+-----------------+---------+-----+--------+-------+-----+
|Available        |      280|  220|  106400|  53200|    0|
+-----------------+---------+-----+--------+-------+-----+
|Utilization (%)  |        0|    1|      ~0|      1|    0|
+-----------------+---------+-----+--------+-------+-----+

+ Detail: 
    * Instance: 
    +---------------------+------------------+---------+----+-----+----+-----+
    |       Instance      |      Module      | BRAM_18K| DSP|  FF | LUT| URAM|
    +---------------------+------------------+---------+----+-----+----+-----+
    |mul_8s_8s_16_5_1_U1  |mul_8s_8s_16_5_1  |        0|   0|  102|  77|    0|
    |mul_8s_8s_16_5_1_U2  |mul_8s_8s_16_5_1  |        0|   0|  102|  77|    0|
    +---------------------+------------------+---------+----+-----+----+-----+
    |Total                |                  |        0|   0|  204| 154|    0|
    +---------------------+------------------+---------+----+-----+----+-----+

    * DSP: 
    +--------------------------------+-----------------------------+--------------+
    |            Instance            |            Module           |  Expression  |
    +--------------------------------+-----------------------------+--------------+
    |mac_muladd_8s_8s_16s_16_4_1_U3  |mac_muladd_8s_8s_16s_16_4_1  |  i0 + i1 * i2|
    |mac_muladd_8s_8s_16s_16_4_1_U4  |mac_muladd_8s_8s_16s_16_4_1  |  i0 + i1 * i2|
    |mac_muladd_8s_8s_16s_16_4_1_U5  |mac_muladd_8s_8s_16s_16_4_1  |  i0 + i1 * i2|
    +--------------------------------+-----------------------------+--------------+

    * Memory: 
    N/A

    * FIFO: 
    N/A

    * Expression: 
    +-----------------------+----------+----+---+----+------------+------------+
    |     Variable Name     | Operation| DSP| FF| LUT| Bitwidth P0| Bitwidth P1|
    +-----------------------+----------+----+---+----+------------+------------+
    |add_ln12_1_fu_144_p2   |         +|   0|  0|  13|           5|           1|
    |add_ln23_3_fu_368_p2   |         +|   0|  0|  23|          16|          16|
    |add_ln23_4_fu_284_p2   |         +|   0|  0|   7|           5|           5|
    |add_ln23_5_fu_231_p2   |         +|   0|  0|   7|           5|           5|
    |i_3_fu_183_p2          |         +|   0|  0|  11|           3|           3|
    |j_3_fu_199_p2          |         +|   0|  0|  11|           3|           1|
    |ap_condition_237       |       and|   0|  0|   2|           1|           1|
    |icmp_ln12_fu_150_p2    |      icmp|   0|  0|  13|           5|           5|
    |icmp_ln15_fu_205_p2    |      icmp|   0|  0|  11|           3|           3|
    |empty_fu_175_p3        |    select|   0|  0|   2|           1|           1|
    |select_ln12_fu_167_p3  |    select|   0|  0|   3|           1|           1|
    |ap_enable_pp0          |       xor|   0|  0|   2|           1|           2|
    +-----------------------+----------+----+---+----+------------+------------+
    |Total                  |          |   0|  0| 105|          49|          44|
    +-----------------------+----------+----+---+----+------------+------------+

    * Multiplexer: 
    +---------------------------------------+----+-----------+-----+-----------+
    |                  Name                 | LUT| Input Size| Bits| Total Bits|
    +---------------------------------------+----+-----------+-----+-----------+
    |ap_done_int                            |   9|          2|    1|          2|
    |ap_phi_mux_icmp_ln154_phi_fu_119_p4    |   9|          2|    1|          2|
    |ap_sig_allocacmp_indvar_flatten1_load  |   9|          2|    5|         10|
    |i_fu_68                                |   9|          2|    3|          6|
    |indvar_flatten1_fu_64                  |   9|          2|    5|         10|
    |j_fu_72                                |   9|          2|    3|          6|
    +---------------------------------------+----+-----------+-----+-----------+
    |Total                                  |  54|         12|   18|         36|
    +---------------------------------------+----+-----------+-----+-----------+

    * Register: 
    +--------------------------------------------------+----+----+-----+-----------+
    |                       Name                       | FF | LUT| Bits| Const Bits|
    +--------------------------------------------------+----+----+-----+-----------+
    |add_ln23_4_reg_472                                |   5|   0|    5|          0|
    |add_ln23_reg_542                                  |  16|   0|   16|          0|
    |ap_CS_fsm                                         |   1|   0|    1|          0|
    |ap_condition_exit_pp0_iter0_stage0_pp0_iter1_reg  |   1|   0|    1|          0|
    |ap_done_reg                                       |   1|   0|    1|          0|
    |ap_enable_reg_pp0_iter1                           |   1|   0|    1|          0|
    |ap_enable_reg_pp0_iter2                           |   1|   0|    1|          0|
    |ap_enable_reg_pp0_iter3                           |   1|   0|    1|          0|
    |ap_enable_reg_pp0_iter4                           |   1|   0|    1|          0|
    |ap_enable_reg_pp0_iter5                           |   1|   0|    1|          0|
    |ap_enable_reg_pp0_iter6                           |   1|   0|    1|          0|
    |ap_enable_reg_pp0_iter7                           |   1|   0|    1|          0|
    |ap_enable_reg_pp0_iter8                           |   1|   0|    1|          0|
    |ap_enable_reg_pp0_iter9                           |   1|   0|    1|          0|
    |ap_loop_exit_ready_pp0_iter1_reg                  |   1|   0|    1|          0|
    |ap_loop_exit_ready_pp0_iter2_reg                  |   1|   0|    1|          0|
    |ap_loop_exit_ready_pp0_iter3_reg                  |   1|   0|    1|          0|
    |ap_loop_exit_ready_pp0_iter4_reg                  |   1|   0|    1|          0|
    |ap_loop_exit_ready_pp0_iter5_reg                  |   1|   0|    1|          0|
    |ap_loop_exit_ready_pp0_iter6_reg                  |   1|   0|    1|          0|
    |ap_loop_exit_ready_pp0_iter7_reg                  |   1|   0|    1|          0|
    |ap_loop_exit_ready_pp0_iter8_reg                  |   1|   0|    1|          0|
    |ap_loop_exit_ready_pp0_iter9_reg                  |   1|   0|    1|          0|
    |ap_loop_init_pp0_iter1_reg                        |   1|   0|    1|          0|
    |i_3_reg_426                                       |   3|   0|    3|          0|
    |i_fu_68                                           |   3|   0|    3|          0|
    |icmp_ln12_reg_417                                 |   1|   0|    1|          0|
    |icmp_ln15_reg_442                                 |   1|   0|    1|          0|
    |indvar_flatten1_fu_64                             |   5|   0|    5|          0|
    |j_fu_72                                           |   3|   0|    3|          0|
    |mul_ln23_1_reg_532                                |  16|   0|   16|          0|
    |mul_ln23_3_reg_537                                |  16|   0|   16|          0|
    |select_ln12_reg_421                               |   3|   0|    3|          0|
    |tmp_1_reg_457                                     |   8|   0|    8|          0|
    |tmp_3_reg_467                                     |   8|   0|    8|          0|
    |tmp_5_reg_487                                     |   8|   0|    8|          0|
    |tmp_7_reg_497                                     |   8|   0|    8|          0|
    |trunc_ln23_1_reg_477                              |   8|   0|    8|          0|
    |trunc_ln23_reg_447                                |   8|   0|    8|          0|
    |add_ln23_4_reg_472                                |  64|  32|    5|          0|
    |icmp_ln12_reg_417                                 |  64|  32|    1|          0|
    |tmp_1_reg_457                                     |  64|  32|    8|          0|
    |tmp_3_reg_467                                     |  64|  32|    8|          0|
    |tmp_5_reg_487                                     |  64|  32|    8|          0|
    |tmp_7_reg_497                                     |  64|  32|    8|          0|
    |trunc_ln23_1_reg_477                              |  64|  32|    8|          0|
    |trunc_ln23_reg_447                                |  64|  32|    8|          0|
    +--------------------------------------------------+----+----+-----+-----------+
    |Total                                             | 654| 256|  196|          0|
    +--------------------------------------------------+----+----+-----+-----------+



================================================================
== Interface
================================================================
* Summary: 
+---------------+-----+-----+------------+--------------+--------------+
|   RTL Ports   | Dir | Bits|  Protocol  | Source Object|    C Type    |
+---------------+-----+-----+------------+--------------+--------------+
|ap_clk         |   in|    1|  ap_ctrl_hs|   matrix_mult|  return value|
|ap_rst         |   in|    1|  ap_ctrl_hs|   matrix_mult|  return value|
|ap_start       |   in|    1|  ap_ctrl_hs|   matrix_mult|  return value|
|ap_done        |  out|    1|  ap_ctrl_hs|   matrix_mult|  return value|
|ap_idle        |  out|    1|  ap_ctrl_hs|   matrix_mult|  return value|
|ap_ready       |  out|    1|  ap_ctrl_hs|   matrix_mult|  return value|
|a_address0     |  out|    3|   ap_memory|             a|         array|
|a_ce0          |  out|    1|   ap_memory|             a|         array|
|a_q0           |   in|   40|   ap_memory|             a|         array|
|b_address0     |  out|    3|   ap_memory|             b|         array|
|b_ce0          |  out|    1|   ap_memory|             b|         array|
|b_q0           |   in|   40|   ap_memory|             b|         array|
|prod_address0  |  out|    5|   ap_memory|          prod|         array|
|prod_ce0       |  out|    1|   ap_memory|          prod|         array|
|prod_we0       |  out|    1|   ap_memory|          prod|         array|
|prod_d0        |  out|   16|   ap_memory|          prod|         array|
+---------------+-----+-----+------------+--------------+--------------+

============================================================
+ Verbose Summary: Synthesis Manager
============================================================
InlineROM: 1
ExposeGlobal: 0
============================================================
+ Verbose Summary: CDFG Model
============================================================
IsTopModel: 1
ResetActiveHigh: 1
IsCombinational: 2
IsDatapathOnly: 2
HasWiredReturn: 1
HasMFsm: 2
HasVarLatency: 1
IsPipeline: 0
IsRtlPipelined: 0
IsInstanceOverlapped: 0
IsDontTouch: 0
HasImplIP: 0
IsGatedGlobalClock: 0

+ Individual pipeline summary: 
  * Pipeline-0: initiation interval (II) = 1, depth = 10


============================================================
+ Verbose Summary: Schedule
============================================================
* Number of FSM states : 10
* Pipeline : 1
  Pipeline-0 : II = 1, D = 10, States = { 1 2 3 4 5 6 7 8 9 10 }
* Dataflow Pipeline: 0

* FSM state transitions: 
1 --> 2 
2 --> 3 
3 --> 4 
4 --> 5 
5 --> 6 
6 --> 7 
7 --> 8 
8 --> 9 
9 --> 10 
10 --> 

* FSM state operations: 

State 1 <SV = 0> <Delay = 4.95>
ST_1 : Operation 13 [1/1] (0.00ns)   --->   "%indvar_flatten1 = alloca i32 1"   --->   Operation 13 'alloca' 'indvar_flatten1' <Predicate = true> <Delay = 0.00>
ST_1 : Operation 14 [1/1] (0.00ns)   --->   "%i = alloca i32 1" [../source/tut3B_Reshape/matrix_mult.cpp:12]   --->   Operation 14 'alloca' 'i' <Predicate = true> <Delay = 0.00>
ST_1 : Operation 15 [1/1] (0.00ns)   --->   "%j = alloca i32 1" [../source/tut3B_Reshape/matrix_mult.cpp:15]   --->   Operation 15 'alloca' 'j' <Predicate = true> <Delay = 0.00>
ST_1 : Operation 16 [1/1] (0.00ns)   --->   "%spectopmodule_ln0 = spectopmodule void @_ssdm_op_SpecTopModule, void @empty_1"   --->   Operation 16 'spectopmodule' 'spectopmodule_ln0' <Predicate = true> <Delay = 0.00>
ST_1 : Operation 17 [1/1] (0.00ns)   --->   "%specinterface_ln0 = specinterface void @_ssdm_op_SpecInterface, i40 %a, void @empty, i32 0, i32 0, void @empty_0, i32 4294967295, i32 0, void @empty_0, void @empty_0, void @empty_0, i32 0, i32 0, i32 0, i32 0, void @empty_0, void @empty_0, i32 4294967295, i32 0, i32 0, i32 0"   --->   Operation 17 'specinterface' 'specinterface_ln0' <Predicate = true> <Delay = 0.00>
ST_1 : Operation 18 [1/1] (0.00ns)   --->   "%specbitsmap_ln0 = specbitsmap void @_ssdm_op_SpecBitsMap, i40 %a"   --->   Operation 18 'specbitsmap' 'specbitsmap_ln0' <Predicate = true> <Delay = 0.00>
ST_1 : Operation 19 [1/1] (0.00ns)   --->   "%specinterface_ln0 = specinterface void @_ssdm_op_SpecInterface, i40 %b, void @empty, i32 0, i32 0, void @empty_0, i32 4294967295, i32 0, void @empty_0, void @empty_0, void @empty_0, i32 0, i32 0, i32 0, i32 0, void @empty_0, void @empty_0, i32 4294967295, i32 0, i32 0, i32 0"   --->   Operation 19 'specinterface' 'specinterface_ln0' <Predicate = true> <Delay = 0.00>
ST_1 : Operation 20 [1/1] (0.00ns)   --->   "%specbitsmap_ln0 = specbitsmap void @_ssdm_op_SpecBitsMap, i40 %b"   --->   Operation 20 'specbitsmap' 'specbitsmap_ln0' <Predicate = true> <Delay = 0.00>
ST_1 : Operation 21 [1/1] (0.00ns)   --->   "%specinterface_ln0 = specinterface void @_ssdm_op_SpecInterface, i16 %prod, void @empty, i32 0, i32 0, void @empty_0, i32 4294967295, i32 0, void @empty_0, void @empty_0, void @empty_0, i32 0, i32 0, i32 0, i32 0, void @empty_0, void @empty_0, i32 4294967295, i32 0, i32 0, i32 0"   --->   Operation 21 'specinterface' 'specinterface_ln0' <Predicate = true> <Delay = 0.00>
ST_1 : Operation 22 [1/1] (0.00ns)   --->   "%specbitsmap_ln0 = specbitsmap void @_ssdm_op_SpecBitsMap, i16 %prod"   --->   Operation 22 'specbitsmap' 'specbitsmap_ln0' <Predicate = true> <Delay = 0.00>
ST_1 : Operation 23 [1/1] (1.58ns)   --->   "%store_ln15 = store i3 0, i3 %j" [../source/tut3B_Reshape/matrix_mult.cpp:15]   --->   Operation 23 'store' 'store_ln15' <Predicate = true> <Delay = 1.58>
ST_1 : Operation 24 [1/1] (1.58ns)   --->   "%store_ln12 = store i3 0, i3 %i" [../source/tut3B_Reshape/matrix_mult.cpp:12]   --->   Operation 24 'store' 'store_ln12' <Predicate = true> <Delay = 1.58>
ST_1 : Operation 25 [1/1] (1.58ns)   --->   "%store_ln0 = store i5 0, i5 %indvar_flatten1"   --->   Operation 25 'store' 'store_ln0' <Predicate = true> <Delay = 1.58>
ST_1 : Operation 26 [1/1] (1.58ns)   --->   "%br_ln0 = br void %for.inc29"   --->   Operation 26 'br' 'br_ln0' <Predicate = true> <Delay = 1.58>
ST_1 : Operation 27 [1/1] (0.00ns)   --->   "%indvar_flatten1_load = load i5 %indvar_flatten1" [../source/tut3B_Reshape/matrix_mult.cpp:12]   --->   Operation 27 'load' 'indvar_flatten1_load' <Predicate = true> <Delay = 0.00>
ST_1 : Operation 28 [1/1] (1.78ns)   --->   "%add_ln12_1 = add i5 %indvar_flatten1_load, i5 1" [../source/tut3B_Reshape/matrix_mult.cpp:12]   --->   Operation 28 'add' 'add_ln12_1' <Predicate = true> <Delay = 1.78> <CoreInst = "Adder">   --->   Core 1 'Adder' <Latency = 0> <II = 1> <Delay = 1.78> <FuncUnit> <Opcode : 'add' 'sub'> <InPorts = 2> <OutPorts = 1>
ST_1 : Operation 29 [1/1] (1.78ns)   --->   "%icmp_ln12 = icmp_eq  i5 %indvar_flatten1_load, i5 24" [../source/tut3B_Reshape/matrix_mult.cpp:12]   --->   Operation 29 'icmp' 'icmp_ln12' <Predicate = true> <Delay = 1.78> <CoreInst = "Cmp">   --->   Core 9 'Cmp' <Latency = 0> <II = 1> <Delay = 1.78> <FuncUnit> <Opcode : 'seteq' 'setne' 'setle' 'setge' 'setlt' 'setgt'> <InPorts = 2> <OutPorts = 1>
ST_1 : Operation 30 [1/1] (1.58ns)   --->   "%store_ln12 = store i5 %add_ln12_1, i5 %indvar_flatten1" [../source/tut3B_Reshape/matrix_mult.cpp:12]   --->   Operation 30 'store' 'store_ln12' <Predicate = true> <Delay = 1.58>
ST_1 : Operation 31 [1/1] (0.00ns)   --->   "%br_ln12 = br i1 %icmp_ln12, void %for.inc29, void %for.end31" [../source/tut3B_Reshape/matrix_mult.cpp:12]   --->   Operation 31 'br' 'br_ln12' <Predicate = true> <Delay = 0.00>

State 2 <SV = 1> <Delay = 4.28>
ST_2 : Operation 32 [1/1] (0.00ns)   --->   "%icmp_ln154 = phi i1 0, void %entry, i1 %icmp_ln15, void %for.inc29" [../source/tut3B_Reshape/matrix_mult.cpp:15]   --->   Operation 32 'phi' 'icmp_ln154' <Predicate = true> <Delay = 0.00>
ST_2 : Operation 33 [1/1] (0.00ns)   --->   "%i_1 = load i3 %i" [../source/tut3B_Reshape/matrix_mult.cpp:12]   --->   Operation 33 'load' 'i_1' <Predicate = true> <Delay = 0.00>
ST_2 : Operation 34 [1/1] (0.00ns)   --->   "%j_1 = load i3 %j" [../source/tut3B_Reshape/matrix_mult.cpp:12]   --->   Operation 34 'load' 'j_1' <Predicate = true> <Delay = 0.00>
ST_2 : Operation 35 [1/1] (0.98ns)   --->   "%select_ln12 = select i1 %icmp_ln154, i3 0, i3 %j_1" [../source/tut3B_Reshape/matrix_mult.cpp:12]   --->   Operation 35 'select' 'select_ln12' <Predicate = true> <Delay = 0.98> <CoreInst = "Sel">   --->   Core 73 'Sel' <Latency = 0> <II = 1> <Delay = 0.98> <FuncUnit> <Opcode : 'select'> <InPorts = 3> <OutPorts = 1>
ST_2 : Operation 36 [1/1] (0.00ns) (grouped into LUT with out node i_3)   --->   "%empty = select i1 %icmp_ln154, i3 1, i3 0" [../source/tut3B_Reshape/matrix_mult.cpp:15]   --->   Operation 36 'select' 'empty' <Predicate = true> <Delay = 0.00> <CoreInst = "Sel">   --->   Core 73 'Sel' <Latency = 0> <II = 1> <Delay = 0.99> <FuncUnit> <Opcode : 'select'> <InPorts = 3> <OutPorts = 1>
ST_2 : Operation 37 [1/1] (1.65ns) (out node of the LUT)   --->   "%i_3 = add i3 %i_1, i3 %empty" [../source/tut3B_Reshape/matrix_mult.cpp:12]   --->   Operation 37 'add' 'i_3' <Predicate = true> <Delay = 1.65> <CoreInst = "Adder">   --->   Core 1 'Adder' <Latency = 0> <II = 1> <Delay = 1.65> <FuncUnit> <Opcode : 'add' 'sub'> <InPorts = 2> <OutPorts = 1>
ST_2 : Operation 38 [1/1] (0.00ns)   --->   "%zext_ln12 = zext i3 %i_3" [../source/tut3B_Reshape/matrix_mult.cpp:12]   --->   Operation 38 'zext' 'zext_ln12' <Predicate = true> <Delay = 0.00>
ST_2 : Operation 39 [1/1] (0.00ns)   --->   "%a_addr = getelementptr i40 %a, i64 0, i64 %zext_ln12" [../source/tut3B_Reshape/matrix_mult.cpp:23]   --->   Operation 39 'getelementptr' 'a_addr' <Predicate = true> <Delay = 0.00>
ST_2 : Operation 40 [2/2] (0.00ns)   --->   "%a_load = load i3 %a_addr" [../source/tut3B_Reshape/matrix_mult.cpp:23]   --->   Operation 40 'load' 'a_load' <Predicate = true> <Delay = 0.00> <CoreInst = "RAM">   --->   Core 81 'RAM' <Latency = 1> <II = 1> <Delay = 2.32> <Storage> <Opcode : 'load' 'store'> <Ports = 2> <Width = 40> <Depth = 5> <RAM>
ST_2 : Operation 41 [1/1] (0.00ns)   --->   "%zext_ln15 = zext i3 %select_ln12" [../source/tut3B_Reshape/matrix_mult.cpp:15]   --->   Operation 41 'zext' 'zext_ln15' <Predicate = true> <Delay = 0.00>
ST_2 : Operation 42 [1/1] (0.00ns)   --->   "%b_addr = getelementptr i40 %b, i64 0, i64 %zext_ln15" [../source/tut3B_Reshape/matrix_mult.cpp:23]   --->   Operation 42 'getelementptr' 'b_addr' <Predicate = true> <Delay = 0.00>
ST_2 : Operation 43 [2/2] (0.00ns)   --->   "%b_load = load i3 %b_addr" [../source/tut3B_Reshape/matrix_mult.cpp:23]   --->   Operation 43 'load' 'b_load' <Predicate = true> <Delay = 0.00> <CoreInst = "RAM">   --->   Core 81 'RAM' <Latency = 1> <II = 1> <Delay = 2.32> <Storage> <Opcode : 'load' 'store'> <Ports = 2> <Width = 40> <Depth = 5> <RAM>
ST_2 : Operation 44 [1/1] (1.65ns)   --->   "%j_3 = add i3 %select_ln12, i3 1" [../source/tut3B_Reshape/matrix_mult.cpp:15]   --->   Operation 44 'add' 'j_3' <Predicate = true> <Delay = 1.65> <CoreInst = "Adder">   --->   Core 1 'Adder' <Latency = 0> <II = 1> <Delay = 1.65> <FuncUnit> <Opcode : 'add' 'sub'> <InPorts = 2> <OutPorts = 1>
ST_2 : Operation 45 [1/1] (1.65ns)   --->   "%icmp_ln15 = icmp_eq  i3 %j_3, i3 5" [../source/tut3B_Reshape/matrix_mult.cpp:15]   --->   Operation 45 'icmp' 'icmp_ln15' <Predicate = true> <Delay = 1.65> <CoreInst = "Cmp">   --->   Core 9 'Cmp' <Latency = 0> <II = 1> <Delay = 1.65> <FuncUnit> <Opcode : 'seteq' 'setne' 'setle' 'setge' 'setlt' 'setgt'> <InPorts = 2> <OutPorts = 1>
ST_2 : Operation 46 [1/1] (1.58ns)   --->   "%store_ln15 = store i3 %j_3, i3 %j" [../source/tut3B_Reshape/matrix_mult.cpp:15]   --->   Operation 46 'store' 'store_ln15' <Predicate = true> <Delay = 1.58>
ST_2 : Operation 47 [1/1] (1.58ns)   --->   "%store_ln12 = store i3 %i_3, i3 %i" [../source/tut3B_Reshape/matrix_mult.cpp:12]   --->   Operation 47 'store' 'store_ln12' <Predicate = true> <Delay = 1.58>

State 3 <SV = 2> <Delay = 5.41>
ST_3 : Operation 48 [1/1] (0.00ns)   --->   "%zext_ln23 = zext i3 %i_3" [../source/tut3B_Reshape/matrix_mult.cpp:23]   --->   Operation 48 'zext' 'zext_ln23' <Predicate = true> <Delay = 0.00>
ST_3 : Operation 49 [1/1] (0.00ns)   --->   "%tmp_8 = bitconcatenate i5 @_ssdm_op_BitConcatenate.i5.i3.i2, i3 %i_3, i2 0" [../source/tut3B_Reshape/matrix_mult.cpp:23]   --->   Operation 49 'bitconcatenate' 'tmp_8' <Predicate = true> <Delay = 0.00>
ST_3 : Operation 50 [1/1] (0.00ns) (grouped into TernaryAdder)   --->   "%add_ln23_5 = add i5 %tmp_8, i5 %zext_ln23" [../source/tut3B_Reshape/matrix_mult.cpp:23]   --->   Operation 50 'add' 'add_ln23_5' <Predicate = true> <Delay = 0.00> <CoreInst = "TAddSub">   --->   Core 10 'TAddSub' <Latency = 0> <II = 1> <Delay = 1.70> <IPBlock> <Opcode : 'add' 'sub'> <InPorts = 3> <OutPorts = 1> <Sync> <CReg>
ST_3 : Operation 51 [1/2] ( I:0.00ns O:0.00ns )   --->   "%a_load = load i3 %a_addr" [../source/tut3B_Reshape/matrix_mult.cpp:23]   --->   Operation 51 'load' 'a_load' <Predicate = true> <Delay = 0.00> <CoreInst = "RAM">   --->   Core 81 'RAM' <Latency = 1> <II = 1> <Delay = 2.32> <Storage> <Opcode : 'load' 'store'> <Ports = 2> <Width = 40> <Depth = 5> <RAM>
ST_3 : Operation 52 [1/1] (0.00ns)   --->   "%trunc_ln23 = trunc i40 %a_load" [../source/tut3B_Reshape/matrix_mult.cpp:23]   --->   Operation 52 'trunc' 'trunc_ln23' <Predicate = true> <Delay = 0.00>
ST_3 : Operation 53 [1/1] (0.00ns)   --->   "%tmp = partselect i8 @_ssdm_op_PartSelect.i8.i40.i40, i40 %a_load, i40 8" [../source/tut3B_Reshape/matrix_mult.cpp:23]   --->   Operation 53 'partselect' 'tmp' <Predicate = true> <Delay = 0.00>
ST_3 : Operation 54 [1/1] (0.00ns)   --->   "%sext_ln23_1 = sext i8 %tmp" [../source/tut3B_Reshape/matrix_mult.cpp:23]   --->   Operation 54 'sext' 'sext_ln23_1' <Predicate = true> <Delay = 0.00>
ST_3 : Operation 55 [1/1] (0.00ns)   --->   "%tmp_1 = partselect i8 @_ssdm_op_PartSelect.i8.i40.i40, i40 %a_load, i40 16" [../source/tut3B_Reshape/matrix_mult.cpp:23]   --->   Operation 55 'partselect' 'tmp_1' <Predicate = true> <Delay = 0.00>
ST_3 : Operation 56 [1/1] (0.00ns)   --->   "%tmp_2 = partselect i8 @_ssdm_op_PartSelect.i8.i40.i40, i40 %a_load, i40 24" [../source/tut3B_Reshape/matrix_mult.cpp:23]   --->   Operation 56 'partselect' 'tmp_2' <Predicate = true> <Delay = 0.00>
ST_3 : Operation 57 [1/1] (0.00ns)   --->   "%sext_ln23_3 = sext i8 %tmp_2" [../source/tut3B_Reshape/matrix_mult.cpp:23]   --->   Operation 57 'sext' 'sext_ln23_3' <Predicate = true> <Delay = 0.00>
ST_3 : Operation 58 [1/1] (0.00ns)   --->   "%tmp_3 = partselect i8 @_ssdm_op_PartSelect.i8.i40.i40, i40 %a_load, i40 32" [../source/tut3B_Reshape/matrix_mult.cpp:23]   --->   Operation 58 'partselect' 'tmp_3' <Predicate = true> <Delay = 0.00>
ST_3 : Operation 59 [1/1] (0.00ns)   --->   "%zext_ln23_1 = zext i3 %select_ln12" [../source/tut3B_Reshape/matrix_mult.cpp:23]   --->   Operation 59 'zext' 'zext_ln23_1' <Predicate = true> <Delay = 0.00>
ST_3 : Operation 60 [1/1] (3.40ns) (root node of TernaryAdder)   --->   "%add_ln23_4 = add i5 %add_ln23_5, i5 %zext_ln23_1" [../source/tut3B_Reshape/matrix_mult.cpp:23]   --->   Operation 60 'add' 'add_ln23_4' <Predicate = true> <Delay = 3.40> <CoreInst = "TAddSub">   --->   Core 10 'TAddSub' <Latency = 0> <II = 1> <Delay = 1.70> <IPBlock> <Opcode : 'add' 'sub'> <InPorts = 3> <OutPorts = 1> <Sync> <CReg>
ST_3 : Operation 61 [1/2] ( I:0.00ns O:0.00ns )   --->   "%b_load = load i3 %b_addr" [../source/tut3B_Reshape/matrix_mult.cpp:23]   --->   Operation 61 'load' 'b_load' <Predicate = true> <Delay = 0.00> <CoreInst = "RAM">   --->   Core 81 'RAM' <Latency = 1> <II = 1> <Delay = 2.32> <Storage> <Opcode : 'load' 'store'> <Ports = 2> <Width = 40> <Depth = 5> <RAM>
ST_3 : Operation 62 [1/1] (0.00ns)   --->   "%trunc_ln23_1 = trunc i40 %b_load" [../source/tut3B_Reshape/matrix_mult.cpp:23]   --->   Operation 62 'trunc' 'trunc_ln23_1' <Predicate = true> <Delay = 0.00>
ST_3 : Operation 63 [1/1] (0.00ns)   --->   "%tmp_4 = partselect i8 @_ssdm_op_PartSelect.i8.i40.i40, i40 %b_load, i40 8" [../source/tut3B_Reshape/matrix_mult.cpp:23]   --->   Operation 63 'partselect' 'tmp_4' <Predicate = true> <Delay = 0.00>
ST_3 : Operation 64 [1/1] (0.00ns)   --->   "%sext_ln23_6 = sext i8 %tmp_4" [../source/tut3B_Reshape/matrix_mult.cpp:23]   --->   Operation 64 'sext' 'sext_ln23_6' <Predicate = true> <Delay = 0.00>
ST_3 : Operation 65 [1/1] (0.00ns)   --->   "%tmp_5 = partselect i8 @_ssdm_op_PartSelect.i8.i40.i40, i40 %b_load, i40 16" [../source/tut3B_Reshape/matrix_mult.cpp:23]   --->   Operation 65 'partselect' 'tmp_5' <Predicate = true> <Delay = 0.00>
ST_3 : Operation 66 [1/1] (0.00ns)   --->   "%tmp_6 = partselect i8 @_ssdm_op_PartSelect.i8.i40.i40, i40 %b_load, i40 24" [../source/tut3B_Reshape/matrix_mult.cpp:23]   --->   Operation 66 'partselect' 'tmp_6' <Predicate = true> <Delay = 0.00>
ST_3 : Operation 67 [1/1] (0.00ns)   --->   "%sext_ln23_8 = sext i8 %tmp_6" [../source/tut3B_Reshape/matrix_mult.cpp:23]   --->   Operation 67 'sext' 'sext_ln23_8' <Predicate = true> <Delay = 0.00>
ST_3 : Operation 68 [1/1] (0.00ns)   --->   "%tmp_7 = partselect i8 @_ssdm_op_PartSelect.i8.i40.i40, i40 %b_load, i40 32" [../source/tut3B_Reshape/matrix_mult.cpp:23]   --->   Operation 68 'partselect' 'tmp_7' <Predicate = true> <Delay = 0.00>
ST_3 : Operation 69 [5/5] (5.41ns)   --->   "%mul_ln23_1 = mul i16 %sext_ln23_6, i16 %sext_ln23_1" [../source/tut3B_Reshape/matrix_mult.cpp:23]   --->   Operation 69 'mul' 'mul_ln23_1' <Predicate = true> <Delay = 5.41> <CoreInst = "Multiplier">   --->   Core 3 'Multiplier' <Latency = 4> <II = 1> <Delay = 5.41> <FuncUnit> <Opcode : 'mul'> <InPorts = 2> <OutPorts = 1>
ST_3 : Operation 70 [5/5] (5.41ns)   --->   "%mul_ln23_3 = mul i16 %sext_ln23_8, i16 %sext_ln23_3" [../source/tut3B_Reshape/matrix_mult.cpp:23]   --->   Operation 70 'mul' 'mul_ln23_3' <Predicate = true> <Delay = 5.41> <CoreInst = "Multiplier">   --->   Core 3 'Multiplier' <Latency = 4> <II = 1> <Delay = 5.41> <FuncUnit> <Opcode : 'mul'> <InPorts = 2> <OutPorts = 1>

State 4 <SV = 3> <Delay = 5.41>
ST_4 : Operation 71 [4/5] (5.41ns)   --->   "%mul_ln23_1 = mul i16 %sext_ln23_6, i16 %sext_ln23_1" [../source/tut3B_Reshape/matrix_mult.cpp:23]   --->   Operation 71 'mul' 'mul_ln23_1' <Predicate = true> <Delay = 5.41> <CoreInst = "Multiplier">   --->   Core 3 'Multiplier' <Latency = 4> <II = 1> <Delay = 5.41> <FuncUnit> <Opcode : 'mul'> <InPorts = 2> <OutPorts = 1>
ST_4 : Operation 72 [4/5] (5.41ns)   --->   "%mul_ln23_3 = mul i16 %sext_ln23_8, i16 %sext_ln23_3" [../source/tut3B_Reshape/matrix_mult.cpp:23]   --->   Operation 72 'mul' 'mul_ln23_3' <Predicate = true> <Delay = 5.41> <CoreInst = "Multiplier">   --->   Core 3 'Multiplier' <Latency = 4> <II = 1> <Delay = 5.41> <FuncUnit> <Opcode : 'mul'> <InPorts = 2> <OutPorts = 1>

State 5 <SV = 4> <Delay = 5.41>
ST_5 : Operation 73 [3/5] (5.41ns)   --->   "%mul_ln23_1 = mul i16 %sext_ln23_6, i16 %sext_ln23_1" [../source/tut3B_Reshape/matrix_mult.cpp:23]   --->   Operation 73 'mul' 'mul_ln23_1' <Predicate = true> <Delay = 5.41> <CoreInst = "Multiplier">   --->   Core 3 'Multiplier' <Latency = 4> <II = 1> <Delay = 5.41> <FuncUnit> <Opcode : 'mul'> <InPorts = 2> <OutPorts = 1>
ST_5 : Operation 74 [3/5] (5.41ns)   --->   "%mul_ln23_3 = mul i16 %sext_ln23_8, i16 %sext_ln23_3" [../source/tut3B_Reshape/matrix_mult.cpp:23]   --->   Operation 74 'mul' 'mul_ln23_3' <Predicate = true> <Delay = 5.41> <CoreInst = "Multiplier">   --->   Core 3 'Multiplier' <Latency = 4> <II = 1> <Delay = 5.41> <FuncUnit> <Opcode : 'mul'> <InPorts = 2> <OutPorts = 1>

State 6 <SV = 5> <Delay = 5.41>
ST_6 : Operation 75 [1/1] (0.00ns)   --->   "%sext_ln23 = sext i8 %trunc_ln23" [../source/tut3B_Reshape/matrix_mult.cpp:23]   --->   Operation 75 'sext' 'sext_ln23' <Predicate = true> <Delay = 0.00>
ST_6 : Operation 76 [1/1] (0.00ns)   --->   "%sext_ln23_4 = sext i8 %tmp_3" [../source/tut3B_Reshape/matrix_mult.cpp:23]   --->   Operation 76 'sext' 'sext_ln23_4' <Predicate = true> <Delay = 0.00>
ST_6 : Operation 77 [1/1] (0.00ns)   --->   "%sext_ln23_5 = sext i8 %trunc_ln23_1" [../source/tut3B_Reshape/matrix_mult.cpp:23]   --->   Operation 77 'sext' 'sext_ln23_5' <Predicate = true> <Delay = 0.00>
ST_6 : Operation 78 [1/1] (0.00ns)   --->   "%sext_ln23_9 = sext i8 %tmp_7" [../source/tut3B_Reshape/matrix_mult.cpp:23]   --->   Operation 78 'sext' 'sext_ln23_9' <Predicate = true> <Delay = 0.00>
ST_6 : Operation 79 [3/3] (1.05ns) (grouped into DSP with root node add_ln23)   --->   "%mul_ln23 = mul i16 %sext_ln23_5, i16 %sext_ln23" [../source/tut3B_Reshape/matrix_mult.cpp:23]   --->   Operation 79 'mul' 'mul_ln23' <Predicate = true> <Delay = 1.05> <CoreInst = "DSP48">   --->   Core 116 'DSP48' <Latency = 3> <II = 1> <Delay = 2.15> <IPBlock> <Opcode : 'add' 'sub' 'mul' 'select'> <InPorts = 0> <OutPorts = 1> <Sync> <CReg>
ST_6 : Operation 80 [2/5] (5.41ns)   --->   "%mul_ln23_1 = mul i16 %sext_ln23_6, i16 %sext_ln23_1" [../source/tut3B_Reshape/matrix_mult.cpp:23]   --->   Operation 80 'mul' 'mul_ln23_1' <Predicate = true> <Delay = 5.41> <CoreInst = "Multiplier">   --->   Core 3 'Multiplier' <Latency = 4> <II = 1> <Delay = 5.41> <FuncUnit> <Opcode : 'mul'> <InPorts = 2> <OutPorts = 1>
ST_6 : Operation 81 [3/3] (1.05ns) (grouped into DSP with root node add_ln23_1)   --->   "%mul_ln23_2 = mul i16 %sext_ln23_9, i16 %sext_ln23_4" [../source/tut3B_Reshape/matrix_mult.cpp:23]   --->   Operation 81 'mul' 'mul_ln23_2' <Predicate = true> <Delay = 1.05> <CoreInst = "DSP48">   --->   Core 116 'DSP48' <Latency = 3> <II = 1> <Delay = 2.15> <IPBlock> <Opcode : 'add' 'sub' 'mul' 'select'> <InPorts = 0> <OutPorts = 1> <Sync> <CReg>
ST_6 : Operation 82 [2/5] (5.41ns)   --->   "%mul_ln23_3 = mul i16 %sext_ln23_8, i16 %sext_ln23_3" [../source/tut3B_Reshape/matrix_mult.cpp:23]   --->   Operation 82 'mul' 'mul_ln23_3' <Predicate = true> <Delay = 5.41> <CoreInst = "Multiplier">   --->   Core 3 'Multiplier' <Latency = 4> <II = 1> <Delay = 5.41> <FuncUnit> <Opcode : 'mul'> <InPorts = 2> <OutPorts = 1>

State 7 <SV = 6> <Delay = 5.41>
ST_7 : Operation 83 [1/1] (0.00ns)   --->   "%sext_ln23_2 = sext i8 %tmp_1" [../source/tut3B_Reshape/matrix_mult.cpp:23]   --->   Operation 83 'sext' 'sext_ln23_2' <Predicate = true> <Delay = 0.00>
ST_7 : Operation 84 [1/1] (0.00ns)   --->   "%sext_ln23_7 = sext i8 %tmp_5" [../source/tut3B_Reshape/matrix_mult.cpp:23]   --->   Operation 84 'sext' 'sext_ln23_7' <Predicate = true> <Delay = 0.00>
ST_7 : Operation 85 [2/3] (1.05ns) (grouped into DSP with root node add_ln23)   --->   "%mul_ln23 = mul i16 %sext_ln23_5, i16 %sext_ln23" [../source/tut3B_Reshape/matrix_mult.cpp:23]   --->   Operation 85 'mul' 'mul_ln23' <Predicate = true> <Delay = 1.05> <CoreInst = "DSP48">   --->   Core 116 'DSP48' <Latency = 3> <II = 1> <Delay = 2.15> <IPBlock> <Opcode : 'add' 'sub' 'mul' 'select'> <InPorts = 0> <OutPorts = 1> <Sync> <CReg>
ST_7 : Operation 86 [1/5] (5.41ns)   --->   "%mul_ln23_1 = mul i16 %sext_ln23_6, i16 %sext_ln23_1" [../source/tut3B_Reshape/matrix_mult.cpp:23]   --->   Operation 86 'mul' 'mul_ln23_1' <Predicate = true> <Delay = 5.41> <CoreInst = "Multiplier">   --->   Core 3 'Multiplier' <Latency = 4> <II = 1> <Delay = 5.41> <FuncUnit> <Opcode : 'mul'> <InPorts = 2> <OutPorts = 1>
ST_7 : Operation 87 [2/3] (1.05ns) (grouped into DSP with root node add_ln23_1)   --->   "%mul_ln23_2 = mul i16 %sext_ln23_9, i16 %sext_ln23_4" [../source/tut3B_Reshape/matrix_mult.cpp:23]   --->   Operation 87 'mul' 'mul_ln23_2' <Predicate = true> <Delay = 1.05> <CoreInst = "DSP48">   --->   Core 116 'DSP48' <Latency = 3> <II = 1> <Delay = 2.15> <IPBlock> <Opcode : 'add' 'sub' 'mul' 'select'> <InPorts = 0> <OutPorts = 1> <Sync> <CReg>
ST_7 : Operation 88 [1/5] (5.41ns)   --->   "%mul_ln23_3 = mul i16 %sext_ln23_8, i16 %sext_ln23_3" [../source/tut3B_Reshape/matrix_mult.cpp:23]   --->   Operation 88 'mul' 'mul_ln23_3' <Predicate = true> <Delay = 5.41> <CoreInst = "Multiplier">   --->   Core 3 'Multiplier' <Latency = 4> <II = 1> <Delay = 5.41> <FuncUnit> <Opcode : 'mul'> <InPorts = 2> <OutPorts = 1>
ST_7 : Operation 89 [3/3] (1.05ns) (grouped into DSP with root node add_ln23_2)   --->   "%mul_ln23_4 = mul i16 %sext_ln23_7, i16 %sext_ln23_2" [../source/tut3B_Reshape/matrix_mult.cpp:23]   --->   Operation 89 'mul' 'mul_ln23_4' <Predicate = true> <Delay = 1.05> <CoreInst = "DSP48">   --->   Core 116 'DSP48' <Latency = 3> <II = 1> <Delay = 2.15> <IPBlock> <Opcode : 'add' 'sub' 'mul' 'select'> <InPorts = 0> <OutPorts = 1> <Sync> <CReg>

State 8 <SV = 7> <Delay = 2.10>
ST_8 : Operation 90 [1/3] (0.00ns) (grouped into DSP with root node add_ln23)   --->   "%mul_ln23 = mul i16 %sext_ln23_5, i16 %sext_ln23" [../source/tut3B_Reshape/matrix_mult.cpp:23]   --->   Operation 90 'mul' 'mul_ln23' <Predicate = true> <Delay = 0.00> <CoreInst = "DSP48">   --->   Core 116 'DSP48' <Latency = 3> <II = 1> <Delay = 2.15> <IPBlock> <Opcode : 'add' 'sub' 'mul' 'select'> <InPorts = 0> <OutPorts = 1> <Sync> <CReg>
ST_8 : Operation 91 [1/3] (0.00ns) (grouped into DSP with root node add_ln23_1)   --->   "%mul_ln23_2 = mul i16 %sext_ln23_9, i16 %sext_ln23_4" [../source/tut3B_Reshape/matrix_mult.cpp:23]   --->   Operation 91 'mul' 'mul_ln23_2' <Predicate = true> <Delay = 0.00> <CoreInst = "DSP48">   --->   Core 116 'DSP48' <Latency = 3> <II = 1> <Delay = 2.15> <IPBlock> <Opcode : 'add' 'sub' 'mul' 'select'> <InPorts = 0> <OutPorts = 1> <Sync> <CReg>
ST_8 : Operation 92 [2/3] (1.05ns) (grouped into DSP with root node add_ln23_2)   --->   "%mul_ln23_4 = mul i16 %sext_ln23_7, i16 %sext_ln23_2" [../source/tut3B_Reshape/matrix_mult.cpp:23]   --->   Operation 92 'mul' 'mul_ln23_4' <Predicate = true> <Delay = 1.05> <CoreInst = "DSP48">   --->   Core 116 'DSP48' <Latency = 3> <II = 1> <Delay = 2.15> <IPBlock> <Opcode : 'add' 'sub' 'mul' 'select'> <InPorts = 0> <OutPorts = 1> <Sync> <CReg>
ST_8 : Operation 93 [2/2] (2.10ns) (root node of the DSP)   --->   "%add_ln23 = add i16 %mul_ln23_1, i16 %mul_ln23" [../source/tut3B_Reshape/matrix_mult.cpp:23]   --->   Operation 93 'add' 'add_ln23' <Predicate = true> <Delay = 2.10> <CoreInst = "DSP48">   --->   Core 116 'DSP48' <Latency = 3> <II = 1> <Delay = 2.15> <IPBlock> <Opcode : 'add' 'sub' 'mul' 'select'> <InPorts = 0> <OutPorts = 1> <Sync> <CReg>
ST_8 : Operation 94 [2/2] (2.10ns) (root node of the DSP)   --->   "%add_ln23_1 = add i16 %mul_ln23_3, i16 %mul_ln23_2" [../source/tut3B_Reshape/matrix_mult.cpp:23]   --->   Operation 94 'add' 'add_ln23_1' <Predicate = true> <Delay = 2.10> <CoreInst = "DSP48">   --->   Core 116 'DSP48' <Latency = 3> <II = 1> <Delay = 2.15> <IPBlock> <Opcode : 'add' 'sub' 'mul' 'select'> <InPorts = 0> <OutPorts = 1> <Sync> <CReg>

State 9 <SV = 8> <Delay = 4.20>
ST_9 : Operation 95 [1/3] (0.00ns) (grouped into DSP with root node add_ln23_2)   --->   "%mul_ln23_4 = mul i16 %sext_ln23_7, i16 %sext_ln23_2" [../source/tut3B_Reshape/matrix_mult.cpp:23]   --->   Operation 95 'mul' 'mul_ln23_4' <Predicate = true> <Delay = 0.00> <CoreInst = "DSP48">   --->   Core 116 'DSP48' <Latency = 3> <II = 1> <Delay = 2.15> <IPBlock> <Opcode : 'add' 'sub' 'mul' 'select'> <InPorts = 0> <OutPorts = 1> <Sync> <CReg>
ST_9 : Operation 96 [1/2] (2.10ns) (root node of the DSP)   --->   "%add_ln23 = add i16 %mul_ln23_1, i16 %mul_ln23" [../source/tut3B_Reshape/matrix_mult.cpp:23]   --->   Operation 96 'add' 'add_ln23' <Predicate = true> <Delay = 2.10> <CoreInst = "DSP48">   --->   Core 116 'DSP48' <Latency = 3> <II = 1> <Delay = 2.15> <IPBlock> <Opcode : 'add' 'sub' 'mul' 'select'> <InPorts = 0> <OutPorts = 1> <Sync> <CReg>
ST_9 : Operation 97 [1/2] (2.10ns) (root node of the DSP)   --->   "%add_ln23_1 = add i16 %mul_ln23_3, i16 %mul_ln23_2" [../source/tut3B_Reshape/matrix_mult.cpp:23]   --->   Operation 97 'add' 'add_ln23_1' <Predicate = true> <Delay = 2.10> <CoreInst = "DSP48">   --->   Core 116 'DSP48' <Latency = 3> <II = 1> <Delay = 2.15> <IPBlock> <Opcode : 'add' 'sub' 'mul' 'select'> <InPorts = 0> <OutPorts = 1> <Sync> <CReg>
ST_9 : Operation 98 [2/2] (2.10ns) (root node of the DSP)   --->   "%add_ln23_2 = add i16 %add_ln23_1, i16 %mul_ln23_4" [../source/tut3B_Reshape/matrix_mult.cpp:23]   --->   Operation 98 'add' 'add_ln23_2' <Predicate = true> <Delay = 2.10> <CoreInst = "DSP48">   --->   Core 116 'DSP48' <Latency = 3> <II = 1> <Delay = 2.15> <IPBlock> <Opcode : 'add' 'sub' 'mul' 'select'> <InPorts = 0> <OutPorts = 1> <Sync> <CReg>

State 10 <SV = 9> <Delay = 4.17>
ST_10 : Operation 99 [1/1] (0.00ns)   --->   "%specloopname_ln0 = specloopname void @_ssdm_op_SpecLoopName, void @Row_Col_str"   --->   Operation 99 'specloopname' 'specloopname_ln0' <Predicate = true> <Delay = 0.00>
ST_10 : Operation 100 [1/1] (0.00ns)   --->   "%speclooptripcount_ln0 = speclooptripcount void @_ssdm_op_SpecLoopTripCount, i64 25, i64 25, i64 25"   --->   Operation 100 'speclooptripcount' 'speclooptripcount_ln0' <Predicate = true> <Delay = 0.00>
ST_10 : Operation 101 [1/1] (0.00ns)   --->   "%zext_ln23_2 = zext i5 %add_ln23_4" [../source/tut3B_Reshape/matrix_mult.cpp:23]   --->   Operation 101 'zext' 'zext_ln23_2' <Predicate = true> <Delay = 0.00>
ST_10 : Operation 102 [1/1] (0.00ns)   --->   "%prod_addr = getelementptr i16 %prod, i64 0, i64 %zext_ln23_2" [../source/tut3B_Reshape/matrix_mult.cpp:23]   --->   Operation 102 'getelementptr' 'prod_addr' <Predicate = true> <Delay = 0.00>
ST_10 : Operation 103 [1/1] (0.00ns)   --->   "%specpipeline_ln16 = specpipeline void @_ssdm_op_SpecPipeline, i32 1, i32 0, i32 0, i32 0, i32 4294967295, void @empty_0" [../source/tut3B_Reshape/matrix_mult.cpp:16]   --->   Operation 103 'specpipeline' 'specpipeline_ln16' <Predicate = true> <Delay = 0.00>
ST_10 : Operation 104 [1/2] (2.10ns) (root node of the DSP)   --->   "%add_ln23_2 = add i16 %add_ln23_1, i16 %mul_ln23_4" [../source/tut3B_Reshape/matrix_mult.cpp:23]   --->   Operation 104 'add' 'add_ln23_2' <Predicate = true> <Delay = 2.10> <CoreInst = "DSP48">   --->   Core 116 'DSP48' <Latency = 3> <II = 1> <Delay = 2.15> <IPBlock> <Opcode : 'add' 'sub' 'mul' 'select'> <InPorts = 0> <OutPorts = 1> <Sync> <CReg>
ST_10 : Operation 105 [1/1] (2.07ns)   --->   "%add_ln23_3 = add i16 %add_ln23_2, i16 %add_ln23" [../source/tut3B_Reshape/matrix_mult.cpp:23]   --->   Operation 105 'add' 'add_ln23_3' <Predicate = true> <Delay = 2.07> <CoreInst = "Adder">   --->   Core 1 'Adder' <Latency = 0> <II = 1> <Delay = 2.07> <FuncUnit> <Opcode : 'add' 'sub'> <InPorts = 2> <OutPorts = 1>
ST_10 : Operation 106 [1/1] ( I:0.00ns O:0.00ns )   --->   "%store_ln23 = store i16 %add_ln23_3, i5 %prod_addr" [../source/tut3B_Reshape/matrix_mult.cpp:23]   --->   Operation 106 'store' 'store_ln23' <Predicate = true> <Delay = 0.00> <CoreInst = "RAM">   --->   Core 81 'RAM' <Latency = 0> <II = 1> <Delay = 1.86> <Storage> <Opcode : 'load' 'store'> <Ports = 2> <Width = 16> <Depth = 25> <RAM>
ST_10 : Operation 107 [1/1] (1.58ns)   --->   "%ret_ln27 = ret" [../source/tut3B_Reshape/matrix_mult.cpp:27]   --->   Operation 107 'ret' 'ret_ln27' <Predicate = (icmp_ln12)> <Delay = 1.58>


============================================================
+ Verbose Summary: Binding
============================================================
STG Binding: 
---------------- STG Properties BEGIN ----------------
- Is combinational: 0
- Is one-state seq: 0
- Is datapath-only: 0
- Is pipelined: 0
- Is top level: 1
Port [ Return ] is wired: 1; IO mode=ap_ctrl_hs:ce=0
Port [ a]:  wired=1; compound=1; hidden=0; nouse=0; global=0; static=0; extern=0; dir=0; type=1; pingpong=0; private_global=0; MemPort=[13]; IO mode=ap_memory:ce=0
Port [ b]:  wired=1; compound=1; hidden=0; nouse=0; global=0; static=0; extern=0; dir=0; type=1; pingpong=0; private_global=0; MemPort=[13]; IO mode=ap_memory:ce=0
Port [ prod]:  wired=1; compound=1; hidden=0; nouse=0; global=0; static=0; extern=0; dir=1; type=1; pingpong=0; private_global=0; MemPort=[03]; IO mode=ap_memory:ce=0
---------------- STG Properties END ------------------

---------------- Datapath Model BEGIN ----------------

<LifeTime>
<method=bitvector/>
indvar_flatten1       (alloca           ) [ 01000000000]
i                     (alloca           ) [ 01100000000]
j                     (alloca           ) [ 01100000000]
spectopmodule_ln0     (spectopmodule    ) [ 00000000000]
specinterface_ln0     (specinterface    ) [ 00000000000]
specbitsmap_ln0       (specbitsmap      ) [ 00000000000]
specinterface_ln0     (specinterface    ) [ 00000000000]
specbitsmap_ln0       (specbitsmap      ) [ 00000000000]
specinterface_ln0     (specinterface    ) [ 00000000000]
specbitsmap_ln0       (specbitsmap      ) [ 00000000000]
store_ln15            (store            ) [ 00000000000]
store_ln12            (store            ) [ 00000000000]
store_ln0             (store            ) [ 00000000000]
br_ln0                (br               ) [ 01100000000]
indvar_flatten1_load  (load             ) [ 00000000000]
add_ln12_1            (add              ) [ 00000000000]
icmp_ln12             (icmp             ) [ 01111111111]
store_ln12            (store            ) [ 00000000000]
br_ln12               (br               ) [ 01100000000]
icmp_ln154            (phi              ) [ 01100000000]
i_1                   (load             ) [ 00000000000]
j_1                   (load             ) [ 00000000000]
select_ln12           (select           ) [ 01010000000]
empty                 (select           ) [ 00000000000]
i_3                   (add              ) [ 01010000000]
zext_ln12             (zext             ) [ 00000000000]
a_addr                (getelementptr    ) [ 01010000000]
zext_ln15             (zext             ) [ 00000000000]
b_addr                (getelementptr    ) [ 01010000000]
j_3                   (add              ) [ 00000000000]
icmp_ln15             (icmp             ) [ 01100000000]
store_ln15            (store            ) [ 00000000000]
store_ln12            (store            ) [ 00000000000]
zext_ln23             (zext             ) [ 00000000000]
tmp_8                 (bitconcatenate   ) [ 00000000000]
add_ln23_5            (add              ) [ 00000000000]
a_load                (load             ) [ 00000000000]
trunc_ln23            (trunc            ) [ 01001110000]
tmp                   (partselect       ) [ 00000000000]
sext_ln23_1           (sext             ) [ 01001111000]
tmp_1                 (partselect       ) [ 01001111000]
tmp_2                 (partselect       ) [ 00000000000]
sext_ln23_3           (sext             ) [ 01001111000]
tmp_3                 (partselect       ) [ 01001110000]
zext_ln23_1           (zext             ) [ 00000000000]
add_ln23_4            (add              ) [ 01001111111]
b_load                (load             ) [ 00000000000]
trunc_ln23_1          (trunc            ) [ 01001110000]
tmp_4                 (partselect       ) [ 00000000000]
sext_ln23_6           (sext             ) [ 01001111000]
tmp_5                 (partselect       ) [ 01001111000]
tmp_6                 (partselect       ) [ 00000000000]
sext_ln23_8           (sext             ) [ 01001111000]
tmp_7                 (partselect       ) [ 01001110000]
sext_ln23             (sext             ) [ 01000001100]
sext_ln23_4           (sext             ) [ 01000001100]
sext_ln23_5           (sext             ) [ 01000001100]
sext_ln23_9           (sext             ) [ 01000001100]
sext_ln23_2           (sext             ) [ 01000000110]
sext_ln23_7           (sext             ) [ 01000000110]
mul_ln23_1            (mul              ) [ 01000000110]
mul_ln23_3            (mul              ) [ 01000000110]
mul_ln23              (mul              ) [ 01000000010]
mul_ln23_2            (mul              ) [ 01000000010]
mul_ln23_4            (mul              ) [ 01000000001]
add_ln23              (add              ) [ 01000000001]
add_ln23_1            (add              ) [ 01000000001]
specloopname_ln0      (specloopname     ) [ 00000000000]
speclooptripcount_ln0 (speclooptripcount) [ 00000000000]
zext_ln23_2           (zext             ) [ 00000000000]
prod_addr             (getelementptr    ) [ 00000000000]
specpipeline_ln16     (specpipeline     ) [ 00000000000]
add_ln23_2            (add              ) [ 00000000000]
add_ln23_3            (add              ) [ 00000000000]
store_ln23            (store            ) [ 00000000000]
ret_ln27              (ret              ) [ 00000000000]
</LifeTime>

<model>

<comp_list>
<comp id="0" class="1000" name="a">
<pin_list>
<pin id="1" dir="1" index="0" bw="1" slack="0"/>
</pin_list>
<bind>
<StgValue><ssdm name="a"/><MemPortTyVec>1 3 </MemPortTyVec>
</StgValue>
</bind>
</comp>

<comp id="2" class="1000" name="b">
<pin_list>
<pin id="3" dir="1" index="0" bw="1" slack="0"/>
</pin_list>
<bind>
<StgValue><ssdm name="b"/><MemPortTyVec>1 3 </MemPortTyVec>
</StgValue>
</bind>
</comp>

<comp id="4" class="1000" name="prod">
<pin_list>
<pin id="5" dir="1" index="0" bw="1" slack="0"/>
</pin_list>
<bind>
<StgValue><ssdm name="prod"/><MemPortTyVec>0 3 </MemPortTyVec>
</StgValue>
</bind>
</comp>

<comp id="6" class="1001" name="const_6">
<pin_list>
<pin id="7" dir="1" index="0" bw="1" slack="0"/>
</pin_list>
<bind>
<StgValue><ssdm name=""/></StgValue>
</bind>
</comp>

<comp id="8" class="1001" name="const_8">
<pin_list>
<pin id="9" dir="1" index="0" bw="1" slack="2147483647"/>
</pin_list>
<bind>
<StgValue><ssdm name="_ssdm_op_SpecTopModule"/></StgValue>
</bind>
</comp>

<comp id="10" class="1001" name="const_10">
<pin_list>
<pin id="11" dir="1" index="0" bw="1" slack="2147483647"/>
</pin_list>
<bind>
<StgValue><ssdm name="empty_1"/></StgValue>
</bind>
</comp>

<comp id="12" class="1001" name="const_12">
<pin_list>
<pin id="13" dir="1" index="0" bw="1" slack="2147483647"/>
</pin_list>
<bind>
<StgValue><ssdm name="_ssdm_op_SpecInterface"/></StgValue>
</bind>
</comp>

<comp id="14" class="1001" name="const_14">
<pin_list>
<pin id="15" dir="1" index="0" bw="1" slack="2147483647"/>
</pin_list>
<bind>
<StgValue><ssdm name="empty"/></StgValue>
</bind>
</comp>

<comp id="16" class="1001" name="const_16">
<pin_list>
<pin id="17" dir="1" index="0" bw="1" slack="2147483647"/>
</pin_list>
<bind>
<StgValue><ssdm name=""/></StgValue>
</bind>
</comp>

<comp id="18" class="1001" name="const_18">
<pin_list>
<pin id="19" dir="1" index="0" bw="1" slack="2147483647"/>
</pin_list>
<bind>
<StgValue><ssdm name="empty_0"/></StgValue>
</bind>
</comp>

<comp id="20" class="1001" name="const_20">
<pin_list>
<pin id="21" dir="1" index="0" bw="1" slack="2147483647"/>
</pin_list>
<bind>
<StgValue><ssdm name=""/></StgValue>
</bind>
</comp>

<comp id="22" class="1001" name="const_22">
<pin_list>
<pin id="23" dir="1" index="0" bw="1" slack="2147483647"/>
</pin_list>
<bind>
<StgValue><ssdm name="_ssdm_op_SpecBitsMap"/></StgValue>
</bind>
</comp>

<comp id="24" class="1001" name="const_24">
<pin_list>
<pin id="25" dir="1" index="0" bw="1" slack="0"/>
</pin_list>
<bind>
<StgValue><ssdm name=""/></StgValue>
</bind>
</comp>

<comp id="26" class="1001" name="const_26">
<pin_list>
<pin id="27" dir="1" index="0" bw="1" slack="0"/>
</pin_list>
<bind>
<StgValue><ssdm name=""/></StgValue>
</bind>
</comp>

<comp id="28" class="1001" name="const_28">
<pin_list>
<pin id="29" dir="1" index="0" bw="1" slack="0"/>
</pin_list>
<bind>
<StgValue><ssdm name=""/></StgValue>
</bind>
</comp>

<comp id="30" class="1001" name="const_30">
<pin_list>
<pin id="31" dir="1" index="0" bw="1" slack="0"/>
</pin_list>
<bind>
<StgValue><ssdm name=""/></StgValue>
</bind>
</comp>

<comp id="32" class="1001" name="const_32">
<pin_list>
<pin id="33" dir="1" index="0" bw="1" slack="1"/>
</pin_list>
<bind>
<StgValue><ssdm name=""/></StgValue>
</bind>
</comp>

<comp id="34" class="1001" name="const_34">
<pin_list>
<pin id="35" dir="1" index="0" bw="1" slack="0"/>
</pin_list>
<bind>
<StgValue><ssdm name=""/></StgValue>
</bind>
</comp>

<comp id="36" class="1001" name="const_36">
<pin_list>
<pin id="37" dir="1" index="0" bw="1" slack="0"/>
</pin_list>
<bind>
<StgValue><ssdm name=""/></StgValue>
</bind>
</comp>

<comp id="38" class="1001" name="const_38">
<pin_list>
<pin id="39" dir="1" index="0" bw="1" slack="0"/>
</pin_list>
<bind>
<StgValue><ssdm name=""/></StgValue>
</bind>
</comp>

<comp id="40" class="1001" name="const_40">
<pin_list>
<pin id="41" dir="1" index="0" bw="1" slack="0"/>
</pin_list>
<bind>
<StgValue><ssdm name="_ssdm_op_BitConcatenate.i5.i3.i2"/></StgValue>
</bind>
</comp>

<comp id="42" class="1001" name="const_42">
<pin_list>
<pin id="43" dir="1" index="0" bw="1" slack="0"/>
</pin_list>
<bind>
<StgValue><ssdm name=""/></StgValue>
</bind>
</comp>

<comp id="44" class="1001" name="const_44">
<pin_list>
<pin id="45" dir="1" index="0" bw="1" slack="0"/>
</pin_list>
<bind>
<StgValue><ssdm name="_ssdm_op_PartSelect.i8.i40.i40"/></StgValue>
</bind>
</comp>

<comp id="46" class="1001" name="const_46">
<pin_list>
<pin id="47" dir="1" index="0" bw="1" slack="0"/>
</pin_list>
<bind>
<StgValue><ssdm name=""/></StgValue>
</bind>
</comp>

<comp id="48" class="1001" name="const_48">
<pin_list>
<pin id="49" dir="1" index="0" bw="1" slack="0"/>
</pin_list>
<bind>
<StgValue><ssdm name=""/></StgValue>
</bind>
</comp>

<comp id="50" class="1001" name="const_50">
<pin_list>
<pin id="51" dir="1" index="0" bw="1" slack="0"/>
</pin_list>
<bind>
<StgValue><ssdm name=""/></StgValue>
</bind>
</comp>

<comp id="52" class="1001" name="const_52">
<pin_list>
<pin id="53" dir="1" index="0" bw="1" slack="0"/>
</pin_list>
<bind>
<StgValue><ssdm name=""/></StgValue>
</bind>
</comp>

<comp id="54" class="1001" name="const_54">
<pin_list>
<pin id="55" dir="1" index="0" bw="1" slack="2147483647"/>
</pin_list>
<bind>
<StgValue><ssdm name="_ssdm_op_SpecLoopName"/></StgValue>
</bind>
</comp>

<comp id="56" class="1001" name="const_56">
<pin_list>
<pin id="57" dir="1" index="0" bw="1" slack="2147483647"/>
</pin_list>
<bind>
<StgValue><ssdm name="Row_Col_str"/></StgValue>
</bind>
</comp>

<comp id="58" class="1001" name="const_58">
<pin_list>
<pin id="59" dir="1" index="0" bw="1" slack="2147483647"/>
</pin_list>
<bind>
<StgValue><ssdm name="_ssdm_op_SpecLoopTripCount"/></StgValue>
</bind>
</comp>

<comp id="60" class="1001" name="const_60">
<pin_list>
<pin id="61" dir="1" index="0" bw="1" slack="2147483647"/>
</pin_list>
<bind>
<StgValue><ssdm name=""/></StgValue>
</bind>
</comp>

<comp id="62" class="1001" name="const_62">
<pin_list>
<pin id="63" dir="1" index="0" bw="1" slack="2147483647"/>
</pin_list>
<bind>
<StgValue><ssdm name="_ssdm_op_SpecPipeline"/></StgValue>
</bind>
</comp>

<comp id="64" class="1004" name="indvar_flatten1_fu_64">
<pin_list>
<pin id="65" dir="0" index="0" bw="1" slack="0"/>
<pin id="66" dir="1" index="1" bw="5" slack="0"/>
</pin_list>
<bind>
<opcode="alloca(26) " fcode="alloca"/>
<opset="indvar_flatten1/1 "/>
</bind>
</comp>

<comp id="68" class="1004" name="i_fu_68">
<pin_list>
<pin id="69" dir="0" index="0" bw="1" slack="0"/>
<pin id="70" dir="1" index="1" bw="3" slack="0"/>
</pin_list>
<bind>
<opcode="alloca(26) " fcode="alloca"/>
<opset="i/1 "/>
</bind>
</comp>

<comp id="72" class="1004" name="j_fu_72">
<pin_list>
<pin id="73" dir="0" index="0" bw="1" slack="0"/>
<pin id="74" dir="1" index="1" bw="3" slack="0"/>
</pin_list>
<bind>
<opcode="alloca(26) " fcode="alloca"/>
<opset="j/1 "/>
</bind>
</comp>

<comp id="76" class="1004" name="a_addr_gep_fu_76">
<pin_list>
<pin id="77" dir="0" index="0" bw="40" slack="0"/>
<pin id="78" dir="0" index="1" bw="1" slack="0"/>
<pin id="79" dir="0" index="2" bw="3" slack="0"/>
<pin id="80" dir="1" index="3" bw="3" slack="0"/>
</pin_list>
<bind>
<opcode="getelementptr(29) " fcode="getelementptr"/>
<opset="a_addr/2 "/>
</bind>
</comp>

<comp id="83" class="1004" name="grp_access_fu_83">
<pin_list>
<pin id="84" dir="0" index="0" bw="3" slack="0"/>
<pin id="85" dir="0" index="1" bw="40" slack="2147483647"/>
<pin id="86" dir="0" index="2" bw="0" slack="2147483647"/>
<pin id="87" dir="1" index="3" bw="40" slack="0"/>
</pin_list>
<bind>
<opcode="load(27) " fcode="load"/>
<opset="a_load/2 "/>
</bind>
</comp>

<comp id="89" class="1004" name="b_addr_gep_fu_89">
<pin_list>
<pin id="90" dir="0" index="0" bw="40" slack="0"/>
<pin id="91" dir="0" index="1" bw="1" slack="0"/>
<pin id="92" dir="0" index="2" bw="3" slack="0"/>
<pin id="93" dir="1" index="3" bw="3" slack="0"/>
</pin_list>
<bind>
<opcode="getelementptr(29) " fcode="getelementptr"/>
<opset="b_addr/2 "/>
</bind>
</comp>

<comp id="96" class="1004" name="grp_access_fu_96">
<pin_list>
<pin id="97" dir="0" index="0" bw="3" slack="0"/>
<pin id="98" dir="0" index="1" bw="40" slack="2147483647"/>
<pin id="99" dir="0" index="2" bw="0" slack="2147483647"/>
<pin id="100" dir="1" index="3" bw="40" slack="0"/>
</pin_list>
<bind>
<opcode="load(27) " fcode="load"/>
<opset="b_load/2 "/>
</bind>
</comp>

<comp id="102" class="1004" name="prod_addr_gep_fu_102">
<pin_list>
<pin id="103" dir="0" index="0" bw="16" slack="0"/>
<pin id="104" dir="0" index="1" bw="1" slack="0"/>
<pin id="105" dir="0" index="2" bw="5" slack="0"/>
<pin id="106" dir="1" index="3" bw="5" slack="0"/>
</pin_list>
<bind>
<opcode="getelementptr(29) " fcode="getelementptr"/>
<opset="prod_addr/10 "/>
</bind>
</comp>

<comp id="109" class="1004" name="store_ln23_access_fu_109">
<pin_list>
<pin id="110" dir="0" index="0" bw="5" slack="0"/>
<pin id="111" dir="0" index="1" bw="16" slack="0"/>
<pin id="112" dir="0" index="2" bw="0" slack="2147483647"/>
<pin id="113" dir="1" index="3" bw="16" slack="2147483647"/>
</pin_list>
<bind>
<opcode="store(28) " fcode="store"/>
<opset="store_ln23/10 "/>
</bind>
</comp>

<comp id="115" class="1005" name="icmp_ln154_reg_115">
<pin_list>
<pin id="116" dir="0" index="0" bw="1" slack="1"/>
<pin id="117" dir="1" index="1" bw="1" slack="1"/>
</pin_list>
<bind>
<opset="icmp_ln154 (phireg) "/>
</bind>
</comp>

<comp id="119" class="1004" name="icmp_ln154_phi_fu_119">
<pin_list>
<pin id="120" dir="0" index="0" bw="1" slack="1"/>
<pin id="121" dir="0" index="1" bw="0" slack="2147483647"/>
<pin id="122" dir="0" index="2" bw="1" slack="0"/>
<pin id="123" dir="0" index="3" bw="0" slack="2147483647"/>
<pin id="124" dir="1" index="4" bw="1" slack="0"/>
</pin_list>
<bind>
<opcode="phi(47) " fcode="phi"/>
<opset="icmp_ln154/2 "/>
</bind>
</comp>

<comp id="126" class="1004" name="store_ln15_store_fu_126">
<pin_list>
<pin id="127" dir="0" index="0" bw="1" slack="0"/>
<pin id="128" dir="0" index="1" bw="3" slack="0"/>
<pin id="129" dir="1" index="2" bw="0" slack="2147483647"/>
</pin_list>
<bind>
<opcode="store(28) " fcode="store"/>
<opset="store_ln15/1 "/>
</bind>
</comp>

<comp id="131" class="1004" name="store_ln12_store_fu_131">
<pin_list>
<pin id="132" dir="0" index="0" bw="1" slack="0"/>
<pin id="133" dir="0" index="1" bw="3" slack="0"/>
<pin id="134" dir="1" index="2" bw="0" slack="2147483647"/>
</pin_list>
<bind>
<opcode="store(28) " fcode="store"/>
<opset="store_ln12/1 "/>
</bind>
</comp>

<comp id="136" class="1004" name="store_ln0_store_fu_136">
<pin_list>
<pin id="137" dir="0" index="0" bw="1" slack="0"/>
<pin id="138" dir="0" index="1" bw="5" slack="0"/>
<pin id="139" dir="1" index="2" bw="0" slack="2147483647"/>
</pin_list>
<bind>
<opcode="store(28) " fcode="store"/>
<opset="store_ln0/1 "/>
</bind>
</comp>

<comp id="141" class="1004" name="indvar_flatten1_load_load_fu_141">
<pin_list>
<pin id="142" dir="0" index="0" bw="5" slack="0"/>
<pin id="143" dir="1" index="1" bw="5" slack="0"/>
</pin_list>
<bind>
<opcode="load(27) " fcode="load"/>
<opset="indvar_flatten1_load/1 "/>
</bind>
</comp>

<comp id="144" class="1004" name="add_ln12_1_fu_144">
<pin_list>
<pin id="145" dir="0" index="0" bw="5" slack="0"/>
<pin id="146" dir="0" index="1" bw="1" slack="0"/>
<pin id="147" dir="1" index="2" bw="5" slack="0"/>
</pin_list>
<bind>
<opcode="add(8) " fcode="add"/>
<opset="add_ln12_1/1 "/>
</bind>
</comp>

<comp id="150" class="1004" name="icmp_ln12_fu_150">
<pin_list>
<pin id="151" dir="0" index="0" bw="5" slack="0"/>
<pin id="152" dir="0" index="1" bw="5" slack="0"/>
<pin id="153" dir="1" index="2" bw="1" slack="1"/>
</pin_list>
<bind>
<opcode="icmp(45) " fcode="icmp"/>
<opset="icmp_ln12/1 "/>
</bind>
</comp>

<comp id="156" class="1004" name="store_ln12_store_fu_156">
<pin_list>
<pin id="157" dir="0" index="0" bw="5" slack="0"/>
<pin id="158" dir="0" index="1" bw="5" slack="0"/>
<pin id="159" dir="1" index="2" bw="0" slack="2147483647"/>
</pin_list>
<bind>
<opcode="store(28) " fcode="store"/>
<opset="store_ln12/1 "/>
</bind>
</comp>

<comp id="161" class="1004" name="i_1_load_fu_161">
<pin_list>
<pin id="162" dir="0" index="0" bw="3" slack="1"/>
<pin id="163" dir="1" index="1" bw="3" slack="0"/>
</pin_list>
<bind>
<opcode="load(27) " fcode="load"/>
<opset="i_1/2 "/>
</bind>
</comp>

<comp id="164" class="1004" name="j_1_load_fu_164">
<pin_list>
<pin id="165" dir="0" index="0" bw="3" slack="1"/>
<pin id="166" dir="1" index="1" bw="3" slack="0"/>
</pin_list>
<bind>
<opcode="load(27) " fcode="load"/>
<opset="j_1/2 "/>
</bind>
</comp>

<comp id="167" class="1004" name="select_ln12_fu_167">
<pin_list>
<pin id="168" dir="0" index="0" bw="1" slack="0"/>
<pin id="169" dir="0" index="1" bw="3" slack="0"/>
<pin id="170" dir="0" index="2" bw="3" slack="0"/>
<pin id="171" dir="1" index="3" bw="3" slack="0"/>
</pin_list>
<bind>
<opcode="select(49) " fcode="select"/>
<opset="select_ln12/2 "/>
</bind>
</comp>

<comp id="175" class="1004" name="empty_fu_175">
<pin_list>
<pin id="176" dir="0" index="0" bw="1" slack="0"/>
<pin id="177" dir="0" index="1" bw="3" slack="0"/>
<pin id="178" dir="0" index="2" bw="3" slack="0"/>
<pin id="179" dir="1" index="3" bw="3" slack="0"/>
</pin_list>
<bind>
<opcode="select(49) " fcode="select"/>
<opset="empty/2 "/>
</bind>
</comp>

<comp id="183" class="1004" name="i_3_fu_183">
<pin_list>
<pin id="184" dir="0" index="0" bw="3" slack="0"/>
<pin id="185" dir="0" index="1" bw="1" slack="0"/>
<pin id="186" dir="1" index="2" bw="3" slack="0"/>
</pin_list>
<bind>
<opcode="add(8) " fcode="add"/>
<opset="i_3/2 "/>
</bind>
</comp>

<comp id="189" class="1004" name="zext_ln12_fu_189">
<pin_list>
<pin id="190" dir="0" index="0" bw="3" slack="0"/>
<pin id="191" dir="1" index="1" bw="64" slack="0"/>
</pin_list>
<bind>
<opcode="zext(34) " fcode="zext"/>
<opset="zext_ln12/2 "/>
</bind>
</comp>

<comp id="194" class="1004" name="zext_ln15_fu_194">
<pin_list>
<pin id="195" dir="0" index="0" bw="3" slack="0"/>
<pin id="196" dir="1" index="1" bw="64" slack="0"/>
</pin_list>
<bind>
<opcode="zext(34) " fcode="zext"/>
<opset="zext_ln15/2 "/>
</bind>
</comp>

<comp id="199" class="1004" name="j_3_fu_199">
<pin_list>
<pin id="200" dir="0" index="0" bw="3" slack="0"/>
<pin id="201" dir="0" index="1" bw="1" slack="0"/>
<pin id="202" dir="1" index="2" bw="3" slack="0"/>
</pin_list>
<bind>
<opcode="add(8) " fcode="add"/>
<opset="j_3/2 "/>
</bind>
</comp>

<comp id="205" class="1004" name="icmp_ln15_fu_205">
<pin_list>
<pin id="206" dir="0" index="0" bw="3" slack="0"/>
<pin id="207" dir="0" index="1" bw="3" slack="0"/>
<pin id="208" dir="1" index="2" bw="1" slack="0"/>
</pin_list>
<bind>
<opcode="icmp(45) " fcode="icmp"/>
<opset="icmp_ln15/2 "/>
</bind>
</comp>

<comp id="211" class="1004" name="store_ln15_store_fu_211">
<pin_list>
<pin id="212" dir="0" index="0" bw="3" slack="0"/>
<pin id="213" dir="0" index="1" bw="3" slack="1"/>
<pin id="214" dir="1" index="2" bw="0" slack="2147483647"/>
</pin_list>
<bind>
<opcode="store(28) " fcode="store"/>
<opset="store_ln15/2 "/>
</bind>
</comp>

<comp id="216" class="1004" name="store_ln12_store_fu_216">
<pin_list>
<pin id="217" dir="0" index="0" bw="3" slack="0"/>
<pin id="218" dir="0" index="1" bw="3" slack="1"/>
<pin id="219" dir="1" index="2" bw="0" slack="2147483647"/>
</pin_list>
<bind>
<opcode="store(28) " fcode="store"/>
<opset="store_ln12/2 "/>
</bind>
</comp>

<comp id="221" class="1004" name="zext_ln23_fu_221">
<pin_list>
<pin id="222" dir="0" index="0" bw="3" slack="1"/>
<pin id="223" dir="1" index="1" bw="5" slack="0"/>
</pin_list>
<bind>
<opcode="zext(34) " fcode="zext"/>
<opset="zext_ln23/3 "/>
</bind>
</comp>

<comp id="224" class="1004" name="tmp_8_fu_224">
<pin_list>
<pin id="225" dir="0" index="0" bw="5" slack="0"/>
<pin id="226" dir="0" index="1" bw="3" slack="1"/>
<pin id="227" dir="0" index="2" bw="1" slack="0"/>
<pin id="228" dir="1" index="3" bw="5" slack="0"/>
</pin_list>
<bind>
<opcode="bitconcatenate(1004) " fcode="bitconcatenate"/>
<opset="tmp_8/3 "/>
</bind>
</comp>

<comp id="231" class="1004" name="add_ln23_5_fu_231">
<pin_list>
<pin id="232" dir="0" index="0" bw="5" slack="0"/>
<pin id="233" dir="0" index="1" bw="3" slack="0"/>
<pin id="234" dir="1" index="2" bw="5" slack="0"/>
</pin_list>
<bind>
<opcode="add(8) " fcode="add"/>
<opset="add_ln23_5/3 "/>
</bind>
</comp>

<comp id="237" class="1004" name="trunc_ln23_fu_237">
<pin_list>
<pin id="238" dir="0" index="0" bw="40" slack="0"/>
<pin id="239" dir="1" index="1" bw="8" slack="3"/>
</pin_list>
<bind>
<opcode="trunc(33) " fcode="trunc"/>
<opset="trunc_ln23/3 "/>
</bind>
</comp>

<comp id="241" class="1004" name="tmp_fu_241">
<pin_list>
<pin id="242" dir="0" index="0" bw="8" slack="0"/>
<pin id="243" dir="0" index="1" bw="40" slack="0"/>
<pin id="244" dir="0" index="2" bw="5" slack="0"/>
<pin id="245" dir="1" index="3" bw="8" slack="0"/>
</pin_list>
<bind>
<opcode="partselect(1002) " fcode="partselect"/>
<opset="tmp/3 "/>
</bind>
</comp>

<comp id="249" class="1004" name="sext_ln23_1_fu_249">
<pin_list>
<pin id="250" dir="0" index="0" bw="8" slack="0"/>
<pin id="251" dir="1" index="1" bw="16" slack="0"/>
</pin_list>
<bind>
<opcode="sext(35) " fcode="sext"/>
<opset="sext_ln23_1/3 "/>
</bind>
</comp>

<comp id="253" class="1004" name="tmp_1_fu_253">
<pin_list>
<pin id="254" dir="0" index="0" bw="8" slack="0"/>
<pin id="255" dir="0" index="1" bw="40" slack="0"/>
<pin id="256" dir="0" index="2" bw="6" slack="0"/>
<pin id="257" dir="1" index="3" bw="8" slack="4"/>
</pin_list>
<bind>
<opcode="partselect(1002) " fcode="partselect"/>
<opset="tmp_1/3 "/>
</bind>
</comp>

<comp id="261" class="1004" name="tmp_2_fu_261">
<pin_list>
<pin id="262" dir="0" index="0" bw="8" slack="0"/>
<pin id="263" dir="0" index="1" bw="40" slack="0"/>
<pin id="264" dir="0" index="2" bw="6" slack="0"/>
<pin id="265" dir="1" index="3" bw="8" slack="0"/>
</pin_list>
<bind>
<opcode="partselect(1002) " fcode="partselect"/>
<opset="tmp_2/3 "/>
</bind>
</comp>

<comp id="269" class="1004" name="sext_ln23_3_fu_269">
<pin_list>
<pin id="270" dir="0" index="0" bw="8" slack="0"/>
<pin id="271" dir="1" index="1" bw="16" slack="0"/>
</pin_list>
<bind>
<opcode="sext(35) " fcode="sext"/>
<opset="sext_ln23_3/3 "/>
</bind>
</comp>

<comp id="273" class="1004" name="tmp_3_fu_273">
<pin_list>
<pin id="274" dir="0" index="0" bw="8" slack="0"/>
<pin id="275" dir="0" index="1" bw="40" slack="0"/>
<pin id="276" dir="0" index="2" bw="7" slack="0"/>
<pin id="277" dir="1" index="3" bw="8" slack="3"/>
</pin_list>
<bind>
<opcode="partselect(1002) " fcode="partselect"/>
<opset="tmp_3/3 "/>
</bind>
</comp>

<comp id="281" class="1004" name="zext_ln23_1_fu_281">
<pin_list>
<pin id="282" dir="0" index="0" bw="3" slack="1"/>
<pin id="283" dir="1" index="1" bw="5" slack="0"/>
</pin_list>
<bind>
<opcode="zext(34) " fcode="zext"/>
<opset="zext_ln23_1/3 "/>
</bind>
</comp>

<comp id="284" class="1004" name="add_ln23_4_fu_284">
<pin_list>
<pin id="285" dir="0" index="0" bw="5" slack="0"/>
<pin id="286" dir="0" index="1" bw="3" slack="0"/>
<pin id="287" dir="1" index="2" bw="5" slack="7"/>
</pin_list>
<bind>
<opcode="add(8) " fcode="add"/>
<opset="add_ln23_4/3 "/>
</bind>
</comp>

<comp id="290" class="1004" name="trunc_ln23_1_fu_290">
<pin_list>
<pin id="291" dir="0" index="0" bw="40" slack="0"/>
<pin id="292" dir="1" index="1" bw="8" slack="3"/>
</pin_list>
<bind>
<opcode="trunc(33) " fcode="trunc"/>
<opset="trunc_ln23_1/3 "/>
</bind>
</comp>

<comp id="294" class="1004" name="tmp_4_fu_294">
<pin_list>
<pin id="295" dir="0" index="0" bw="8" slack="0"/>
<pin id="296" dir="0" index="1" bw="40" slack="0"/>
<pin id="297" dir="0" index="2" bw="5" slack="0"/>
<pin id="298" dir="1" index="3" bw="8" slack="0"/>
</pin_list>
<bind>
<opcode="partselect(1002) " fcode="partselect"/>
<opset="tmp_4/3 "/>
</bind>
</comp>

<comp id="302" class="1004" name="sext_ln23_6_fu_302">
<pin_list>
<pin id="303" dir="0" index="0" bw="8" slack="0"/>
<pin id="304" dir="1" index="1" bw="16" slack="0"/>
</pin_list>
<bind>
<opcode="sext(35) " fcode="sext"/>
<opset="sext_ln23_6/3 "/>
</bind>
</comp>

<comp id="306" class="1004" name="tmp_5_fu_306">
<pin_list>
<pin id="307" dir="0" index="0" bw="8" slack="0"/>
<pin id="308" dir="0" index="1" bw="40" slack="0"/>
<pin id="309" dir="0" index="2" bw="6" slack="0"/>
<pin id="310" dir="1" index="3" bw="8" slack="4"/>
</pin_list>
<bind>
<opcode="partselect(1002) " fcode="partselect"/>
<opset="tmp_5/3 "/>
</bind>
</comp>

<comp id="314" class="1004" name="tmp_6_fu_314">
<pin_list>
<pin id="315" dir="0" index="0" bw="8" slack="0"/>
<pin id="316" dir="0" index="1" bw="40" slack="0"/>
<pin id="317" dir="0" index="2" bw="6" slack="0"/>
<pin id="318" dir="1" index="3" bw="8" slack="0"/>
</pin_list>
<bind>
<opcode="partselect(1002) " fcode="partselect"/>
<opset="tmp_6/3 "/>
</bind>
</comp>

<comp id="322" class="1004" name="sext_ln23_8_fu_322">
<pin_list>
<pin id="323" dir="0" index="0" bw="8" slack="0"/>
<pin id="324" dir="1" index="1" bw="16" slack="0"/>
</pin_list>
<bind>
<opcode="sext(35) " fcode="sext"/>
<opset="sext_ln23_8/3 "/>
</bind>
</comp>

<comp id="326" class="1004" name="tmp_7_fu_326">
<pin_list>
<pin id="327" dir="0" index="0" bw="8" slack="0"/>
<pin id="328" dir="0" index="1" bw="40" slack="0"/>
<pin id="329" dir="0" index="2" bw="7" slack="0"/>
<pin id="330" dir="1" index="3" bw="8" slack="3"/>
</pin_list>
<bind>
<opcode="partselect(1002) " fcode="partselect"/>
<opset="tmp_7/3 "/>
</bind>
</comp>

<comp id="334" class="1004" name="grp_fu_334">
<pin_list>
<pin id="335" dir="0" index="0" bw="8" slack="0"/>
<pin id="336" dir="0" index="1" bw="8" slack="0"/>
<pin id="337" dir="1" index="2" bw="16" slack="1"/>
</pin_list>
<bind>
<opcode="mul(12) " fcode="mul"/>
<opset="mul_ln23_1/3 "/>
</bind>
</comp>

<comp id="340" class="1004" name="grp_fu_340">
<pin_list>
<pin id="341" dir="0" index="0" bw="8" slack="0"/>
<pin id="342" dir="0" index="1" bw="8" slack="0"/>
<pin id="343" dir="1" index="2" bw="16" slack="1"/>
</pin_list>
<bind>
<opcode="mul(12) " fcode="mul"/>
<opset="mul_ln23_3/3 "/>
</bind>
</comp>

<comp id="346" class="1004" name="sext_ln23_fu_346">
<pin_list>
<pin id="347" dir="0" index="0" bw="8" slack="3"/>
<pin id="348" dir="1" index="1" bw="16" slack="0"/>
</pin_list>
<bind>
<opcode="sext(35) " fcode="sext"/>
<opset="sext_ln23/6 "/>
</bind>
</comp>

<comp id="349" class="1004" name="sext_ln23_4_fu_349">
<pin_list>
<pin id="350" dir="0" index="0" bw="8" slack="3"/>
<pin id="351" dir="1" index="1" bw="16" slack="0"/>
</pin_list>
<bind>
<opcode="sext(35) " fcode="sext"/>
<opset="sext_ln23_4/6 "/>
</bind>
</comp>

<comp id="352" class="1004" name="sext_ln23_5_fu_352">
<pin_list>
<pin id="353" dir="0" index="0" bw="8" slack="3"/>
<pin id="354" dir="1" index="1" bw="16" slack="0"/>
</pin_list>
<bind>
<opcode="sext(35) " fcode="sext"/>
<opset="sext_ln23_5/6 "/>
</bind>
</comp>

<comp id="355" class="1004" name="sext_ln23_9_fu_355">
<pin_list>
<pin id="356" dir="0" index="0" bw="8" slack="3"/>
<pin id="357" dir="1" index="1" bw="16" slack="0"/>
</pin_list>
<bind>
<opcode="sext(35) " fcode="sext"/>
<opset="sext_ln23_9/6 "/>
</bind>
</comp>

<comp id="358" class="1004" name="sext_ln23_2_fu_358">
<pin_list>
<pin id="359" dir="0" index="0" bw="8" slack="4"/>
<pin id="360" dir="1" index="1" bw="16" slack="0"/>
</pin_list>
<bind>
<opcode="sext(35) " fcode="sext"/>
<opset="sext_ln23_2/7 "/>
</bind>
</comp>

<comp id="361" class="1004" name="sext_ln23_7_fu_361">
<pin_list>
<pin id="362" dir="0" index="0" bw="8" slack="4"/>
<pin id="363" dir="1" index="1" bw="16" slack="0"/>
</pin_list>
<bind>
<opcode="sext(35) " fcode="sext"/>
<opset="sext_ln23_7/7 "/>
</bind>
</comp>

<comp id="364" class="1004" name="zext_ln23_2_fu_364">
<pin_list>
<pin id="365" dir="0" index="0" bw="5" slack="7"/>
<pin id="366" dir="1" index="1" bw="64" slack="0"/>
</pin_list>
<bind>
<opcode="zext(34) " fcode="zext"/>
<opset="zext_ln23_2/10 "/>
</bind>
</comp>

<comp id="368" class="1004" name="add_ln23_3_fu_368">
<pin_list>
<pin id="369" dir="0" index="0" bw="16" slack="0"/>
<pin id="370" dir="0" index="1" bw="16" slack="1"/>
<pin id="371" dir="1" index="2" bw="16" slack="0"/>
</pin_list>
<bind>
<opcode="add(8) " fcode="add"/>
<opset="add_ln23_3/10 "/>
</bind>
</comp>

<comp id="373" class="1007" name="grp_fu_373">
<pin_list>
<pin id="374" dir="0" index="0" bw="8" slack="0"/>
<pin id="375" dir="0" index="1" bw="8" slack="0"/>
<pin id="376" dir="0" index="2" bw="16" slack="2147483647"/>
<pin id="377" dir="1" index="3" bw="16" slack="1"/>
</pin_list>
<bind>
<opcode="muladd(1172) " fcode="muladd"/>
<opset="mul_ln23/6 add_ln23/8 "/>
</bind>
</comp>

<comp id="380" class="1007" name="grp_fu_380">
<pin_list>
<pin id="381" dir="0" index="0" bw="8" slack="0"/>
<pin id="382" dir="0" index="1" bw="8" slack="0"/>
<pin id="383" dir="0" index="2" bw="16" slack="2147483647"/>
<pin id="384" dir="1" index="3" bw="16" slack="0"/>
</pin_list>
<bind>
<opcode="muladd(1172) " fcode="muladd"/>
<opset="mul_ln23_2/6 add_ln23_1/8 "/>
</bind>
</comp>

<comp id="387" class="1007" name="grp_fu_387">
<pin_list>
<pin id="388" dir="0" index="0" bw="8" slack="0"/>
<pin id="389" dir="0" index="1" bw="8" slack="0"/>
<pin id="390" dir="0" index="2" bw="16" slack="0"/>
<pin id="391" dir="1" index="3" bw="16" slack="0"/>
</pin_list>
<bind>
<opcode="muladd(1172) " fcode="muladd"/>
<opset="mul_ln23_4/7 add_ln23_2/9 "/>
</bind>
</comp>

<comp id="396" class="1005" name="indvar_flatten1_reg_396">
<pin_list>
<pin id="397" dir="0" index="0" bw="5" slack="0"/>
<pin id="398" dir="1" index="1" bw="5" slack="0"/>
</pin_list>
<bind>
<opset="indvar_flatten1 "/>
</bind>
</comp>

<comp id="403" class="1005" name="i_reg_403">
<pin_list>
<pin id="404" dir="0" index="0" bw="3" slack="0"/>
<pin id="405" dir="1" index="1" bw="3" slack="0"/>
</pin_list>
<bind>
<opset="i "/>
</bind>
</comp>

<comp id="410" class="1005" name="j_reg_410">
<pin_list>
<pin id="411" dir="0" index="0" bw="3" slack="0"/>
<pin id="412" dir="1" index="1" bw="3" slack="0"/>
</pin_list>
<bind>
<opset="j "/>
</bind>
</comp>

<comp id="417" class="1005" name="icmp_ln12_reg_417">
<pin_list>
<pin id="418" dir="0" index="0" bw="1" slack="1"/>
<pin id="419" dir="1" index="1" bw="1" slack="2147483647"/>
</pin_list>
<bind>
<opset="icmp_ln12 "/>
</bind>
</comp>

<comp id="421" class="1005" name="select_ln12_reg_421">
<pin_list>
<pin id="422" dir="0" index="0" bw="3" slack="1"/>
<pin id="423" dir="1" index="1" bw="3" slack="1"/>
</pin_list>
<bind>
<opset="select_ln12 "/>
</bind>
</comp>

<comp id="426" class="1005" name="i_3_reg_426">
<pin_list>
<pin id="427" dir="0" index="0" bw="3" slack="1"/>
<pin id="428" dir="1" index="1" bw="3" slack="1"/>
</pin_list>
<bind>
<opset="i_3 "/>
</bind>
</comp>

<comp id="432" class="1005" name="a_addr_reg_432">
<pin_list>
<pin id="433" dir="0" index="0" bw="3" slack="1"/>
<pin id="434" dir="1" index="1" bw="3" slack="1"/>
</pin_list>
<bind>
<opset="a_addr "/>
</bind>
</comp>

<comp id="437" class="1005" name="b_addr_reg_437">
<pin_list>
<pin id="438" dir="0" index="0" bw="3" slack="1"/>
<pin id="439" dir="1" index="1" bw="3" slack="1"/>
</pin_list>
<bind>
<opset="b_addr "/>
</bind>
</comp>

<comp id="442" class="1005" name="icmp_ln15_reg_442">
<pin_list>
<pin id="443" dir="0" index="0" bw="1" slack="0"/>
<pin id="444" dir="1" index="1" bw="1" slack="0"/>
</pin_list>
<bind>
<opset="icmp_ln15 "/>
</bind>
</comp>

<comp id="447" class="1005" name="trunc_ln23_reg_447">
<pin_list>
<pin id="448" dir="0" index="0" bw="8" slack="3"/>
<pin id="449" dir="1" index="1" bw="8" slack="3"/>
</pin_list>
<bind>
<opset="trunc_ln23 "/>
</bind>
</comp>

<comp id="452" class="1005" name="sext_ln23_1_reg_452">
<pin_list>
<pin id="453" dir="0" index="0" bw="16" slack="1"/>
<pin id="454" dir="1" index="1" bw="16" slack="1"/>
</pin_list>
<bind>
<opset="sext_ln23_1 "/>
</bind>
</comp>

<comp id="457" class="1005" name="tmp_1_reg_457">
<pin_list>
<pin id="458" dir="0" index="0" bw="8" slack="4"/>
<pin id="459" dir="1" index="1" bw="8" slack="4"/>
</pin_list>
<bind>
<opset="tmp_1 "/>
</bind>
</comp>

<comp id="462" class="1005" name="sext_ln23_3_reg_462">
<pin_list>
<pin id="463" dir="0" index="0" bw="16" slack="1"/>
<pin id="464" dir="1" index="1" bw="16" slack="1"/>
</pin_list>
<bind>
<opset="sext_ln23_3 "/>
</bind>
</comp>

<comp id="467" class="1005" name="tmp_3_reg_467">
<pin_list>
<pin id="468" dir="0" index="0" bw="8" slack="3"/>
<pin id="469" dir="1" index="1" bw="8" slack="3"/>
</pin_list>
<bind>
<opset="tmp_3 "/>
</bind>
</comp>

<comp id="472" class="1005" name="add_ln23_4_reg_472">
<pin_list>
<pin id="473" dir="0" index="0" bw="5" slack="7"/>
<pin id="474" dir="1" index="1" bw="5" slack="7"/>
</pin_list>
<bind>
<opset="add_ln23_4 "/>
</bind>
</comp>

<comp id="477" class="1005" name="trunc_ln23_1_reg_477">
<pin_list>
<pin id="478" dir="0" index="0" bw="8" slack="3"/>
<pin id="479" dir="1" index="1" bw="8" slack="3"/>
</pin_list>
<bind>
<opset="trunc_ln23_1 "/>
</bind>
</comp>

<comp id="482" class="1005" name="sext_ln23_6_reg_482">
<pin_list>
<pin id="483" dir="0" index="0" bw="16" slack="1"/>
<pin id="484" dir="1" index="1" bw="16" slack="1"/>
</pin_list>
<bind>
<opset="sext_ln23_6 "/>
</bind>
</comp>

<comp id="487" class="1005" name="tmp_5_reg_487">
<pin_list>
<pin id="488" dir="0" index="0" bw="8" slack="4"/>
<pin id="489" dir="1" index="1" bw="8" slack="4"/>
</pin_list>
<bind>
<opset="tmp_5 "/>
</bind>
</comp>

<comp id="492" class="1005" name="sext_ln23_8_reg_492">
<pin_list>
<pin id="493" dir="0" index="0" bw="16" slack="1"/>
<pin id="494" dir="1" index="1" bw="16" slack="1"/>
</pin_list>
<bind>
<opset="sext_ln23_8 "/>
</bind>
</comp>

<comp id="497" class="1005" name="tmp_7_reg_497">
<pin_list>
<pin id="498" dir="0" index="0" bw="8" slack="3"/>
<pin id="499" dir="1" index="1" bw="8" slack="3"/>
</pin_list>
<bind>
<opset="tmp_7 "/>
</bind>
</comp>

<comp id="502" class="1005" name="sext_ln23_reg_502">
<pin_list>
<pin id="503" dir="0" index="0" bw="16" slack="1"/>
<pin id="504" dir="1" index="1" bw="16" slack="1"/>
</pin_list>
<bind>
<opset="sext_ln23 "/>
</bind>
</comp>

<comp id="507" class="1005" name="sext_ln23_4_reg_507">
<pin_list>
<pin id="508" dir="0" index="0" bw="16" slack="1"/>
<pin id="509" dir="1" index="1" bw="16" slack="1"/>
</pin_list>
<bind>
<opset="sext_ln23_4 "/>
</bind>
</comp>

<comp id="512" class="1005" name="sext_ln23_5_reg_512">
<pin_list>
<pin id="513" dir="0" index="0" bw="16" slack="1"/>
<pin id="514" dir="1" index="1" bw="16" slack="1"/>
</pin_list>
<bind>
<opset="sext_ln23_5 "/>
</bind>
</comp>

<comp id="517" class="1005" name="sext_ln23_9_reg_517">
<pin_list>
<pin id="518" dir="0" index="0" bw="16" slack="1"/>
<pin id="519" dir="1" index="1" bw="16" slack="1"/>
</pin_list>
<bind>
<opset="sext_ln23_9 "/>
</bind>
</comp>

<comp id="522" class="1005" name="sext_ln23_2_reg_522">
<pin_list>
<pin id="523" dir="0" index="0" bw="16" slack="1"/>
<pin id="524" dir="1" index="1" bw="16" slack="1"/>
</pin_list>
<bind>
<opset="sext_ln23_2 "/>
</bind>
</comp>

<comp id="527" class="1005" name="sext_ln23_7_reg_527">
<pin_list>
<pin id="528" dir="0" index="0" bw="16" slack="1"/>
<pin id="529" dir="1" index="1" bw="16" slack="1"/>
</pin_list>
<bind>
<opset="sext_ln23_7 "/>
</bind>
</comp>

<comp id="532" class="1005" name="mul_ln23_1_reg_532">
<pin_list>
<pin id="533" dir="0" index="0" bw="16" slack="1"/>
<pin id="534" dir="1" index="1" bw="16" slack="1"/>
</pin_list>
<bind>
<opset="mul_ln23_1 "/>
</bind>
</comp>

<comp id="537" class="1005" name="mul_ln23_3_reg_537">
<pin_list>
<pin id="538" dir="0" index="0" bw="16" slack="1"/>
<pin id="539" dir="1" index="1" bw="16" slack="1"/>
</pin_list>
<bind>
<opset="mul_ln23_3 "/>
</bind>
</comp>

<comp id="542" class="1005" name="add_ln23_reg_542">
<pin_list>
<pin id="543" dir="0" index="0" bw="16" slack="1"/>
<pin id="544" dir="1" index="1" bw="16" slack="1"/>
</pin_list>
<bind>
<opset="add_ln23 "/>
</bind>
</comp>

<comp id="547" class="1005" name="add_ln23_1_reg_547">
<pin_list>
<pin id="548" dir="0" index="0" bw="16" slack="1"/>
<pin id="549" dir="1" index="1" bw="16" slack="1"/>
</pin_list>
<bind>
<opset="add_ln23_1 "/>
</bind>
</comp>

</comp_list>

<net_list>
<net id="67"><net_src comp="6" pin="0"/><net_sink comp="64" pin=0"/></net>

<net id="71"><net_src comp="6" pin="0"/><net_sink comp="68" pin=0"/></net>

<net id="75"><net_src comp="6" pin="0"/><net_sink comp="72" pin=0"/></net>

<net id="81"><net_src comp="0" pin="0"/><net_sink comp="76" pin=0"/></net>

<net id="82"><net_src comp="36" pin="0"/><net_sink comp="76" pin=1"/></net>

<net id="88"><net_src comp="76" pin="3"/><net_sink comp="83" pin=0"/></net>

<net id="94"><net_src comp="2" pin="0"/><net_sink comp="89" pin=0"/></net>

<net id="95"><net_src comp="36" pin="0"/><net_sink comp="89" pin=1"/></net>

<net id="101"><net_src comp="89" pin="3"/><net_sink comp="96" pin=0"/></net>

<net id="107"><net_src comp="4" pin="0"/><net_sink comp="102" pin=0"/></net>

<net id="108"><net_src comp="36" pin="0"/><net_sink comp="102" pin=1"/></net>

<net id="114"><net_src comp="102" pin="3"/><net_sink comp="109" pin=0"/></net>

<net id="118"><net_src comp="32" pin="0"/><net_sink comp="115" pin=0"/></net>

<net id="125"><net_src comp="115" pin="1"/><net_sink comp="119" pin=0"/></net>

<net id="130"><net_src comp="24" pin="0"/><net_sink comp="126" pin=0"/></net>

<net id="135"><net_src comp="24" pin="0"/><net_sink comp="131" pin=0"/></net>

<net id="140"><net_src comp="26" pin="0"/><net_sink comp="136" pin=0"/></net>

<net id="148"><net_src comp="141" pin="1"/><net_sink comp="144" pin=0"/></net>

<net id="149"><net_src comp="28" pin="0"/><net_sink comp="144" pin=1"/></net>

<net id="154"><net_src comp="141" pin="1"/><net_sink comp="150" pin=0"/></net>

<net id="155"><net_src comp="30" pin="0"/><net_sink comp="150" pin=1"/></net>

<net id="160"><net_src comp="144" pin="2"/><net_sink comp="156" pin=0"/></net>

<net id="172"><net_src comp="119" pin="4"/><net_sink comp="167" pin=0"/></net>

<net id="173"><net_src comp="24" pin="0"/><net_sink comp="167" pin=1"/></net>

<net id="174"><net_src comp="164" pin="1"/><net_sink comp="167" pin=2"/></net>

<net id="180"><net_src comp="119" pin="4"/><net_sink comp="175" pin=0"/></net>

<net id="181"><net_src comp="34" pin="0"/><net_sink comp="175" pin=1"/></net>

<net id="182"><net_src comp="24" pin="0"/><net_sink comp="175" pin=2"/></net>

<net id="187"><net_src comp="161" pin="1"/><net_sink comp="183" pin=0"/></net>

<net id="188"><net_src comp="175" pin="3"/><net_sink comp="183" pin=1"/></net>

<net id="192"><net_src comp="183" pin="2"/><net_sink comp="189" pin=0"/></net>

<net id="193"><net_src comp="189" pin="1"/><net_sink comp="76" pin=2"/></net>

<net id="197"><net_src comp="167" pin="3"/><net_sink comp="194" pin=0"/></net>

<net id="198"><net_src comp="194" pin="1"/><net_sink comp="89" pin=2"/></net>

<net id="203"><net_src comp="167" pin="3"/><net_sink comp="199" pin=0"/></net>

<net id="204"><net_src comp="34" pin="0"/><net_sink comp="199" pin=1"/></net>

<net id="209"><net_src comp="199" pin="2"/><net_sink comp="205" pin=0"/></net>

<net id="210"><net_src comp="38" pin="0"/><net_sink comp="205" pin=1"/></net>

<net id="215"><net_src comp="199" pin="2"/><net_sink comp="211" pin=0"/></net>

<net id="220"><net_src comp="183" pin="2"/><net_sink comp="216" pin=0"/></net>

<net id="229"><net_src comp="40" pin="0"/><net_sink comp="224" pin=0"/></net>

<net id="230"><net_src comp="42" pin="0"/><net_sink comp="224" pin=2"/></net>

<net id="235"><net_src comp="224" pin="3"/><net_sink comp="231" pin=0"/></net>

<net id="236"><net_src comp="221" pin="1"/><net_sink comp="231" pin=1"/></net>

<net id="240"><net_src comp="83" pin="3"/><net_sink comp="237" pin=0"/></net>

<net id="246"><net_src comp="44" pin="0"/><net_sink comp="241" pin=0"/></net>

<net id="247"><net_src comp="83" pin="3"/><net_sink comp="241" pin=1"/></net>

<net id="248"><net_src comp="46" pin="0"/><net_sink comp="241" pin=2"/></net>

<net id="252"><net_src comp="241" pin="3"/><net_sink comp="249" pin=0"/></net>

<net id="258"><net_src comp="44" pin="0"/><net_sink comp="253" pin=0"/></net>

<net id="259"><net_src comp="83" pin="3"/><net_sink comp="253" pin=1"/></net>

<net id="260"><net_src comp="48" pin="0"/><net_sink comp="253" pin=2"/></net>

<net id="266"><net_src comp="44" pin="0"/><net_sink comp="261" pin=0"/></net>

<net id="267"><net_src comp="83" pin="3"/><net_sink comp="261" pin=1"/></net>

<net id="268"><net_src comp="50" pin="0"/><net_sink comp="261" pin=2"/></net>

<net id="272"><net_src comp="261" pin="3"/><net_sink comp="269" pin=0"/></net>

<net id="278"><net_src comp="44" pin="0"/><net_sink comp="273" pin=0"/></net>

<net id="279"><net_src comp="83" pin="3"/><net_sink comp="273" pin=1"/></net>

<net id="280"><net_src comp="52" pin="0"/><net_sink comp="273" pin=2"/></net>

<net id="288"><net_src comp="231" pin="2"/><net_sink comp="284" pin=0"/></net>

<net id="289"><net_src comp="281" pin="1"/><net_sink comp="284" pin=1"/></net>

<net id="293"><net_src comp="96" pin="3"/><net_sink comp="290" pin=0"/></net>

<net id="299"><net_src comp="44" pin="0"/><net_sink comp="294" pin=0"/></net>

<net id="300"><net_src comp="96" pin="3"/><net_sink comp="294" pin=1"/></net>

<net id="301"><net_src comp="46" pin="0"/><net_sink comp="294" pin=2"/></net>

<net id="305"><net_src comp="294" pin="3"/><net_sink comp="302" pin=0"/></net>

<net id="311"><net_src comp="44" pin="0"/><net_sink comp="306" pin=0"/></net>

<net id="312"><net_src comp="96" pin="3"/><net_sink comp="306" pin=1"/></net>

<net id="313"><net_src comp="48" pin="0"/><net_sink comp="306" pin=2"/></net>

<net id="319"><net_src comp="44" pin="0"/><net_sink comp="314" pin=0"/></net>

<net id="320"><net_src comp="96" pin="3"/><net_sink comp="314" pin=1"/></net>

<net id="321"><net_src comp="50" pin="0"/><net_sink comp="314" pin=2"/></net>

<net id="325"><net_src comp="314" pin="3"/><net_sink comp="322" pin=0"/></net>

<net id="331"><net_src comp="44" pin="0"/><net_sink comp="326" pin=0"/></net>

<net id="332"><net_src comp="96" pin="3"/><net_sink comp="326" pin=1"/></net>

<net id="333"><net_src comp="52" pin="0"/><net_sink comp="326" pin=2"/></net>

<net id="338"><net_src comp="302" pin="1"/><net_sink comp="334" pin=0"/></net>

<net id="339"><net_src comp="249" pin="1"/><net_sink comp="334" pin=1"/></net>

<net id="344"><net_src comp="322" pin="1"/><net_sink comp="340" pin=0"/></net>

<net id="345"><net_src comp="269" pin="1"/><net_sink comp="340" pin=1"/></net>

<net id="367"><net_src comp="364" pin="1"/><net_sink comp="102" pin=2"/></net>

<net id="372"><net_src comp="368" pin="2"/><net_sink comp="109" pin=1"/></net>

<net id="378"><net_src comp="352" pin="1"/><net_sink comp="373" pin=0"/></net>

<net id="379"><net_src comp="346" pin="1"/><net_sink comp="373" pin=1"/></net>

<net id="385"><net_src comp="355" pin="1"/><net_sink comp="380" pin=0"/></net>

<net id="386"><net_src comp="349" pin="1"/><net_sink comp="380" pin=1"/></net>

<net id="392"><net_src comp="361" pin="1"/><net_sink comp="387" pin=0"/></net>

<net id="393"><net_src comp="358" pin="1"/><net_sink comp="387" pin=1"/></net>

<net id="394"><net_src comp="380" pin="3"/><net_sink comp="387" pin=2"/></net>

<net id="395"><net_src comp="387" pin="3"/><net_sink comp="368" pin=0"/></net>

<net id="399"><net_src comp="64" pin="1"/><net_sink comp="396" pin=0"/></net>

<net id="400"><net_src comp="396" pin="1"/><net_sink comp="136" pin=1"/></net>

<net id="401"><net_src comp="396" pin="1"/><net_sink comp="141" pin=0"/></net>

<net id="402"><net_src comp="396" pin="1"/><net_sink comp="156" pin=1"/></net>

<net id="406"><net_src comp="68" pin="1"/><net_sink comp="403" pin=0"/></net>

<net id="407"><net_src comp="403" pin="1"/><net_sink comp="131" pin=1"/></net>

<net id="408"><net_src comp="403" pin="1"/><net_sink comp="161" pin=0"/></net>

<net id="409"><net_src comp="403" pin="1"/><net_sink comp="216" pin=1"/></net>

<net id="413"><net_src comp="72" pin="1"/><net_sink comp="410" pin=0"/></net>

<net id="414"><net_src comp="410" pin="1"/><net_sink comp="126" pin=1"/></net>

<net id="415"><net_src comp="410" pin="1"/><net_sink comp="164" pin=0"/></net>

<net id="416"><net_src comp="410" pin="1"/><net_sink comp="211" pin=1"/></net>

<net id="420"><net_src comp="150" pin="2"/><net_sink comp="417" pin=0"/></net>

<net id="424"><net_src comp="167" pin="3"/><net_sink comp="421" pin=0"/></net>

<net id="425"><net_src comp="421" pin="1"/><net_sink comp="281" pin=0"/></net>

<net id="429"><net_src comp="183" pin="2"/><net_sink comp="426" pin=0"/></net>

<net id="430"><net_src comp="426" pin="1"/><net_sink comp="221" pin=0"/></net>

<net id="431"><net_src comp="426" pin="1"/><net_sink comp="224" pin=1"/></net>

<net id="435"><net_src comp="76" pin="3"/><net_sink comp="432" pin=0"/></net>

<net id="436"><net_src comp="432" pin="1"/><net_sink comp="83" pin=0"/></net>

<net id="440"><net_src comp="89" pin="3"/><net_sink comp="437" pin=0"/></net>

<net id="441"><net_src comp="437" pin="1"/><net_sink comp="96" pin=0"/></net>

<net id="445"><net_src comp="205" pin="2"/><net_sink comp="442" pin=0"/></net>

<net id="446"><net_src comp="442" pin="1"/><net_sink comp="119" pin=2"/></net>

<net id="450"><net_src comp="237" pin="1"/><net_sink comp="447" pin=0"/></net>

<net id="451"><net_src comp="447" pin="1"/><net_sink comp="346" pin=0"/></net>

<net id="455"><net_src comp="249" pin="1"/><net_sink comp="452" pin=0"/></net>

<net id="456"><net_src comp="452" pin="1"/><net_sink comp="334" pin=1"/></net>

<net id="460"><net_src comp="253" pin="3"/><net_sink comp="457" pin=0"/></net>

<net id="461"><net_src comp="457" pin="1"/><net_sink comp="358" pin=0"/></net>

<net id="465"><net_src comp="269" pin="1"/><net_sink comp="462" pin=0"/></net>

<net id="466"><net_src comp="462" pin="1"/><net_sink comp="340" pin=1"/></net>

<net id="470"><net_src comp="273" pin="3"/><net_sink comp="467" pin=0"/></net>

<net id="471"><net_src comp="467" pin="1"/><net_sink comp="349" pin=0"/></net>

<net id="475"><net_src comp="284" pin="2"/><net_sink comp="472" pin=0"/></net>

<net id="476"><net_src comp="472" pin="1"/><net_sink comp="364" pin=0"/></net>

<net id="480"><net_src comp="290" pin="1"/><net_sink comp="477" pin=0"/></net>

<net id="481"><net_src comp="477" pin="1"/><net_sink comp="352" pin=0"/></net>

<net id="485"><net_src comp="302" pin="1"/><net_sink comp="482" pin=0"/></net>

<net id="486"><net_src comp="482" pin="1"/><net_sink comp="334" pin=0"/></net>

<net id="490"><net_src comp="306" pin="3"/><net_sink comp="487" pin=0"/></net>

<net id="491"><net_src comp="487" pin="1"/><net_sink comp="361" pin=0"/></net>

<net id="495"><net_src comp="322" pin="1"/><net_sink comp="492" pin=0"/></net>

<net id="496"><net_src comp="492" pin="1"/><net_sink comp="340" pin=0"/></net>

<net id="500"><net_src comp="326" pin="3"/><net_sink comp="497" pin=0"/></net>

<net id="501"><net_src comp="497" pin="1"/><net_sink comp="355" pin=0"/></net>

<net id="505"><net_src comp="346" pin="1"/><net_sink comp="502" pin=0"/></net>

<net id="506"><net_src comp="502" pin="1"/><net_sink comp="373" pin=1"/></net>

<net id="510"><net_src comp="349" pin="1"/><net_sink comp="507" pin=0"/></net>

<net id="511"><net_src comp="507" pin="1"/><net_sink comp="380" pin=1"/></net>

<net id="515"><net_src comp="352" pin="1"/><net_sink comp="512" pin=0"/></net>

<net id="516"><net_src comp="512" pin="1"/><net_sink comp="373" pin=0"/></net>

<net id="520"><net_src comp="355" pin="1"/><net_sink comp="517" pin=0"/></net>

<net id="521"><net_src comp="517" pin="1"/><net_sink comp="380" pin=0"/></net>

<net id="525"><net_src comp="358" pin="1"/><net_sink comp="522" pin=0"/></net>

<net id="526"><net_src comp="522" pin="1"/><net_sink comp="387" pin=1"/></net>

<net id="530"><net_src comp="361" pin="1"/><net_sink comp="527" pin=0"/></net>

<net id="531"><net_src comp="527" pin="1"/><net_sink comp="387" pin=0"/></net>

<net id="535"><net_src comp="334" pin="2"/><net_sink comp="532" pin=0"/></net>

<net id="536"><net_src comp="532" pin="1"/><net_sink comp="373" pin=0"/></net>

<net id="540"><net_src comp="340" pin="2"/><net_sink comp="537" pin=0"/></net>

<net id="541"><net_src comp="537" pin="1"/><net_sink comp="380" pin=0"/></net>

<net id="545"><net_src comp="373" pin="3"/><net_sink comp="542" pin=0"/></net>

<net id="546"><net_src comp="542" pin="1"/><net_sink comp="368" pin=1"/></net>

<net id="550"><net_src comp="380" pin="3"/><net_sink comp="547" pin=0"/></net>

<net id="551"><net_src comp="547" pin="1"/><net_sink comp="387" pin=0"/></net>

</net_list>

</model> 
---------------- Datapath Model END ------------------

* FSMD analyzer results:
  - Output states:
	Port: prod | {10 }
 - Input state : 
	Port: matrix_mult : a | {2 3 }
	Port: matrix_mult : b | {2 3 }
  - Chain level:
	State 1
		store_ln15 : 1
		store_ln12 : 1
		store_ln0 : 1
		indvar_flatten1_load : 1
		add_ln12_1 : 2
		icmp_ln12 : 2
		store_ln12 : 3
		br_ln12 : 3
	State 2
		select_ln12 : 1
		empty : 1
		i_3 : 2
		zext_ln12 : 3
		a_addr : 4
		a_load : 5
		zext_ln15 : 2
		b_addr : 3
		b_load : 4
		j_3 : 2
		icmp_ln15 : 3
		store_ln15 : 3
		store_ln12 : 3
	State 3
		add_ln23_5 : 1
		trunc_ln23 : 1
		tmp : 1
		sext_ln23_1 : 2
		tmp_1 : 1
		tmp_2 : 1
		sext_ln23_3 : 2
		tmp_3 : 1
		add_ln23_4 : 2
		trunc_ln23_1 : 1
		tmp_4 : 1
		sext_ln23_6 : 2
		tmp_5 : 1
		tmp_6 : 1
		sext_ln23_8 : 2
		tmp_7 : 1
		mul_ln23_1 : 3
		mul_ln23_3 : 3
	State 4
	State 5
	State 6
		mul_ln23 : 1
		mul_ln23_2 : 1
	State 7
		mul_ln23_4 : 1
	State 8
		add_ln23 : 1
		add_ln23_1 : 1
	State 9
		add_ln23_2 : 1
	State 10
		prod_addr : 1
		add_ln23_3 : 1
		store_ln23 : 2


============================================================
+ Verbose Summary: Datapath Resource usage 
============================================================

* Functional unit list:
|----------|---------------------|---------|---------|---------|
| Operation|   Functional Unit   |   DSP   |    FF   |   LUT   |
|----------|---------------------|---------|---------|---------|
|    mul   |      grp_fu_334     |    0    |   102   |    77   |
|          |      grp_fu_340     |    0    |   102   |    77   |
|----------|---------------------|---------|---------|---------|
|          |  add_ln12_1_fu_144  |    0    |    0    |    13   |
|          |      i_3_fu_183     |    0    |    0    |    11   |
|    add   |      j_3_fu_199     |    0    |    0    |    11   |
|          |  add_ln23_5_fu_231  |    0    |    0    |    7    |
|          |  add_ln23_4_fu_284  |    0    |    0    |    7    |
|          |  add_ln23_3_fu_368  |    0    |    0    |    23   |
|----------|---------------------|---------|---------|---------|
|   icmp   |   icmp_ln12_fu_150  |    0    |    0    |    13   |
|          |   icmp_ln15_fu_205  |    0    |    0    |    11   |
|----------|---------------------|---------|---------|---------|
|  select  |  select_ln12_fu_167 |    0    |    0    |    3    |
|          |     empty_fu_175    |    0    |    0    |    3    |
|----------|---------------------|---------|---------|---------|
|          |      grp_fu_373     |    1    |    0    |    0    |
|  muladd  |      grp_fu_380     |    1    |    0    |    0    |
|          |      grp_fu_387     |    1    |    0    |    0    |
|----------|---------------------|---------|---------|---------|
|          |   zext_ln12_fu_189  |    0    |    0    |    0    |
|          |   zext_ln15_fu_194  |    0    |    0    |    0    |
|   zext   |   zext_ln23_fu_221  |    0    |    0    |    0    |
|          |  zext_ln23_1_fu_281 |    0    |    0    |    0    |
|          |  zext_ln23_2_fu_364 |    0    |    0    |    0    |
|----------|---------------------|---------|---------|---------|
|bitconcatenate|     tmp_8_fu_224    |    0    |    0    |    0    |
|----------|---------------------|---------|---------|---------|
|   trunc  |  trunc_ln23_fu_237  |    0    |    0    |    0    |
|          | trunc_ln23_1_fu_290 |    0    |    0    |    0    |
|----------|---------------------|---------|---------|---------|
|          |      tmp_fu_241     |    0    |    0    |    0    |
|          |     tmp_1_fu_253    |    0    |    0    |    0    |
|          |     tmp_2_fu_261    |    0    |    0    |    0    |
|partselect|     tmp_3_fu_273    |    0    |    0    |    0    |
|          |     tmp_4_fu_294    |    0    |    0    |    0    |
|          |     tmp_5_fu_306    |    0    |    0    |    0    |
|          |     tmp_6_fu_314    |    0    |    0    |    0    |
|          |     tmp_7_fu_326    |    0    |    0    |    0    |
|----------|---------------------|---------|---------|---------|
|          |  sext_ln23_1_fu_249 |    0    |    0    |    0    |
|          |  sext_ln23_3_fu_269 |    0    |    0    |    0    |
|          |  sext_ln23_6_fu_302 |    0    |    0    |    0    |
|          |  sext_ln23_8_fu_322 |    0    |    0    |    0    |
|   sext   |   sext_ln23_fu_346  |    0    |    0    |    0    |
|          |  sext_ln23_4_fu_349 |    0    |    0    |    0    |
|          |  sext_ln23_5_fu_352 |    0    |    0    |    0    |
|          |  sext_ln23_9_fu_355 |    0    |    0    |    0    |
|          |  sext_ln23_2_fu_358 |    0    |    0    |    0    |
|          |  sext_ln23_7_fu_361 |    0    |    0    |    0    |
|----------|---------------------|---------|---------|---------|
|   Total  |                     |    3    |   204   |   256   |
|----------|---------------------|---------|---------|---------|

Memories:
N/A

* Register list:
+-----------------------+--------+
|                       |   FF   |
+-----------------------+--------+
|     a_addr_reg_432    |    3   |
|   add_ln23_1_reg_547  |   16   |
|   add_ln23_4_reg_472  |    5   |
|    add_ln23_reg_542   |   16   |
|     b_addr_reg_437    |    3   |
|      i_3_reg_426      |    3   |
|       i_reg_403       |    3   |
|   icmp_ln12_reg_417   |    1   |
|   icmp_ln154_reg_115  |    1   |
|   icmp_ln15_reg_442   |    1   |
|indvar_flatten1_reg_396|    5   |
|       j_reg_410       |    3   |
|   mul_ln23_1_reg_532  |   16   |
|   mul_ln23_3_reg_537  |   16   |
|  select_ln12_reg_421  |    3   |
|  sext_ln23_1_reg_452  |   16   |
|  sext_ln23_2_reg_522  |   16   |
|  sext_ln23_3_reg_462  |   16   |
|  sext_ln23_4_reg_507  |   16   |
|  sext_ln23_5_reg_512  |   16   |
|  sext_ln23_6_reg_482  |   16   |
|  sext_ln23_7_reg_527  |   16   |
|  sext_ln23_8_reg_492  |   16   |
|  sext_ln23_9_reg_517  |   16   |
|   sext_ln23_reg_502   |   16   |
|     tmp_1_reg_457     |    8   |
|     tmp_3_reg_467     |    8   |
|     tmp_5_reg_487     |    8   |
|     tmp_7_reg_497     |    8   |
|  trunc_ln23_1_reg_477 |    8   |
|   trunc_ln23_reg_447  |    8   |
+-----------------------+--------+
|         Total         |   303  |
+-----------------------+--------+

* Multiplexer (MUX) list: 
|------------------|------|------|------|--------||---------||---------||---------|
|       Comp       |  Pin | Size |  BW  | S x BW ||  Delay  ||    FF   ||   LUT   |
|------------------|------|------|------|--------||---------||---------||---------|
| grp_access_fu_83 |  p0  |   2  |   3  |    6   ||    0    ||    9    |
| grp_access_fu_96 |  p0  |   2  |   3  |    6   ||    0    ||    9    |
|    grp_fu_334    |  p0  |   2  |   8  |   16   ||    0    ||    9    |
|    grp_fu_334    |  p1  |   2  |   8  |   16   ||    0    ||    9    |
|    grp_fu_340    |  p0  |   2  |   8  |   16   ||    0    ||    9    |
|    grp_fu_340    |  p1  |   2  |   8  |   16   ||    0    ||    9    |
|    grp_fu_373    |  p0  |   3  |   8  |   24   ||    0    ||    14   |
|    grp_fu_373    |  p1  |   2  |   8  |   16   ||    0    ||    9    |
|    grp_fu_380    |  p0  |   3  |   8  |   24   ||    0    ||    14   |
|    grp_fu_380    |  p1  |   2  |   8  |   16   ||    0    ||    9    |
|    grp_fu_387    |  p0  |   3  |   8  |   24   ||    0    ||    14   |
|    grp_fu_387    |  p1  |   2  |   8  |   16   ||    0    ||    9    |
|------------------|------|------|------|--------||---------||---------||---------|
|       Total      |      |      |      |   196  || 19.4139 ||    0    ||   123   |
|------------------|------|------|------|--------||---------||---------||---------|



* Summary:
+-----------+--------+--------+--------+--------+
|           |   DSP  |  Delay |   FF   |   LUT  |
+-----------+--------+--------+--------+--------+
|  Function |    3   |    -   |   204  |   256  |
|   Memory  |    -   |    -   |    -   |    -   |
|Multiplexer|    -   |   19   |    0   |   123  |
|  Register |    -   |    -   |   303  |    -   |
+-----------+--------+--------+--------+--------+
|   Total   |    3   |   19   |   507  |   379  |
+-----------+--------+--------+--------+--------+
