Copyright 1986-2022 Xilinx, Inc. All Rights Reserved. Copyright 2022-2026 Advanced Micro Devices, Inc. All Rights Reserved.
---------------------------------------------------------------------------------------------------------------------------------------------------------------------------------------------------------------------------------------------------------------------------------------
| Tool Version : Vivado v.2026.1 (win64) Build 6511674 Tue Jun 16 11:02:23 MDT 2026
| Date         : Fri Sep 25 19:33:52 2026
| Host         : KHANHLQ running 64-bit major release  (build 9200)
| Command      : report_timing_summary -max_paths 10 -routable_nets -report_unconstrained -file first_zynq_system_wrapper_timing_summary_routed.rpt -pb first_zynq_system_wrapper_timing_summary_routed.pb -rpx first_zynq_system_wrapper_timing_summary_routed.rpx -warn_on_violation
| Design       : first_zynq_system_wrapper
| Device       : 7z045-ffg900
| Speed File   : -2  PRODUCTION 1.12 2019-11-22
| Design State : Routed
---------------------------------------------------------------------------------------------------------------------------------------------------------------------------------------------------------------------------------------------------------------------------------------

Timing Summary Report

------------------------------------------------------------------------------------------------
| Timer Settings
| --------------
------------------------------------------------------------------------------------------------

  Enable Multi Corner Analysis               :  Yes
  Enable Pessimism Removal                   :  Yes
  Pessimism Removal Resolution               :  Nearest Common Node
  Enable Input Delay Default Clock           :  No
  Enable Preset / Clear Arcs                 :  No
  Disable Flight Delays                      :  No
  Ignore I/O Paths                           :  No
  Timing Early Launch at Borrowing Latches   :  No
  Borrow Time for Max Delay Exceptions       :  Yes
  Merge Timing Exceptions                    :  Yes
  Inter-SLR Compensation                     :  Conservative

  Corner  Analyze    Analyze    
  Name    Max Paths  Min Paths  
  ------  ---------  ---------  
  Slow    Yes        Yes        
  Fast    Yes        Yes        


------------------------------------------------------------------------------------------------
| Report Methodology
| ------------------
------------------------------------------------------------------------------------------------

Rule       Severity  Description                    Violations  
---------  --------  -----------------------------  ----------  
TIMING-18  Warning   Missing input or output delay  4           

Note: This report is based on the most recent report_methodology run and may not be up-to-date. Run report_methodology on the current design for the latest report.



check_timing report

Table of Contents
-----------------
1. checking no_clock (0)
2. checking constant_clock (0)
3. checking pulse_width_clock (0)
4. checking unconstrained_internal_endpoints (0)
5. checking no_input_delay (0)
6. checking no_output_delay (4)
7. checking multiple_clock (0)
8. checking generated_clocks (0)
9. checking loops (0)
10. checking partial_input_delay (0)
11. checking partial_output_delay (0)
12. checking latch_loops (0)

1. checking no_clock (0)
------------------------
 There are 0 register/latch pins with no clock.


2. checking constant_clock (0)
------------------------------
 There are 0 register/latch pins with constant_clock.


3. checking pulse_width_clock (0)
---------------------------------
 There are 0 register/latch pins which need pulse_width check


4. checking unconstrained_internal_endpoints (0)
------------------------------------------------
 There are 0 pins that are not constrained for maximum delay.

 There are 0 pins that are not constrained for maximum delay due to constant clock.


5. checking no_input_delay (0)
------------------------------
 There are 0 input ports with no input delay specified.

 There are 0 input ports with no input delay but user has a false path constraint.


6. checking no_output_delay (4)
-------------------------------
 There are 4 ports with no output delay specified. (HIGH)

 There are 0 ports with no output delay but user has a false path constraint

 There are 0 ports with no output delay but with a timing clock defined on it or propagating through it


7. checking multiple_clock (0)
------------------------------
 There are 0 register/latch pins with multiple clocks.


8. checking generated_clocks (0)
--------------------------------
 There are 0 generated clocks that are not connected to a clock source.


9. checking loops (0)
---------------------
 There are 0 combinational loops in the design.


10. checking partial_input_delay (0)
------------------------------------
 There are 0 input ports with partial input delay specified.


11. checking partial_output_delay (0)
-------------------------------------
 There are 0 ports with partial output delay specified.


12. checking latch_loops (0)
----------------------------
 There are 0 combinational latch loops in the design through latch input



------------------------------------------------------------------------------------------------
| Design Timing Summary
| ---------------------
------------------------------------------------------------------------------------------------

    WNS(ns)      TNS(ns)  TNS Failing Endpoints  TNS Total Endpoints      WHS(ns)      THS(ns)  THS Failing Endpoints  THS Total Endpoints     WPWS(ns)     TPWS(ns)  TPWS Failing Endpoints  TPWS Total Endpoints  
    -------      -------  ---------------------  -------------------      -------      -------  ---------------------  -------------------     --------     --------  ----------------------  --------------------  
     15.061        0.000                      0                 1109        0.108        0.000                      0                 1109        9.358        0.000                       0                   438  


All user specified timing constraints are met.


------------------------------------------------------------------------------------------------
| Clock Summary
| -------------
------------------------------------------------------------------------------------------------

Clock       Waveform(ns)       Period(ns)      Frequency(MHz)
-----       ------------       ----------      --------------
clk_fpga_0  {0.000 10.000}     20.000          50.000          


------------------------------------------------------------------------------------------------
| Intra Clock Table
| -----------------
------------------------------------------------------------------------------------------------

Clock             WNS(ns)      TNS(ns)  TNS Failing Endpoints  TNS Total Endpoints      WHS(ns)      THS(ns)  THS Failing Endpoints  THS Total Endpoints     WPWS(ns)     TPWS(ns)  TPWS Failing Endpoints  TPWS Total Endpoints  
-----             -------      -------  ---------------------  -------------------      -------      -------  ---------------------  -------------------     --------     --------  ----------------------  --------------------  
clk_fpga_0         15.061        0.000                      0                 1109        0.108        0.000                      0                 1109        9.358        0.000                       0                   438  


------------------------------------------------------------------------------------------------
| Inter Clock Table
| -----------------
------------------------------------------------------------------------------------------------

From Clock    To Clock          WNS(ns)      TNS(ns)  TNS Failing Endpoints  TNS Total Endpoints      WHS(ns)      THS(ns)  THS Failing Endpoints  THS Total Endpoints  
----------    --------          -------      -------  ---------------------  -------------------      -------      -------  ---------------------  -------------------  


------------------------------------------------------------------------------------------------
| Other Path Groups Table
| -----------------------
------------------------------------------------------------------------------------------------

Path Group    From Clock    To Clock          WNS(ns)      TNS(ns)  TNS Failing Endpoints  TNS Total Endpoints      WHS(ns)      THS(ns)  THS Failing Endpoints  THS Total Endpoints  
----------    ----------    --------          -------      -------  ---------------------  -------------------      -------      -------  ---------------------  -------------------  


------------------------------------------------------------------------------------------------
| User Ignored Path Table
| -----------------------
------------------------------------------------------------------------------------------------

Path Group    From Clock    To Clock    
----------    ----------    --------    
(none)                      clk_fpga_0    
(none)        clk_fpga_0    clk_fpga_0    


------------------------------------------------------------------------------------------------
| Unconstrained Path Table
| ------------------------
------------------------------------------------------------------------------------------------

Path Group    From Clock    To Clock    
----------    ----------    --------    
(none)        clk_fpga_0                  


------------------------------------------------------------------------------------------------
| Timing Details
| --------------
------------------------------------------------------------------------------------------------


---------------------------------------------------------------------------------------------------
From Clock:  clk_fpga_0
  To Clock:  clk_fpga_0

Setup :            0  Failing Endpoints,  Worst Slack       15.061ns,  Total Violation        0.000ns
Hold  :            0  Failing Endpoints,  Worst Slack        0.108ns,  Total Violation        0.000ns
PW    :            0  Failing Endpoints,  Worst Slack        9.358ns,  Total Violation        0.000ns
---------------------------------------------------------------------------------------------------


Max Delay Paths
--------------------------------------------------------------------------------------
Slack (MET) :             15.061ns  (required time - arrival time)
  Source:                 first_zynq_system_i/processing_system7_0/inst/PS7_i/MAXIGP0ACLK
                            (rising edge-triggered cell PS7 clocked by clk_fpga_0  {rise@0.000ns fall@10.000ns period=20.000ns})
  Destination:            first_zynq_system_i/axi_smc/inst/sc_ul/inst/gen_axi_full_nxm.sasd_inst/gen_read.s_rdata_reg[6]/CE
                            (rising edge-triggered cell FDRE clocked by clk_fpga_0  {rise@0.000ns fall@10.000ns period=20.000ns})
  Path Group:             clk_fpga_0
  Path Type:              Setup (Max at Slow Process Corner)
  Requirement:            20.000ns  (clk_fpga_0 rise@20.000ns - clk_fpga_0 rise@0.000ns)
  Data Path Delay:        4.149ns  (logic 1.137ns (27.403%)  route 3.012ns (72.597%))
  Logic Levels:           2  (LUT5=1 LUT6=1)
  Clock Path Skew:        -0.287ns (DCD - SCD + CPR)
    Destination Clock Delay (DCD):    2.620ns = ( 22.620 - 20.000 ) 
    Source Clock Delay      (SCD):    3.058ns
    Clock Pessimism Removal (CPR):    0.151ns
  Clock Uncertainty:      0.302ns  ((TSJ^2 + TIJ^2)^1/2 + DJ) / 2 + PE
    Total System Jitter     (TSJ):    0.071ns
    Total Input Jitter      (TIJ):    0.600ns
    Discrete Jitter          (DJ):    0.000ns
    Phase Error              (PE):    0.000ns

    Location             Delay type                Incr(ns)  Path(ns)    Netlist Resource(s)
  -------------------------------------------------------------------    -------------------
                         (clock clk_fpga_0 rise edge)
                                                      0.000     0.000 r  <hidden>
    PS7_X0Y0             PS7                          0.000     0.000 r  first_zynq_system_i/processing_system7_0/inst/PS7_i/FCLKCLK[0]
                         net (fo=1, routed)           1.339     1.339    first_zynq_system_i/processing_system7_0/inst/FCLK_CLK_unbuffered[0]
    BUFGCTRL_X0Y16       BUFG (Prop_bufg_I_O)         0.093     1.432 r  first_zynq_system_i/processing_system7_0/inst/buffer_fclk_clk_0.FCLK_CLK_0_BUFG/O
                         net (fo=438, routed)         1.626     3.058    first_zynq_system_i/processing_system7_0/inst/M_AXI_GP0_ACLK
    PS7_X0Y0             PS7                                          r  first_zynq_system_i/processing_system7_0/inst/PS7_i/MAXIGP0ACLK
  -------------------------------------------------------------------    -------------------
    PS7_X0Y0             PS7 (Prop_ps7_MAXIGP0ACLK_MAXIGP0RREADY)
                                                      1.051     4.109 r  first_zynq_system_i/processing_system7_0/inst/PS7_i/MAXIGP0RREADY
                         net (fo=14, routed)          0.826     4.935    first_zynq_system_i/axi_smc/inst/sc_ul/inst/gen_axi_full_nxm.sasd_inst/s00_axi_rready
    SLICE_X29Y290        LUT6 (Prop_lut6_I1_O)        0.043     4.978 f  first_zynq_system_i/axi_smc/inst/sc_ul/inst/gen_axi_full_nxm.sasd_inst/gen_read.s_rdata[31]_i_3/O
                         net (fo=2, routed)           0.242     5.220    first_zynq_system_i/axi_smc/inst/sc_ul/inst/gen_axi_full_nxm.sasd_inst/gen_read.r_m_dwsize_mux/gen_read.s_rdata_reg[0]
    SLICE_X29Y290        LUT5 (Prop_lut5_I0_O)        0.043     5.263 r  first_zynq_system_i/axi_smc/inst/sc_ul/inst/gen_axi_full_nxm.sasd_inst/gen_read.r_m_dwsize_mux/gen_read.s_rdata[31]_i_1/O
                         net (fo=32, routed)          1.944     7.207    first_zynq_system_i/axi_smc/inst/sc_ul/inst/gen_axi_full_nxm.sasd_inst/s_rdata[0]
    SLICE_X21Y249        FDRE                                         r  first_zynq_system_i/axi_smc/inst/sc_ul/inst/gen_axi_full_nxm.sasd_inst/gen_read.s_rdata_reg[6]/CE
  -------------------------------------------------------------------    -------------------

                         (clock clk_fpga_0 rise edge)
                                                     20.000    20.000 r  <hidden>
    PS7_X0Y0             PS7                          0.000    20.000 r  first_zynq_system_i/processing_system7_0/inst/PS7_i/FCLKCLK[0]
                         net (fo=1, routed)           1.241    21.241    first_zynq_system_i/processing_system7_0/inst/FCLK_CLK_unbuffered[0]
    BUFGCTRL_X0Y16       BUFG (Prop_bufg_I_O)         0.083    21.324 r  first_zynq_system_i/processing_system7_0/inst/buffer_fclk_clk_0.FCLK_CLK_0_BUFG/O
                         net (fo=438, routed)         1.296    22.620    first_zynq_system_i/axi_smc/inst/sc_ul/inst/gen_axi_full_nxm.sasd_inst/aclk
    SLICE_X21Y249        FDRE                                         r  first_zynq_system_i/axi_smc/inst/sc_ul/inst/gen_axi_full_nxm.sasd_inst/gen_read.s_rdata_reg[6]/C
                         clock pessimism              0.151    22.771    <hidden>
                         clock uncertainty           -0.302    22.469    <hidden>
    SLICE_X21Y249        FDRE (Setup_fdre_C_CE)      -0.201    22.268    first_zynq_system_i/axi_smc/inst/sc_ul/inst/gen_axi_full_nxm.sasd_inst/gen_read.s_rdata_reg[6]
  -------------------------------------------------------------------
                         required time                         22.268    <hidden>
                         arrival time                          -7.207    <hidden>
  -------------------------------------------------------------------
                         slack                                 15.061    <hidden>

Slack (MET) :             15.061ns  (required time - arrival time)
  Source:                 first_zynq_system_i/processing_system7_0/inst/PS7_i/MAXIGP0ACLK
                            (rising edge-triggered cell PS7 clocked by clk_fpga_0  {rise@0.000ns fall@10.000ns period=20.000ns})
  Destination:            first_zynq_system_i/axi_smc/inst/sc_ul/inst/gen_axi_full_nxm.sasd_inst/gen_read.s_rdata_reg[7]/CE
                            (rising edge-triggered cell FDRE clocked by clk_fpga_0  {rise@0.000ns fall@10.000ns period=20.000ns})
  Path Group:             clk_fpga_0
  Path Type:              Setup (Max at Slow Process Corner)
  Requirement:            20.000ns  (clk_fpga_0 rise@20.000ns - clk_fpga_0 rise@0.000ns)
  Data Path Delay:        4.149ns  (logic 1.137ns (27.403%)  route 3.012ns (72.597%))
  Logic Levels:           2  (LUT5=1 LUT6=1)
  Clock Path Skew:        -0.287ns (DCD - SCD + CPR)
    Destination Clock Delay (DCD):    2.620ns = ( 22.620 - 20.000 ) 
    Source Clock Delay      (SCD):    3.058ns
    Clock Pessimism Removal (CPR):    0.151ns
  Clock Uncertainty:      0.302ns  ((TSJ^2 + TIJ^2)^1/2 + DJ) / 2 + PE
    Total System Jitter     (TSJ):    0.071ns
    Total Input Jitter      (TIJ):    0.600ns
    Discrete Jitter          (DJ):    0.000ns
    Phase Error              (PE):    0.000ns

    Location             Delay type                Incr(ns)  Path(ns)    Netlist Resource(s)
  -------------------------------------------------------------------    -------------------
                         (clock clk_fpga_0 rise edge)
                                                      0.000     0.000 r  <hidden>
    PS7_X0Y0             PS7                          0.000     0.000 r  first_zynq_system_i/processing_system7_0/inst/PS7_i/FCLKCLK[0]
                         net (fo=1, routed)           1.339     1.339    first_zynq_system_i/processing_system7_0/inst/FCLK_CLK_unbuffered[0]
    BUFGCTRL_X0Y16       BUFG (Prop_bufg_I_O)         0.093     1.432 r  first_zynq_system_i/processing_system7_0/inst/buffer_fclk_clk_0.FCLK_CLK_0_BUFG/O
                         net (fo=438, routed)         1.626     3.058    first_zynq_system_i/processing_system7_0/inst/M_AXI_GP0_ACLK
    PS7_X0Y0             PS7                                          r  first_zynq_system_i/processing_system7_0/inst/PS7_i/MAXIGP0ACLK
  -------------------------------------------------------------------    -------------------
    PS7_X0Y0             PS7 (Prop_ps7_MAXIGP0ACLK_MAXIGP0RREADY)
                                                      1.051     4.109 r  first_zynq_system_i/processing_system7_0/inst/PS7_i/MAXIGP0RREADY
                         net (fo=14, routed)          0.826     4.935    first_zynq_system_i/axi_smc/inst/sc_ul/inst/gen_axi_full_nxm.sasd_inst/s00_axi_rready
    SLICE_X29Y290        LUT6 (Prop_lut6_I1_O)        0.043     4.978 f  first_zynq_system_i/axi_smc/inst/sc_ul/inst/gen_axi_full_nxm.sasd_inst/gen_read.s_rdata[31]_i_3/O
                         net (fo=2, routed)           0.242     5.220    first_zynq_system_i/axi_smc/inst/sc_ul/inst/gen_axi_full_nxm.sasd_inst/gen_read.r_m_dwsize_mux/gen_read.s_rdata_reg[0]
    SLICE_X29Y290        LUT5 (Prop_lut5_I0_O)        0.043     5.263 r  first_zynq_system_i/axi_smc/inst/sc_ul/inst/gen_axi_full_nxm.sasd_inst/gen_read.r_m_dwsize_mux/gen_read.s_rdata[31]_i_1/O
                         net (fo=32, routed)          1.944     7.207    first_zynq_system_i/axi_smc/inst/sc_ul/inst/gen_axi_full_nxm.sasd_inst/s_rdata[0]
    SLICE_X21Y249        FDRE                                         r  first_zynq_system_i/axi_smc/inst/sc_ul/inst/gen_axi_full_nxm.sasd_inst/gen_read.s_rdata_reg[7]/CE
  -------------------------------------------------------------------    -------------------

                         (clock clk_fpga_0 rise edge)
                                                     20.000    20.000 r  <hidden>
    PS7_X0Y0             PS7                          0.000    20.000 r  first_zynq_system_i/processing_system7_0/inst/PS7_i/FCLKCLK[0]
                         net (fo=1, routed)           1.241    21.241    first_zynq_system_i/processing_system7_0/inst/FCLK_CLK_unbuffered[0]
    BUFGCTRL_X0Y16       BUFG (Prop_bufg_I_O)         0.083    21.324 r  first_zynq_system_i/processing_system7_0/inst/buffer_fclk_clk_0.FCLK_CLK_0_BUFG/O
                         net (fo=438, routed)         1.296    22.620    first_zynq_system_i/axi_smc/inst/sc_ul/inst/gen_axi_full_nxm.sasd_inst/aclk
    SLICE_X21Y249        FDRE                                         r  first_zynq_system_i/axi_smc/inst/sc_ul/inst/gen_axi_full_nxm.sasd_inst/gen_read.s_rdata_reg[7]/C
                         clock pessimism              0.151    22.771    <hidden>
                         clock uncertainty           -0.302    22.469    <hidden>
    SLICE_X21Y249        FDRE (Setup_fdre_C_CE)      -0.201    22.268    first_zynq_system_i/axi_smc/inst/sc_ul/inst/gen_axi_full_nxm.sasd_inst/gen_read.s_rdata_reg[7]
  -------------------------------------------------------------------
                         required time                         22.268    <hidden>
                         arrival time                          -7.207    <hidden>
  -------------------------------------------------------------------
                         slack                                 15.061    <hidden>

Slack (MET) :             15.084ns  (required time - arrival time)
  Source:                 first_zynq_system_i/processing_system7_0/inst/PS7_i/MAXIGP0ACLK
                            (rising edge-triggered cell PS7 clocked by clk_fpga_0  {rise@0.000ns fall@10.000ns period=20.000ns})
  Destination:            first_zynq_system_i/axi_smc/inst/sc_ul/inst/gen_axi_full_nxm.sasd_inst/gen_read.s_rdata_reg[11]/CE
                            (rising edge-triggered cell FDRE clocked by clk_fpga_0  {rise@0.000ns fall@10.000ns period=20.000ns})
  Path Group:             clk_fpga_0
  Path Type:              Setup (Max at Slow Process Corner)
  Requirement:            20.000ns  (clk_fpga_0 rise@20.000ns - clk_fpga_0 rise@0.000ns)
  Data Path Delay:        4.149ns  (logic 1.137ns (27.403%)  route 3.012ns (72.597%))
  Logic Levels:           2  (LUT5=1 LUT6=1)
  Clock Path Skew:        -0.287ns (DCD - SCD + CPR)
    Destination Clock Delay (DCD):    2.620ns = ( 22.620 - 20.000 ) 
    Source Clock Delay      (SCD):    3.058ns
    Clock Pessimism Removal (CPR):    0.151ns
  Clock Uncertainty:      0.302ns  ((TSJ^2 + TIJ^2)^1/2 + DJ) / 2 + PE
    Total System Jitter     (TSJ):    0.071ns
    Total Input Jitter      (TIJ):    0.600ns
    Discrete Jitter          (DJ):    0.000ns
    Phase Error              (PE):    0.000ns

    Location             Delay type                Incr(ns)  Path(ns)    Netlist Resource(s)
  -------------------------------------------------------------------    -------------------
                         (clock clk_fpga_0 rise edge)
                                                      0.000     0.000 r  <hidden>
    PS7_X0Y0             PS7                          0.000     0.000 r  first_zynq_system_i/processing_system7_0/inst/PS7_i/FCLKCLK[0]
                         net (fo=1, routed)           1.339     1.339    first_zynq_system_i/processing_system7_0/inst/FCLK_CLK_unbuffered[0]
    BUFGCTRL_X0Y16       BUFG (Prop_bufg_I_O)         0.093     1.432 r  first_zynq_system_i/processing_system7_0/inst/buffer_fclk_clk_0.FCLK_CLK_0_BUFG/O
                         net (fo=438, routed)         1.626     3.058    first_zynq_system_i/processing_system7_0/inst/M_AXI_GP0_ACLK
    PS7_X0Y0             PS7                                          r  first_zynq_system_i/processing_system7_0/inst/PS7_i/MAXIGP0ACLK
  -------------------------------------------------------------------    -------------------
    PS7_X0Y0             PS7 (Prop_ps7_MAXIGP0ACLK_MAXIGP0RREADY)
                                                      1.051     4.109 r  first_zynq_system_i/processing_system7_0/inst/PS7_i/MAXIGP0RREADY
                         net (fo=14, routed)          0.826     4.935    first_zynq_system_i/axi_smc/inst/sc_ul/inst/gen_axi_full_nxm.sasd_inst/s00_axi_rready
    SLICE_X29Y290        LUT6 (Prop_lut6_I1_O)        0.043     4.978 f  first_zynq_system_i/axi_smc/inst/sc_ul/inst/gen_axi_full_nxm.sasd_inst/gen_read.s_rdata[31]_i_3/O
                         net (fo=2, routed)           0.242     5.220    first_zynq_system_i/axi_smc/inst/sc_ul/inst/gen_axi_full_nxm.sasd_inst/gen_read.r_m_dwsize_mux/gen_read.s_rdata_reg[0]
    SLICE_X29Y290        LUT5 (Prop_lut5_I0_O)        0.043     5.263 r  first_zynq_system_i/axi_smc/inst/sc_ul/inst/gen_axi_full_nxm.sasd_inst/gen_read.r_m_dwsize_mux/gen_read.s_rdata[31]_i_1/O
                         net (fo=32, routed)          1.944     7.207    first_zynq_system_i/axi_smc/inst/sc_ul/inst/gen_axi_full_nxm.sasd_inst/s_rdata[0]
    SLICE_X20Y249        FDRE                                         r  first_zynq_system_i/axi_smc/inst/sc_ul/inst/gen_axi_full_nxm.sasd_inst/gen_read.s_rdata_reg[11]/CE
  -------------------------------------------------------------------    -------------------

                         (clock clk_fpga_0 rise edge)
                                                     20.000    20.000 r  <hidden>
    PS7_X0Y0             PS7                          0.000    20.000 r  first_zynq_system_i/processing_system7_0/inst/PS7_i/FCLKCLK[0]
                         net (fo=1, routed)           1.241    21.241    first_zynq_system_i/processing_system7_0/inst/FCLK_CLK_unbuffered[0]
    BUFGCTRL_X0Y16       BUFG (Prop_bufg_I_O)         0.083    21.324 r  first_zynq_system_i/processing_system7_0/inst/buffer_fclk_clk_0.FCLK_CLK_0_BUFG/O
                         net (fo=438, routed)         1.296    22.620    first_zynq_system_i/axi_smc/inst/sc_ul/inst/gen_axi_full_nxm.sasd_inst/aclk
    SLICE_X20Y249        FDRE                                         r  first_zynq_system_i/axi_smc/inst/sc_ul/inst/gen_axi_full_nxm.sasd_inst/gen_read.s_rdata_reg[11]/C
                         clock pessimism              0.151    22.771    <hidden>
                         clock uncertainty           -0.302    22.469    <hidden>
    SLICE_X20Y249        FDRE (Setup_fdre_C_CE)      -0.178    22.291    first_zynq_system_i/axi_smc/inst/sc_ul/inst/gen_axi_full_nxm.sasd_inst/gen_read.s_rdata_reg[11]
  -------------------------------------------------------------------
                         required time                         22.291    <hidden>
                         arrival time                          -7.207    <hidden>
  -------------------------------------------------------------------
                         slack                                 15.084    <hidden>

Slack (MET) :             15.084ns  (required time - arrival time)
  Source:                 first_zynq_system_i/processing_system7_0/inst/PS7_i/MAXIGP0ACLK
                            (rising edge-triggered cell PS7 clocked by clk_fpga_0  {rise@0.000ns fall@10.000ns period=20.000ns})
  Destination:            first_zynq_system_i/axi_smc/inst/sc_ul/inst/gen_axi_full_nxm.sasd_inst/gen_read.s_rdata_reg[12]/CE
                            (rising edge-triggered cell FDRE clocked by clk_fpga_0  {rise@0.000ns fall@10.000ns period=20.000ns})
  Path Group:             clk_fpga_0
  Path Type:              Setup (Max at Slow Process Corner)
  Requirement:            20.000ns  (clk_fpga_0 rise@20.000ns - clk_fpga_0 rise@0.000ns)
  Data Path Delay:        4.149ns  (logic 1.137ns (27.403%)  route 3.012ns (72.597%))
  Logic Levels:           2  (LUT5=1 LUT6=1)
  Clock Path Skew:        -0.287ns (DCD - SCD + CPR)
    Destination Clock Delay (DCD):    2.620ns = ( 22.620 - 20.000 ) 
    Source Clock Delay      (SCD):    3.058ns
    Clock Pessimism Removal (CPR):    0.151ns
  Clock Uncertainty:      0.302ns  ((TSJ^2 + TIJ^2)^1/2 + DJ) / 2 + PE
    Total System Jitter     (TSJ):    0.071ns
    Total Input Jitter      (TIJ):    0.600ns
    Discrete Jitter          (DJ):    0.000ns
    Phase Error              (PE):    0.000ns

    Location             Delay type                Incr(ns)  Path(ns)    Netlist Resource(s)
  -------------------------------------------------------------------    -------------------
                         (clock clk_fpga_0 rise edge)
                                                      0.000     0.000 r  <hidden>
    PS7_X0Y0             PS7                          0.000     0.000 r  first_zynq_system_i/processing_system7_0/inst/PS7_i/FCLKCLK[0]
                         net (fo=1, routed)           1.339     1.339    first_zynq_system_i/processing_system7_0/inst/FCLK_CLK_unbuffered[0]
    BUFGCTRL_X0Y16       BUFG (Prop_bufg_I_O)         0.093     1.432 r  first_zynq_system_i/processing_system7_0/inst/buffer_fclk_clk_0.FCLK_CLK_0_BUFG/O
                         net (fo=438, routed)         1.626     3.058    first_zynq_system_i/processing_system7_0/inst/M_AXI_GP0_ACLK
    PS7_X0Y0             PS7                                          r  first_zynq_system_i/processing_system7_0/inst/PS7_i/MAXIGP0ACLK
  -------------------------------------------------------------------    -------------------
    PS7_X0Y0             PS7 (Prop_ps7_MAXIGP0ACLK_MAXIGP0RREADY)
                                                      1.051     4.109 r  first_zynq_system_i/processing_system7_0/inst/PS7_i/MAXIGP0RREADY
                         net (fo=14, routed)          0.826     4.935    first_zynq_system_i/axi_smc/inst/sc_ul/inst/gen_axi_full_nxm.sasd_inst/s00_axi_rready
    SLICE_X29Y290        LUT6 (Prop_lut6_I1_O)        0.043     4.978 f  first_zynq_system_i/axi_smc/inst/sc_ul/inst/gen_axi_full_nxm.sasd_inst/gen_read.s_rdata[31]_i_3/O
                         net (fo=2, routed)           0.242     5.220    first_zynq_system_i/axi_smc/inst/sc_ul/inst/gen_axi_full_nxm.sasd_inst/gen_read.r_m_dwsize_mux/gen_read.s_rdata_reg[0]
    SLICE_X29Y290        LUT5 (Prop_lut5_I0_O)        0.043     5.263 r  first_zynq_system_i/axi_smc/inst/sc_ul/inst/gen_axi_full_nxm.sasd_inst/gen_read.r_m_dwsize_mux/gen_read.s_rdata[31]_i_1/O
                         net (fo=32, routed)          1.944     7.207    first_zynq_system_i/axi_smc/inst/sc_ul/inst/gen_axi_full_nxm.sasd_inst/s_rdata[0]
    SLICE_X20Y249        FDRE                                         r  first_zynq_system_i/axi_smc/inst/sc_ul/inst/gen_axi_full_nxm.sasd_inst/gen_read.s_rdata_reg[12]/CE
  -------------------------------------------------------------------    -------------------

                         (clock clk_fpga_0 rise edge)
                                                     20.000    20.000 r  <hidden>
    PS7_X0Y0             PS7                          0.000    20.000 r  first_zynq_system_i/processing_system7_0/inst/PS7_i/FCLKCLK[0]
                         net (fo=1, routed)           1.241    21.241    first_zynq_system_i/processing_system7_0/inst/FCLK_CLK_unbuffered[0]
    BUFGCTRL_X0Y16       BUFG (Prop_bufg_I_O)         0.083    21.324 r  first_zynq_system_i/processing_system7_0/inst/buffer_fclk_clk_0.FCLK_CLK_0_BUFG/O
                         net (fo=438, routed)         1.296    22.620    first_zynq_system_i/axi_smc/inst/sc_ul/inst/gen_axi_full_nxm.sasd_inst/aclk
    SLICE_X20Y249        FDRE                                         r  first_zynq_system_i/axi_smc/inst/sc_ul/inst/gen_axi_full_nxm.sasd_inst/gen_read.s_rdata_reg[12]/C
                         clock pessimism              0.151    22.771    <hidden>
                         clock uncertainty           -0.302    22.469    <hidden>
    SLICE_X20Y249        FDRE (Setup_fdre_C_CE)      -0.178    22.291    first_zynq_system_i/axi_smc/inst/sc_ul/inst/gen_axi_full_nxm.sasd_inst/gen_read.s_rdata_reg[12]
  -------------------------------------------------------------------
                         required time                         22.291    <hidden>
                         arrival time                          -7.207    <hidden>
  -------------------------------------------------------------------
                         slack                                 15.084    <hidden>

Slack (MET) :             15.084ns  (required time - arrival time)
  Source:                 first_zynq_system_i/processing_system7_0/inst/PS7_i/MAXIGP0ACLK
                            (rising edge-triggered cell PS7 clocked by clk_fpga_0  {rise@0.000ns fall@10.000ns period=20.000ns})
  Destination:            first_zynq_system_i/axi_smc/inst/sc_ul/inst/gen_axi_full_nxm.sasd_inst/gen_read.s_rdata_reg[13]/CE
                            (rising edge-triggered cell FDRE clocked by clk_fpga_0  {rise@0.000ns fall@10.000ns period=20.000ns})
  Path Group:             clk_fpga_0
  Path Type:              Setup (Max at Slow Process Corner)
  Requirement:            20.000ns  (clk_fpga_0 rise@20.000ns - clk_fpga_0 rise@0.000ns)
  Data Path Delay:        4.149ns  (logic 1.137ns (27.403%)  route 3.012ns (72.597%))
  Logic Levels:           2  (LUT5=1 LUT6=1)
  Clock Path Skew:        -0.287ns (DCD - SCD + CPR)
    Destination Clock Delay (DCD):    2.620ns = ( 22.620 - 20.000 ) 
    Source Clock Delay      (SCD):    3.058ns
    Clock Pessimism Removal (CPR):    0.151ns
  Clock Uncertainty:      0.302ns  ((TSJ^2 + TIJ^2)^1/2 + DJ) / 2 + PE
    Total System Jitter     (TSJ):    0.071ns
    Total Input Jitter      (TIJ):    0.600ns
    Discrete Jitter          (DJ):    0.000ns
    Phase Error              (PE):    0.000ns

    Location             Delay type                Incr(ns)  Path(ns)    Netlist Resource(s)
  -------------------------------------------------------------------    -------------------
                         (clock clk_fpga_0 rise edge)
                                                      0.000     0.000 r  <hidden>
    PS7_X0Y0             PS7                          0.000     0.000 r  first_zynq_system_i/processing_system7_0/inst/PS7_i/FCLKCLK[0]
                         net (fo=1, routed)           1.339     1.339    first_zynq_system_i/processing_system7_0/inst/FCLK_CLK_unbuffered[0]
    BUFGCTRL_X0Y16       BUFG (Prop_bufg_I_O)         0.093     1.432 r  first_zynq_system_i/processing_system7_0/inst/buffer_fclk_clk_0.FCLK_CLK_0_BUFG/O
                         net (fo=438, routed)         1.626     3.058    first_zynq_system_i/processing_system7_0/inst/M_AXI_GP0_ACLK
    PS7_X0Y0             PS7                                          r  first_zynq_system_i/processing_system7_0/inst/PS7_i/MAXIGP0ACLK
  -------------------------------------------------------------------    -------------------
    PS7_X0Y0             PS7 (Prop_ps7_MAXIGP0ACLK_MAXIGP0RREADY)
                                                      1.051     4.109 r  first_zynq_system_i/processing_system7_0/inst/PS7_i/MAXIGP0RREADY
                         net (fo=14, routed)          0.826     4.935    first_zynq_system_i/axi_smc/inst/sc_ul/inst/gen_axi_full_nxm.sasd_inst/s00_axi_rready
    SLICE_X29Y290        LUT6 (Prop_lut6_I1_O)        0.043     4.978 f  first_zynq_system_i/axi_smc/inst/sc_ul/inst/gen_axi_full_nxm.sasd_inst/gen_read.s_rdata[31]_i_3/O
                         net (fo=2, routed)           0.242     5.220    first_zynq_system_i/axi_smc/inst/sc_ul/inst/gen_axi_full_nxm.sasd_inst/gen_read.r_m_dwsize_mux/gen_read.s_rdata_reg[0]
    SLICE_X29Y290        LUT5 (Prop_lut5_I0_O)        0.043     5.263 r  first_zynq_system_i/axi_smc/inst/sc_ul/inst/gen_axi_full_nxm.sasd_inst/gen_read.r_m_dwsize_mux/gen_read.s_rdata[31]_i_1/O
                         net (fo=32, routed)          1.944     7.207    first_zynq_system_i/axi_smc/inst/sc_ul/inst/gen_axi_full_nxm.sasd_inst/s_rdata[0]
    SLICE_X20Y249        FDRE                                         r  first_zynq_system_i/axi_smc/inst/sc_ul/inst/gen_axi_full_nxm.sasd_inst/gen_read.s_rdata_reg[13]/CE
  -------------------------------------------------------------------    -------------------

                         (clock clk_fpga_0 rise edge)
                                                     20.000    20.000 r  <hidden>
    PS7_X0Y0             PS7                          0.000    20.000 r  first_zynq_system_i/processing_system7_0/inst/PS7_i/FCLKCLK[0]
                         net (fo=1, routed)           1.241    21.241    first_zynq_system_i/processing_system7_0/inst/FCLK_CLK_unbuffered[0]
    BUFGCTRL_X0Y16       BUFG (Prop_bufg_I_O)         0.083    21.324 r  first_zynq_system_i/processing_system7_0/inst/buffer_fclk_clk_0.FCLK_CLK_0_BUFG/O
                         net (fo=438, routed)         1.296    22.620    first_zynq_system_i/axi_smc/inst/sc_ul/inst/gen_axi_full_nxm.sasd_inst/aclk
    SLICE_X20Y249        FDRE                                         r  first_zynq_system_i/axi_smc/inst/sc_ul/inst/gen_axi_full_nxm.sasd_inst/gen_read.s_rdata_reg[13]/C
                         clock pessimism              0.151    22.771    <hidden>
                         clock uncertainty           -0.302    22.469    <hidden>
    SLICE_X20Y249        FDRE (Setup_fdre_C_CE)      -0.178    22.291    first_zynq_system_i/axi_smc/inst/sc_ul/inst/gen_axi_full_nxm.sasd_inst/gen_read.s_rdata_reg[13]
  -------------------------------------------------------------------
                         required time                         22.291    <hidden>
                         arrival time                          -7.207    <hidden>
  -------------------------------------------------------------------
                         slack                                 15.084    <hidden>

Slack (MET) :             15.084ns  (required time - arrival time)
  Source:                 first_zynq_system_i/processing_system7_0/inst/PS7_i/MAXIGP0ACLK
                            (rising edge-triggered cell PS7 clocked by clk_fpga_0  {rise@0.000ns fall@10.000ns period=20.000ns})
  Destination:            first_zynq_system_i/axi_smc/inst/sc_ul/inst/gen_axi_full_nxm.sasd_inst/gen_read.s_rdata_reg[18]/CE
                            (rising edge-triggered cell FDRE clocked by clk_fpga_0  {rise@0.000ns fall@10.000ns period=20.000ns})
  Path Group:             clk_fpga_0
  Path Type:              Setup (Max at Slow Process Corner)
  Requirement:            20.000ns  (clk_fpga_0 rise@20.000ns - clk_fpga_0 rise@0.000ns)
  Data Path Delay:        4.149ns  (logic 1.137ns (27.403%)  route 3.012ns (72.597%))
  Logic Levels:           2  (LUT5=1 LUT6=1)
  Clock Path Skew:        -0.287ns (DCD - SCD + CPR)
    Destination Clock Delay (DCD):    2.620ns = ( 22.620 - 20.000 ) 
    Source Clock Delay      (SCD):    3.058ns
    Clock Pessimism Removal (CPR):    0.151ns
  Clock Uncertainty:      0.302ns  ((TSJ^2 + TIJ^2)^1/2 + DJ) / 2 + PE
    Total System Jitter     (TSJ):    0.071ns
    Total Input Jitter      (TIJ):    0.600ns
    Discrete Jitter          (DJ):    0.000ns
    Phase Error              (PE):    0.000ns

    Location             Delay type                Incr(ns)  Path(ns)    Netlist Resource(s)
  -------------------------------------------------------------------    -------------------
                         (clock clk_fpga_0 rise edge)
                                                      0.000     0.000 r  <hidden>
    PS7_X0Y0             PS7                          0.000     0.000 r  first_zynq_system_i/processing_system7_0/inst/PS7_i/FCLKCLK[0]
                         net (fo=1, routed)           1.339     1.339    first_zynq_system_i/processing_system7_0/inst/FCLK_CLK_unbuffered[0]
    BUFGCTRL_X0Y16       BUFG (Prop_bufg_I_O)         0.093     1.432 r  first_zynq_system_i/processing_system7_0/inst/buffer_fclk_clk_0.FCLK_CLK_0_BUFG/O
                         net (fo=438, routed)         1.626     3.058    first_zynq_system_i/processing_system7_0/inst/M_AXI_GP0_ACLK
    PS7_X0Y0             PS7                                          r  first_zynq_system_i/processing_system7_0/inst/PS7_i/MAXIGP0ACLK
  -------------------------------------------------------------------    -------------------
    PS7_X0Y0             PS7 (Prop_ps7_MAXIGP0ACLK_MAXIGP0RREADY)
                                                      1.051     4.109 r  first_zynq_system_i/processing_system7_0/inst/PS7_i/MAXIGP0RREADY
                         net (fo=14, routed)          0.826     4.935    first_zynq_system_i/axi_smc/inst/sc_ul/inst/gen_axi_full_nxm.sasd_inst/s00_axi_rready
    SLICE_X29Y290        LUT6 (Prop_lut6_I1_O)        0.043     4.978 f  first_zynq_system_i/axi_smc/inst/sc_ul/inst/gen_axi_full_nxm.sasd_inst/gen_read.s_rdata[31]_i_3/O
                         net (fo=2, routed)           0.242     5.220    first_zynq_system_i/axi_smc/inst/sc_ul/inst/gen_axi_full_nxm.sasd_inst/gen_read.r_m_dwsize_mux/gen_read.s_rdata_reg[0]
    SLICE_X29Y290        LUT5 (Prop_lut5_I0_O)        0.043     5.263 r  first_zynq_system_i/axi_smc/inst/sc_ul/inst/gen_axi_full_nxm.sasd_inst/gen_read.r_m_dwsize_mux/gen_read.s_rdata[31]_i_1/O
                         net (fo=32, routed)          1.944     7.207    first_zynq_system_i/axi_smc/inst/sc_ul/inst/gen_axi_full_nxm.sasd_inst/s_rdata[0]
    SLICE_X20Y249        FDRE                                         r  first_zynq_system_i/axi_smc/inst/sc_ul/inst/gen_axi_full_nxm.sasd_inst/gen_read.s_rdata_reg[18]/CE
  -------------------------------------------------------------------    -------------------

                         (clock clk_fpga_0 rise edge)
                                                     20.000    20.000 r  <hidden>
    PS7_X0Y0             PS7                          0.000    20.000 r  first_zynq_system_i/processing_system7_0/inst/PS7_i/FCLKCLK[0]
                         net (fo=1, routed)           1.241    21.241    first_zynq_system_i/processing_system7_0/inst/FCLK_CLK_unbuffered[0]
    BUFGCTRL_X0Y16       BUFG (Prop_bufg_I_O)         0.083    21.324 r  first_zynq_system_i/processing_system7_0/inst/buffer_fclk_clk_0.FCLK_CLK_0_BUFG/O
                         net (fo=438, routed)         1.296    22.620    first_zynq_system_i/axi_smc/inst/sc_ul/inst/gen_axi_full_nxm.sasd_inst/aclk
    SLICE_X20Y249        FDRE                                         r  first_zynq_system_i/axi_smc/inst/sc_ul/inst/gen_axi_full_nxm.sasd_inst/gen_read.s_rdata_reg[18]/C
                         clock pessimism              0.151    22.771    <hidden>
                         clock uncertainty           -0.302    22.469    <hidden>
    SLICE_X20Y249        FDRE (Setup_fdre_C_CE)      -0.178    22.291    first_zynq_system_i/axi_smc/inst/sc_ul/inst/gen_axi_full_nxm.sasd_inst/gen_read.s_rdata_reg[18]
  -------------------------------------------------------------------
                         required time                         22.291    <hidden>
                         arrival time                          -7.207    <hidden>
  -------------------------------------------------------------------
                         slack                                 15.084    <hidden>

Slack (MET) :             15.084ns  (required time - arrival time)
  Source:                 first_zynq_system_i/processing_system7_0/inst/PS7_i/MAXIGP0ACLK
                            (rising edge-triggered cell PS7 clocked by clk_fpga_0  {rise@0.000ns fall@10.000ns period=20.000ns})
  Destination:            first_zynq_system_i/axi_smc/inst/sc_ul/inst/gen_axi_full_nxm.sasd_inst/gen_read.s_rdata_reg[19]/CE
                            (rising edge-triggered cell FDRE clocked by clk_fpga_0  {rise@0.000ns fall@10.000ns period=20.000ns})
  Path Group:             clk_fpga_0
  Path Type:              Setup (Max at Slow Process Corner)
  Requirement:            20.000ns  (clk_fpga_0 rise@20.000ns - clk_fpga_0 rise@0.000ns)
  Data Path Delay:        4.149ns  (logic 1.137ns (27.403%)  route 3.012ns (72.597%))
  Logic Levels:           2  (LUT5=1 LUT6=1)
  Clock Path Skew:        -0.287ns (DCD - SCD + CPR)
    Destination Clock Delay (DCD):    2.620ns = ( 22.620 - 20.000 ) 
    Source Clock Delay      (SCD):    3.058ns
    Clock Pessimism Removal (CPR):    0.151ns
  Clock Uncertainty:      0.302ns  ((TSJ^2 + TIJ^2)^1/2 + DJ) / 2 + PE
    Total System Jitter     (TSJ):    0.071ns
    Total Input Jitter      (TIJ):    0.600ns
    Discrete Jitter          (DJ):    0.000ns
    Phase Error              (PE):    0.000ns

    Location             Delay type                Incr(ns)  Path(ns)    Netlist Resource(s)
  -------------------------------------------------------------------    -------------------
                         (clock clk_fpga_0 rise edge)
                                                      0.000     0.000 r  <hidden>
    PS7_X0Y0             PS7                          0.000     0.000 r  first_zynq_system_i/processing_system7_0/inst/PS7_i/FCLKCLK[0]
                         net (fo=1, routed)           1.339     1.339    first_zynq_system_i/processing_system7_0/inst/FCLK_CLK_unbuffered[0]
    BUFGCTRL_X0Y16       BUFG (Prop_bufg_I_O)         0.093     1.432 r  first_zynq_system_i/processing_system7_0/inst/buffer_fclk_clk_0.FCLK_CLK_0_BUFG/O
                         net (fo=438, routed)         1.626     3.058    first_zynq_system_i/processing_system7_0/inst/M_AXI_GP0_ACLK
    PS7_X0Y0             PS7                                          r  first_zynq_system_i/processing_system7_0/inst/PS7_i/MAXIGP0ACLK
  -------------------------------------------------------------------    -------------------
    PS7_X0Y0             PS7 (Prop_ps7_MAXIGP0ACLK_MAXIGP0RREADY)
                                                      1.051     4.109 r  first_zynq_system_i/processing_system7_0/inst/PS7_i/MAXIGP0RREADY
                         net (fo=14, routed)          0.826     4.935    first_zynq_system_i/axi_smc/inst/sc_ul/inst/gen_axi_full_nxm.sasd_inst/s00_axi_rready
    SLICE_X29Y290        LUT6 (Prop_lut6_I1_O)        0.043     4.978 f  first_zynq_system_i/axi_smc/inst/sc_ul/inst/gen_axi_full_nxm.sasd_inst/gen_read.s_rdata[31]_i_3/O
                         net (fo=2, routed)           0.242     5.220    first_zynq_system_i/axi_smc/inst/sc_ul/inst/gen_axi_full_nxm.sasd_inst/gen_read.r_m_dwsize_mux/gen_read.s_rdata_reg[0]
    SLICE_X29Y290        LUT5 (Prop_lut5_I0_O)        0.043     5.263 r  first_zynq_system_i/axi_smc/inst/sc_ul/inst/gen_axi_full_nxm.sasd_inst/gen_read.r_m_dwsize_mux/gen_read.s_rdata[31]_i_1/O
                         net (fo=32, routed)          1.944     7.207    first_zynq_system_i/axi_smc/inst/sc_ul/inst/gen_axi_full_nxm.sasd_inst/s_rdata[0]
    SLICE_X20Y249        FDRE                                         r  first_zynq_system_i/axi_smc/inst/sc_ul/inst/gen_axi_full_nxm.sasd_inst/gen_read.s_rdata_reg[19]/CE
  -------------------------------------------------------------------    -------------------

                         (clock clk_fpga_0 rise edge)
                                                     20.000    20.000 r  <hidden>
    PS7_X0Y0             PS7                          0.000    20.000 r  first_zynq_system_i/processing_system7_0/inst/PS7_i/FCLKCLK[0]
                         net (fo=1, routed)           1.241    21.241    first_zynq_system_i/processing_system7_0/inst/FCLK_CLK_unbuffered[0]
    BUFGCTRL_X0Y16       BUFG (Prop_bufg_I_O)         0.083    21.324 r  first_zynq_system_i/processing_system7_0/inst/buffer_fclk_clk_0.FCLK_CLK_0_BUFG/O
                         net (fo=438, routed)         1.296    22.620    first_zynq_system_i/axi_smc/inst/sc_ul/inst/gen_axi_full_nxm.sasd_inst/aclk
    SLICE_X20Y249        FDRE                                         r  first_zynq_system_i/axi_smc/inst/sc_ul/inst/gen_axi_full_nxm.sasd_inst/gen_read.s_rdata_reg[19]/C
                         clock pessimism              0.151    22.771    <hidden>
                         clock uncertainty           -0.302    22.469    <hidden>
    SLICE_X20Y249        FDRE (Setup_fdre_C_CE)      -0.178    22.291    first_zynq_system_i/axi_smc/inst/sc_ul/inst/gen_axi_full_nxm.sasd_inst/gen_read.s_rdata_reg[19]
  -------------------------------------------------------------------
                         required time                         22.291    <hidden>
                         arrival time                          -7.207    <hidden>
  -------------------------------------------------------------------
                         slack                                 15.084    <hidden>

Slack (MET) :             15.084ns  (required time - arrival time)
  Source:                 first_zynq_system_i/processing_system7_0/inst/PS7_i/MAXIGP0ACLK
                            (rising edge-triggered cell PS7 clocked by clk_fpga_0  {rise@0.000ns fall@10.000ns period=20.000ns})
  Destination:            first_zynq_system_i/axi_smc/inst/sc_ul/inst/gen_axi_full_nxm.sasd_inst/gen_read.s_rdata_reg[8]/CE
                            (rising edge-triggered cell FDRE clocked by clk_fpga_0  {rise@0.000ns fall@10.000ns period=20.000ns})
  Path Group:             clk_fpga_0
  Path Type:              Setup (Max at Slow Process Corner)
  Requirement:            20.000ns  (clk_fpga_0 rise@20.000ns - clk_fpga_0 rise@0.000ns)
  Data Path Delay:        4.149ns  (logic 1.137ns (27.403%)  route 3.012ns (72.597%))
  Logic Levels:           2  (LUT5=1 LUT6=1)
  Clock Path Skew:        -0.287ns (DCD - SCD + CPR)
    Destination Clock Delay (DCD):    2.620ns = ( 22.620 - 20.000 ) 
    Source Clock Delay      (SCD):    3.058ns
    Clock Pessimism Removal (CPR):    0.151ns
  Clock Uncertainty:      0.302ns  ((TSJ^2 + TIJ^2)^1/2 + DJ) / 2 + PE
    Total System Jitter     (TSJ):    0.071ns
    Total Input Jitter      (TIJ):    0.600ns
    Discrete Jitter          (DJ):    0.000ns
    Phase Error              (PE):    0.000ns

    Location             Delay type                Incr(ns)  Path(ns)    Netlist Resource(s)
  -------------------------------------------------------------------    -------------------
                         (clock clk_fpga_0 rise edge)
                                                      0.000     0.000 r  <hidden>
    PS7_X0Y0             PS7                          0.000     0.000 r  first_zynq_system_i/processing_system7_0/inst/PS7_i/FCLKCLK[0]
                         net (fo=1, routed)           1.339     1.339    first_zynq_system_i/processing_system7_0/inst/FCLK_CLK_unbuffered[0]
    BUFGCTRL_X0Y16       BUFG (Prop_bufg_I_O)         0.093     1.432 r  first_zynq_system_i/processing_system7_0/inst/buffer_fclk_clk_0.FCLK_CLK_0_BUFG/O
                         net (fo=438, routed)         1.626     3.058    first_zynq_system_i/processing_system7_0/inst/M_AXI_GP0_ACLK
    PS7_X0Y0             PS7                                          r  first_zynq_system_i/processing_system7_0/inst/PS7_i/MAXIGP0ACLK
  -------------------------------------------------------------------    -------------------
    PS7_X0Y0             PS7 (Prop_ps7_MAXIGP0ACLK_MAXIGP0RREADY)
                                                      1.051     4.109 r  first_zynq_system_i/processing_system7_0/inst/PS7_i/MAXIGP0RREADY
                         net (fo=14, routed)          0.826     4.935    first_zynq_system_i/axi_smc/inst/sc_ul/inst/gen_axi_full_nxm.sasd_inst/s00_axi_rready
    SLICE_X29Y290        LUT6 (Prop_lut6_I1_O)        0.043     4.978 f  first_zynq_system_i/axi_smc/inst/sc_ul/inst/gen_axi_full_nxm.sasd_inst/gen_read.s_rdata[31]_i_3/O
                         net (fo=2, routed)           0.242     5.220    first_zynq_system_i/axi_smc/inst/sc_ul/inst/gen_axi_full_nxm.sasd_inst/gen_read.r_m_dwsize_mux/gen_read.s_rdata_reg[0]
    SLICE_X29Y290        LUT5 (Prop_lut5_I0_O)        0.043     5.263 r  first_zynq_system_i/axi_smc/inst/sc_ul/inst/gen_axi_full_nxm.sasd_inst/gen_read.r_m_dwsize_mux/gen_read.s_rdata[31]_i_1/O
                         net (fo=32, routed)          1.944     7.207    first_zynq_system_i/axi_smc/inst/sc_ul/inst/gen_axi_full_nxm.sasd_inst/s_rdata[0]
    SLICE_X20Y249        FDRE                                         r  first_zynq_system_i/axi_smc/inst/sc_ul/inst/gen_axi_full_nxm.sasd_inst/gen_read.s_rdata_reg[8]/CE
  -------------------------------------------------------------------    -------------------

                         (clock clk_fpga_0 rise edge)
                                                     20.000    20.000 r  <hidden>
    PS7_X0Y0             PS7                          0.000    20.000 r  first_zynq_system_i/processing_system7_0/inst/PS7_i/FCLKCLK[0]
                         net (fo=1, routed)           1.241    21.241    first_zynq_system_i/processing_system7_0/inst/FCLK_CLK_unbuffered[0]
    BUFGCTRL_X0Y16       BUFG (Prop_bufg_I_O)         0.083    21.324 r  first_zynq_system_i/processing_system7_0/inst/buffer_fclk_clk_0.FCLK_CLK_0_BUFG/O
                         net (fo=438, routed)         1.296    22.620    first_zynq_system_i/axi_smc/inst/sc_ul/inst/gen_axi_full_nxm.sasd_inst/aclk
    SLICE_X20Y249        FDRE                                         r  first_zynq_system_i/axi_smc/inst/sc_ul/inst/gen_axi_full_nxm.sasd_inst/gen_read.s_rdata_reg[8]/C
                         clock pessimism              0.151    22.771    <hidden>
                         clock uncertainty           -0.302    22.469    <hidden>
    SLICE_X20Y249        FDRE (Setup_fdre_C_CE)      -0.178    22.291    first_zynq_system_i/axi_smc/inst/sc_ul/inst/gen_axi_full_nxm.sasd_inst/gen_read.s_rdata_reg[8]
  -------------------------------------------------------------------
                         required time                         22.291    <hidden>
                         arrival time                          -7.207    <hidden>
  -------------------------------------------------------------------
                         slack                                 15.084    <hidden>

Slack (MET) :             15.198ns  (required time - arrival time)
  Source:                 first_zynq_system_i/axi_smc/inst/sc_ul/inst/gen_axi_full_nxm.sasd_inst/gen_read.arctrl_mux/dout_i1_reg[14]/C
                            (rising edge-triggered cell FDRE clocked by clk_fpga_0  {rise@0.000ns fall@10.000ns period=20.000ns})
  Destination:            first_zynq_system_i/axi_smc/inst/sc_ul/inst/gen_axi_full_nxm.sasd_inst/gen_read.rdata_mux/dout_i1_reg[11]/R
                            (rising edge-triggered cell FDRE clocked by clk_fpga_0  {rise@0.000ns fall@10.000ns period=20.000ns})
  Path Group:             clk_fpga_0
  Path Type:              Setup (Max at Slow Process Corner)
  Requirement:            20.000ns  (clk_fpga_0 rise@20.000ns - clk_fpga_0 rise@0.000ns)
  Data Path Delay:        3.849ns  (logic 0.359ns (9.326%)  route 3.490ns (90.674%))
  Logic Levels:           3  (LUT2=1 LUT3=1 LUT6=1)
  Clock Path Skew:        -0.258ns (DCD - SCD + CPR)
    Destination Clock Delay (DCD):    2.619ns = ( 22.619 - 20.000 ) 
    Source Clock Delay      (SCD):    3.028ns
    Clock Pessimism Removal (CPR):    0.151ns
  Clock Uncertainty:      0.302ns  ((TSJ^2 + TIJ^2)^1/2 + DJ) / 2 + PE
    Total System Jitter     (TSJ):    0.071ns
    Total Input Jitter      (TIJ):    0.600ns
    Discrete Jitter          (DJ):    0.000ns
    Phase Error              (PE):    0.000ns

    Location             Delay type                Incr(ns)  Path(ns)    Netlist Resource(s)
  -------------------------------------------------------------------    -------------------
                         (clock clk_fpga_0 rise edge)
                                                      0.000     0.000 r  <hidden>
    PS7_X0Y0             PS7                          0.000     0.000 r  first_zynq_system_i/processing_system7_0/inst/PS7_i/FCLKCLK[0]
                         net (fo=1, routed)           1.339     1.339    first_zynq_system_i/processing_system7_0/inst/FCLK_CLK_unbuffered[0]
    BUFGCTRL_X0Y16       BUFG (Prop_bufg_I_O)         0.093     1.432 r  first_zynq_system_i/processing_system7_0/inst/buffer_fclk_clk_0.FCLK_CLK_0_BUFG/O
                         net (fo=438, routed)         1.596     3.028    first_zynq_system_i/axi_smc/inst/sc_ul/inst/gen_axi_full_nxm.sasd_inst/gen_read.arctrl_mux/aclk
    SLICE_X27Y289        FDRE                                         r  first_zynq_system_i/axi_smc/inst/sc_ul/inst/gen_axi_full_nxm.sasd_inst/gen_read.arctrl_mux/dout_i1_reg[14]/C
  -------------------------------------------------------------------    -------------------
    SLICE_X27Y289        FDRE (Prop_fdre_C_Q)         0.223     3.251 r  first_zynq_system_i/axi_smc/inst/sc_ul/inst/gen_axi_full_nxm.sasd_inst/gen_read.arctrl_mux/dout_i1_reg[14]/Q
                         net (fo=51, routed)          0.689     3.940    first_zynq_system_i/axi_smc/inst/sc_ul/inst/gen_axi_full_nxm.sasd_inst/gen_read.arctrl_mux/dout_i1_reg[15]_0[3]
    SLICE_X30Y288        LUT3 (Prop_lut3_I1_O)        0.043     3.983 f  first_zynq_system_i/axi_smc/inst/sc_ul/inst/gen_axi_full_nxm.sasd_inst/gen_read.arctrl_mux/dout_i1[1]_i_3/O
                         net (fo=1, routed)           0.347     4.330    first_zynq_system_i/axi_smc/inst/sc_ul/inst/gen_axi_full_nxm.sasd_inst/gen_read.arctrl_mux/dout_i1[1]_i_3_n_0
    SLICE_X29Y288        LUT6 (Prop_lut6_I2_O)        0.043     4.373 f  first_zynq_system_i/axi_smc/inst/sc_ul/inst/gen_axi_full_nxm.sasd_inst/gen_read.arctrl_mux/dout_i1[1]_i_1__1/O
                         net (fo=5, routed)           0.584     4.957    first_zynq_system_i/axi_smc/inst/sc_ul/inst/gen_axi_full_nxm.sasd_inst/gen_read.arctrl_mux/any_read
    SLICE_X30Y291        LUT2 (Prop_lut2_I1_O)        0.050     5.007 r  first_zynq_system_i/axi_smc/inst/sc_ul/inst/gen_axi_full_nxm.sasd_inst/gen_read.arctrl_mux/dout_i1[31]_i_1__0/O
                         net (fo=32, routed)          1.870     6.877    first_zynq_system_i/axi_smc/inst/sc_ul/inst/gen_axi_full_nxm.sasd_inst/gen_read.rdata_mux/dout_i1_reg[0]_0
    SLICE_X23Y249        FDRE                                         r  first_zynq_system_i/axi_smc/inst/sc_ul/inst/gen_axi_full_nxm.sasd_inst/gen_read.rdata_mux/dout_i1_reg[11]/R
  -------------------------------------------------------------------    -------------------

                         (clock clk_fpga_0 rise edge)
                                                     20.000    20.000 r  <hidden>
    PS7_X0Y0             PS7                          0.000    20.000 r  first_zynq_system_i/processing_system7_0/inst/PS7_i/FCLKCLK[0]
                         net (fo=1, routed)           1.241    21.241    first_zynq_system_i/processing_system7_0/inst/FCLK_CLK_unbuffered[0]
    BUFGCTRL_X0Y16       BUFG (Prop_bufg_I_O)         0.083    21.324 r  first_zynq_system_i/processing_system7_0/inst/buffer_fclk_clk_0.FCLK_CLK_0_BUFG/O
                         net (fo=438, routed)         1.295    22.619    first_zynq_system_i/axi_smc/inst/sc_ul/inst/gen_axi_full_nxm.sasd_inst/gen_read.rdata_mux/aclk
    SLICE_X23Y249        FDRE                                         r  first_zynq_system_i/axi_smc/inst/sc_ul/inst/gen_axi_full_nxm.sasd_inst/gen_read.rdata_mux/dout_i1_reg[11]/C
                         clock pessimism              0.151    22.770    <hidden>
                         clock uncertainty           -0.302    22.468    <hidden>
    SLICE_X23Y249        FDRE (Setup_fdre_C_R)       -0.393    22.075    first_zynq_system_i/axi_smc/inst/sc_ul/inst/gen_axi_full_nxm.sasd_inst/gen_read.rdata_mux/dout_i1_reg[11]
  -------------------------------------------------------------------
                         required time                         22.075    <hidden>
                         arrival time                          -6.877    <hidden>
  -------------------------------------------------------------------
                         slack                                 15.198    <hidden>

Slack (MET) :             15.198ns  (required time - arrival time)
  Source:                 first_zynq_system_i/axi_smc/inst/sc_ul/inst/gen_axi_full_nxm.sasd_inst/gen_read.arctrl_mux/dout_i1_reg[14]/C
                            (rising edge-triggered cell FDRE clocked by clk_fpga_0  {rise@0.000ns fall@10.000ns period=20.000ns})
  Destination:            first_zynq_system_i/axi_smc/inst/sc_ul/inst/gen_axi_full_nxm.sasd_inst/gen_read.rdata_mux/dout_i1_reg[12]/R
                            (rising edge-triggered cell FDRE clocked by clk_fpga_0  {rise@0.000ns fall@10.000ns period=20.000ns})
  Path Group:             clk_fpga_0
  Path Type:              Setup (Max at Slow Process Corner)
  Requirement:            20.000ns  (clk_fpga_0 rise@20.000ns - clk_fpga_0 rise@0.000ns)
  Data Path Delay:        3.849ns  (logic 0.359ns (9.326%)  route 3.490ns (90.674%))
  Logic Levels:           3  (LUT2=1 LUT3=1 LUT6=1)
  Clock Path Skew:        -0.258ns (DCD - SCD + CPR)
    Destination Clock Delay (DCD):    2.619ns = ( 22.619 - 20.000 ) 
    Source Clock Delay      (SCD):    3.028ns
    Clock Pessimism Removal (CPR):    0.151ns
  Clock Uncertainty:      0.302ns  ((TSJ^2 + TIJ^2)^1/2 + DJ) / 2 + PE
    Total System Jitter     (TSJ):    0.071ns
    Total Input Jitter      (TIJ):    0.600ns
    Discrete Jitter          (DJ):    0.000ns
    Phase Error              (PE):    0.000ns

    Location             Delay type                Incr(ns)  Path(ns)    Netlist Resource(s)
  -------------------------------------------------------------------    -------------------
                         (clock clk_fpga_0 rise edge)
                                                      0.000     0.000 r  <hidden>
    PS7_X0Y0             PS7                          0.000     0.000 r  first_zynq_system_i/processing_system7_0/inst/PS7_i/FCLKCLK[0]
                         net (fo=1, routed)           1.339     1.339    first_zynq_system_i/processing_system7_0/inst/FCLK_CLK_unbuffered[0]
    BUFGCTRL_X0Y16       BUFG (Prop_bufg_I_O)         0.093     1.432 r  first_zynq_system_i/processing_system7_0/inst/buffer_fclk_clk_0.FCLK_CLK_0_BUFG/O
                         net (fo=438, routed)         1.596     3.028    first_zynq_system_i/axi_smc/inst/sc_ul/inst/gen_axi_full_nxm.sasd_inst/gen_read.arctrl_mux/aclk
    SLICE_X27Y289        FDRE                                         r  first_zynq_system_i/axi_smc/inst/sc_ul/inst/gen_axi_full_nxm.sasd_inst/gen_read.arctrl_mux/dout_i1_reg[14]/C
  -------------------------------------------------------------------    -------------------
    SLICE_X27Y289        FDRE (Prop_fdre_C_Q)         0.223     3.251 r  first_zynq_system_i/axi_smc/inst/sc_ul/inst/gen_axi_full_nxm.sasd_inst/gen_read.arctrl_mux/dout_i1_reg[14]/Q
                         net (fo=51, routed)          0.689     3.940    first_zynq_system_i/axi_smc/inst/sc_ul/inst/gen_axi_full_nxm.sasd_inst/gen_read.arctrl_mux/dout_i1_reg[15]_0[3]
    SLICE_X30Y288        LUT3 (Prop_lut3_I1_O)        0.043     3.983 f  first_zynq_system_i/axi_smc/inst/sc_ul/inst/gen_axi_full_nxm.sasd_inst/gen_read.arctrl_mux/dout_i1[1]_i_3/O
                         net (fo=1, routed)           0.347     4.330    first_zynq_system_i/axi_smc/inst/sc_ul/inst/gen_axi_full_nxm.sasd_inst/gen_read.arctrl_mux/dout_i1[1]_i_3_n_0
    SLICE_X29Y288        LUT6 (Prop_lut6_I2_O)        0.043     4.373 f  first_zynq_system_i/axi_smc/inst/sc_ul/inst/gen_axi_full_nxm.sasd_inst/gen_read.arctrl_mux/dout_i1[1]_i_1__1/O
                         net (fo=5, routed)           0.584     4.957    first_zynq_system_i/axi_smc/inst/sc_ul/inst/gen_axi_full_nxm.sasd_inst/gen_read.arctrl_mux/any_read
    SLICE_X30Y291        LUT2 (Prop_lut2_I1_O)        0.050     5.007 r  first_zynq_system_i/axi_smc/inst/sc_ul/inst/gen_axi_full_nxm.sasd_inst/gen_read.arctrl_mux/dout_i1[31]_i_1__0/O
                         net (fo=32, routed)          1.870     6.877    first_zynq_system_i/axi_smc/inst/sc_ul/inst/gen_axi_full_nxm.sasd_inst/gen_read.rdata_mux/dout_i1_reg[0]_0
    SLICE_X23Y249        FDRE                                         r  first_zynq_system_i/axi_smc/inst/sc_ul/inst/gen_axi_full_nxm.sasd_inst/gen_read.rdata_mux/dout_i1_reg[12]/R
  -------------------------------------------------------------------    -------------------

                         (clock clk_fpga_0 rise edge)
                                                     20.000    20.000 r  <hidden>
    PS7_X0Y0             PS7                          0.000    20.000 r  first_zynq_system_i/processing_system7_0/inst/PS7_i/FCLKCLK[0]
                         net (fo=1, routed)           1.241    21.241    first_zynq_system_i/processing_system7_0/inst/FCLK_CLK_unbuffered[0]
    BUFGCTRL_X0Y16       BUFG (Prop_bufg_I_O)         0.083    21.324 r  first_zynq_system_i/processing_system7_0/inst/buffer_fclk_clk_0.FCLK_CLK_0_BUFG/O
                         net (fo=438, routed)         1.295    22.619    first_zynq_system_i/axi_smc/inst/sc_ul/inst/gen_axi_full_nxm.sasd_inst/gen_read.rdata_mux/aclk
    SLICE_X23Y249        FDRE                                         r  first_zynq_system_i/axi_smc/inst/sc_ul/inst/gen_axi_full_nxm.sasd_inst/gen_read.rdata_mux/dout_i1_reg[12]/C
                         clock pessimism              0.151    22.770    <hidden>
                         clock uncertainty           -0.302    22.468    <hidden>
    SLICE_X23Y249        FDRE (Setup_fdre_C_R)       -0.393    22.075    first_zynq_system_i/axi_smc/inst/sc_ul/inst/gen_axi_full_nxm.sasd_inst/gen_read.rdata_mux/dout_i1_reg[12]
  -------------------------------------------------------------------
                         required time                         22.075    <hidden>
                         arrival time                          -6.877    <hidden>
  -------------------------------------------------------------------
                         slack                                 15.198    <hidden>





Min Delay Paths
--------------------------------------------------------------------------------------
Slack (MET) :             0.108ns  (arrival time - required time)
  Source:                 first_zynq_system_i/axi_smc/inst/sc_ul/inst/cdc_aresetn/syncstages_ff_reg[0]/C
                            (rising edge-triggered cell FDRE clocked by clk_fpga_0  {rise@0.000ns fall@10.000ns period=20.000ns})
  Destination:            first_zynq_system_i/axi_smc/inst/sc_ul/inst/cdc_aresetn/syncstages_ff_reg[1]/D
                            (rising edge-triggered cell FDRE clocked by clk_fpga_0  {rise@0.000ns fall@10.000ns period=20.000ns})
  Path Group:             clk_fpga_0
  Path Type:              Hold (Min at Fast Process Corner)
  Requirement:            0.000ns  (clk_fpga_0 rise@0.000ns - clk_fpga_0 rise@0.000ns)
  Data Path Delay:        0.155ns  (logic 0.100ns (64.566%)  route 0.055ns (35.434%))
  Logic Levels:           0  
  Clock Path Skew:        0.000ns (DCD - SCD - CPR)
    Destination Clock Delay (DCD):    1.755ns
    Source Clock Delay      (SCD):    1.461ns
    Clock Pessimism Removal (CPR):    0.294ns

    Location             Delay type                Incr(ns)  Path(ns)    Netlist Resource(s)
  -------------------------------------------------------------------    -------------------
                         (clock clk_fpga_0 rise edge)
                                                      0.000     0.000 r  <hidden>
    PS7_X0Y0             PS7                          0.000     0.000 r  first_zynq_system_i/processing_system7_0/inst/PS7_i/FCLKCLK[0]
                         net (fo=1, routed)           0.725     0.725    first_zynq_system_i/processing_system7_0/inst/FCLK_CLK_unbuffered[0]
    BUFGCTRL_X0Y16       BUFG (Prop_bufg_I_O)         0.026     0.751 r  first_zynq_system_i/processing_system7_0/inst/buffer_fclk_clk_0.FCLK_CLK_0_BUFG/O
                         net (fo=438, routed)         0.710     1.461    first_zynq_system_i/axi_smc/inst/sc_ul/inst/cdc_aresetn/dest_clk
    SLICE_X33Y295        FDRE                                         r  first_zynq_system_i/axi_smc/inst/sc_ul/inst/cdc_aresetn/syncstages_ff_reg[0]/C
  -------------------------------------------------------------------    -------------------
    SLICE_X33Y295        FDRE (Prop_fdre_C_Q)         0.100     1.561 r  first_zynq_system_i/axi_smc/inst/sc_ul/inst/cdc_aresetn/syncstages_ff_reg[0]/Q
                         net (fo=1, routed)           0.055     1.616    first_zynq_system_i/axi_smc/inst/sc_ul/inst/cdc_aresetn/syncstages_ff[0]
    SLICE_X33Y295        FDRE                                         r  first_zynq_system_i/axi_smc/inst/sc_ul/inst/cdc_aresetn/syncstages_ff_reg[1]/D
  -------------------------------------------------------------------    -------------------

                         (clock clk_fpga_0 rise edge)
                                                      0.000     0.000 r  <hidden>
    PS7_X0Y0             PS7                          0.000     0.000 r  first_zynq_system_i/processing_system7_0/inst/PS7_i/FCLKCLK[0]
                         net (fo=1, routed)           0.769     0.769    first_zynq_system_i/processing_system7_0/inst/FCLK_CLK_unbuffered[0]
    BUFGCTRL_X0Y16       BUFG (Prop_bufg_I_O)         0.030     0.799 r  first_zynq_system_i/processing_system7_0/inst/buffer_fclk_clk_0.FCLK_CLK_0_BUFG/O
                         net (fo=438, routed)         0.956     1.755    first_zynq_system_i/axi_smc/inst/sc_ul/inst/cdc_aresetn/dest_clk
    SLICE_X33Y295        FDRE                                         r  first_zynq_system_i/axi_smc/inst/sc_ul/inst/cdc_aresetn/syncstages_ff_reg[1]/C
                         clock pessimism             -0.294     1.461    <hidden>
    SLICE_X33Y295        FDRE (Hold_fdre_C_D)         0.047     1.508    first_zynq_system_i/axi_smc/inst/sc_ul/inst/cdc_aresetn/syncstages_ff_reg[1]
  -------------------------------------------------------------------
                         required time                         -1.508    <hidden>
                         arrival time                           1.616    <hidden>
  -------------------------------------------------------------------
                         slack                                  0.108    <hidden>

Slack (MET) :             0.108ns  (arrival time - required time)
  Source:                 first_zynq_system_i/rst_ps7_0_50M/U0/EXT_LPF/ACTIVE_LOW_AUX.ACT_LO_AUX/syncstages_ff_reg[0]/C
                            (rising edge-triggered cell FDRE clocked by clk_fpga_0  {rise@0.000ns fall@10.000ns period=20.000ns})
  Destination:            first_zynq_system_i/rst_ps7_0_50M/U0/EXT_LPF/ACTIVE_LOW_AUX.ACT_LO_AUX/syncstages_ff_reg[1]/D
                            (rising edge-triggered cell FDRE clocked by clk_fpga_0  {rise@0.000ns fall@10.000ns period=20.000ns})
  Path Group:             clk_fpga_0
  Path Type:              Hold (Min at Fast Process Corner)
  Requirement:            0.000ns  (clk_fpga_0 rise@0.000ns - clk_fpga_0 rise@0.000ns)
  Data Path Delay:        0.155ns  (logic 0.100ns (64.566%)  route 0.055ns (35.434%))
  Logic Levels:           0  
  Clock Path Skew:        0.000ns (DCD - SCD - CPR)
    Destination Clock Delay (DCD):    1.856ns
    Source Clock Delay      (SCD):    1.542ns
    Clock Pessimism Removal (CPR):    0.314ns

    Location             Delay type                Incr(ns)  Path(ns)    Netlist Resource(s)
  -------------------------------------------------------------------    -------------------
                         (clock clk_fpga_0 rise edge)
                                                      0.000     0.000 r  <hidden>
    PS7_X0Y0             PS7                          0.000     0.000 r  first_zynq_system_i/processing_system7_0/inst/PS7_i/FCLKCLK[0]
                         net (fo=1, routed)           0.725     0.725    first_zynq_system_i/processing_system7_0/inst/FCLK_CLK_unbuffered[0]
    BUFGCTRL_X0Y16       BUFG (Prop_bufg_I_O)         0.026     0.751 r  first_zynq_system_i/processing_system7_0/inst/buffer_fclk_clk_0.FCLK_CLK_0_BUFG/O
                         net (fo=438, routed)         0.791     1.542    first_zynq_system_i/rst_ps7_0_50M/U0/EXT_LPF/ACTIVE_LOW_AUX.ACT_LO_AUX/dest_clk
    SLICE_X33Y301        FDRE                                         r  first_zynq_system_i/rst_ps7_0_50M/U0/EXT_LPF/ACTIVE_LOW_AUX.ACT_LO_AUX/syncstages_ff_reg[0]/C
  -------------------------------------------------------------------    -------------------
    SLICE_X33Y301        FDRE (Prop_fdre_C_Q)         0.100     1.642 r  first_zynq_system_i/rst_ps7_0_50M/U0/EXT_LPF/ACTIVE_LOW_AUX.ACT_LO_AUX/syncstages_ff_reg[0]/Q
                         net (fo=1, routed)           0.055     1.697    first_zynq_system_i/rst_ps7_0_50M/U0/EXT_LPF/ACTIVE_LOW_AUX.ACT_LO_AUX/syncstages_ff[0]
    SLICE_X33Y301        FDRE                                         r  first_zynq_system_i/rst_ps7_0_50M/U0/EXT_LPF/ACTIVE_LOW_AUX.ACT_LO_AUX/syncstages_ff_reg[1]/D
  -------------------------------------------------------------------    -------------------

                         (clock clk_fpga_0 rise edge)
                                                      0.000     0.000 r  <hidden>
    PS7_X0Y0             PS7                          0.000     0.000 r  first_zynq_system_i/processing_system7_0/inst/PS7_i/FCLKCLK[0]
                         net (fo=1, routed)           0.769     0.769    first_zynq_system_i/processing_system7_0/inst/FCLK_CLK_unbuffered[0]
    BUFGCTRL_X0Y16       BUFG (Prop_bufg_I_O)         0.030     0.799 r  first_zynq_system_i/processing_system7_0/inst/buffer_fclk_clk_0.FCLK_CLK_0_BUFG/O
                         net (fo=438, routed)         1.057     1.856    first_zynq_system_i/rst_ps7_0_50M/U0/EXT_LPF/ACTIVE_LOW_AUX.ACT_LO_AUX/dest_clk
    SLICE_X33Y301        FDRE                                         r  first_zynq_system_i/rst_ps7_0_50M/U0/EXT_LPF/ACTIVE_LOW_AUX.ACT_LO_AUX/syncstages_ff_reg[1]/C
                         clock pessimism             -0.314     1.542    <hidden>
    SLICE_X33Y301        FDRE (Hold_fdre_C_D)         0.047     1.589    first_zynq_system_i/rst_ps7_0_50M/U0/EXT_LPF/ACTIVE_LOW_AUX.ACT_LO_AUX/syncstages_ff_reg[1]
  -------------------------------------------------------------------
                         required time                         -1.589    <hidden>
                         arrival time                           1.697    <hidden>
  -------------------------------------------------------------------
                         slack                                  0.108    <hidden>

Slack (MET) :             0.111ns  (arrival time - required time)
  Source:                 first_zynq_system_i/axi_smc/inst/sc_ul/inst/gen_axi_full_nxm.sasd_inst/gen_read.rdata_mux/dout_i1_reg[27]/C
                            (rising edge-triggered cell FDRE clocked by clk_fpga_0  {rise@0.000ns fall@10.000ns period=20.000ns})
  Destination:            first_zynq_system_i/axi_smc/inst/sc_ul/inst/gen_axi_full_nxm.sasd_inst/gen_read.s_rdata_reg[27]/D
                            (rising edge-triggered cell FDRE clocked by clk_fpga_0  {rise@0.000ns fall@10.000ns period=20.000ns})
  Path Group:             clk_fpga_0
  Path Type:              Hold (Min at Fast Process Corner)
  Requirement:            0.000ns  (clk_fpga_0 rise@0.000ns - clk_fpga_0 rise@0.000ns)
  Data Path Delay:        0.209ns  (logic 0.128ns (61.382%)  route 0.081ns (38.618%))
  Logic Levels:           1  (LUT5=1)
  Clock Path Skew:        0.011ns (DCD - SCD - CPR)
    Destination Clock Delay (DCD):    1.775ns
    Source Clock Delay      (SCD):    1.480ns
    Clock Pessimism Removal (CPR):    0.284ns

    Location             Delay type                Incr(ns)  Path(ns)    Netlist Resource(s)
  -------------------------------------------------------------------    -------------------
                         (clock clk_fpga_0 rise edge)
                                                      0.000     0.000 r  <hidden>
    PS7_X0Y0             PS7                          0.000     0.000 r  first_zynq_system_i/processing_system7_0/inst/PS7_i/FCLKCLK[0]
                         net (fo=1, routed)           0.725     0.725    first_zynq_system_i/processing_system7_0/inst/FCLK_CLK_unbuffered[0]
    BUFGCTRL_X0Y16       BUFG (Prop_bufg_I_O)         0.026     0.751 r  first_zynq_system_i/processing_system7_0/inst/buffer_fclk_clk_0.FCLK_CLK_0_BUFG/O
                         net (fo=438, routed)         0.729     1.480    first_zynq_system_i/axi_smc/inst/sc_ul/inst/gen_axi_full_nxm.sasd_inst/gen_read.rdata_mux/aclk
    SLICE_X27Y256        FDRE                                         r  first_zynq_system_i/axi_smc/inst/sc_ul/inst/gen_axi_full_nxm.sasd_inst/gen_read.rdata_mux/dout_i1_reg[27]/C
  -------------------------------------------------------------------    -------------------
    SLICE_X27Y256        FDRE (Prop_fdre_C_Q)         0.100     1.580 r  first_zynq_system_i/axi_smc/inst/sc_ul/inst/gen_axi_full_nxm.sasd_inst/gen_read.rdata_mux/dout_i1_reg[27]/Q
                         net (fo=1, routed)           0.081     1.661    first_zynq_system_i/axi_smc/inst/sc_ul/inst/gen_axi_full_nxm.sasd_inst/gen_read.rdata_mux/m_rdata[27]
    SLICE_X26Y256        LUT5 (Prop_lut5_I2_O)        0.028     1.689 r  first_zynq_system_i/axi_smc/inst/sc_ul/inst/gen_axi_full_nxm.sasd_inst/gen_read.rdata_mux/gen_read.s_rdata[27]_i_1/O
                         net (fo=1, routed)           0.000     1.689    first_zynq_system_i/axi_smc/inst/sc_ul/inst/gen_axi_full_nxm.sasd_inst/gen_read.rdata_mux_n_4
    SLICE_X26Y256        FDRE                                         r  first_zynq_system_i/axi_smc/inst/sc_ul/inst/gen_axi_full_nxm.sasd_inst/gen_read.s_rdata_reg[27]/D
  -------------------------------------------------------------------    -------------------

                         (clock clk_fpga_0 rise edge)
                                                      0.000     0.000 r  <hidden>
    PS7_X0Y0             PS7                          0.000     0.000 r  first_zynq_system_i/processing_system7_0/inst/PS7_i/FCLKCLK[0]
                         net (fo=1, routed)           0.769     0.769    first_zynq_system_i/processing_system7_0/inst/FCLK_CLK_unbuffered[0]
    BUFGCTRL_X0Y16       BUFG (Prop_bufg_I_O)         0.030     0.799 r  first_zynq_system_i/processing_system7_0/inst/buffer_fclk_clk_0.FCLK_CLK_0_BUFG/O
                         net (fo=438, routed)         0.976     1.775    first_zynq_system_i/axi_smc/inst/sc_ul/inst/gen_axi_full_nxm.sasd_inst/aclk
    SLICE_X26Y256        FDRE                                         r  first_zynq_system_i/axi_smc/inst/sc_ul/inst/gen_axi_full_nxm.sasd_inst/gen_read.s_rdata_reg[27]/C
                         clock pessimism             -0.284     1.491    <hidden>
    SLICE_X26Y256        FDRE (Hold_fdre_C_D)         0.087     1.578    first_zynq_system_i/axi_smc/inst/sc_ul/inst/gen_axi_full_nxm.sasd_inst/gen_read.s_rdata_reg[27]
  -------------------------------------------------------------------
                         required time                         -1.578    <hidden>
                         arrival time                           1.689    <hidden>
  -------------------------------------------------------------------
                         slack                                  0.111    <hidden>

Slack (MET) :             0.111ns  (arrival time - required time)
  Source:                 first_zynq_system_i/rst_ps7_0_50M/U0/SEQ/core_dec_reg[0]/C
                            (rising edge-triggered cell FDRE clocked by clk_fpga_0  {rise@0.000ns fall@10.000ns period=20.000ns})
  Destination:            first_zynq_system_i/rst_ps7_0_50M/U0/SEQ/core_dec_reg[2]/D
                            (rising edge-triggered cell FDRE clocked by clk_fpga_0  {rise@0.000ns fall@10.000ns period=20.000ns})
  Path Group:             clk_fpga_0
  Path Type:              Hold (Min at Fast Process Corner)
  Requirement:            0.000ns  (clk_fpga_0 rise@0.000ns - clk_fpga_0 rise@0.000ns)
  Data Path Delay:        0.209ns  (logic 0.128ns (61.382%)  route 0.081ns (38.618%))
  Logic Levels:           1  (LUT2=1)
  Clock Path Skew:        0.011ns (DCD - SCD - CPR)
    Destination Clock Delay (DCD):    1.856ns
    Source Clock Delay      (SCD):    1.542ns
    Clock Pessimism Removal (CPR):    0.303ns

    Location             Delay type                Incr(ns)  Path(ns)    Netlist Resource(s)
  -------------------------------------------------------------------    -------------------
                         (clock clk_fpga_0 rise edge)
                                                      0.000     0.000 r  <hidden>
    PS7_X0Y0             PS7                          0.000     0.000 r  first_zynq_system_i/processing_system7_0/inst/PS7_i/FCLKCLK[0]
                         net (fo=1, routed)           0.725     0.725    first_zynq_system_i/processing_system7_0/inst/FCLK_CLK_unbuffered[0]
    BUFGCTRL_X0Y16       BUFG (Prop_bufg_I_O)         0.026     0.751 r  first_zynq_system_i/processing_system7_0/inst/buffer_fclk_clk_0.FCLK_CLK_0_BUFG/O
                         net (fo=438, routed)         0.791     1.542    first_zynq_system_i/rst_ps7_0_50M/U0/SEQ/slowest_sync_clk
    SLICE_X33Y300        FDRE                                         r  first_zynq_system_i/rst_ps7_0_50M/U0/SEQ/core_dec_reg[0]/C
  -------------------------------------------------------------------    -------------------
    SLICE_X33Y300        FDRE (Prop_fdre_C_Q)         0.100     1.642 r  first_zynq_system_i/rst_ps7_0_50M/U0/SEQ/core_dec_reg[0]/Q
                         net (fo=1, routed)           0.081     1.723    first_zynq_system_i/rst_ps7_0_50M/U0/SEQ/core_dec_reg_n_0_[0]
    SLICE_X32Y300        LUT2 (Prop_lut2_I1_O)        0.028     1.751 r  first_zynq_system_i/rst_ps7_0_50M/U0/SEQ/core_dec[2]_i_1/O
                         net (fo=1, routed)           0.000     1.751    first_zynq_system_i/rst_ps7_0_50M/U0/SEQ/core_dec[2]_i_1_n_0
    SLICE_X32Y300        FDRE                                         r  first_zynq_system_i/rst_ps7_0_50M/U0/SEQ/core_dec_reg[2]/D
  -------------------------------------------------------------------    -------------------

                         (clock clk_fpga_0 rise edge)
                                                      0.000     0.000 r  <hidden>
    PS7_X0Y0             PS7                          0.000     0.000 r  first_zynq_system_i/processing_system7_0/inst/PS7_i/FCLKCLK[0]
                         net (fo=1, routed)           0.769     0.769    first_zynq_system_i/processing_system7_0/inst/FCLK_CLK_unbuffered[0]
    BUFGCTRL_X0Y16       BUFG (Prop_bufg_I_O)         0.030     0.799 r  first_zynq_system_i/processing_system7_0/inst/buffer_fclk_clk_0.FCLK_CLK_0_BUFG/O
                         net (fo=438, routed)         1.057     1.856    first_zynq_system_i/rst_ps7_0_50M/U0/SEQ/slowest_sync_clk
    SLICE_X32Y300        FDRE                                         r  first_zynq_system_i/rst_ps7_0_50M/U0/SEQ/core_dec_reg[2]/C
                         clock pessimism             -0.303     1.553    <hidden>
    SLICE_X32Y300        FDRE (Hold_fdre_C_D)         0.087     1.640    first_zynq_system_i/rst_ps7_0_50M/U0/SEQ/core_dec_reg[2]
  -------------------------------------------------------------------
                         required time                         -1.640    <hidden>
                         arrival time                           1.751    <hidden>
  -------------------------------------------------------------------
                         slack                                  0.111    <hidden>

Slack (MET) :             0.111ns  (arrival time - required time)
  Source:                 first_zynq_system_i/rst_ps7_0_50M/U0/SEQ/pr_reg/C
                            (rising edge-triggered cell FDSE clocked by clk_fpga_0  {rise@0.000ns fall@10.000ns period=20.000ns})
  Destination:            first_zynq_system_i/rst_ps7_0_50M/U0/ACTIVE_LOW_PR_OUT_DFF[0].FDRE_PER_N/D
                            (rising edge-triggered cell FDRE clocked by clk_fpga_0  {rise@0.000ns fall@10.000ns period=20.000ns})
  Path Group:             clk_fpga_0
  Path Type:              Hold (Min at Fast Process Corner)
  Requirement:            0.000ns  (clk_fpga_0 rise@0.000ns - clk_fpga_0 rise@0.000ns)
  Data Path Delay:        0.289ns  (logic 0.128ns (44.298%)  route 0.161ns (55.702%))
  Logic Levels:           1  (LUT1=1)
  Clock Path Skew:        0.118ns (DCD - SCD - CPR)
    Destination Clock Delay (DCD):    1.756ns
    Source Clock Delay      (SCD):    1.542ns
    Clock Pessimism Removal (CPR):    0.096ns

    Location             Delay type                Incr(ns)  Path(ns)    Netlist Resource(s)
  -------------------------------------------------------------------    -------------------
                         (clock clk_fpga_0 rise edge)
                                                      0.000     0.000 r  <hidden>
    PS7_X0Y0             PS7                          0.000     0.000 r  first_zynq_system_i/processing_system7_0/inst/PS7_i/FCLKCLK[0]
                         net (fo=1, routed)           0.725     0.725    first_zynq_system_i/processing_system7_0/inst/FCLK_CLK_unbuffered[0]
    BUFGCTRL_X0Y16       BUFG (Prop_bufg_I_O)         0.026     0.751 r  first_zynq_system_i/processing_system7_0/inst/buffer_fclk_clk_0.FCLK_CLK_0_BUFG/O
                         net (fo=438, routed)         0.791     1.542    first_zynq_system_i/rst_ps7_0_50M/U0/SEQ/slowest_sync_clk
    SLICE_X35Y300        FDSE                                         r  first_zynq_system_i/rst_ps7_0_50M/U0/SEQ/pr_reg/C
  -------------------------------------------------------------------    -------------------
    SLICE_X35Y300        FDSE (Prop_fdse_C_Q)         0.100     1.642 f  first_zynq_system_i/rst_ps7_0_50M/U0/SEQ/pr_reg/Q
                         net (fo=2, routed)           0.161     1.803    first_zynq_system_i/rst_ps7_0_50M/U0/SEQ/Pr_out
    SLICE_X35Y299        LUT1 (Prop_lut1_I0_O)        0.028     1.831 r  first_zynq_system_i/rst_ps7_0_50M/U0/SEQ/ACTIVE_LOW_PR_OUT_DFF[0].FDRE_PER_N_i_1/O
                         net (fo=1, routed)           0.000     1.831    first_zynq_system_i/rst_ps7_0_50M/U0/SEQ_n_4
    SLICE_X35Y299        FDRE                                         r  first_zynq_system_i/rst_ps7_0_50M/U0/ACTIVE_LOW_PR_OUT_DFF[0].FDRE_PER_N/D
  -------------------------------------------------------------------    -------------------

                         (clock clk_fpga_0 rise edge)
                                                      0.000     0.000 r  <hidden>
    PS7_X0Y0             PS7                          0.000     0.000 r  first_zynq_system_i/processing_system7_0/inst/PS7_i/FCLKCLK[0]
                         net (fo=1, routed)           0.769     0.769    first_zynq_system_i/processing_system7_0/inst/FCLK_CLK_unbuffered[0]
    BUFGCTRL_X0Y16       BUFG (Prop_bufg_I_O)         0.030     0.799 r  first_zynq_system_i/processing_system7_0/inst/buffer_fclk_clk_0.FCLK_CLK_0_BUFG/O
                         net (fo=438, routed)         0.957     1.756    first_zynq_system_i/rst_ps7_0_50M/U0/slowest_sync_clk
    SLICE_X35Y299        FDRE                                         r  first_zynq_system_i/rst_ps7_0_50M/U0/ACTIVE_LOW_PR_OUT_DFF[0].FDRE_PER_N/C
                         clock pessimism             -0.096     1.660    <hidden>
    SLICE_X35Y299        FDRE (Hold_fdre_C_D)         0.060     1.720    first_zynq_system_i/rst_ps7_0_50M/U0/ACTIVE_LOW_PR_OUT_DFF[0].FDRE_PER_N
  -------------------------------------------------------------------
                         required time                         -1.720    <hidden>
                         arrival time                           1.831    <hidden>
  -------------------------------------------------------------------
                         slack                                  0.111    <hidden>

Slack (MET) :             0.127ns  (arrival time - required time)
  Source:                 first_zynq_system_i/axi_gpio_0/U0/AXI_LITE_IPIF_I/I_SLAVE_ATTACHMENT/FSM_onehot_state_reg[3]/C
                            (rising edge-triggered cell FDRE clocked by clk_fpga_0  {rise@0.000ns fall@10.000ns period=20.000ns})
  Destination:            first_zynq_system_i/axi_gpio_0/U0/AXI_LITE_IPIF_I/I_SLAVE_ATTACHMENT/FSM_onehot_state_reg[0]/D
                            (rising edge-triggered cell FDSE clocked by clk_fpga_0  {rise@0.000ns fall@10.000ns period=20.000ns})
  Path Group:             clk_fpga_0
  Path Type:              Hold (Min at Fast Process Corner)
  Requirement:            0.000ns  (clk_fpga_0 rise@0.000ns - clk_fpga_0 rise@0.000ns)
  Data Path Delay:        0.225ns  (logic 0.128ns (56.769%)  route 0.097ns (43.231%))
  Logic Levels:           1  (LUT6=1)
  Clock Path Skew:        0.011ns (DCD - SCD - CPR)
    Destination Clock Delay (DCD):    1.754ns
    Source Clock Delay      (SCD):    1.460ns
    Clock Pessimism Removal (CPR):    0.283ns

    Location             Delay type                Incr(ns)  Path(ns)    Netlist Resource(s)
  -------------------------------------------------------------------    -------------------
                         (clock clk_fpga_0 rise edge)
                                                      0.000     0.000 r  <hidden>
    PS7_X0Y0             PS7                          0.000     0.000 r  first_zynq_system_i/processing_system7_0/inst/PS7_i/FCLKCLK[0]
                         net (fo=1, routed)           0.725     0.725    first_zynq_system_i/processing_system7_0/inst/FCLK_CLK_unbuffered[0]
    BUFGCTRL_X0Y16       BUFG (Prop_bufg_I_O)         0.026     0.751 r  first_zynq_system_i/processing_system7_0/inst/buffer_fclk_clk_0.FCLK_CLK_0_BUFG/O
                         net (fo=438, routed)         0.709     1.460    first_zynq_system_i/axi_gpio_0/U0/AXI_LITE_IPIF_I/I_SLAVE_ATTACHMENT/s_axi_aclk
    SLICE_X35Y291        FDRE                                         r  first_zynq_system_i/axi_gpio_0/U0/AXI_LITE_IPIF_I/I_SLAVE_ATTACHMENT/FSM_onehot_state_reg[3]/C
  -------------------------------------------------------------------    -------------------
    SLICE_X35Y291        FDRE (Prop_fdre_C_Q)         0.100     1.560 r  first_zynq_system_i/axi_gpio_0/U0/AXI_LITE_IPIF_I/I_SLAVE_ATTACHMENT/FSM_onehot_state_reg[3]/Q
                         net (fo=4, routed)           0.097     1.657    first_zynq_system_i/axi_gpio_0/U0/AXI_LITE_IPIF_I/I_SLAVE_ATTACHMENT/FSM_onehot_state_reg_n_0_[3]
    SLICE_X34Y291        LUT6 (Prop_lut6_I5_O)        0.028     1.685 r  first_zynq_system_i/axi_gpio_0/U0/AXI_LITE_IPIF_I/I_SLAVE_ATTACHMENT/FSM_onehot_state[0]_i_1/O
                         net (fo=1, routed)           0.000     1.685    first_zynq_system_i/axi_gpio_0/U0/AXI_LITE_IPIF_I/I_SLAVE_ATTACHMENT/FSM_onehot_state[0]_i_1_n_0
    SLICE_X34Y291        FDSE                                         r  first_zynq_system_i/axi_gpio_0/U0/AXI_LITE_IPIF_I/I_SLAVE_ATTACHMENT/FSM_onehot_state_reg[0]/D
  -------------------------------------------------------------------    -------------------

                         (clock clk_fpga_0 rise edge)
                                                      0.000     0.000 r  <hidden>
    PS7_X0Y0             PS7                          0.000     0.000 r  first_zynq_system_i/processing_system7_0/inst/PS7_i/FCLKCLK[0]
                         net (fo=1, routed)           0.769     0.769    first_zynq_system_i/processing_system7_0/inst/FCLK_CLK_unbuffered[0]
    BUFGCTRL_X0Y16       BUFG (Prop_bufg_I_O)         0.030     0.799 r  first_zynq_system_i/processing_system7_0/inst/buffer_fclk_clk_0.FCLK_CLK_0_BUFG/O
                         net (fo=438, routed)         0.955     1.754    first_zynq_system_i/axi_gpio_0/U0/AXI_LITE_IPIF_I/I_SLAVE_ATTACHMENT/s_axi_aclk
    SLICE_X34Y291        FDSE                                         r  first_zynq_system_i/axi_gpio_0/U0/AXI_LITE_IPIF_I/I_SLAVE_ATTACHMENT/FSM_onehot_state_reg[0]/C
                         clock pessimism             -0.283     1.471    <hidden>
    SLICE_X34Y291        FDSE (Hold_fdse_C_D)         0.087     1.558    first_zynq_system_i/axi_gpio_0/U0/AXI_LITE_IPIF_I/I_SLAVE_ATTACHMENT/FSM_onehot_state_reg[0]
  -------------------------------------------------------------------
                         required time                         -1.558    <hidden>
                         arrival time                           1.685    <hidden>
  -------------------------------------------------------------------
                         slack                                  0.127    <hidden>

Slack (MET) :             0.131ns  (arrival time - required time)
  Source:                 first_zynq_system_i/rst_ps7_0_50M/U0/EXT_LPF/ACTIVE_LOW_EXT.ACT_LO_EXT/syncstages_ff_reg[0]/C
                            (rising edge-triggered cell FDRE clocked by clk_fpga_0  {rise@0.000ns fall@10.000ns period=20.000ns})
  Destination:            first_zynq_system_i/rst_ps7_0_50M/U0/EXT_LPF/ACTIVE_LOW_EXT.ACT_LO_EXT/syncstages_ff_reg[1]/D
                            (rising edge-triggered cell FDRE clocked by clk_fpga_0  {rise@0.000ns fall@10.000ns period=20.000ns})
  Path Group:             clk_fpga_0
  Path Type:              Hold (Min at Fast Process Corner)
  Requirement:            0.000ns  (clk_fpga_0 rise@0.000ns - clk_fpga_0 rise@0.000ns)
  Data Path Delay:        0.173ns  (logic 0.118ns (68.255%)  route 0.055ns (31.745%))
  Logic Levels:           0  
  Clock Path Skew:        0.000ns (DCD - SCD - CPR)
    Destination Clock Delay (DCD):    1.856ns
    Source Clock Delay      (SCD):    1.542ns
    Clock Pessimism Removal (CPR):    0.314ns

    Location             Delay type                Incr(ns)  Path(ns)    Netlist Resource(s)
  -------------------------------------------------------------------    -------------------
                         (clock clk_fpga_0 rise edge)
                                                      0.000     0.000 r  <hidden>
    PS7_X0Y0             PS7                          0.000     0.000 r  first_zynq_system_i/processing_system7_0/inst/PS7_i/FCLKCLK[0]
                         net (fo=1, routed)           0.725     0.725    first_zynq_system_i/processing_system7_0/inst/FCLK_CLK_unbuffered[0]
    BUFGCTRL_X0Y16       BUFG (Prop_bufg_I_O)         0.026     0.751 r  first_zynq_system_i/processing_system7_0/inst/buffer_fclk_clk_0.FCLK_CLK_0_BUFG/O
                         net (fo=438, routed)         0.791     1.542    first_zynq_system_i/rst_ps7_0_50M/U0/EXT_LPF/ACTIVE_LOW_EXT.ACT_LO_EXT/dest_clk
    SLICE_X36Y301        FDRE                                         r  first_zynq_system_i/rst_ps7_0_50M/U0/EXT_LPF/ACTIVE_LOW_EXT.ACT_LO_EXT/syncstages_ff_reg[0]/C
  -------------------------------------------------------------------    -------------------
    SLICE_X36Y301        FDRE (Prop_fdre_C_Q)         0.118     1.660 r  first_zynq_system_i/rst_ps7_0_50M/U0/EXT_LPF/ACTIVE_LOW_EXT.ACT_LO_EXT/syncstages_ff_reg[0]/Q
                         net (fo=1, routed)           0.055     1.715    first_zynq_system_i/rst_ps7_0_50M/U0/EXT_LPF/ACTIVE_LOW_EXT.ACT_LO_EXT/syncstages_ff[0]
    SLICE_X36Y301        FDRE                                         r  first_zynq_system_i/rst_ps7_0_50M/U0/EXT_LPF/ACTIVE_LOW_EXT.ACT_LO_EXT/syncstages_ff_reg[1]/D
  -------------------------------------------------------------------    -------------------

                         (clock clk_fpga_0 rise edge)
                                                      0.000     0.000 r  <hidden>
    PS7_X0Y0             PS7                          0.000     0.000 r  first_zynq_system_i/processing_system7_0/inst/PS7_i/FCLKCLK[0]
                         net (fo=1, routed)           0.769     0.769    first_zynq_system_i/processing_system7_0/inst/FCLK_CLK_unbuffered[0]
    BUFGCTRL_X0Y16       BUFG (Prop_bufg_I_O)         0.030     0.799 r  first_zynq_system_i/processing_system7_0/inst/buffer_fclk_clk_0.FCLK_CLK_0_BUFG/O
                         net (fo=438, routed)         1.057     1.856    first_zynq_system_i/rst_ps7_0_50M/U0/EXT_LPF/ACTIVE_LOW_EXT.ACT_LO_EXT/dest_clk
    SLICE_X36Y301        FDRE                                         r  first_zynq_system_i/rst_ps7_0_50M/U0/EXT_LPF/ACTIVE_LOW_EXT.ACT_LO_EXT/syncstages_ff_reg[1]/C
                         clock pessimism             -0.314     1.542    <hidden>
    SLICE_X36Y301        FDRE (Hold_fdre_C_D)         0.042     1.584    first_zynq_system_i/rst_ps7_0_50M/U0/EXT_LPF/ACTIVE_LOW_EXT.ACT_LO_EXT/syncstages_ff_reg[1]
  -------------------------------------------------------------------
                         required time                         -1.584    <hidden>
                         arrival time                           1.715    <hidden>
  -------------------------------------------------------------------
                         slack                                  0.131    <hidden>

Slack (MET) :             0.132ns  (arrival time - required time)
  Source:                 first_zynq_system_i/rst_ps7_0_50M/U0/EXT_LPF/AUX_LPF[2].asr_lpf_reg[2]/C
                            (rising edge-triggered cell FDRE clocked by clk_fpga_0  {rise@0.000ns fall@10.000ns period=20.000ns})
  Destination:            first_zynq_system_i/rst_ps7_0_50M/U0/EXT_LPF/lpf_asr_reg/D
                            (rising edge-triggered cell FDRE clocked by clk_fpga_0  {rise@0.000ns fall@10.000ns period=20.000ns})
  Path Group:             clk_fpga_0
  Path Type:              Hold (Min at Fast Process Corner)
  Requirement:            0.000ns  (clk_fpga_0 rise@0.000ns - clk_fpga_0 rise@0.000ns)
  Data Path Delay:        0.204ns  (logic 0.146ns (71.523%)  route 0.058ns (28.477%))
  Logic Levels:           1  (LUT5=1)
  Clock Path Skew:        0.011ns (DCD - SCD - CPR)
    Destination Clock Delay (DCD):    1.856ns
    Source Clock Delay      (SCD):    1.542ns
    Clock Pessimism Removal (CPR):    0.303ns

    Location             Delay type                Incr(ns)  Path(ns)    Netlist Resource(s)
  -------------------------------------------------------------------    -------------------
                         (clock clk_fpga_0 rise edge)
                                                      0.000     0.000 r  <hidden>
    PS7_X0Y0             PS7                          0.000     0.000 r  first_zynq_system_i/processing_system7_0/inst/PS7_i/FCLKCLK[0]
                         net (fo=1, routed)           0.725     0.725    first_zynq_system_i/processing_system7_0/inst/FCLK_CLK_unbuffered[0]
    BUFGCTRL_X0Y16       BUFG (Prop_bufg_I_O)         0.026     0.751 r  first_zynq_system_i/processing_system7_0/inst/buffer_fclk_clk_0.FCLK_CLK_0_BUFG/O
                         net (fo=438, routed)         0.791     1.542    first_zynq_system_i/rst_ps7_0_50M/U0/EXT_LPF/slowest_sync_clk
    SLICE_X32Y301        FDRE                                         r  first_zynq_system_i/rst_ps7_0_50M/U0/EXT_LPF/AUX_LPF[2].asr_lpf_reg[2]/C
  -------------------------------------------------------------------    -------------------
    SLICE_X32Y301        FDRE (Prop_fdre_C_Q)         0.118     1.660 r  first_zynq_system_i/rst_ps7_0_50M/U0/EXT_LPF/AUX_LPF[2].asr_lpf_reg[2]/Q
                         net (fo=2, routed)           0.058     1.718    first_zynq_system_i/rst_ps7_0_50M/U0/EXT_LPF/p_1_in
    SLICE_X33Y301        LUT5 (Prop_lut5_I1_O)        0.028     1.746 r  first_zynq_system_i/rst_ps7_0_50M/U0/EXT_LPF/lpf_asr_i_1/O
                         net (fo=1, routed)           0.000     1.746    first_zynq_system_i/rst_ps7_0_50M/U0/EXT_LPF/lpf_asr_i_1_n_0
    SLICE_X33Y301        FDRE                                         r  first_zynq_system_i/rst_ps7_0_50M/U0/EXT_LPF/lpf_asr_reg/D
  -------------------------------------------------------------------    -------------------

                         (clock clk_fpga_0 rise edge)
                                                      0.000     0.000 r  <hidden>
    PS7_X0Y0             PS7                          0.000     0.000 r  first_zynq_system_i/processing_system7_0/inst/PS7_i/FCLKCLK[0]
                         net (fo=1, routed)           0.769     0.769    first_zynq_system_i/processing_system7_0/inst/FCLK_CLK_unbuffered[0]
    BUFGCTRL_X0Y16       BUFG (Prop_bufg_I_O)         0.030     0.799 r  first_zynq_system_i/processing_system7_0/inst/buffer_fclk_clk_0.FCLK_CLK_0_BUFG/O
                         net (fo=438, routed)         1.057     1.856    first_zynq_system_i/rst_ps7_0_50M/U0/EXT_LPF/slowest_sync_clk
    SLICE_X33Y301        FDRE                                         r  first_zynq_system_i/rst_ps7_0_50M/U0/EXT_LPF/lpf_asr_reg/C
                         clock pessimism             -0.303     1.553    <hidden>
    SLICE_X33Y301        FDRE (Hold_fdre_C_D)         0.061     1.614    first_zynq_system_i/rst_ps7_0_50M/U0/EXT_LPF/lpf_asr_reg
  -------------------------------------------------------------------
                         required time                         -1.614    <hidden>
                         arrival time                           1.746    <hidden>
  -------------------------------------------------------------------
                         slack                                  0.132    <hidden>

Slack (MET) :             0.133ns  (arrival time - required time)
  Source:                 first_zynq_system_i/axi_smc/inst/sc_ul/inst/gen_axi_full_nxm.sasd_inst/gen_read.tiny_arwrap_reg/C
                            (rising edge-triggered cell FDRE clocked by clk_fpga_0  {rise@0.000ns fall@10.000ns period=20.000ns})
  Destination:            first_zynq_system_i/axi_smc/inst/sc_ul/inst/gen_axi_full_nxm.sasd_inst/gen_read.ar_addr_reg[3]/D
                            (rising edge-triggered cell FDRE clocked by clk_fpga_0  {rise@0.000ns fall@10.000ns period=20.000ns})
  Path Group:             clk_fpga_0
  Path Type:              Hold (Min at Fast Process Corner)
  Requirement:            0.000ns  (clk_fpga_0 rise@0.000ns - clk_fpga_0 rise@0.000ns)
  Data Path Delay:        0.231ns  (logic 0.128ns (55.375%)  route 0.103ns (44.625%))
  Logic Levels:           1  (LUT6=1)
  Clock Path Skew:        0.011ns (DCD - SCD - CPR)
    Destination Clock Delay (DCD):    1.772ns
    Source Clock Delay      (SCD):    1.478ns
    Clock Pessimism Removal (CPR):    0.283ns

    Location             Delay type                Incr(ns)  Path(ns)    Netlist Resource(s)
  -------------------------------------------------------------------    -------------------
                         (clock clk_fpga_0 rise edge)
                                                      0.000     0.000 r  <hidden>
    PS7_X0Y0             PS7                          0.000     0.000 r  first_zynq_system_i/processing_system7_0/inst/PS7_i/FCLKCLK[0]
                         net (fo=1, routed)           0.725     0.725    first_zynq_system_i/processing_system7_0/inst/FCLK_CLK_unbuffered[0]
    BUFGCTRL_X0Y16       BUFG (Prop_bufg_I_O)         0.026     0.751 r  first_zynq_system_i/processing_system7_0/inst/buffer_fclk_clk_0.FCLK_CLK_0_BUFG/O
                         net (fo=438, routed)         0.727     1.478    first_zynq_system_i/axi_smc/inst/sc_ul/inst/gen_axi_full_nxm.sasd_inst/aclk
    SLICE_X31Y285        FDRE                                         r  first_zynq_system_i/axi_smc/inst/sc_ul/inst/gen_axi_full_nxm.sasd_inst/gen_read.tiny_arwrap_reg/C
  -------------------------------------------------------------------    -------------------
    SLICE_X31Y285        FDRE (Prop_fdre_C_Q)         0.100     1.578 f  first_zynq_system_i/axi_smc/inst/sc_ul/inst/gen_axi_full_nxm.sasd_inst/gen_read.tiny_arwrap_reg/Q
                         net (fo=18, routed)          0.103     1.681    first_zynq_system_i/axi_smc/inst/sc_ul/inst/gen_axi_full_nxm.sasd_inst/gen_read.arctrl_mux/tiny_arwrap
    SLICE_X30Y285        LUT6 (Prop_lut6_I4_O)        0.028     1.709 r  first_zynq_system_i/axi_smc/inst/sc_ul/inst/gen_axi_full_nxm.sasd_inst/gen_read.arctrl_mux/gen_read.ar_addr[3]_i_1/O
                         net (fo=1, routed)           0.000     1.709    first_zynq_system_i/axi_smc/inst/sc_ul/inst/gen_axi_full_nxm.sasd_inst/gen_read.arctrl_mux_n_19
    SLICE_X30Y285        FDRE                                         r  first_zynq_system_i/axi_smc/inst/sc_ul/inst/gen_axi_full_nxm.sasd_inst/gen_read.ar_addr_reg[3]/D
  -------------------------------------------------------------------    -------------------

                         (clock clk_fpga_0 rise edge)
                                                      0.000     0.000 r  <hidden>
    PS7_X0Y0             PS7                          0.000     0.000 r  first_zynq_system_i/processing_system7_0/inst/PS7_i/FCLKCLK[0]
                         net (fo=1, routed)           0.769     0.769    first_zynq_system_i/processing_system7_0/inst/FCLK_CLK_unbuffered[0]
    BUFGCTRL_X0Y16       BUFG (Prop_bufg_I_O)         0.030     0.799 r  first_zynq_system_i/processing_system7_0/inst/buffer_fclk_clk_0.FCLK_CLK_0_BUFG/O
                         net (fo=438, routed)         0.973     1.772    first_zynq_system_i/axi_smc/inst/sc_ul/inst/gen_axi_full_nxm.sasd_inst/aclk
    SLICE_X30Y285        FDRE                                         r  first_zynq_system_i/axi_smc/inst/sc_ul/inst/gen_axi_full_nxm.sasd_inst/gen_read.ar_addr_reg[3]/C
                         clock pessimism             -0.283     1.489    <hidden>
    SLICE_X30Y285        FDRE (Hold_fdre_C_D)         0.087     1.576    first_zynq_system_i/axi_smc/inst/sc_ul/inst/gen_axi_full_nxm.sasd_inst/gen_read.ar_addr_reg[3]
  -------------------------------------------------------------------
                         required time                         -1.576    <hidden>
                         arrival time                           1.709    <hidden>
  -------------------------------------------------------------------
                         slack                                  0.133    <hidden>

Slack (MET) :             0.134ns  (arrival time - required time)
  Source:                 first_zynq_system_i/axi_gpio_0/U0/AXI_LITE_IPIF_I/I_SLAVE_ATTACHMENT/s_axi_rdata_i_reg[1]/C
                            (rising edge-triggered cell FDRE clocked by clk_fpga_0  {rise@0.000ns fall@10.000ns period=20.000ns})
  Destination:            first_zynq_system_i/axi_smc/inst/sc_ul/inst/gen_axi_full_nxm.sasd_inst/gen_read.rdata_mux/dout_i1_reg[1]/D
                            (rising edge-triggered cell FDRE clocked by clk_fpga_0  {rise@0.000ns fall@10.000ns period=20.000ns})
  Path Group:             clk_fpga_0
  Path Type:              Hold (Min at Fast Process Corner)
  Requirement:            0.000ns  (clk_fpga_0 rise@0.000ns - clk_fpga_0 rise@0.000ns)
  Data Path Delay:        0.204ns  (logic 0.100ns (48.950%)  route 0.104ns (51.050%))
  Logic Levels:           0  
  Clock Path Skew:        0.032ns (DCD - SCD - CPR)
    Destination Clock Delay (DCD):    1.774ns
    Source Clock Delay      (SCD):    1.481ns
    Clock Pessimism Removal (CPR):    0.261ns

    Location             Delay type                Incr(ns)  Path(ns)    Netlist Resource(s)
  -------------------------------------------------------------------    -------------------
                         (clock clk_fpga_0 rise edge)
                                                      0.000     0.000 r  <hidden>
    PS7_X0Y0             PS7                          0.000     0.000 r  first_zynq_system_i/processing_system7_0/inst/PS7_i/FCLKCLK[0]
                         net (fo=1, routed)           0.725     0.725    first_zynq_system_i/processing_system7_0/inst/FCLK_CLK_unbuffered[0]
    BUFGCTRL_X0Y16       BUFG (Prop_bufg_I_O)         0.026     0.751 r  first_zynq_system_i/processing_system7_0/inst/buffer_fclk_clk_0.FCLK_CLK_0_BUFG/O
                         net (fo=438, routed)         0.730     1.481    first_zynq_system_i/axi_gpio_0/U0/AXI_LITE_IPIF_I/I_SLAVE_ATTACHMENT/s_axi_aclk
    SLICE_X28Y290        FDRE                                         r  first_zynq_system_i/axi_gpio_0/U0/AXI_LITE_IPIF_I/I_SLAVE_ATTACHMENT/s_axi_rdata_i_reg[1]/C
  -------------------------------------------------------------------    -------------------
    SLICE_X28Y290        FDRE (Prop_fdre_C_Q)         0.100     1.581 r  first_zynq_system_i/axi_gpio_0/U0/AXI_LITE_IPIF_I/I_SLAVE_ATTACHMENT/s_axi_rdata_i_reg[1]/Q
                         net (fo=1, routed)           0.104     1.685    first_zynq_system_i/axi_smc/inst/sc_ul/inst/gen_axi_full_nxm.sasd_inst/gen_read.rdata_mux/m00_axi_rdata[1]
    SLICE_X27Y290        FDRE                                         r  first_zynq_system_i/axi_smc/inst/sc_ul/inst/gen_axi_full_nxm.sasd_inst/gen_read.rdata_mux/dout_i1_reg[1]/D
  -------------------------------------------------------------------    -------------------

                         (clock clk_fpga_0 rise edge)
                                                      0.000     0.000 r  <hidden>
    PS7_X0Y0             PS7                          0.000     0.000 r  first_zynq_system_i/processing_system7_0/inst/PS7_i/FCLKCLK[0]
                         net (fo=1, routed)           0.769     0.769    first_zynq_system_i/processing_system7_0/inst/FCLK_CLK_unbuffered[0]
    BUFGCTRL_X0Y16       BUFG (Prop_bufg_I_O)         0.030     0.799 r  first_zynq_system_i/processing_system7_0/inst/buffer_fclk_clk_0.FCLK_CLK_0_BUFG/O
                         net (fo=438, routed)         0.975     1.774    first_zynq_system_i/axi_smc/inst/sc_ul/inst/gen_axi_full_nxm.sasd_inst/gen_read.rdata_mux/aclk
    SLICE_X27Y290        FDRE                                         r  first_zynq_system_i/axi_smc/inst/sc_ul/inst/gen_axi_full_nxm.sasd_inst/gen_read.rdata_mux/dout_i1_reg[1]/C
                         clock pessimism             -0.261     1.513    <hidden>
    SLICE_X27Y290        FDRE (Hold_fdre_C_D)         0.038     1.551    first_zynq_system_i/axi_smc/inst/sc_ul/inst/gen_axi_full_nxm.sasd_inst/gen_read.rdata_mux/dout_i1_reg[1]
  -------------------------------------------------------------------
                         required time                         -1.551    <hidden>
                         arrival time                           1.685    <hidden>
  -------------------------------------------------------------------
                         slack                                  0.134    <hidden>





Pulse Width Checks
--------------------------------------------------------------------------------------
Clock Name:         clk_fpga_0
Waveform(ns):       { 0.000 10.000 }
Period(ns):         20.000
Sources:            { first_zynq_system_i/processing_system7_0/inst/PS7_i/FCLKCLK[0] }

Check Type        Corner  Lib Pin     Reference Pin  Required(ns)  Actual(ns)  Slack(ns)  Location        Pin
Min Period        n/a     BUFG/I      n/a            1.408         20.000      18.591     BUFGCTRL_X0Y16  first_zynq_system_i/processing_system7_0/inst/buffer_fclk_clk_0.FCLK_CLK_0_BUFG/I
Min Period        n/a     FDRE/C      n/a            0.750         20.000      19.250     SLICE_X36Y292   first_zynq_system_i/axi_gpio_0/U0/ip2bus_wrack_i_D1_reg/C
Min Period        n/a     FDRE/C      n/a            0.750         20.000      19.250     SLICE_X35Y292   first_zynq_system_i/axi_gpio_0/U0/AXI_LITE_IPIF_I/I_SLAVE_ATTACHMENT/INCLUDE_DPHASE_TIMER.dpto_cnt_reg[1]/C
Min Period        n/a     FDRE/C      n/a            0.750         20.000      19.250     SLICE_X35Y292   first_zynq_system_i/axi_gpio_0/U0/AXI_LITE_IPIF_I/I_SLAVE_ATTACHMENT/INCLUDE_DPHASE_TIMER.dpto_cnt_reg[3]/C
Min Period        n/a     FDRE/C      n/a            0.750         20.000      19.250     SLICE_X30Y292   first_zynq_system_i/axi_gpio_0/U0/AXI_LITE_IPIF_I/I_SLAVE_ATTACHMENT/bus2ip_addr_i_reg[8]/C
Min Period        n/a     FDRE/C      n/a            0.750         20.000      19.250     SLICE_X30Y292   first_zynq_system_i/axi_gpio_0/U0/AXI_LITE_IPIF_I/I_SLAVE_ATTACHMENT/bus2ip_rnw_i_reg/C
Min Period        n/a     FDRE/C      n/a            0.750         20.000      19.250     SLICE_X28Y290   first_zynq_system_i/axi_gpio_0/U0/AXI_LITE_IPIF_I/I_SLAVE_ATTACHMENT/s_axi_rdata_i_reg[3]/C
Min Period        n/a     FDRE/C      n/a            0.750         20.000      19.250     SLICE_X32Y292   first_zynq_system_i/axi_gpio_0/U0/AXI_LITE_IPIF_I/I_SLAVE_ATTACHMENT/I_DECODER/GEN_BKEND_CE_REGISTERS[1].ce_out_i_reg[1]/C
Min Period        n/a     FDRE/C      n/a            0.750         20.000      19.250     SLICE_X32Y292   first_zynq_system_i/axi_gpio_0/U0/AXI_LITE_IPIF_I/I_SLAVE_ATTACHMENT/I_DECODER/GEN_BKEND_CE_REGISTERS[3].ce_out_i_reg[3]/C
Min Period        n/a     FDRE/C      n/a            0.750         20.000      19.250     SLICE_X32Y293   first_zynq_system_i/axi_gpio_0/U0/gpio_core_1/Not_Dual.gpio_Data_Out_reg[2]/C
Low Pulse Width   Slow    SRL16E/CLK  n/a            0.642         10.000      9.358      SLICE_X34Y301   first_zynq_system_i/rst_ps7_0_50M/U0/EXT_LPF/POR_SRL_I/CLK
Low Pulse Width   Fast    SRL16E/CLK  n/a            0.642         10.000      9.358      SLICE_X34Y301   first_zynq_system_i/rst_ps7_0_50M/U0/EXT_LPF/POR_SRL_I/CLK
Low Pulse Width   Slow    FDRE/C      n/a            0.400         10.000      9.600      SLICE_X36Y292   first_zynq_system_i/axi_gpio_0/U0/ip2bus_wrack_i_D1_reg/C
Low Pulse Width   Fast    FDRE/C      n/a            0.400         10.000      9.600      SLICE_X36Y292   first_zynq_system_i/axi_gpio_0/U0/ip2bus_wrack_i_D1_reg/C
Low Pulse Width   Slow    FDRE/C      n/a            0.400         10.000      9.600      SLICE_X35Y292   first_zynq_system_i/axi_gpio_0/U0/AXI_LITE_IPIF_I/I_SLAVE_ATTACHMENT/INCLUDE_DPHASE_TIMER.dpto_cnt_reg[1]/C
Low Pulse Width   Fast    FDRE/C      n/a            0.400         10.000      9.600      SLICE_X35Y292   first_zynq_system_i/axi_gpio_0/U0/AXI_LITE_IPIF_I/I_SLAVE_ATTACHMENT/INCLUDE_DPHASE_TIMER.dpto_cnt_reg[1]/C
Low Pulse Width   Slow    FDRE/C      n/a            0.400         10.000      9.600      SLICE_X35Y292   first_zynq_system_i/axi_gpio_0/U0/AXI_LITE_IPIF_I/I_SLAVE_ATTACHMENT/INCLUDE_DPHASE_TIMER.dpto_cnt_reg[3]/C
Low Pulse Width   Fast    FDRE/C      n/a            0.400         10.000      9.600      SLICE_X35Y292   first_zynq_system_i/axi_gpio_0/U0/AXI_LITE_IPIF_I/I_SLAVE_ATTACHMENT/INCLUDE_DPHASE_TIMER.dpto_cnt_reg[3]/C
Low Pulse Width   Slow    FDRE/C      n/a            0.400         10.000      9.600      SLICE_X30Y292   first_zynq_system_i/axi_gpio_0/U0/AXI_LITE_IPIF_I/I_SLAVE_ATTACHMENT/bus2ip_addr_i_reg[8]/C
Low Pulse Width   Fast    FDRE/C      n/a            0.400         10.000      9.600      SLICE_X30Y292   first_zynq_system_i/axi_gpio_0/U0/AXI_LITE_IPIF_I/I_SLAVE_ATTACHMENT/bus2ip_addr_i_reg[8]/C
High Pulse Width  Slow    SRL16E/CLK  n/a            0.642         10.000      9.358      SLICE_X34Y301   first_zynq_system_i/rst_ps7_0_50M/U0/EXT_LPF/POR_SRL_I/CLK
High Pulse Width  Fast    SRL16E/CLK  n/a            0.642         10.000      9.358      SLICE_X34Y301   first_zynq_system_i/rst_ps7_0_50M/U0/EXT_LPF/POR_SRL_I/CLK
High Pulse Width  Slow    FDRE/C      n/a            0.350         10.000      9.650      SLICE_X33Y291   first_zynq_system_i/axi_gpio_0/U0/ip2bus_data_i_D1_reg[0]/C
High Pulse Width  Fast    FDRE/C      n/a            0.350         10.000      9.650      SLICE_X33Y291   first_zynq_system_i/axi_gpio_0/U0/ip2bus_data_i_D1_reg[0]/C
High Pulse Width  Slow    FDRE/C      n/a            0.350         10.000      9.650      SLICE_X32Y291   first_zynq_system_i/axi_gpio_0/U0/ip2bus_data_i_D1_reg[28]/C
High Pulse Width  Fast    FDRE/C      n/a            0.350         10.000      9.650      SLICE_X32Y291   first_zynq_system_i/axi_gpio_0/U0/ip2bus_data_i_D1_reg[28]/C
High Pulse Width  Slow    FDRE/C      n/a            0.350         10.000      9.650      SLICE_X32Y291   first_zynq_system_i/axi_gpio_0/U0/ip2bus_data_i_D1_reg[29]/C
High Pulse Width  Fast    FDRE/C      n/a            0.350         10.000      9.650      SLICE_X32Y291   first_zynq_system_i/axi_gpio_0/U0/ip2bus_data_i_D1_reg[29]/C
High Pulse Width  Slow    FDRE/C      n/a            0.350         10.000      9.650      SLICE_X32Y291   first_zynq_system_i/axi_gpio_0/U0/ip2bus_data_i_D1_reg[30]/C
High Pulse Width  Fast    FDRE/C      n/a            0.350         10.000      9.650      SLICE_X32Y291   first_zynq_system_i/axi_gpio_0/U0/ip2bus_data_i_D1_reg[30]/C



--------------------------------------------------------------------------------------
Path Group:  (none)
From Clock:  
  To Clock:  clk_fpga_0

Max Delay             1 Endpoint
Min Delay             1 Endpoint
--------------------------------------------------------------------------------------


Max Delay Paths
--------------------------------------------------------------------------------------
Slack:                    inf
  Source:                 first_zynq_system_i/processing_system7_0/inst/PS7_i/FCLKRESETN[0]
                            (internal pin)
  Destination:            first_zynq_system_i/rst_ps7_0_50M/U0/EXT_LPF/ACTIVE_LOW_EXT.ACT_LO_EXT/syncstages_ff_reg[0]/D
                            (rising edge-triggered cell FDRE clocked by clk_fpga_0  {rise@0.000ns fall@10.000ns period=20.000ns})
  Path Group:             (none)
  Path Type:              Setup (Max at Slow Process Corner)
  Data Path Delay:        1.068ns  (logic 0.043ns (4.027%)  route 1.025ns (95.973%))
  Logic Levels:           1  (LUT1=1)
  Clock Uncertainty:      0.301ns  ((TSJ^2 + TIJ^2)^1/2 + DJ) / 2 + PE
    Total System Jitter     (TSJ):    0.050ns
    Total Input Jitter      (TIJ):    0.600ns
    Discrete Jitter          (DJ):    0.000ns
    Phase Error              (PE):    0.000ns
  Timing Exception:       False Path

    Location             Delay type                Incr(ns)  Path(ns)    Netlist Resource(s)
  -------------------------------------------------------------------    -------------------
    PS7_X0Y0             PS7                          0.000     0.000 f  first_zynq_system_i/processing_system7_0/inst/PS7_i/FCLKRESETN[0]
                         net (fo=1, routed)           1.025     1.025    first_zynq_system_i/rst_ps7_0_50M/U0/EXT_LPF/ext_reset_in
    SLICE_X36Y301        LUT1 (Prop_lut1_I0_O)        0.043     1.068 r  first_zynq_system_i/rst_ps7_0_50M/U0/EXT_LPF/ACTIVE_LOW_EXT.ACT_LO_EXT_i_1/O
                         net (fo=1, routed)           0.000     1.068    first_zynq_system_i/rst_ps7_0_50M/U0/EXT_LPF/ACTIVE_LOW_EXT.ACT_LO_EXT/src_in
    SLICE_X36Y301        FDRE                                         r  first_zynq_system_i/rst_ps7_0_50M/U0/EXT_LPF/ACTIVE_LOW_EXT.ACT_LO_EXT/syncstages_ff_reg[0]/D
  -------------------------------------------------------------------    -------------------

                         (clock clk_fpga_0 rise edge)
                                                      0.000     0.000 r  <hidden>
    PS7_X0Y0             PS7                          0.000     0.000 r  first_zynq_system_i/processing_system7_0/inst/PS7_i/FCLKCLK[0]
                         net (fo=1, routed)           1.241     1.241    first_zynq_system_i/processing_system7_0/inst/FCLK_CLK_unbuffered[0]
    BUFGCTRL_X0Y16       BUFG (Prop_bufg_I_O)         0.083     1.324 r  first_zynq_system_i/processing_system7_0/inst/buffer_fclk_clk_0.FCLK_CLK_0_BUFG/O
                         net (fo=438, routed)         1.497     2.821    first_zynq_system_i/rst_ps7_0_50M/U0/EXT_LPF/ACTIVE_LOW_EXT.ACT_LO_EXT/dest_clk
    SLICE_X36Y301        FDRE                                         r  first_zynq_system_i/rst_ps7_0_50M/U0/EXT_LPF/ACTIVE_LOW_EXT.ACT_LO_EXT/syncstages_ff_reg[0]/C





Min Delay Paths
--------------------------------------------------------------------------------------
Slack:                    inf
  Source:                 first_zynq_system_i/processing_system7_0/inst/PS7_i/FCLKRESETN[0]
                            (internal pin)
  Destination:            first_zynq_system_i/rst_ps7_0_50M/U0/EXT_LPF/ACTIVE_LOW_EXT.ACT_LO_EXT/syncstages_ff_reg[0]/D
                            (rising edge-triggered cell FDRE clocked by clk_fpga_0  {rise@0.000ns fall@10.000ns period=20.000ns})
  Path Group:             (none)
  Path Type:              Hold (Min at Fast Process Corner)
  Data Path Delay:        0.594ns  (logic 0.028ns (4.714%)  route 0.566ns (95.286%))
  Logic Levels:           1  (LUT1=1)
  Clock Uncertainty:      0.301ns  ((TSJ^2 + TIJ^2)^1/2 + DJ) / 2 + PE
    Total System Jitter     (TSJ):    0.050ns
    Total Input Jitter      (TIJ):    0.600ns
    Discrete Jitter          (DJ):    0.000ns
    Phase Error              (PE):    0.000ns
  Timing Exception:       False Path

    Location             Delay type                Incr(ns)  Path(ns)    Netlist Resource(s)
  -------------------------------------------------------------------    -------------------
    PS7_X0Y0             PS7                          0.000     0.000 f  first_zynq_system_i/processing_system7_0/inst/PS7_i/FCLKRESETN[0]
                         net (fo=1, routed)           0.566     0.566    first_zynq_system_i/rst_ps7_0_50M/U0/EXT_LPF/ext_reset_in
    SLICE_X36Y301        LUT1 (Prop_lut1_I0_O)        0.028     0.594 r  first_zynq_system_i/rst_ps7_0_50M/U0/EXT_LPF/ACTIVE_LOW_EXT.ACT_LO_EXT_i_1/O
                         net (fo=1, routed)           0.000     0.594    first_zynq_system_i/rst_ps7_0_50M/U0/EXT_LPF/ACTIVE_LOW_EXT.ACT_LO_EXT/src_in
    SLICE_X36Y301        FDRE                                         r  first_zynq_system_i/rst_ps7_0_50M/U0/EXT_LPF/ACTIVE_LOW_EXT.ACT_LO_EXT/syncstages_ff_reg[0]/D
  -------------------------------------------------------------------    -------------------

                         (clock clk_fpga_0 rise edge)
                                                      0.000     0.000 r  <hidden>
    PS7_X0Y0             PS7                          0.000     0.000 r  first_zynq_system_i/processing_system7_0/inst/PS7_i/FCLKCLK[0]
                         net (fo=1, routed)           0.769     0.769    first_zynq_system_i/processing_system7_0/inst/FCLK_CLK_unbuffered[0]
    BUFGCTRL_X0Y16       BUFG (Prop_bufg_I_O)         0.030     0.799 r  first_zynq_system_i/processing_system7_0/inst/buffer_fclk_clk_0.FCLK_CLK_0_BUFG/O
                         net (fo=438, routed)         1.057     1.856    first_zynq_system_i/rst_ps7_0_50M/U0/EXT_LPF/ACTIVE_LOW_EXT.ACT_LO_EXT/dest_clk
    SLICE_X36Y301        FDRE                                         r  first_zynq_system_i/rst_ps7_0_50M/U0/EXT_LPF/ACTIVE_LOW_EXT.ACT_LO_EXT/syncstages_ff_reg[0]/C





--------------------------------------------------------------------------------------
Path Group:  (none)
From Clock:  clk_fpga_0
  To Clock:  clk_fpga_0

Max Delay             1 Endpoint
Min Delay             1 Endpoint
--------------------------------------------------------------------------------------


Max Delay Paths
--------------------------------------------------------------------------------------
Slack:                    inf
  Source:                 first_zynq_system_i/rst_ps7_0_50M/U0/ACTIVE_LOW_PR_OUT_DFF[0].FDRE_PER_N/C
                            (rising edge-triggered cell FDRE clocked by clk_fpga_0  {rise@0.000ns fall@10.000ns period=20.000ns})
  Destination:            first_zynq_system_i/axi_smc/inst/sc_ul/inst/cdc_aresetn/syncstages_ff_reg[0]/D
                            (rising edge-triggered cell FDRE clocked by clk_fpga_0  {rise@0.000ns fall@10.000ns period=20.000ns})
  Path Group:             (none)
  Path Type:              Setup (Max at Slow Process Corner)
  Data Path Delay:        0.657ns  (logic 0.223ns (33.927%)  route 0.434ns (66.073%))
  Logic Levels:           0  
  Clock Path Skew:        -0.309ns (DCD - SCD + CPR)
    Destination Clock Delay (DCD):    2.691ns
    Source Clock Delay      (SCD):    3.000ns
    Clock Pessimism Removal (CPR):    0.000ns
  Clock Uncertainty:      0.302ns  ((TSJ^2 + TIJ^2)^1/2 + DJ) / 2 + PE
    Total System Jitter     (TSJ):    0.071ns
    Total Input Jitter      (TIJ):    0.600ns
    Discrete Jitter          (DJ):    0.000ns
    Phase Error              (PE):    0.000ns
  Timing Exception:       False Path

    Location             Delay type                Incr(ns)  Path(ns)    Netlist Resource(s)
  -------------------------------------------------------------------    -------------------
                         (clock clk_fpga_0 rise edge)
                                                      0.000     0.000 r  <hidden>
    PS7_X0Y0             PS7                          0.000     0.000 r  first_zynq_system_i/processing_system7_0/inst/PS7_i/FCLKCLK[0]
                         net (fo=1, routed)           1.339     1.339    first_zynq_system_i/processing_system7_0/inst/FCLK_CLK_unbuffered[0]
    BUFGCTRL_X0Y16       BUFG (Prop_bufg_I_O)         0.093     1.432 r  first_zynq_system_i/processing_system7_0/inst/buffer_fclk_clk_0.FCLK_CLK_0_BUFG/O
                         net (fo=438, routed)         1.568     3.000    first_zynq_system_i/rst_ps7_0_50M/U0/slowest_sync_clk
    SLICE_X35Y299        FDRE                                         r  first_zynq_system_i/rst_ps7_0_50M/U0/ACTIVE_LOW_PR_OUT_DFF[0].FDRE_PER_N/C
  -------------------------------------------------------------------    -------------------
    SLICE_X35Y299        FDRE (Prop_fdre_C_Q)         0.223     3.223 r  first_zynq_system_i/rst_ps7_0_50M/U0/ACTIVE_LOW_PR_OUT_DFF[0].FDRE_PER_N/Q
                         net (fo=4, routed)           0.434     3.657    first_zynq_system_i/axi_smc/inst/sc_ul/inst/cdc_aresetn/src_rst
    SLICE_X33Y295        FDRE                                         r  first_zynq_system_i/axi_smc/inst/sc_ul/inst/cdc_aresetn/syncstages_ff_reg[0]/D
  -------------------------------------------------------------------    -------------------

                         (clock clk_fpga_0 rise edge)
                                                      0.000     0.000 r  <hidden>
    PS7_X0Y0             PS7                          0.000     0.000 r  first_zynq_system_i/processing_system7_0/inst/PS7_i/FCLKCLK[0]
                         net (fo=1, routed)           1.241     1.241    first_zynq_system_i/processing_system7_0/inst/FCLK_CLK_unbuffered[0]
    BUFGCTRL_X0Y16       BUFG (Prop_bufg_I_O)         0.083     1.324 r  first_zynq_system_i/processing_system7_0/inst/buffer_fclk_clk_0.FCLK_CLK_0_BUFG/O
                         net (fo=438, routed)         1.367     2.691    first_zynq_system_i/axi_smc/inst/sc_ul/inst/cdc_aresetn/dest_clk
    SLICE_X33Y295        FDRE                                         r  first_zynq_system_i/axi_smc/inst/sc_ul/inst/cdc_aresetn/syncstages_ff_reg[0]/C





Min Delay Paths
--------------------------------------------------------------------------------------
Slack:                    inf
  Source:                 first_zynq_system_i/rst_ps7_0_50M/U0/ACTIVE_LOW_PR_OUT_DFF[0].FDRE_PER_N/C
                            (rising edge-triggered cell FDRE clocked by clk_fpga_0  {rise@0.000ns fall@10.000ns period=20.000ns})
  Destination:            first_zynq_system_i/axi_smc/inst/sc_ul/inst/cdc_aresetn/syncstages_ff_reg[0]/D
                            (rising edge-triggered cell FDRE clocked by clk_fpga_0  {rise@0.000ns fall@10.000ns period=20.000ns})
  Path Group:             (none)
  Path Type:              Hold (Min at Fast Process Corner)
  Data Path Delay:        0.322ns  (logic 0.100ns (31.027%)  route 0.222ns (68.973%))
  Logic Levels:           0  
  Clock Path Skew:        0.293ns (DCD - SCD - CPR)
    Destination Clock Delay (DCD):    1.755ns
    Source Clock Delay      (SCD):    1.462ns
    Clock Pessimism Removal (CPR):    -0.000ns
  Clock Uncertainty:      0.302ns  ((TSJ^2 + TIJ^2)^1/2 + DJ) / 2 + PE
    Total System Jitter     (TSJ):    0.071ns
    Total Input Jitter      (TIJ):    0.600ns
    Discrete Jitter          (DJ):    0.000ns
    Phase Error              (PE):    0.000ns
  Timing Exception:       False Path

    Location             Delay type                Incr(ns)  Path(ns)    Netlist Resource(s)
  -------------------------------------------------------------------    -------------------
                         (clock clk_fpga_0 rise edge)
                                                      0.000     0.000 r  <hidden>
    PS7_X0Y0             PS7                          0.000     0.000 r  first_zynq_system_i/processing_system7_0/inst/PS7_i/FCLKCLK[0]
                         net (fo=1, routed)           0.725     0.725    first_zynq_system_i/processing_system7_0/inst/FCLK_CLK_unbuffered[0]
    BUFGCTRL_X0Y16       BUFG (Prop_bufg_I_O)         0.026     0.751 r  first_zynq_system_i/processing_system7_0/inst/buffer_fclk_clk_0.FCLK_CLK_0_BUFG/O
                         net (fo=438, routed)         0.711     1.462    first_zynq_system_i/rst_ps7_0_50M/U0/slowest_sync_clk
    SLICE_X35Y299        FDRE                                         r  first_zynq_system_i/rst_ps7_0_50M/U0/ACTIVE_LOW_PR_OUT_DFF[0].FDRE_PER_N/C
  -------------------------------------------------------------------    -------------------
    SLICE_X35Y299        FDRE (Prop_fdre_C_Q)         0.100     1.562 r  first_zynq_system_i/rst_ps7_0_50M/U0/ACTIVE_LOW_PR_OUT_DFF[0].FDRE_PER_N/Q
                         net (fo=4, routed)           0.222     1.784    first_zynq_system_i/axi_smc/inst/sc_ul/inst/cdc_aresetn/src_rst
    SLICE_X33Y295        FDRE                                         r  first_zynq_system_i/axi_smc/inst/sc_ul/inst/cdc_aresetn/syncstages_ff_reg[0]/D
  -------------------------------------------------------------------    -------------------

                         (clock clk_fpga_0 rise edge)
                                                      0.000     0.000 r  <hidden>
    PS7_X0Y0             PS7                          0.000     0.000 r  first_zynq_system_i/processing_system7_0/inst/PS7_i/FCLKCLK[0]
                         net (fo=1, routed)           0.769     0.769    first_zynq_system_i/processing_system7_0/inst/FCLK_CLK_unbuffered[0]
    BUFGCTRL_X0Y16       BUFG (Prop_bufg_I_O)         0.030     0.799 r  first_zynq_system_i/processing_system7_0/inst/buffer_fclk_clk_0.FCLK_CLK_0_BUFG/O
                         net (fo=438, routed)         0.956     1.755    first_zynq_system_i/axi_smc/inst/sc_ul/inst/cdc_aresetn/dest_clk
    SLICE_X33Y295        FDRE                                         r  first_zynq_system_i/axi_smc/inst/sc_ul/inst/cdc_aresetn/syncstages_ff_reg[0]/C





--------------------------------------------------------------------------------------
Path Group:  (none)
From Clock:  clk_fpga_0
  To Clock:  

Max Delay             4 Endpoints
Min Delay             4 Endpoints
--------------------------------------------------------------------------------------


Max Delay Paths
--------------------------------------------------------------------------------------
Slack:                    inf
  Source:                 first_zynq_system_i/axi_gpio_0/U0/gpio_core_1/Not_Dual.gpio_Data_Out_reg[3]_lopt_replica/C
                            (rising edge-triggered cell FDRE clocked by clk_fpga_0  {rise@0.000ns fall@10.000ns period=20.000ns})
  Destination:            led_4bits_tri_o[0]
                            (output port)
  Path Group:             (none)
  Path Type:              Max at Slow Process Corner
  Data Path Delay:        7.581ns  (logic 2.956ns (38.997%)  route 4.624ns (61.003%))
  Logic Levels:           1  (OBUF=1)
  Clock Uncertainty:      0.301ns  ((TSJ^2 + TIJ^2)^1/2 + DJ) / 2 + PE
    Total System Jitter     (TSJ):    0.050ns
    Total Input Jitter      (TIJ):    0.600ns
    Discrete Jitter          (DJ):    0.000ns
    Phase Error              (PE):    0.000ns

    Location             Delay type                Incr(ns)  Path(ns)    Netlist Resource(s)
  -------------------------------------------------------------------    -------------------
                         (clock clk_fpga_0 rise edge)
                                                      0.000     0.000 r  <hidden>
    PS7_X0Y0             PS7                          0.000     0.000 r  first_zynq_system_i/processing_system7_0/inst/PS7_i/FCLKCLK[0]
                         net (fo=1, routed)           1.339     1.339    first_zynq_system_i/processing_system7_0/inst/FCLK_CLK_unbuffered[0]
    BUFGCTRL_X0Y16       BUFG (Prop_bufg_I_O)         0.093     1.432 r  first_zynq_system_i/processing_system7_0/inst/buffer_fclk_clk_0.FCLK_CLK_0_BUFG/O
                         net (fo=438, routed)         1.567     2.999    first_zynq_system_i/axi_gpio_0/U0/gpio_core_1/s_axi_aclk
    SLICE_X32Y293        FDRE                                         r  first_zynq_system_i/axi_gpio_0/U0/gpio_core_1/Not_Dual.gpio_Data_Out_reg[3]_lopt_replica/C
  -------------------------------------------------------------------    -------------------
    SLICE_X32Y293        FDRE (Prop_fdre_C_Q)         0.236     3.235 r  first_zynq_system_i/axi_gpio_0/U0/gpio_core_1/Not_Dual.gpio_Data_Out_reg[3]_lopt_replica/Q
                         net (fo=1, routed)           4.624     7.859    lopt
    Y21                  OBUF (Prop_obuf_I_O)         2.720    10.580 r  led_4bits_tri_o_OBUF[0]_inst/O
                         net (fo=0)                   0.000    10.580    led_4bits_tri_o[0]
    Y21                                                               r  led_4bits_tri_o[0]
  -------------------------------------------------------------------    -------------------

Slack:                    inf
  Source:                 first_zynq_system_i/axi_gpio_0/U0/gpio_core_1/Not_Dual.gpio_Data_Out_reg[1]_lopt_replica/C
                            (rising edge-triggered cell FDRE clocked by clk_fpga_0  {rise@0.000ns fall@10.000ns period=20.000ns})
  Destination:            led_4bits_tri_o[2]
                            (output port)
  Path Group:             (none)
  Path Type:              Max at Slow Process Corner
  Data Path Delay:        7.223ns  (logic 2.894ns (40.072%)  route 4.329ns (59.928%))
  Logic Levels:           1  (OBUF=1)
  Clock Uncertainty:      0.301ns  ((TSJ^2 + TIJ^2)^1/2 + DJ) / 2 + PE
    Total System Jitter     (TSJ):    0.050ns
    Total Input Jitter      (TIJ):    0.600ns
    Discrete Jitter          (DJ):    0.000ns
    Phase Error              (PE):    0.000ns

    Location             Delay type                Incr(ns)  Path(ns)    Netlist Resource(s)
  -------------------------------------------------------------------    -------------------
                         (clock clk_fpga_0 rise edge)
                                                      0.000     0.000 r  <hidden>
    PS7_X0Y0             PS7                          0.000     0.000 r  first_zynq_system_i/processing_system7_0/inst/PS7_i/FCLKCLK[0]
                         net (fo=1, routed)           1.339     1.339    first_zynq_system_i/processing_system7_0/inst/FCLK_CLK_unbuffered[0]
    BUFGCTRL_X0Y16       BUFG (Prop_bufg_I_O)         0.093     1.432 r  first_zynq_system_i/processing_system7_0/inst/buffer_fclk_clk_0.FCLK_CLK_0_BUFG/O
                         net (fo=438, routed)         1.567     2.999    first_zynq_system_i/axi_gpio_0/U0/gpio_core_1/s_axi_aclk
    SLICE_X32Y293        FDRE                                         r  first_zynq_system_i/axi_gpio_0/U0/gpio_core_1/Not_Dual.gpio_Data_Out_reg[1]_lopt_replica/C
  -------------------------------------------------------------------    -------------------
    SLICE_X32Y293        FDRE (Prop_fdre_C_Q)         0.259     3.258 r  first_zynq_system_i/axi_gpio_0/U0/gpio_core_1/Not_Dual.gpio_Data_Out_reg[1]_lopt_replica/Q
                         net (fo=1, routed)           4.329     7.587    lopt_2
    W21                  OBUF (Prop_obuf_I_O)         2.635    10.222 r  led_4bits_tri_o_OBUF[2]_inst/O
                         net (fo=0)                   0.000    10.222    led_4bits_tri_o[2]
    W21                                                               r  led_4bits_tri_o[2]
  -------------------------------------------------------------------    -------------------

Slack:                    inf
  Source:                 first_zynq_system_i/axi_gpio_0/U0/gpio_core_1/Not_Dual.gpio_Data_Out_reg[0]_lopt_replica/C
                            (rising edge-triggered cell FDRE clocked by clk_fpga_0  {rise@0.000ns fall@10.000ns period=20.000ns})
  Destination:            led_4bits_tri_o[3]
                            (output port)
  Path Group:             (none)
  Path Type:              Max at Slow Process Corner
  Data Path Delay:        6.679ns  (logic 2.375ns (35.553%)  route 4.305ns (64.447%))
  Logic Levels:           1  (OBUF=1)
  Clock Uncertainty:      0.301ns  ((TSJ^2 + TIJ^2)^1/2 + DJ) / 2 + PE
    Total System Jitter     (TSJ):    0.050ns
    Total Input Jitter      (TIJ):    0.600ns
    Discrete Jitter          (DJ):    0.000ns
    Phase Error              (PE):    0.000ns

    Location             Delay type                Incr(ns)  Path(ns)    Netlist Resource(s)
  -------------------------------------------------------------------    -------------------
                         (clock clk_fpga_0 rise edge)
                                                      0.000     0.000 r  <hidden>
    PS7_X0Y0             PS7                          0.000     0.000 r  first_zynq_system_i/processing_system7_0/inst/PS7_i/FCLKCLK[0]
                         net (fo=1, routed)           1.339     1.339    first_zynq_system_i/processing_system7_0/inst/FCLK_CLK_unbuffered[0]
    BUFGCTRL_X0Y16       BUFG (Prop_bufg_I_O)         0.093     1.432 r  first_zynq_system_i/processing_system7_0/inst/buffer_fclk_clk_0.FCLK_CLK_0_BUFG/O
                         net (fo=438, routed)         1.567     2.999    first_zynq_system_i/axi_gpio_0/U0/gpio_core_1/s_axi_aclk
    SLICE_X32Y293        FDRE                                         r  first_zynq_system_i/axi_gpio_0/U0/gpio_core_1/Not_Dual.gpio_Data_Out_reg[0]_lopt_replica/C
  -------------------------------------------------------------------    -------------------
    SLICE_X32Y293        FDRE (Prop_fdre_C_Q)         0.259     3.258 r  first_zynq_system_i/axi_gpio_0/U0/gpio_core_1/Not_Dual.gpio_Data_Out_reg[0]_lopt_replica/Q
                         net (fo=1, routed)           4.305     7.563    lopt_3
    A17                  OBUF (Prop_obuf_I_O)         2.116     9.678 r  led_4bits_tri_o_OBUF[3]_inst/O
                         net (fo=0)                   0.000     9.678    led_4bits_tri_o[3]
    A17                                                               r  led_4bits_tri_o[3]
  -------------------------------------------------------------------    -------------------

Slack:                    inf
  Source:                 first_zynq_system_i/axi_gpio_0/U0/gpio_core_1/Not_Dual.gpio_Data_Out_reg[2]_lopt_replica/C
                            (rising edge-triggered cell FDRE clocked by clk_fpga_0  {rise@0.000ns fall@10.000ns period=20.000ns})
  Destination:            led_4bits_tri_o[1]
                            (output port)
  Path Group:             (none)
  Path Type:              Max at Slow Process Corner
  Data Path Delay:        6.575ns  (logic 2.427ns (36.912%)  route 4.148ns (63.088%))
  Logic Levels:           1  (OBUF=1)
  Clock Uncertainty:      0.301ns  ((TSJ^2 + TIJ^2)^1/2 + DJ) / 2 + PE
    Total System Jitter     (TSJ):    0.050ns
    Total Input Jitter      (TIJ):    0.600ns
    Discrete Jitter          (DJ):    0.000ns
    Phase Error              (PE):    0.000ns

    Location             Delay type                Incr(ns)  Path(ns)    Netlist Resource(s)
  -------------------------------------------------------------------    -------------------
                         (clock clk_fpga_0 rise edge)
                                                      0.000     0.000 r  <hidden>
    PS7_X0Y0             PS7                          0.000     0.000 r  first_zynq_system_i/processing_system7_0/inst/PS7_i/FCLKCLK[0]
                         net (fo=1, routed)           1.339     1.339    first_zynq_system_i/processing_system7_0/inst/FCLK_CLK_unbuffered[0]
    BUFGCTRL_X0Y16       BUFG (Prop_bufg_I_O)         0.093     1.432 r  first_zynq_system_i/processing_system7_0/inst/buffer_fclk_clk_0.FCLK_CLK_0_BUFG/O
                         net (fo=438, routed)         1.567     2.999    first_zynq_system_i/axi_gpio_0/U0/gpio_core_1/s_axi_aclk
    SLICE_X32Y293        FDRE                                         r  first_zynq_system_i/axi_gpio_0/U0/gpio_core_1/Not_Dual.gpio_Data_Out_reg[2]_lopt_replica/C
  -------------------------------------------------------------------    -------------------
    SLICE_X32Y293        FDRE (Prop_fdre_C_Q)         0.236     3.235 r  first_zynq_system_i/axi_gpio_0/U0/gpio_core_1/Not_Dual.gpio_Data_Out_reg[2]_lopt_replica/Q
                         net (fo=1, routed)           4.148     7.383    lopt_1
    G2                   OBUF (Prop_obuf_I_O)         2.191     9.574 r  led_4bits_tri_o_OBUF[1]_inst/O
                         net (fo=0)                   0.000     9.574    led_4bits_tri_o[1]
    G2                                                                r  led_4bits_tri_o[1]
  -------------------------------------------------------------------    -------------------





Min Delay Paths
--------------------------------------------------------------------------------------
Slack:                    inf
  Source:                 first_zynq_system_i/axi_gpio_0/U0/gpio_core_1/Not_Dual.gpio_Data_Out_reg[2]_lopt_replica/C
                            (rising edge-triggered cell FDRE clocked by clk_fpga_0  {rise@0.000ns fall@10.000ns period=20.000ns})
  Destination:            led_4bits_tri_o[1]
                            (output port)
  Path Group:             (none)
  Path Type:              Min at Fast Process Corner
  Data Path Delay:        3.309ns  (logic 1.369ns (41.364%)  route 1.940ns (58.636%))
  Logic Levels:           1  (OBUF=1)
  Clock Uncertainty:      0.301ns  ((TSJ^2 + TIJ^2)^1/2 + DJ) / 2 + PE
    Total System Jitter     (TSJ):    0.050ns
    Total Input Jitter      (TIJ):    0.600ns
    Discrete Jitter          (DJ):    0.000ns
    Phase Error              (PE):    0.000ns

    Location             Delay type                Incr(ns)  Path(ns)    Netlist Resource(s)
  -------------------------------------------------------------------    -------------------
                         (clock clk_fpga_0 rise edge)
                                                      0.000     0.000 r  <hidden>
    PS7_X0Y0             PS7                          0.000     0.000 r  first_zynq_system_i/processing_system7_0/inst/PS7_i/FCLKCLK[0]
                         net (fo=1, routed)           0.725     0.725    first_zynq_system_i/processing_system7_0/inst/FCLK_CLK_unbuffered[0]
    BUFGCTRL_X0Y16       BUFG (Prop_bufg_I_O)         0.026     0.751 r  first_zynq_system_i/processing_system7_0/inst/buffer_fclk_clk_0.FCLK_CLK_0_BUFG/O
                         net (fo=438, routed)         0.710     1.461    first_zynq_system_i/axi_gpio_0/U0/gpio_core_1/s_axi_aclk
    SLICE_X32Y293        FDRE                                         r  first_zynq_system_i/axi_gpio_0/U0/gpio_core_1/Not_Dual.gpio_Data_Out_reg[2]_lopt_replica/C
  -------------------------------------------------------------------    -------------------
    SLICE_X32Y293        FDRE (Prop_fdre_C_Q)         0.107     1.568 r  first_zynq_system_i/axi_gpio_0/U0/gpio_core_1/Not_Dual.gpio_Data_Out_reg[2]_lopt_replica/Q
                         net (fo=1, routed)           1.940     3.508    lopt_1
    G2                   OBUF (Prop_obuf_I_O)         1.262     4.770 r  led_4bits_tri_o_OBUF[1]_inst/O
                         net (fo=0)                   0.000     4.770    led_4bits_tri_o[1]
    G2                                                                r  led_4bits_tri_o[1]
  -------------------------------------------------------------------    -------------------

Slack:                    inf
  Source:                 first_zynq_system_i/axi_gpio_0/U0/gpio_core_1/Not_Dual.gpio_Data_Out_reg[1]_lopt_replica/C
                            (rising edge-triggered cell FDRE clocked by clk_fpga_0  {rise@0.000ns fall@10.000ns period=20.000ns})
  Destination:            led_4bits_tri_o[2]
                            (output port)
  Path Group:             (none)
  Path Type:              Min at Fast Process Corner
  Data Path Delay:        3.525ns  (logic 1.425ns (40.425%)  route 2.100ns (59.575%))
  Logic Levels:           1  (OBUF=1)
  Clock Uncertainty:      0.301ns  ((TSJ^2 + TIJ^2)^1/2 + DJ) / 2 + PE
    Total System Jitter     (TSJ):    0.050ns
    Total Input Jitter      (TIJ):    0.600ns
    Discrete Jitter          (DJ):    0.000ns
    Phase Error              (PE):    0.000ns

    Location             Delay type                Incr(ns)  Path(ns)    Netlist Resource(s)
  -------------------------------------------------------------------    -------------------
                         (clock clk_fpga_0 rise edge)
                                                      0.000     0.000 r  <hidden>
    PS7_X0Y0             PS7                          0.000     0.000 r  first_zynq_system_i/processing_system7_0/inst/PS7_i/FCLKCLK[0]
                         net (fo=1, routed)           0.725     0.725    first_zynq_system_i/processing_system7_0/inst/FCLK_CLK_unbuffered[0]
    BUFGCTRL_X0Y16       BUFG (Prop_bufg_I_O)         0.026     0.751 r  first_zynq_system_i/processing_system7_0/inst/buffer_fclk_clk_0.FCLK_CLK_0_BUFG/O
                         net (fo=438, routed)         0.710     1.461    first_zynq_system_i/axi_gpio_0/U0/gpio_core_1/s_axi_aclk
    SLICE_X32Y293        FDRE                                         r  first_zynq_system_i/axi_gpio_0/U0/gpio_core_1/Not_Dual.gpio_Data_Out_reg[1]_lopt_replica/C
  -------------------------------------------------------------------    -------------------
    SLICE_X32Y293        FDRE (Prop_fdre_C_Q)         0.118     1.579 r  first_zynq_system_i/axi_gpio_0/U0/gpio_core_1/Not_Dual.gpio_Data_Out_reg[1]_lopt_replica/Q
                         net (fo=1, routed)           2.100     3.679    lopt_2
    W21                  OBUF (Prop_obuf_I_O)         1.307     4.986 r  led_4bits_tri_o_OBUF[2]_inst/O
                         net (fo=0)                   0.000     4.986    led_4bits_tri_o[2]
    W21                                                               r  led_4bits_tri_o[2]
  -------------------------------------------------------------------    -------------------

Slack:                    inf
  Source:                 first_zynq_system_i/axi_gpio_0/U0/gpio_core_1/Not_Dual.gpio_Data_Out_reg[0]_lopt_replica/C
                            (rising edge-triggered cell FDRE clocked by clk_fpga_0  {rise@0.000ns fall@10.000ns period=20.000ns})
  Destination:            led_4bits_tri_o[3]
                            (output port)
  Path Group:             (none)
  Path Type:              Min at Fast Process Corner
  Data Path Delay:        3.527ns  (logic 1.349ns (38.257%)  route 2.178ns (61.743%))
  Logic Levels:           1  (OBUF=1)
  Clock Uncertainty:      0.301ns  ((TSJ^2 + TIJ^2)^1/2 + DJ) / 2 + PE
    Total System Jitter     (TSJ):    0.050ns
    Total Input Jitter      (TIJ):    0.600ns
    Discrete Jitter          (DJ):    0.000ns
    Phase Error              (PE):    0.000ns

    Location             Delay type                Incr(ns)  Path(ns)    Netlist Resource(s)
  -------------------------------------------------------------------    -------------------
                         (clock clk_fpga_0 rise edge)
                                                      0.000     0.000 r  <hidden>
    PS7_X0Y0             PS7                          0.000     0.000 r  first_zynq_system_i/processing_system7_0/inst/PS7_i/FCLKCLK[0]
                         net (fo=1, routed)           0.725     0.725    first_zynq_system_i/processing_system7_0/inst/FCLK_CLK_unbuffered[0]
    BUFGCTRL_X0Y16       BUFG (Prop_bufg_I_O)         0.026     0.751 r  first_zynq_system_i/processing_system7_0/inst/buffer_fclk_clk_0.FCLK_CLK_0_BUFG/O
                         net (fo=438, routed)         0.710     1.461    first_zynq_system_i/axi_gpio_0/U0/gpio_core_1/s_axi_aclk
    SLICE_X32Y293        FDRE                                         r  first_zynq_system_i/axi_gpio_0/U0/gpio_core_1/Not_Dual.gpio_Data_Out_reg[0]_lopt_replica/C
  -------------------------------------------------------------------    -------------------
    SLICE_X32Y293        FDRE (Prop_fdre_C_Q)         0.118     1.579 r  first_zynq_system_i/axi_gpio_0/U0/gpio_core_1/Not_Dual.gpio_Data_Out_reg[0]_lopt_replica/Q
                         net (fo=1, routed)           2.178     3.757    lopt_3
    A17                  OBUF (Prop_obuf_I_O)         1.231     4.988 r  led_4bits_tri_o_OBUF[3]_inst/O
                         net (fo=0)                   0.000     4.988    led_4bits_tri_o[3]
    A17                                                               r  led_4bits_tri_o[3]
  -------------------------------------------------------------------    -------------------

Slack:                    inf
  Source:                 first_zynq_system_i/axi_gpio_0/U0/gpio_core_1/Not_Dual.gpio_Data_Out_reg[3]_lopt_replica/C
                            (rising edge-triggered cell FDRE clocked by clk_fpga_0  {rise@0.000ns fall@10.000ns period=20.000ns})
  Destination:            led_4bits_tri_o[0]
                            (output port)
  Path Group:             (none)
  Path Type:              Min at Fast Process Corner
  Data Path Delay:        3.712ns  (logic 1.458ns (39.266%)  route 2.254ns (60.734%))
  Logic Levels:           1  (OBUF=1)
  Clock Uncertainty:      0.301ns  ((TSJ^2 + TIJ^2)^1/2 + DJ) / 2 + PE
    Total System Jitter     (TSJ):    0.050ns
    Total Input Jitter      (TIJ):    0.600ns
    Discrete Jitter          (DJ):    0.000ns
    Phase Error              (PE):    0.000ns

    Location             Delay type                Incr(ns)  Path(ns)    Netlist Resource(s)
  -------------------------------------------------------------------    -------------------
                         (clock clk_fpga_0 rise edge)
                                                      0.000     0.000 r  <hidden>
    PS7_X0Y0             PS7                          0.000     0.000 r  first_zynq_system_i/processing_system7_0/inst/PS7_i/FCLKCLK[0]
                         net (fo=1, routed)           0.725     0.725    first_zynq_system_i/processing_system7_0/inst/FCLK_CLK_unbuffered[0]
    BUFGCTRL_X0Y16       BUFG (Prop_bufg_I_O)         0.026     0.751 r  first_zynq_system_i/processing_system7_0/inst/buffer_fclk_clk_0.FCLK_CLK_0_BUFG/O
                         net (fo=438, routed)         0.710     1.461    first_zynq_system_i/axi_gpio_0/U0/gpio_core_1/s_axi_aclk
    SLICE_X32Y293        FDRE                                         r  first_zynq_system_i/axi_gpio_0/U0/gpio_core_1/Not_Dual.gpio_Data_Out_reg[3]_lopt_replica/C
  -------------------------------------------------------------------    -------------------
    SLICE_X32Y293        FDRE (Prop_fdre_C_Q)         0.107     1.568 r  first_zynq_system_i/axi_gpio_0/U0/gpio_core_1/Not_Dual.gpio_Data_Out_reg[3]_lopt_replica/Q
                         net (fo=1, routed)           2.254     3.822    lopt
    Y21                  OBUF (Prop_obuf_I_O)         1.351     5.173 r  led_4bits_tri_o_OBUF[0]_inst/O
                         net (fo=0)                   0.000     5.173    led_4bits_tri_o[0]
    Y21                                                               r  led_4bits_tri_o[0]
  -------------------------------------------------------------------    -------------------





